image_key,image_name,image_path,camera,original_label,functional_label,label,official_split,experimental_split
remidio::img_3244.jpg,IMG_3244.JPG,datasets/glaucoma/chaksu/raw/Train/1.0_Original_Fundus_Images/Remidio/IMG_3244.JPG,Remidio,NORMAL,LOW_RISK,0,train,train
remidio::img_3503.jpg,IMG_3503.JPG,datasets/glaucoma/chaksu/raw/Train/1.0_Original_Fundus_Images/Remidio/IMG_3503.JPG,Remidio,NORMAL,LOW_RISK,0,train,train
remidio::img_3263.jpg,IMG_3263.JPG,datasets/glaucoma/chaksu/raw/Train/1.0_Original_Fundus_Images/Remidio/IMG_3263.JPG,Remidio,NORMAL,LOW_RISK,0,train,train
remidio::img_3389.jpg,IMG_3389.JPG,datasets/glaucoma/chaksu/raw/Train/1.0_Original_Fundus_Images/Remidio/IMG_3389.JPG,Remidio,NORMAL,LOW_RISK,0,train,train
remidio::img_3349.jpg,IMG_3349.JPG,datasets/glaucoma/chaksu/raw/Train/1.0_Original_Fundus_Images/Remidio/IMG_3349.JPG,Remidio,NORMAL,LOW_RISK,0,train,train
remidio::img_3159.jpg,IMG_3159.JPG,datasets/glaucoma/chaksu/raw/Train/1.0_Original_Fundus_Images/Remidio/IMG_3159.JPG,Remidio,GLAUCOMA SUSPECT,HIGH_RISK,1,train,train
remidio::img_3192.jpg,IMG_3192.JPG,datasets/glaucoma/chaksu/raw/Train/1.0_Original_Fundus_Images/Remidio/IMG_3192.JPG,Remidio,NORMAL,LOW_RISK,0,train,train
remidio::img_2485.jpg,IMG_2485.JPG,datasets/glaucoma/chaksu/raw/Train/1.0_Original_Fundus_Images/Remidio/IMG_2485.JPG,Remidio,NORMAL,LOW_RISK,0,train,train
remidio::img_3236.jpg,IMG_3236.JPG,datasets/glaucoma/chaksu/raw/Train/1.0_Original_Fundus_Images/Remidio/IMG_3236.JPG,Remidio,NORMAL,LOW_RISK,0,train,train
remidio::img_2687.jpg,IMG_2687.JPG,datasets/glaucoma/chaksu/raw/Train/1.0_Original_Fundus_Images/Remidio/IMG_2687.JPG,Remidio,NORMAL,LOW_RISK,0,train,train
bosch::image134.jpg,Image134.JPG,datasets/glaucoma/chaksu/raw/Train/1.0_Original_Fundus_Images/Bosch/Image134.JPG,Bosch,NORMAL,LOW_RISK,0,train,train
remidio::img_3487.jpg,IMG_3487.JPG,datasets/glaucoma/chaksu/raw/Train/1.0_Original_Fundus_Images/Remidio/IMG_3487.JPG,Remidio,GLAUCOMA SUSPECT,HIGH_RISK,1,train,train
remidio::img_3246.jpg,IMG_3246.JPG,datasets/glaucoma/chaksu/raw/Train/1.0_Original_Fundus_Images/Remidio/IMG_3246.JPG,Remidio,NORMAL,LOW_RISK,0,train,train
remidio::img_2710.jpg,IMG_2710.JPG,datasets/glaucoma/chaksu/raw/Train/1.0_Original_Fundus_Images/Remidio/IMG_2710.JPG,Remidio,NORMAL,LOW_RISK,0,train,train
remidio::img_3185.jpg,IMG_3185.JPG,datasets/glaucoma/chaksu/raw/Train/1.0_Original_Fundus_Images/Remidio/IMG_3185.JPG,Remidio,NORMAL,LOW_RISK,0,train,train
remidio::img_3367.jpg,IMG_3367.JPG,datasets/glaucoma/chaksu/raw/Train/1.0_Original_Fundus_Images/Remidio/IMG_3367.JPG,Remidio,NORMAL,LOW_RISK,0,train,train
remidio::img_3443.jpg,IMG_3443.JPG,datasets/glaucoma/chaksu/raw/Train/1.0_Original_Fundus_Images/Remidio/IMG_3443.JPG,Remidio,NORMAL,LOW_RISK,0,train,train
forus::63.png,63.png,datasets/glaucoma/chaksu/raw/Train/1.0_Original_Fundus_Images/Forus/63.png,Forus,NORMAL,LOW_RISK,0,train,train
forus::42.png,42.png,datasets/glaucoma/chaksu/raw/Train/1.0_Original_Fundus_Images/Forus/42.png,Forus,NORMAL,LOW_RISK,0,train,train
remidio::img_3391.jpg,IMG_3391.JPG,datasets/glaucoma/chaksu/raw/Train/1.0_Original_Fundus_Images/Remidio/IMG_3391.JPG,Remidio,NORMAL,LOW_RISK,0,train,train
bosch::p2_image1.jpg,P2_Image1.JPG,datasets/glaucoma/chaksu/raw/Train/1.0_Original_Fundus_Images/Bosch/P2_Image1.JPG,Bosch,GLAUCOMA SUSPECT,HIGH_RISK,1,train,train
bosch::image166.jpg,Image166.JPG,datasets/glaucoma/chaksu/raw/Train/1.0_Original_Fundus_Images/Bosch/Image166.JPG,Bosch,NORMAL,LOW_RISK,0,train,train
remidio::img_3342.jpg,IMG_3342.JPG,datasets/glaucoma/chaksu/raw/Train/1.0_Original_Fundus_Images/Remidio/IMG_3342.JPG,Remidio,NORMAL,LOW_RISK,0,train,train
remidio::img_2724.jpg,IMG_2724.JPG,datasets/glaucoma/chaksu/raw/Train/1.0_Original_Fundus_Images/Remidio/IMG_2724.JPG,Remidio,NORMAL,LOW_RISK,0,train,train
remidio::img_3317.jpg,IMG_3317.JPG,datasets/glaucoma/chaksu/raw/Train/1.0_Original_Fundus_Images/Remidio/IMG_3317.JPG,Remidio,NORMAL,LOW_RISK,0,train,train
remidio::img_2431.jpg,IMG_2431.JPG,datasets/glaucoma/chaksu/raw/Train/1.0_Original_Fundus_Images/Remidio/IMG_2431.JPG,Remidio,NORMAL,LOW_RISK,0,train,train
remidio::img_3338.jpg,IMG_3338.JPG,datasets/glaucoma/chaksu/raw/Train/1.0_Original_Fundus_Images/Remidio/IMG_3338.JPG,Remidio,NORMAL,LOW_RISK,0,train,train
remidio::img_3292.jpg,IMG_3292.JPG,datasets/glaucoma/chaksu/raw/Train/1.0_Original_Fundus_Images/Remidio/IMG_3292.JPG,Remidio,GLAUCOMA SUSPECT,HIGH_RISK,1,train,train
remidio::img_3198.jpg,IMG_3198.JPG,datasets/glaucoma/chaksu/raw/Train/1.0_Original_Fundus_Images/Remidio/IMG_3198.JPG,Remidio,GLAUCOMA SUSPECT,HIGH_RISK,1,train,train
bosch::image153.jpg,Image153.JPG,datasets/glaucoma/chaksu/raw/Train/1.0_Original_Fundus_Images/Bosch/Image153.JPG,Bosch,NORMAL,LOW_RISK,0,train,train
remidio::img_3254.jpg,IMG_3254.JPG,datasets/glaucoma/chaksu/raw/Train/1.0_Original_Fundus_Images/Remidio/IMG_3254.JPG,Remidio,NORMAL,LOW_RISK,0,train,train
remidio::img_3248.jpg,IMG_3248.JPG,datasets/glaucoma/chaksu/raw/Train/1.0_Original_Fundus_Images/Remidio/IMG_3248.JPG,Remidio,NORMAL,LOW_RISK,0,train,train
remidio::img_3255.jpg,IMG_3255.JPG,datasets/glaucoma/chaksu/raw/Train/1.0_Original_Fundus_Images/Remidio/IMG_3255.JPG,Remidio,NORMAL,LOW_RISK,0,train,train
remidio::img_3547.jpg,IMG_3547.JPG,datasets/glaucoma/chaksu/raw/Train/1.0_Original_Fundus_Images/Remidio/IMG_3547.JPG,Remidio,NORMAL,LOW_RISK,0,train,train
bosch::image132.jpg,Image132.JPG,datasets/glaucoma/chaksu/raw/Train/1.0_Original_Fundus_Images/Bosch/Image132.JPG,Bosch,NORMAL,LOW_RISK,0,train,train
bosch::image177.jpg,Image177.JPG,datasets/glaucoma/chaksu/raw/Train/1.0_Original_Fundus_Images/Bosch/Image177.JPG,Bosch,NORMAL,LOW_RISK,0,train,train
remidio::img_2539.jpg,IMG_2539.JPG,datasets/glaucoma/chaksu/raw/Train/1.0_Original_Fundus_Images/Remidio/IMG_2539.JPG,Remidio,NORMAL,LOW_RISK,0,train,train
remidio::img_3671.jpg,IMG_3671.JPG,datasets/glaucoma/chaksu/raw/Train/1.0_Original_Fundus_Images/Remidio/IMG_3671.JPG,Remidio,NORMAL,LOW_RISK,0,train,train
remidio::img_3472.jpg,IMG_3472.JPG,datasets/glaucoma/chaksu/raw/Train/1.0_Original_Fundus_Images/Remidio/IMG_3472.JPG,Remidio,NORMAL,LOW_RISK,0,train,train
remidio::img_3320.jpg,IMG_3320.JPG,datasets/glaucoma/chaksu/raw/Train/1.0_Original_Fundus_Images/Remidio/IMG_3320.JPG,Remidio,GLAUCOMA SUSPECT,HIGH_RISK,1,train,train
remidio::img_2773.jpg,IMG_2773.JPG,datasets/glaucoma/chaksu/raw/Train/1.0_Original_Fundus_Images/Remidio/IMG_2773.JPG,Remidio,NORMAL,LOW_RISK,0,train,train
remidio::img_3306.jpg,IMG_3306.JPG,datasets/glaucoma/chaksu/raw/Train/1.0_Original_Fundus_Images/Remidio/IMG_3306.JPG,Remidio,NORMAL,LOW_RISK,0,train,train
remidio::img_3703.jpg,IMG_3703.JPG,datasets/glaucoma/chaksu/raw/Train/1.0_Original_Fundus_Images/Remidio/IMG_3703.JPG,Remidio,NORMAL,LOW_RISK,0,train,train
remidio::img_2591.jpg,IMG_2591.JPG,datasets/glaucoma/chaksu/raw/Train/1.0_Original_Fundus_Images/Remidio/IMG_2591.JPG,Remidio,NORMAL,LOW_RISK,0,train,train
remidio::img_3534.jpg,IMG_3534.JPG,datasets/glaucoma/chaksu/raw/Train/1.0_Original_Fundus_Images/Remidio/IMG_3534.JPG,Remidio,NORMAL,LOW_RISK,0,train,train
remidio::img_3466.jpg,IMG_3466.JPG,datasets/glaucoma/chaksu/raw/Train/1.0_Original_Fundus_Images/Remidio/IMG_3466.JPG,Remidio,NORMAL,LOW_RISK,0,train,train
remidio::img_3475.jpg,IMG_3475.JPG,datasets/glaucoma/chaksu/raw/Train/1.0_Original_Fundus_Images/Remidio/IMG_3475.JPG,Remidio,NORMAL,LOW_RISK,0,train,train
remidio::img_2610.jpg,IMG_2610.JPG,datasets/glaucoma/chaksu/raw/Train/1.0_Original_Fundus_Images/Remidio/IMG_2610.JPG,Remidio,NORMAL,LOW_RISK,0,train,train
remidio::img_3467.jpg,IMG_3467.JPG,datasets/glaucoma/chaksu/raw/Train/1.0_Original_Fundus_Images/Remidio/IMG_3467.JPG,Remidio,NORMAL,LOW_RISK,0,train,train
remidio::img_2711.jpg,IMG_2711.JPG,datasets/glaucoma/chaksu/raw/Train/1.0_Original_Fundus_Images/Remidio/IMG_2711.JPG,Remidio,NORMAL,LOW_RISK,0,train,train
remidio::img_2545.jpg,IMG_2545.JPG,datasets/glaucoma/chaksu/raw/Train/1.0_Original_Fundus_Images/Remidio/IMG_2545.JPG,Remidio,NORMAL,LOW_RISK,0,train,train
remidio::img_3587.jpg,IMG_3587.JPG,datasets/glaucoma/chaksu/raw/Train/1.0_Original_Fundus_Images/Remidio/IMG_3587.JPG,Remidio,NORMAL,LOW_RISK,0,train,train
remidio::img_2690.jpg,IMG_2690.JPG,datasets/glaucoma/chaksu/raw/Train/1.0_Original_Fundus_Images/Remidio/IMG_2690.JPG,Remidio,NORMAL,LOW_RISK,0,train,train
remidio::img_3494.jpg,IMG_3494.JPG,datasets/glaucoma/chaksu/raw/Train/1.0_Original_Fundus_Images/Remidio/IMG_3494.JPG,Remidio,NORMAL,LOW_RISK,0,train,train
remidio::img_3295.jpg,IMG_3295.JPG,datasets/glaucoma/chaksu/raw/Train/1.0_Original_Fundus_Images/Remidio/IMG_3295.JPG,Remidio,NORMAL,LOW_RISK,0,train,train
remidio::img_3154.jpg,IMG_3154.JPG,datasets/glaucoma/chaksu/raw/Train/1.0_Original_Fundus_Images/Remidio/IMG_3154.JPG,Remidio,NORMAL,LOW_RISK,0,train,train
remidio::img_2706.jpg,IMG_2706.JPG,datasets/glaucoma/chaksu/raw/Train/1.0_Original_Fundus_Images/Remidio/IMG_2706.JPG,Remidio,NORMAL,LOW_RISK,0,train,train
remidio::37749.jpg,37749.jpg,datasets/glaucoma/chaksu/raw/Train/1.0_Original_Fundus_Images/Remidio/37749.jpg,Remidio,NORMAL,LOW_RISK,0,train,train
bosch::image167.jpg,Image167.JPG,datasets/glaucoma/chaksu/raw/Train/1.0_Original_Fundus_Images/Bosch/Image167.JPG,Bosch,NORMAL,LOW_RISK,0,train,train
forus::20.png,20.png,datasets/glaucoma/chaksu/raw/Train/1.0_Original_Fundus_Images/Forus/20.png,Forus,NORMAL,LOW_RISK,0,train,train
remidio::img_3529.jpg,IMG_3529.JPG,datasets/glaucoma/chaksu/raw/Train/1.0_Original_Fundus_Images/Remidio/IMG_3529.JPG,Remidio,NORMAL,LOW_RISK,0,train,train
remidio::img_3296.jpg,IMG_3296.JPG,datasets/glaucoma/chaksu/raw/Train/1.0_Original_Fundus_Images/Remidio/IMG_3296.JPG,Remidio,NORMAL,LOW_RISK,0,train,train
remidio::img_3484.jpg,IMG_3484.JPG,datasets/glaucoma/chaksu/raw/Train/1.0_Original_Fundus_Images/Remidio/IMG_3484.JPG,Remidio,NORMAL,LOW_RISK,0,train,train
remidio::img_3470.jpg,IMG_3470.JPG,datasets/glaucoma/chaksu/raw/Train/1.0_Original_Fundus_Images/Remidio/IMG_3470.JPG,Remidio,NORMAL,LOW_RISK,0,train,train
remidio::img_2673.jpg,IMG_2673.JPG,datasets/glaucoma/chaksu/raw/Train/1.0_Original_Fundus_Images/Remidio/IMG_2673.JPG,Remidio,NORMAL,LOW_RISK,0,train,train
forus::13.png,13.png,datasets/glaucoma/chaksu/raw/Train/1.0_Original_Fundus_Images/Forus/13.png,Forus,GLAUCOMA SUSPECT,HIGH_RISK,1,train,train
remidio::img_2748.jpg,IMG_2748.JPG,datasets/glaucoma/chaksu/raw/Train/1.0_Original_Fundus_Images/Remidio/IMG_2748.JPG,Remidio,NORMAL,LOW_RISK,0,train,train
remidio::img_2631.jpg,IMG_2631.JPG,datasets/glaucoma/chaksu/raw/Train/1.0_Original_Fundus_Images/Remidio/IMG_2631.JPG,Remidio,NORMAL,LOW_RISK,0,train,train
remidio::img_3454.jpg,IMG_3454.JPG,datasets/glaucoma/chaksu/raw/Train/1.0_Original_Fundus_Images/Remidio/IMG_3454.JPG,Remidio,NORMAL,LOW_RISK,0,train,train
bosch::image133.jpg,Image133.JPG,datasets/glaucoma/chaksu/raw/Train/1.0_Original_Fundus_Images/Bosch/Image133.JPG,Bosch,NORMAL,LOW_RISK,0,train,train
remidio::img_2659.jpg,IMG_2659.JPG,datasets/glaucoma/chaksu/raw/Train/1.0_Original_Fundus_Images/Remidio/IMG_2659.JPG,Remidio,NORMAL,LOW_RISK,0,train,train
remidio::img_2669.jpg,IMG_2669.JPG,datasets/glaucoma/chaksu/raw/Train/1.0_Original_Fundus_Images/Remidio/IMG_2669.JPG,Remidio,NORMAL,LOW_RISK,0,train,train
remidio::img_2475.jpg,IMG_2475.JPG,datasets/glaucoma/chaksu/raw/Train/1.0_Original_Fundus_Images/Remidio/IMG_2475.JPG,Remidio,NORMAL,LOW_RISK,0,train,train
forus::11.png,11.png,datasets/glaucoma/chaksu/raw/Train/1.0_Original_Fundus_Images/Forus/11.png,Forus,NORMAL,LOW_RISK,0,train,train
remidio::img_3316.jpg,IMG_3316.JPG,datasets/glaucoma/chaksu/raw/Train/1.0_Original_Fundus_Images/Remidio/IMG_3316.JPG,Remidio,NORMAL,LOW_RISK,0,train,train
forus::80.png,80.png,datasets/glaucoma/chaksu/raw/Train/1.0_Original_Fundus_Images/Forus/80.png,Forus,NORMAL,LOW_RISK,0,train,train
bosch::p9_image2.jpg,P9_Image2.JPG,datasets/glaucoma/chaksu/raw/Train/1.0_Original_Fundus_Images/Bosch/P9_Image2.JPG,Bosch,NORMAL,LOW_RISK,0,train,train
remidio::img_3340.jpg,IMG_3340.JPG,datasets/glaucoma/chaksu/raw/Train/1.0_Original_Fundus_Images/Remidio/IMG_3340.JPG,Remidio,GLAUCOMA SUSPECT,HIGH_RISK,1,train,train
remidio::img_2685.jpg,IMG_2685.JPG,datasets/glaucoma/chaksu/raw/Train/1.0_Original_Fundus_Images/Remidio/IMG_2685.JPG,Remidio,NORMAL,LOW_RISK,0,train,train
bosch::image164.jpg,Image164.JPG,datasets/glaucoma/chaksu/raw/Train/1.0_Original_Fundus_Images/Bosch/Image164.JPG,Bosch,NORMAL,LOW_RISK,0,train,train
forus::69.png,69.png,datasets/glaucoma/chaksu/raw/Train/1.0_Original_Fundus_Images/Forus/69.png,Forus,NORMAL,LOW_RISK,0,train,train
bosch::p6_image1.jpg,P6_Image1.JPG,datasets/glaucoma/chaksu/raw/Train/1.0_Original_Fundus_Images/Bosch/P6_Image1.JPG,Bosch,NORMAL,LOW_RISK,0,train,train
remidio::img_3431.jpg,IMG_3431.JPG,datasets/glaucoma/chaksu/raw/Train/1.0_Original_Fundus_Images/Remidio/IMG_3431.JPG,Remidio,NORMAL,LOW_RISK,0,train,train
remidio::img_3376.jpg,IMG_3376.JPG,datasets/glaucoma/chaksu/raw/Train/1.0_Original_Fundus_Images/Remidio/IMG_3376.JPG,Remidio,NORMAL,LOW_RISK,0,train,train
remidio::img_3539.jpg,IMG_3539.JPG,datasets/glaucoma/chaksu/raw/Train/1.0_Original_Fundus_Images/Remidio/IMG_3539.JPG,Remidio,NORMAL,LOW_RISK,0,train,train
remidio::img_3233.jpg,IMG_3233.JPG,datasets/glaucoma/chaksu/raw/Train/1.0_Original_Fundus_Images/Remidio/IMG_3233.JPG,Remidio,NORMAL,LOW_RISK,0,train,train
remidio::img_2569.jpg,IMG_2569.JPG,datasets/glaucoma/chaksu/raw/Train/1.0_Original_Fundus_Images/Remidio/IMG_2569.JPG,Remidio,NORMAL,LOW_RISK,0,train,train
remidio::img_2780.jpg,IMG_2780.JPG,datasets/glaucoma/chaksu/raw/Train/1.0_Original_Fundus_Images/Remidio/IMG_2780.JPG,Remidio,GLAUCOMA SUSPECT,HIGH_RISK,1,train,train
remidio::img_3507.jpg,IMG_3507.JPG,datasets/glaucoma/chaksu/raw/Train/1.0_Original_Fundus_Images/Remidio/IMG_3507.JPG,Remidio,NORMAL,LOW_RISK,0,train,train
remidio::img_2604.jpg,IMG_2604.JPG,datasets/glaucoma/chaksu/raw/Train/1.0_Original_Fundus_Images/Remidio/IMG_2604.JPG,Remidio,NORMAL,LOW_RISK,0,train,train
remidio::img_3354.jpg,IMG_3354.JPG,datasets/glaucoma/chaksu/raw/Train/1.0_Original_Fundus_Images/Remidio/IMG_3354.JPG,Remidio,NORMAL,LOW_RISK,0,train,train
remidio::img_2500.jpg,IMG_2500.JPG,datasets/glaucoma/chaksu/raw/Train/1.0_Original_Fundus_Images/Remidio/IMG_2500.JPG,Remidio,NORMAL,LOW_RISK,0,train,train
remidio::img_3460.jpg,IMG_3460.JPG,datasets/glaucoma/chaksu/raw/Train/1.0_Original_Fundus_Images/Remidio/IMG_3460.JPG,Remidio,NORMAL,LOW_RISK,0,train,train
remidio::img_3580.jpg,IMG_3580.JPG,datasets/glaucoma/chaksu/raw/Train/1.0_Original_Fundus_Images/Remidio/IMG_3580.JPG,Remidio,NORMAL,LOW_RISK,0,train,train
remidio::img_3231.jpg,IMG_3231.JPG,datasets/glaucoma/chaksu/raw/Train/1.0_Original_Fundus_Images/Remidio/IMG_3231.JPG,Remidio,NORMAL,LOW_RISK,0,train,train
forus::4.png,4.png,datasets/glaucoma/chaksu/raw/Train/1.0_Original_Fundus_Images/Forus/4.png,Forus,NORMAL,LOW_RISK,0,train,train
bosch::p8_image1.jpg,P8_Image1.JPG,datasets/glaucoma/chaksu/raw/Train/1.0_Original_Fundus_Images/Bosch/P8_Image1.JPG,Bosch,NORMAL,LOW_RISK,0,train,train
remidio::img_2460.jpg,IMG_2460.JPG,datasets/glaucoma/chaksu/raw/Train/1.0_Original_Fundus_Images/Remidio/IMG_2460.JPG,Remidio,GLAUCOMA SUSPECT,HIGH_RISK,1,train,train
remidio::img_3654.jpg,IMG_3654.JPG,datasets/glaucoma/chaksu/raw/Train/1.0_Original_Fundus_Images/Remidio/IMG_3654.JPG,Remidio,NORMAL,LOW_RISK,0,train,train
remidio::img_2753.jpg,IMG_2753.JPG,datasets/glaucoma/chaksu/raw/Train/1.0_Original_Fundus_Images/Remidio/IMG_2753.JPG,Remidio,NORMAL,LOW_RISK,0,train,train
remidio::img_2805.jpg,IMG_2805.JPG,datasets/glaucoma/chaksu/raw/Train/1.0_Original_Fundus_Images/Remidio/IMG_2805.JPG,Remidio,NORMAL,LOW_RISK,0,train,train
remidio::img_2444.jpg,IMG_2444.JPG,datasets/glaucoma/chaksu/raw/Train/1.0_Original_Fundus_Images/Remidio/IMG_2444.JPG,Remidio,NORMAL,LOW_RISK,0,train,train
remidio::img_2565.jpg,IMG_2565.JPG,datasets/glaucoma/chaksu/raw/Train/1.0_Original_Fundus_Images/Remidio/IMG_2565.JPG,Remidio,NORMAL,LOW_RISK,0,train,train
remidio::img_3457.jpg,IMG_3457.JPG,datasets/glaucoma/chaksu/raw/Train/1.0_Original_Fundus_Images/Remidio/IMG_3457.JPG,Remidio,NORMAL,LOW_RISK,0,train,train
remidio::img_3357.jpg,IMG_3357.JPG,datasets/glaucoma/chaksu/raw/Train/1.0_Original_Fundus_Images/Remidio/IMG_3357.JPG,Remidio,NORMAL,LOW_RISK,0,train,train
remidio::img_3288.jpg,IMG_3288.JPG,datasets/glaucoma/chaksu/raw/Train/1.0_Original_Fundus_Images/Remidio/IMG_3288.JPG,Remidio,NORMAL,LOW_RISK,0,train,train
remidio::img_3206.jpg,IMG_3206.JPG,datasets/glaucoma/chaksu/raw/Train/1.0_Original_Fundus_Images/Remidio/IMG_3206.JPG,Remidio,NORMAL,LOW_RISK,0,train,train
remidio::img_2727.jpg,IMG_2727.JPG,datasets/glaucoma/chaksu/raw/Train/1.0_Original_Fundus_Images/Remidio/IMG_2727.JPG,Remidio,NORMAL,LOW_RISK,0,train,train
remidio::img_3250.jpg,IMG_3250.JPG,datasets/glaucoma/chaksu/raw/Train/1.0_Original_Fundus_Images/Remidio/IMG_3250.JPG,Remidio,NORMAL,LOW_RISK,0,train,train
remidio::img_3631.jpg,IMG_3631.JPG,datasets/glaucoma/chaksu/raw/Train/1.0_Original_Fundus_Images/Remidio/IMG_3631.JPG,Remidio,NORMAL,LOW_RISK,0,train,train
remidio::img_2735.jpg,IMG_2735.JPG,datasets/glaucoma/chaksu/raw/Train/1.0_Original_Fundus_Images/Remidio/IMG_2735.JPG,Remidio,NORMAL,LOW_RISK,0,train,train
remidio::img_2643.jpg,IMG_2643.JPG,datasets/glaucoma/chaksu/raw/Train/1.0_Original_Fundus_Images/Remidio/IMG_2643.JPG,Remidio,NORMAL,LOW_RISK,0,train,train
remidio::img_3672.jpg,IMG_3672.JPG,datasets/glaucoma/chaksu/raw/Train/1.0_Original_Fundus_Images/Remidio/IMG_3672.JPG,Remidio,NORMAL,LOW_RISK,0,train,train
remidio::img_2668.jpg,IMG_2668.JPG,datasets/glaucoma/chaksu/raw/Train/1.0_Original_Fundus_Images/Remidio/IMG_2668.JPG,Remidio,NORMAL,LOW_RISK,0,train,train
forus::59.png,59.png,datasets/glaucoma/chaksu/raw/Train/1.0_Original_Fundus_Images/Forus/59.png,Forus,NORMAL,LOW_RISK,0,train,train
remidio::img_2754.jpg,IMG_2754.JPG,datasets/glaucoma/chaksu/raw/Train/1.0_Original_Fundus_Images/Remidio/IMG_2754.JPG,Remidio,NORMAL,LOW_RISK,0,train,train
remidio::img_2584.jpg,IMG_2584.JPG,datasets/glaucoma/chaksu/raw/Train/1.0_Original_Fundus_Images/Remidio/IMG_2584.JPG,Remidio,NORMAL,LOW_RISK,0,train,train
forus::85.png,85.png,datasets/glaucoma/chaksu/raw/Train/1.0_Original_Fundus_Images/Forus/85.png,Forus,GLAUCOMA SUSPECT,HIGH_RISK,1,train,train
remidio::img_3658.jpg,IMG_3658.JPG,datasets/glaucoma/chaksu/raw/Train/1.0_Original_Fundus_Images/Remidio/IMG_3658.JPG,Remidio,NORMAL,LOW_RISK,0,train,train
remidio::img_3282.jpg,IMG_3282.JPG,datasets/glaucoma/chaksu/raw/Train/1.0_Original_Fundus_Images/Remidio/IMG_3282.JPG,Remidio,NORMAL,LOW_RISK,0,train,train
remidio::img_2636.jpg,IMG_2636.JPG,datasets/glaucoma/chaksu/raw/Train/1.0_Original_Fundus_Images/Remidio/IMG_2636.JPG,Remidio,NORMAL,LOW_RISK,0,train,train
remidio::img_3550.jpg,IMG_3550.JPG,datasets/glaucoma/chaksu/raw/Train/1.0_Original_Fundus_Images/Remidio/IMG_3550.JPG,Remidio,NORMAL,LOW_RISK,0,train,train
remidio::img_3355.jpg,IMG_3355.JPG,datasets/glaucoma/chaksu/raw/Train/1.0_Original_Fundus_Images/Remidio/IMG_3355.JPG,Remidio,NORMAL,LOW_RISK,0,train,train
remidio::img_3597.jpg,IMG_3597.JPG,datasets/glaucoma/chaksu/raw/Train/1.0_Original_Fundus_Images/Remidio/IMG_3597.JPG,Remidio,NORMAL,LOW_RISK,0,train,train
remidio::img_3353.jpg,IMG_3353.JPG,datasets/glaucoma/chaksu/raw/Train/1.0_Original_Fundus_Images/Remidio/IMG_3353.JPG,Remidio,NORMAL,LOW_RISK,0,train,train
remidio::img_3544.jpg,IMG_3544.JPG,datasets/glaucoma/chaksu/raw/Train/1.0_Original_Fundus_Images/Remidio/IMG_3544.JPG,Remidio,NORMAL,LOW_RISK,0,train,train
remidio::img_3439.jpg,IMG_3439.JPG,datasets/glaucoma/chaksu/raw/Train/1.0_Original_Fundus_Images/Remidio/IMG_3439.JPG,Remidio,NORMAL,LOW_RISK,0,train,train
bosch::image127.jpg,Image127.JPG,datasets/glaucoma/chaksu/raw/Train/1.0_Original_Fundus_Images/Bosch/Image127.JPG,Bosch,GLAUCOMA SUSPECT,HIGH_RISK,1,train,train
remidio::img_3175.jpg,IMG_3175.JPG,datasets/glaucoma/chaksu/raw/Train/1.0_Original_Fundus_Images/Remidio/IMG_3175.JPG,Remidio,NORMAL,LOW_RISK,0,train,train
remidio::img_2527.jpg,IMG_2527.JPG,datasets/glaucoma/chaksu/raw/Train/1.0_Original_Fundus_Images/Remidio/IMG_2527.JPG,Remidio,GLAUCOMA SUSPECT,HIGH_RISK,1,train,train
remidio::img_3397.jpg,IMG_3397.JPG,datasets/glaucoma/chaksu/raw/Train/1.0_Original_Fundus_Images/Remidio/IMG_3397.JPG,Remidio,NORMAL,LOW_RISK,0,train,train
remidio::img_3474.jpg,IMG_3474.JPG,datasets/glaucoma/chaksu/raw/Train/1.0_Original_Fundus_Images/Remidio/IMG_3474.JPG,Remidio,GLAUCOMA SUSPECT,HIGH_RISK,1,train,train
remidio::img_2490.jpg,IMG_2490.JPG,datasets/glaucoma/chaksu/raw/Train/1.0_Original_Fundus_Images/Remidio/IMG_2490.JPG,Remidio,NORMAL,LOW_RISK,0,train,train
remidio::img_3238.jpg,IMG_3238.JPG,datasets/glaucoma/chaksu/raw/Train/1.0_Original_Fundus_Images/Remidio/IMG_3238.JPG,Remidio,GLAUCOMA SUSPECT,HIGH_RISK,1,train,train
remidio::img_2453.jpg,IMG_2453.JPG,datasets/glaucoma/chaksu/raw/Train/1.0_Original_Fundus_Images/Remidio/IMG_2453.JPG,Remidio,NORMAL,LOW_RISK,0,train,train
remidio::img_3691.jpg,IMG_3691.JPG,datasets/glaucoma/chaksu/raw/Train/1.0_Original_Fundus_Images/Remidio/IMG_3691.JPG,Remidio,NORMAL,LOW_RISK,0,train,train
remidio::img_3446.jpg,IMG_3446.JPG,datasets/glaucoma/chaksu/raw/Train/1.0_Original_Fundus_Images/Remidio/IMG_3446.JPG,Remidio,NORMAL,LOW_RISK,0,train,train
forus::86.png,86.png,datasets/glaucoma/chaksu/raw/Train/1.0_Original_Fundus_Images/Forus/86.png,Forus,NORMAL,LOW_RISK,0,train,train
remidio::img_3447.jpg,IMG_3447.JPG,datasets/glaucoma/chaksu/raw/Train/1.0_Original_Fundus_Images/Remidio/IMG_3447.JPG,Remidio,NORMAL,LOW_RISK,0,train,train
remidio::img_2464.jpg,IMG_2464.JPG,datasets/glaucoma/chaksu/raw/Train/1.0_Original_Fundus_Images/Remidio/IMG_2464.JPG,Remidio,NORMAL,LOW_RISK,0,train,train
remidio::img_3576.jpg,IMG_3576.JPG,datasets/glaucoma/chaksu/raw/Train/1.0_Original_Fundus_Images/Remidio/IMG_3576.JPG,Remidio,GLAUCOMA SUSPECT,HIGH_RISK,1,train,train
remidio::img_3299.jpg,IMG_3299.JPG,datasets/glaucoma/chaksu/raw/Train/1.0_Original_Fundus_Images/Remidio/IMG_3299.JPG,Remidio,NORMAL,LOW_RISK,0,train,train
remidio::img_2774.jpg,IMG_2774.JPG,datasets/glaucoma/chaksu/raw/Train/1.0_Original_Fundus_Images/Remidio/IMG_2774.JPG,Remidio,NORMAL,LOW_RISK,0,train,train
remidio::img_2489.jpg,IMG_2489.JPG,datasets/glaucoma/chaksu/raw/Train/1.0_Original_Fundus_Images/Remidio/IMG_2489.JPG,Remidio,NORMAL,LOW_RISK,0,train,train
remidio::img_2589.jpg,IMG_2589.JPG,datasets/glaucoma/chaksu/raw/Train/1.0_Original_Fundus_Images/Remidio/IMG_2589.JPG,Remidio,NORMAL,LOW_RISK,0,train,train
remidio::img_3525.jpg,IMG_3525.JPG,datasets/glaucoma/chaksu/raw/Train/1.0_Original_Fundus_Images/Remidio/IMG_3525.JPG,Remidio,NORMAL,LOW_RISK,0,train,train
remidio::img_2647.jpg,IMG_2647.JPG,datasets/glaucoma/chaksu/raw/Train/1.0_Original_Fundus_Images/Remidio/IMG_2647.JPG,Remidio,NORMAL,LOW_RISK,0,train,train
forus::27.png,27.png,datasets/glaucoma/chaksu/raw/Train/1.0_Original_Fundus_Images/Forus/27.png,Forus,GLAUCOMA SUSPECT,HIGH_RISK,1,train,train
remidio::img_2743.jpg,IMG_2743.JPG,datasets/glaucoma/chaksu/raw/Train/1.0_Original_Fundus_Images/Remidio/IMG_2743.JPG,Remidio,NORMAL,LOW_RISK,0,train,train
remidio::img_3406.jpg,IMG_3406.JPG,datasets/glaucoma/chaksu/raw/Train/1.0_Original_Fundus_Images/Remidio/IMG_3406.JPG,Remidio,GLAUCOMA SUSPECT,HIGH_RISK,1,train,train
remidio::img_3308.jpg,IMG_3308.JPG,datasets/glaucoma/chaksu/raw/Train/1.0_Original_Fundus_Images/Remidio/IMG_3308.JPG,Remidio,NORMAL,LOW_RISK,0,train,train
remidio::img_3664.jpg,IMG_3664.JPG,datasets/glaucoma/chaksu/raw/Train/1.0_Original_Fundus_Images/Remidio/IMG_3664.JPG,Remidio,GLAUCOMA SUSPECT,HIGH_RISK,1,train,train
remidio::img_2576.jpg,IMG_2576.JPG,datasets/glaucoma/chaksu/raw/Train/1.0_Original_Fundus_Images/Remidio/IMG_2576.JPG,Remidio,NORMAL,LOW_RISK,0,train,train
remidio::img_2679.jpg,IMG_2679.JPG,datasets/glaucoma/chaksu/raw/Train/1.0_Original_Fundus_Images/Remidio/IMG_2679.JPG,Remidio,NORMAL,LOW_RISK,0,train,train
remidio::img_3434.jpg,IMG_3434.JPG,datasets/glaucoma/chaksu/raw/Train/1.0_Original_Fundus_Images/Remidio/IMG_3434.JPG,Remidio,GLAUCOMA SUSPECT,HIGH_RISK,1,train,train
bosch::image116.jpg,Image116.JPG,datasets/glaucoma/chaksu/raw/Train/1.0_Original_Fundus_Images/Bosch/Image116.JPG,Bosch,NORMAL,LOW_RISK,0,train,train
remidio::img_3581.jpg,IMG_3581.JPG,datasets/glaucoma/chaksu/raw/Train/1.0_Original_Fundus_Images/Remidio/IMG_3581.JPG,Remidio,NORMAL,LOW_RISK,0,train,train
bosch::image135.jpg,Image135.JPG,datasets/glaucoma/chaksu/raw/Train/1.0_Original_Fundus_Images/Bosch/Image135.JPG,Bosch,NORMAL,LOW_RISK,0,train,train
remidio::img_3197.jpg,IMG_3197.JPG,datasets/glaucoma/chaksu/raw/Train/1.0_Original_Fundus_Images/Remidio/IMG_3197.JPG,Remidio,GLAUCOMA SUSPECT,HIGH_RISK,1,train,train
remidio::18499.jpg,18499.jpg,datasets/glaucoma/chaksu/raw/Train/1.0_Original_Fundus_Images/Remidio/18499.jpg,Remidio,NORMAL,LOW_RISK,0,train,train
remidio::img_2559.jpg,IMG_2559.JPG,datasets/glaucoma/chaksu/raw/Train/1.0_Original_Fundus_Images/Remidio/IMG_2559.JPG,Remidio,GLAUCOMA SUSPECT,HIGH_RISK,1,train,train
remidio::img_3372.jpg,IMG_3372.JPG,datasets/glaucoma/chaksu/raw/Train/1.0_Original_Fundus_Images/Remidio/IMG_3372.JPG,Remidio,NORMAL,LOW_RISK,0,train,train
remidio::img_3365.jpg,IMG_3365.JPG,datasets/glaucoma/chaksu/raw/Train/1.0_Original_Fundus_Images/Remidio/IMG_3365.JPG,Remidio,NORMAL,LOW_RISK,0,train,train
remidio::img_3523.jpg,IMG_3523.JPG,datasets/glaucoma/chaksu/raw/Train/1.0_Original_Fundus_Images/Remidio/IMG_3523.JPG,Remidio,NORMAL,LOW_RISK,0,train,train
bosch::p1_image2.jpg,P1_Image2.JPG,datasets/glaucoma/chaksu/raw/Train/1.0_Original_Fundus_Images/Bosch/P1_Image2.JPG,Bosch,GLAUCOMA SUSPECT,HIGH_RISK,1,train,train
remidio::img_3480.jpg,IMG_3480.JPG,datasets/glaucoma/chaksu/raw/Train/1.0_Original_Fundus_Images/Remidio/IMG_3480.JPG,Remidio,NORMAL,LOW_RISK,0,train,train
remidio::img_2641.jpg,IMG_2641.JPG,datasets/glaucoma/chaksu/raw/Train/1.0_Original_Fundus_Images/Remidio/IMG_2641.JPG,Remidio,NORMAL,LOW_RISK,0,train,train
remidio::img_3249.jpg,IMG_3249.JPG,datasets/glaucoma/chaksu/raw/Train/1.0_Original_Fundus_Images/Remidio/IMG_3249.JPG,Remidio,NORMAL,LOW_RISK,0,train,train
bosch::p4_image2.jpg,P4_Image2.JPG,datasets/glaucoma/chaksu/raw/Train/1.0_Original_Fundus_Images/Bosch/P4_Image2.JPG,Bosch,NORMAL,LOW_RISK,0,train,train
remidio::img_3264.jpg,IMG_3264.JPG,datasets/glaucoma/chaksu/raw/Train/1.0_Original_Fundus_Images/Remidio/IMG_3264.JPG,Remidio,NORMAL,LOW_RISK,0,train,train
forus::93.png,93.png,datasets/glaucoma/chaksu/raw/Train/1.0_Original_Fundus_Images/Forus/93.png,Forus,NORMAL,LOW_RISK,0,train,train
remidio::img_2627.jpg,IMG_2627.JPG,datasets/glaucoma/chaksu/raw/Train/1.0_Original_Fundus_Images/Remidio/IMG_2627.JPG,Remidio,NORMAL,LOW_RISK,0,train,train
remidio::img_3164.jpg,IMG_3164.JPG,datasets/glaucoma/chaksu/raw/Train/1.0_Original_Fundus_Images/Remidio/IMG_3164.JPG,Remidio,NORMAL,LOW_RISK,0,train,train
remidio::img_3635.jpg,IMG_3635.JPG,datasets/glaucoma/chaksu/raw/Train/1.0_Original_Fundus_Images/Remidio/IMG_3635.JPG,Remidio,GLAUCOMA SUSPECT,HIGH_RISK,1,train,train
remidio::img_3537.jpg,IMG_3537.JPG,datasets/glaucoma/chaksu/raw/Train/1.0_Original_Fundus_Images/Remidio/IMG_3537.JPG,Remidio,NORMAL,LOW_RISK,0,train,train
remidio::img_2701.jpg,IMG_2701.JPG,datasets/glaucoma/chaksu/raw/Train/1.0_Original_Fundus_Images/Remidio/IMG_2701.JPG,Remidio,GLAUCOMA SUSPECT,HIGH_RISK,1,train,train
remidio::46109.jpg,46109.jpg,datasets/glaucoma/chaksu/raw/Train/1.0_Original_Fundus_Images/Remidio/46109.jpg,Remidio,NORMAL,LOW_RISK,0,train,train
remidio::img_2791.jpg,IMG_2791.JPG,datasets/glaucoma/chaksu/raw/Train/1.0_Original_Fundus_Images/Remidio/IMG_2791.JPG,Remidio,NORMAL,LOW_RISK,0,train,train
forus::8.png,8.png,datasets/glaucoma/chaksu/raw/Train/1.0_Original_Fundus_Images/Forus/8.png,Forus,NORMAL,LOW_RISK,0,train,train
remidio::img_2574.jpg,IMG_2574.JPG,datasets/glaucoma/chaksu/raw/Train/1.0_Original_Fundus_Images/Remidio/IMG_2574.JPG,Remidio,NORMAL,LOW_RISK,0,train,train
remidio::img_3414.jpg,IMG_3414.JPG,datasets/glaucoma/chaksu/raw/Train/1.0_Original_Fundus_Images/Remidio/IMG_3414.JPG,Remidio,NORMAL,LOW_RISK,0,train,train
remidio::img_3451.jpg,IMG_3451.JPG,datasets/glaucoma/chaksu/raw/Train/1.0_Original_Fundus_Images/Remidio/IMG_3451.JPG,Remidio,GLAUCOMA SUSPECT,HIGH_RISK,1,train,train
remidio::img_3568.jpg,IMG_3568.JPG,datasets/glaucoma/chaksu/raw/Train/1.0_Original_Fundus_Images/Remidio/IMG_3568.JPG,Remidio,NORMAL,LOW_RISK,0,train,train
remidio::img_3188.jpg,IMG_3188.JPG,datasets/glaucoma/chaksu/raw/Train/1.0_Original_Fundus_Images/Remidio/IMG_3188.JPG,Remidio,NORMAL,LOW_RISK,0,train,train
remidio::img_3449.jpg,IMG_3449.JPG,datasets/glaucoma/chaksu/raw/Train/1.0_Original_Fundus_Images/Remidio/IMG_3449.JPG,Remidio,NORMAL,LOW_RISK,0,train,train
remidio::img_3328.jpg,IMG_3328.JPG,datasets/glaucoma/chaksu/raw/Train/1.0_Original_Fundus_Images/Remidio/IMG_3328.JPG,Remidio,NORMAL,LOW_RISK,0,train,train
remidio::img_3345.jpg,IMG_3345.JPG,datasets/glaucoma/chaksu/raw/Train/1.0_Original_Fundus_Images/Remidio/IMG_3345.JPG,Remidio,NORMAL,LOW_RISK,0,train,train
remidio::img_3572.jpg,IMG_3572.JPG,datasets/glaucoma/chaksu/raw/Train/1.0_Original_Fundus_Images/Remidio/IMG_3572.JPG,Remidio,NORMAL,LOW_RISK,0,train,train
remidio::img_2566.jpg,IMG_2566.JPG,datasets/glaucoma/chaksu/raw/Train/1.0_Original_Fundus_Images/Remidio/IMG_2566.JPG,Remidio,NORMAL,LOW_RISK,0,train,train
remidio::img_3178.jpg,IMG_3178.JPG,datasets/glaucoma/chaksu/raw/Train/1.0_Original_Fundus_Images/Remidio/IMG_3178.JPG,Remidio,GLAUCOMA SUSPECT,HIGH_RISK,1,train,train
remidio::img_2714.jpg,IMG_2714.JPG,datasets/glaucoma/chaksu/raw/Train/1.0_Original_Fundus_Images/Remidio/IMG_2714.JPG,Remidio,NORMAL,LOW_RISK,0,train,train
bosch::image186.jpg,Image186.JPG,datasets/glaucoma/chaksu/raw/Train/1.0_Original_Fundus_Images/Bosch/Image186.JPG,Bosch,NORMAL,LOW_RISK,0,train,train
remidio::img_2465.jpg,IMG_2465.JPG,datasets/glaucoma/chaksu/raw/Train/1.0_Original_Fundus_Images/Remidio/IMG_2465.JPG,Remidio,NORMAL,LOW_RISK,0,train,train
remidio::img_2501.jpg,IMG_2501.JPG,datasets/glaucoma/chaksu/raw/Train/1.0_Original_Fundus_Images/Remidio/IMG_2501.JPG,Remidio,NORMAL,LOW_RISK,0,train,train
remidio::img_3193.jpg,IMG_3193.JPG,datasets/glaucoma/chaksu/raw/Train/1.0_Original_Fundus_Images/Remidio/IMG_3193.JPG,Remidio,NORMAL,LOW_RISK,0,train,train
forus::81.png,81.png,datasets/glaucoma/chaksu/raw/Train/1.0_Original_Fundus_Images/Forus/81.png,Forus,NORMAL,LOW_RISK,0,train,train
remidio::img_3356.jpg,IMG_3356.JPG,datasets/glaucoma/chaksu/raw/Train/1.0_Original_Fundus_Images/Remidio/IMG_3356.JPG,Remidio,NORMAL,LOW_RISK,0,train,train
bosch::image141.jpg,Image141.JPG,datasets/glaucoma/chaksu/raw/Train/1.0_Original_Fundus_Images/Bosch/Image141.JPG,Bosch,NORMAL,LOW_RISK,0,train,train
forus::68.png,68.png,datasets/glaucoma/chaksu/raw/Train/1.0_Original_Fundus_Images/Forus/68.png,Forus,NORMAL,LOW_RISK,0,train,train
remidio::img_2531.jpg,IMG_2531.JPG,datasets/glaucoma/chaksu/raw/Train/1.0_Original_Fundus_Images/Remidio/IMG_2531.JPG,Remidio,NORMAL,LOW_RISK,0,train,train
remidio::img_3378.jpg,IMG_3378.JPG,datasets/glaucoma/chaksu/raw/Train/1.0_Original_Fundus_Images/Remidio/IMG_3378.JPG,Remidio,NORMAL,LOW_RISK,0,train,train
forus::70.png,70.png,datasets/glaucoma/chaksu/raw/Train/1.0_Original_Fundus_Images/Forus/70.png,Forus,NORMAL,LOW_RISK,0,train,train
remidio::img_3681.jpg,IMG_3681.JPG,datasets/glaucoma/chaksu/raw/Train/1.0_Original_Fundus_Images/Remidio/IMG_3681.JPG,Remidio,NORMAL,LOW_RISK,0,train,train
remidio::img_2555.jpg,IMG_2555.JPG,datasets/glaucoma/chaksu/raw/Train/1.0_Original_Fundus_Images/Remidio/IMG_2555.JPG,Remidio,GLAUCOMA SUSPECT,HIGH_RISK,1,train,train
remidio::img_2742.jpg,IMG_2742.JPG,datasets/glaucoma/chaksu/raw/Train/1.0_Original_Fundus_Images/Remidio/IMG_2742.JPG,Remidio,GLAUCOMA SUSPECT,HIGH_RISK,1,train,train
remidio::70718.jpg,70718.jpg,datasets/glaucoma/chaksu/raw/Train/1.0_Original_Fundus_Images/Remidio/70718.jpg,Remidio,NORMAL,LOW_RISK,0,train,train
remidio::img_3492.jpg,IMG_3492.JPG,datasets/glaucoma/chaksu/raw/Train/1.0_Original_Fundus_Images/Remidio/IMG_3492.JPG,Remidio,NORMAL,LOW_RISK,0,train,train
remidio::img_3606.jpg,IMG_3606.JPG,datasets/glaucoma/chaksu/raw/Train/1.0_Original_Fundus_Images/Remidio/IMG_3606.JPG,Remidio,NORMAL,LOW_RISK,0,train,train
remidio::img_3690.jpg,IMG_3690.JPG,datasets/glaucoma/chaksu/raw/Train/1.0_Original_Fundus_Images/Remidio/IMG_3690.JPG,Remidio,NORMAL,LOW_RISK,0,train,train
bosch::image136.jpg,Image136.JPG,datasets/glaucoma/chaksu/raw/Train/1.0_Original_Fundus_Images/Bosch/Image136.JPG,Bosch,NORMAL,LOW_RISK,0,train,train
remidio::img_3327.jpg,IMG_3327.JPG,datasets/glaucoma/chaksu/raw/Train/1.0_Original_Fundus_Images/Remidio/IMG_3327.JPG,Remidio,NORMAL,LOW_RISK,0,train,train
remidio::img_2686.jpg,IMG_2686.JPG,datasets/glaucoma/chaksu/raw/Train/1.0_Original_Fundus_Images/Remidio/IMG_2686.JPG,Remidio,NORMAL,LOW_RISK,0,train,train
remidio::img_3382.jpg,IMG_3382.JPG,datasets/glaucoma/chaksu/raw/Train/1.0_Original_Fundus_Images/Remidio/IMG_3382.JPG,Remidio,NORMAL,LOW_RISK,0,train,train
remidio::img_2496.jpg,IMG_2496.JPG,datasets/glaucoma/chaksu/raw/Train/1.0_Original_Fundus_Images/Remidio/IMG_2496.JPG,Remidio,NORMAL,LOW_RISK,0,train,train
remidio::81590.jpg,81590.jpg,datasets/glaucoma/chaksu/raw/Train/1.0_Original_Fundus_Images/Remidio/81590.jpg,Remidio,NORMAL,LOW_RISK,0,train,train
forus::17.png,17.png,datasets/glaucoma/chaksu/raw/Train/1.0_Original_Fundus_Images/Forus/17.png,Forus,NORMAL,LOW_RISK,0,train,train
remidio::img_2700.jpg,IMG_2700.JPG,datasets/glaucoma/chaksu/raw/Train/1.0_Original_Fundus_Images/Remidio/IMG_2700.JPG,Remidio,NORMAL,LOW_RISK,0,train,train
forus::14.png,14.png,datasets/glaucoma/chaksu/raw/Train/1.0_Original_Fundus_Images/Forus/14.png,Forus,NORMAL,LOW_RISK,0,train,train
remidio::img_3448.jpg,IMG_3448.JPG,datasets/glaucoma/chaksu/raw/Train/1.0_Original_Fundus_Images/Remidio/IMG_3448.JPG,Remidio,NORMAL,LOW_RISK,0,train,train
remidio::img_3605.jpg,IMG_3605.JPG,datasets/glaucoma/chaksu/raw/Train/1.0_Original_Fundus_Images/Remidio/IMG_3605.JPG,Remidio,NORMAL,LOW_RISK,0,train,train
remidio::img_3704.jpg,IMG_3704.JPG,datasets/glaucoma/chaksu/raw/Train/1.0_Original_Fundus_Images/Remidio/IMG_3704.JPG,Remidio,NORMAL,LOW_RISK,0,train,train
remidio::img_2802.jpg,IMG_2802.JPG,datasets/glaucoma/chaksu/raw/Train/1.0_Original_Fundus_Images/Remidio/IMG_2802.JPG,Remidio,GLAUCOMA SUSPECT,HIGH_RISK,1,train,train
remidio::img_2663.jpg,IMG_2663.JPG,datasets/glaucoma/chaksu/raw/Train/1.0_Original_Fundus_Images/Remidio/IMG_2663.JPG,Remidio,NORMAL,LOW_RISK,0,train,train
remidio::img_2682.jpg,IMG_2682.JPG,datasets/glaucoma/chaksu/raw/Train/1.0_Original_Fundus_Images/Remidio/IMG_2682.JPG,Remidio,NORMAL,LOW_RISK,0,train,train
remidio::img_2456.jpg,IMG_2456.JPG,datasets/glaucoma/chaksu/raw/Train/1.0_Original_Fundus_Images/Remidio/IMG_2456.JPG,Remidio,NORMAL,LOW_RISK,0,train,train
remidio::img_3304.jpg,IMG_3304.JPG,datasets/glaucoma/chaksu/raw/Train/1.0_Original_Fundus_Images/Remidio/IMG_3304.JPG,Remidio,NORMAL,LOW_RISK,0,train,train
bosch::image131.jpg,Image131.JPG,datasets/glaucoma/chaksu/raw/Train/1.0_Original_Fundus_Images/Bosch/Image131.JPG,Bosch,NORMAL,LOW_RISK,0,train,train
remidio::img_2480.jpg,IMG_2480.JPG,datasets/glaucoma/chaksu/raw/Train/1.0_Original_Fundus_Images/Remidio/IMG_2480.JPG,Remidio,GLAUCOMA SUSPECT,HIGH_RISK,1,train,train
remidio::img_2736.jpg,IMG_2736.JPG,datasets/glaucoma/chaksu/raw/Train/1.0_Original_Fundus_Images/Remidio/IMG_2736.JPG,Remidio,NORMAL,LOW_RISK,0,train,train
remidio::img_3499.jpg,IMG_3499.JPG,datasets/glaucoma/chaksu/raw/Train/1.0_Original_Fundus_Images/Remidio/IMG_3499.JPG,Remidio,NORMAL,LOW_RISK,0,train,train
bosch::image144.jpg,Image144.JPG,datasets/glaucoma/chaksu/raw/Train/1.0_Original_Fundus_Images/Bosch/Image144.JPG,Bosch,NORMAL,LOW_RISK,0,train,train
bosch::image110.jpg,Image110.JPG,datasets/glaucoma/chaksu/raw/Train/1.0_Original_Fundus_Images/Bosch/Image110.JPG,Bosch,NORMAL,LOW_RISK,0,train,train
remidio::img_3676.jpg,IMG_3676.JPG,datasets/glaucoma/chaksu/raw/Train/1.0_Original_Fundus_Images/Remidio/IMG_3676.JPG,Remidio,NORMAL,LOW_RISK,0,train,train
remidio::img_3555.jpg,IMG_3555.JPG,datasets/glaucoma/chaksu/raw/Train/1.0_Original_Fundus_Images/Remidio/IMG_3555.JPG,Remidio,NORMAL,LOW_RISK,0,train,train
remidio::img_2535.jpg,IMG_2535.JPG,datasets/glaucoma/chaksu/raw/Train/1.0_Original_Fundus_Images/Remidio/IMG_2535.JPG,Remidio,NORMAL,LOW_RISK,0,train,train
remidio::img_2541.jpg,IMG_2541.JPG,datasets/glaucoma/chaksu/raw/Train/1.0_Original_Fundus_Images/Remidio/IMG_2541.JPG,Remidio,NORMAL,LOW_RISK,0,train,train
remidio::img_3532.jpg,IMG_3532.JPG,datasets/glaucoma/chaksu/raw/Train/1.0_Original_Fundus_Images/Remidio/IMG_3532.JPG,Remidio,NORMAL,LOW_RISK,0,train,train
bosch::image146.jpg,Image146.JPG,datasets/glaucoma/chaksu/raw/Train/1.0_Original_Fundus_Images/Bosch/Image146.JPG,Bosch,NORMAL,LOW_RISK,0,train,train
remidio::img_3570.jpg,IMG_3570.JPG,datasets/glaucoma/chaksu/raw/Train/1.0_Original_Fundus_Images/Remidio/IMG_3570.JPG,Remidio,NORMAL,LOW_RISK,0,train,train
remidio::img_2707.jpg,IMG_2707.JPG,datasets/glaucoma/chaksu/raw/Train/1.0_Original_Fundus_Images/Remidio/IMG_2707.JPG,Remidio,NORMAL,LOW_RISK,0,train,train
remidio::img_2606.jpg,IMG_2606.JPG,datasets/glaucoma/chaksu/raw/Train/1.0_Original_Fundus_Images/Remidio/IMG_2606.JPG,Remidio,GLAUCOMA SUSPECT,HIGH_RISK,1,train,train
bosch::image119.jpg,Image119.JPG,datasets/glaucoma/chaksu/raw/Train/1.0_Original_Fundus_Images/Bosch/Image119.JPG,Bosch,NORMAL,LOW_RISK,0,train,train
remidio::img_3665.jpg,IMG_3665.JPG,datasets/glaucoma/chaksu/raw/Train/1.0_Original_Fundus_Images/Remidio/IMG_3665.JPG,Remidio,GLAUCOMA SUSPECT,HIGH_RISK,1,train,train
remidio::img_2530.jpg,IMG_2530.JPG,datasets/glaucoma/chaksu/raw/Train/1.0_Original_Fundus_Images/Remidio/IMG_2530.JPG,Remidio,GLAUCOMA SUSPECT,HIGH_RISK,1,train,train
remidio::img_3335.jpg,IMG_3335.JPG,datasets/glaucoma/chaksu/raw/Train/1.0_Original_Fundus_Images/Remidio/IMG_3335.JPG,Remidio,NORMAL,LOW_RISK,0,train,train
remidio::img_2449.jpg,IMG_2449.JPG,datasets/glaucoma/chaksu/raw/Train/1.0_Original_Fundus_Images/Remidio/IMG_2449.JPG,Remidio,NORMAL,LOW_RISK,0,train,train
remidio::img_3160.jpg,IMG_3160.JPG,datasets/glaucoma/chaksu/raw/Train/1.0_Original_Fundus_Images/Remidio/IMG_3160.JPG,Remidio,GLAUCOMA SUSPECT,HIGH_RISK,1,train,train
remidio::img_2750.jpg,IMG_2750.JPG,datasets/glaucoma/chaksu/raw/Train/1.0_Original_Fundus_Images/Remidio/IMG_2750.JPG,Remidio,NORMAL,LOW_RISK,0,train,train
remidio::img_3348.jpg,IMG_3348.JPG,datasets/glaucoma/chaksu/raw/Train/1.0_Original_Fundus_Images/Remidio/IMG_3348.JPG,Remidio,NORMAL,LOW_RISK,0,train,train
remidio::img_3194.jpg,IMG_3194.JPG,datasets/glaucoma/chaksu/raw/Train/1.0_Original_Fundus_Images/Remidio/IMG_3194.JPG,Remidio,NORMAL,LOW_RISK,0,train,train
forus::28.png,28.png,datasets/glaucoma/chaksu/raw/Train/1.0_Original_Fundus_Images/Forus/28.png,Forus,NORMAL,LOW_RISK,0,train,train
remidio::img_3314.jpg,IMG_3314.JPG,datasets/glaucoma/chaksu/raw/Train/1.0_Original_Fundus_Images/Remidio/IMG_3314.JPG,Remidio,NORMAL,LOW_RISK,0,train,train
remidio::img_2537.jpg,IMG_2537.JPG,datasets/glaucoma/chaksu/raw/Train/1.0_Original_Fundus_Images/Remidio/IMG_2537.JPG,Remidio,GLAUCOMA SUSPECT,HIGH_RISK,1,train,train
remidio::img_3303.jpg,IMG_3303.JPG,datasets/glaucoma/chaksu/raw/Train/1.0_Original_Fundus_Images/Remidio/IMG_3303.JPG,Remidio,NORMAL,LOW_RISK,0,train,train
remidio::img_2796.jpg,IMG_2796.JPG,datasets/glaucoma/chaksu/raw/Train/1.0_Original_Fundus_Images/Remidio/IMG_2796.JPG,Remidio,NORMAL,LOW_RISK,0,train,train
bosch::image145.jpg,Image145.JPG,datasets/glaucoma/chaksu/raw/Train/1.0_Original_Fundus_Images/Bosch/Image145.JPG,Bosch,NORMAL,LOW_RISK,0,train,train
bosch::p2_image2.jpg,P2_Image2.JPG,datasets/glaucoma/chaksu/raw/Train/1.0_Original_Fundus_Images/Bosch/P2_Image2.JPG,Bosch,GLAUCOMA SUSPECT,HIGH_RISK,1,train,train
remidio::img_3186.jpg,IMG_3186.JPG,datasets/glaucoma/chaksu/raw/Train/1.0_Original_Fundus_Images/Remidio/IMG_3186.JPG,Remidio,NORMAL,LOW_RISK,0,train,train
remidio::img_3575.jpg,IMG_3575.JPG,datasets/glaucoma/chaksu/raw/Train/1.0_Original_Fundus_Images/Remidio/IMG_3575.JPG,Remidio,NORMAL,LOW_RISK,0,train,train
bosch::image109.jpg,Image109.JPG,datasets/glaucoma/chaksu/raw/Train/1.0_Original_Fundus_Images/Bosch/Image109.JPG,Bosch,NORMAL,LOW_RISK,0,train,train
remidio::img_2614.jpg,IMG_2614.JPG,datasets/glaucoma/chaksu/raw/Train/1.0_Original_Fundus_Images/Remidio/IMG_2614.JPG,Remidio,GLAUCOMA SUSPECT,HIGH_RISK,1,train,train
remidio::img_3644.jpg,IMG_3644.JPG,datasets/glaucoma/chaksu/raw/Train/1.0_Original_Fundus_Images/Remidio/IMG_3644.JPG,Remidio,NORMAL,LOW_RISK,0,train,train
remidio::img_2549.jpg,IMG_2549.JPG,datasets/glaucoma/chaksu/raw/Train/1.0_Original_Fundus_Images/Remidio/IMG_2549.JPG,Remidio,NORMAL,LOW_RISK,0,train,train
remidio::img_3182.jpg,IMG_3182.JPG,datasets/glaucoma/chaksu/raw/Train/1.0_Original_Fundus_Images/Remidio/IMG_3182.JPG,Remidio,NORMAL,LOW_RISK,0,train,train
remidio::img_3418.jpg,IMG_3418.JPG,datasets/glaucoma/chaksu/raw/Train/1.0_Original_Fundus_Images/Remidio/IMG_3418.JPG,Remidio,NORMAL,LOW_RISK,0,train,train
remidio::img_3509.jpg,IMG_3509.JPG,datasets/glaucoma/chaksu/raw/Train/1.0_Original_Fundus_Images/Remidio/IMG_3509.JPG,Remidio,NORMAL,LOW_RISK,0,train,train
remidio::img_3473.jpg,IMG_3473.JPG,datasets/glaucoma/chaksu/raw/Train/1.0_Original_Fundus_Images/Remidio/IMG_3473.JPG,Remidio,NORMAL,LOW_RISK,0,train,train
bosch::image106.jpg,Image106.JPG,datasets/glaucoma/chaksu/raw/Train/1.0_Original_Fundus_Images/Bosch/Image106.JPG,Bosch,NORMAL,LOW_RISK,0,train,train
remidio::img_2799.jpg,IMG_2799.JPG,datasets/glaucoma/chaksu/raw/Train/1.0_Original_Fundus_Images/Remidio/IMG_2799.JPG,Remidio,NORMAL,LOW_RISK,0,train,train
remidio::img_2692.jpg,IMG_2692.JPG,datasets/glaucoma/chaksu/raw/Train/1.0_Original_Fundus_Images/Remidio/IMG_2692.JPG,Remidio,NORMAL,LOW_RISK,0,train,train
remidio::img_3398.jpg,IMG_3398.JPG,datasets/glaucoma/chaksu/raw/Train/1.0_Original_Fundus_Images/Remidio/IMG_3398.JPG,Remidio,NORMAL,LOW_RISK,0,train,train
remidio::img_3508.jpg,IMG_3508.JPG,datasets/glaucoma/chaksu/raw/Train/1.0_Original_Fundus_Images/Remidio/IMG_3508.JPG,Remidio,NORMAL,LOW_RISK,0,train,train
remidio::img_3438.jpg,IMG_3438.JPG,datasets/glaucoma/chaksu/raw/Train/1.0_Original_Fundus_Images/Remidio/IMG_3438.JPG,Remidio,NORMAL,LOW_RISK,0,train,train
remidio::img_2761.jpg,IMG_2761.JPG,datasets/glaucoma/chaksu/raw/Train/1.0_Original_Fundus_Images/Remidio/IMG_2761.JPG,Remidio,NORMAL,LOW_RISK,0,train,train
forus::43.png,43.png,datasets/glaucoma/chaksu/raw/Train/1.0_Original_Fundus_Images/Forus/43.png,Forus,NORMAL,LOW_RISK,0,train,train
remidio::img_3394.jpg,IMG_3394.JPG,datasets/glaucoma/chaksu/raw/Train/1.0_Original_Fundus_Images/Remidio/IMG_3394.JPG,Remidio,GLAUCOMA SUSPECT,HIGH_RISK,1,train,train
remidio::img_3591.jpg,IMG_3591.JPG,datasets/glaucoma/chaksu/raw/Train/1.0_Original_Fundus_Images/Remidio/IMG_3591.JPG,Remidio,NORMAL,LOW_RISK,0,train,train
remidio::img_2510.jpg,IMG_2510.JPG,datasets/glaucoma/chaksu/raw/Train/1.0_Original_Fundus_Images/Remidio/IMG_2510.JPG,Remidio,GLAUCOMA SUSPECT,HIGH_RISK,1,train,train
bosch::image112.jpg,Image112.JPG,datasets/glaucoma/chaksu/raw/Train/1.0_Original_Fundus_Images/Bosch/Image112.JPG,Bosch,NORMAL,LOW_RISK,0,train,train
remidio::img_2792.jpg,IMG_2792.JPG,datasets/glaucoma/chaksu/raw/Train/1.0_Original_Fundus_Images/Remidio/IMG_2792.JPG,Remidio,NORMAL,LOW_RISK,0,train,train
remidio::img_3190.jpg,IMG_3190.JPG,datasets/glaucoma/chaksu/raw/Train/1.0_Original_Fundus_Images/Remidio/IMG_3190.JPG,Remidio,GLAUCOMA SUSPECT,HIGH_RISK,1,train,train
remidio::img_3667.jpg,IMG_3667.JPG,datasets/glaucoma/chaksu/raw/Train/1.0_Original_Fundus_Images/Remidio/IMG_3667.JPG,Remidio,NORMAL,LOW_RISK,0,train,train
remidio::img_2696.jpg,IMG_2696.JPG,datasets/glaucoma/chaksu/raw/Train/1.0_Original_Fundus_Images/Remidio/IMG_2696.JPG,Remidio,NORMAL,LOW_RISK,0,train,train
forus::44.png,44.png,datasets/glaucoma/chaksu/raw/Train/1.0_Original_Fundus_Images/Forus/44.png,Forus,GLAUCOMA SUSPECT,HIGH_RISK,1,train,train
remidio::img_3173.jpg,IMG_3173.JPG,datasets/glaucoma/chaksu/raw/Train/1.0_Original_Fundus_Images/Remidio/IMG_3173.JPG,Remidio,NORMAL,LOW_RISK,0,train,train
remidio::img_3379.jpg,IMG_3379.JPG,datasets/glaucoma/chaksu/raw/Train/1.0_Original_Fundus_Images/Remidio/IMG_3379.JPG,Remidio,NORMAL,LOW_RISK,0,train,train
remidio::img_2793.jpg,IMG_2793.JPG,datasets/glaucoma/chaksu/raw/Train/1.0_Original_Fundus_Images/Remidio/IMG_2793.JPG,Remidio,NORMAL,LOW_RISK,0,train,train
remidio::img_2516.jpg,IMG_2516.JPG,datasets/glaucoma/chaksu/raw/Train/1.0_Original_Fundus_Images/Remidio/IMG_2516.JPG,Remidio,NORMAL,LOW_RISK,0,train,train
remidio::img_3351.jpg,IMG_3351.JPG,datasets/glaucoma/chaksu/raw/Train/1.0_Original_Fundus_Images/Remidio/IMG_3351.JPG,Remidio,NORMAL,LOW_RISK,0,train,train
remidio::img_3404.jpg,IMG_3404.JPG,datasets/glaucoma/chaksu/raw/Train/1.0_Original_Fundus_Images/Remidio/IMG_3404.JPG,Remidio,NORMAL,LOW_RISK,0,train,train
remidio::img_3542.jpg,IMG_3542.JPG,datasets/glaucoma/chaksu/raw/Train/1.0_Original_Fundus_Images/Remidio/IMG_3542.JPG,Remidio,NORMAL,LOW_RISK,0,train,train
bosch::image143.jpg,Image143.JPG,datasets/glaucoma/chaksu/raw/Train/1.0_Original_Fundus_Images/Bosch/Image143.JPG,Bosch,NORMAL,LOW_RISK,0,train,train
remidio::img_3488.jpg,IMG_3488.JPG,datasets/glaucoma/chaksu/raw/Train/1.0_Original_Fundus_Images/Remidio/IMG_3488.JPG,Remidio,GLAUCOMA SUSPECT,HIGH_RISK,1,train,train
remidio::img_2689.jpg,IMG_2689.JPG,datasets/glaucoma/chaksu/raw/Train/1.0_Original_Fundus_Images/Remidio/IMG_2689.JPG,Remidio,NORMAL,LOW_RISK,0,train,train
remidio::img_3359.jpg,IMG_3359.JPG,datasets/glaucoma/chaksu/raw/Train/1.0_Original_Fundus_Images/Remidio/IMG_3359.JPG,Remidio,GLAUCOMA SUSPECT,HIGH_RISK,1,train,train
remidio::img_3510.jpg,IMG_3510.JPG,datasets/glaucoma/chaksu/raw/Train/1.0_Original_Fundus_Images/Remidio/IMG_3510.JPG,Remidio,NORMAL,LOW_RISK,0,train,train
remidio::img_2726.jpg,IMG_2726.JPG,datasets/glaucoma/chaksu/raw/Train/1.0_Original_Fundus_Images/Remidio/IMG_2726.JPG,Remidio,NORMAL,LOW_RISK,0,train,train
remidio::img_2657.jpg,IMG_2657.JPG,datasets/glaucoma/chaksu/raw/Train/1.0_Original_Fundus_Images/Remidio/IMG_2657.JPG,Remidio,NORMAL,LOW_RISK,0,train,train
remidio::img_2722.jpg,IMG_2722.JPG,datasets/glaucoma/chaksu/raw/Train/1.0_Original_Fundus_Images/Remidio/IMG_2722.JPG,Remidio,NORMAL,LOW_RISK,0,train,train
remidio::img_2794.jpg,IMG_2794.JPG,datasets/glaucoma/chaksu/raw/Train/1.0_Original_Fundus_Images/Remidio/IMG_2794.JPG,Remidio,NORMAL,LOW_RISK,0,train,train
bosch::image171.jpg,Image171.JPG,datasets/glaucoma/chaksu/raw/Train/1.0_Original_Fundus_Images/Bosch/Image171.JPG,Bosch,NORMAL,LOW_RISK,0,train,train
forus::7.png,7.png,datasets/glaucoma/chaksu/raw/Train/1.0_Original_Fundus_Images/Forus/7.png,Forus,GLAUCOMA SUSPECT,HIGH_RISK,1,train,train
remidio::img_3571.jpg,IMG_3571.JPG,datasets/glaucoma/chaksu/raw/Train/1.0_Original_Fundus_Images/Remidio/IMG_3571.JPG,Remidio,NORMAL,LOW_RISK,0,train,train
remidio::img_3307.jpg,IMG_3307.JPG,datasets/glaucoma/chaksu/raw/Train/1.0_Original_Fundus_Images/Remidio/IMG_3307.JPG,Remidio,NORMAL,LOW_RISK,0,train,train
bosch::image130.jpg,Image130.JPG,datasets/glaucoma/chaksu/raw/Train/1.0_Original_Fundus_Images/Bosch/Image130.JPG,Bosch,NORMAL,LOW_RISK,0,train,train
forus::36.png,36.png,datasets/glaucoma/chaksu/raw/Train/1.0_Original_Fundus_Images/Forus/36.png,Forus,NORMAL,LOW_RISK,0,train,train
remidio::img_2723.jpg,IMG_2723.JPG,datasets/glaucoma/chaksu/raw/Train/1.0_Original_Fundus_Images/Remidio/IMG_2723.JPG,Remidio,NORMAL,LOW_RISK,0,train,train
remidio::img_2717.jpg,IMG_2717.JPG,datasets/glaucoma/chaksu/raw/Train/1.0_Original_Fundus_Images/Remidio/IMG_2717.JPG,Remidio,NORMAL,LOW_RISK,0,train,train
remidio::img_2737.jpg,IMG_2737.JPG,datasets/glaucoma/chaksu/raw/Train/1.0_Original_Fundus_Images/Remidio/IMG_2737.JPG,Remidio,NORMAL,LOW_RISK,0,train,train
bosch::image157.jpg,Image157.JPG,datasets/glaucoma/chaksu/raw/Train/1.0_Original_Fundus_Images/Bosch/Image157.JPG,Bosch,NORMAL,LOW_RISK,0,train,train
remidio::img_2553.jpg,IMG_2553.JPG,datasets/glaucoma/chaksu/raw/Train/1.0_Original_Fundus_Images/Remidio/IMG_2553.JPG,Remidio,NORMAL,LOW_RISK,0,train,train
remidio::img_3590.jpg,IMG_3590.JPG,datasets/glaucoma/chaksu/raw/Train/1.0_Original_Fundus_Images/Remidio/IMG_3590.JPG,Remidio,NORMAL,LOW_RISK,0,train,train
remidio::img_2763.jpg,IMG_2763.JPG,datasets/glaucoma/chaksu/raw/Train/1.0_Original_Fundus_Images/Remidio/IMG_2763.JPG,Remidio,NORMAL,LOW_RISK,0,train,train
remidio::img_3339.jpg,IMG_3339.JPG,datasets/glaucoma/chaksu/raw/Train/1.0_Original_Fundus_Images/Remidio/IMG_3339.JPG,Remidio,GLAUCOMA SUSPECT,HIGH_RISK,1,train,train
remidio::img_3586.jpg,IMG_3586.JPG,datasets/glaucoma/chaksu/raw/Train/1.0_Original_Fundus_Images/Remidio/IMG_3586.JPG,Remidio,NORMAL,LOW_RISK,0,train,train
remidio::img_3540.jpg,IMG_3540.JPG,datasets/glaucoma/chaksu/raw/Train/1.0_Original_Fundus_Images/Remidio/IMG_3540.JPG,Remidio,NORMAL,LOW_RISK,0,train,train
forus::76.png,76.png,datasets/glaucoma/chaksu/raw/Train/1.0_Original_Fundus_Images/Forus/76.png,Forus,NORMAL,LOW_RISK,0,train,train
forus::46.png,46.png,datasets/glaucoma/chaksu/raw/Train/1.0_Original_Fundus_Images/Forus/46.png,Forus,NORMAL,LOW_RISK,0,train,train
remidio::img_3323.jpg,IMG_3323.JPG,datasets/glaucoma/chaksu/raw/Train/1.0_Original_Fundus_Images/Remidio/IMG_3323.JPG,Remidio,NORMAL,LOW_RISK,0,train,train
remidio::img_2481.jpg,IMG_2481.JPG,datasets/glaucoma/chaksu/raw/Train/1.0_Original_Fundus_Images/Remidio/IMG_2481.JPG,Remidio,NORMAL,LOW_RISK,0,train,train
bosch::p4_image1.jpg,P4_Image1.JPG,datasets/glaucoma/chaksu/raw/Train/1.0_Original_Fundus_Images/Bosch/P4_Image1.JPG,Bosch,NORMAL,LOW_RISK,0,train,train
remidio::img_3453.jpg,IMG_3453.JPG,datasets/glaucoma/chaksu/raw/Train/1.0_Original_Fundus_Images/Remidio/IMG_3453.JPG,Remidio,NORMAL,LOW_RISK,0,train,train
remidio::img_2709.jpg,IMG_2709.JPG,datasets/glaucoma/chaksu/raw/Train/1.0_Original_Fundus_Images/Remidio/IMG_2709.JPG,Remidio,NORMAL,LOW_RISK,0,train,train
remidio::img_3156.jpg,IMG_3156.JPG,datasets/glaucoma/chaksu/raw/Train/1.0_Original_Fundus_Images/Remidio/IMG_3156.JPG,Remidio,NORMAL,LOW_RISK,0,train,train
remidio::img_3436.jpg,IMG_3436.JPG,datasets/glaucoma/chaksu/raw/Train/1.0_Original_Fundus_Images/Remidio/IMG_3436.JPG,Remidio,NORMAL,LOW_RISK,0,train,train
remidio::img_2730.jpg,IMG_2730.JPG,datasets/glaucoma/chaksu/raw/Train/1.0_Original_Fundus_Images/Remidio/IMG_2730.JPG,Remidio,GLAUCOMA SUSPECT,HIGH_RISK,1,train,train
remidio::64744.jpg,64744.jpg,datasets/glaucoma/chaksu/raw/Train/1.0_Original_Fundus_Images/Remidio/64744.jpg,Remidio,NORMAL,LOW_RISK,0,train,train
remidio::img_3491.jpg,IMG_3491.JPG,datasets/glaucoma/chaksu/raw/Train/1.0_Original_Fundus_Images/Remidio/IMG_3491.JPG,Remidio,NORMAL,LOW_RISK,0,train,train
forus::58.png,58.png,datasets/glaucoma/chaksu/raw/Train/1.0_Original_Fundus_Images/Forus/58.png,Forus,NORMAL,LOW_RISK,0,train,train
remidio::img_3512.jpg,IMG_3512.JPG,datasets/glaucoma/chaksu/raw/Train/1.0_Original_Fundus_Images/Remidio/IMG_3512.JPG,Remidio,NORMAL,LOW_RISK,0,train,train
remidio::img_3619.jpg,IMG_3619.JPG,datasets/glaucoma/chaksu/raw/Train/1.0_Original_Fundus_Images/Remidio/IMG_3619.JPG,Remidio,NORMAL,LOW_RISK,0,train,train
remidio::img_3313.jpg,IMG_3313.JPG,datasets/glaucoma/chaksu/raw/Train/1.0_Original_Fundus_Images/Remidio/IMG_3313.JPG,Remidio,NORMAL,LOW_RISK,0,train,train
remidio::img_2580.jpg,IMG_2580.JPG,datasets/glaucoma/chaksu/raw/Train/1.0_Original_Fundus_Images/Remidio/IMG_2580.JPG,Remidio,NORMAL,LOW_RISK,0,train,train
bosch::image158.jpg,Image158.JPG,datasets/glaucoma/chaksu/raw/Train/1.0_Original_Fundus_Images/Bosch/Image158.JPG,Bosch,NORMAL,LOW_RISK,0,train,train
forus::35.png,35.png,datasets/glaucoma/chaksu/raw/Train/1.0_Original_Fundus_Images/Forus/35.png,Forus,NORMAL,LOW_RISK,0,train,train
bosch::image189.jpg,Image189.JPG,datasets/glaucoma/chaksu/raw/Train/1.0_Original_Fundus_Images/Bosch/Image189.JPG,Bosch,GLAUCOMA SUSPECT,HIGH_RISK,1,train,train
remidio::img_2637.jpg,IMG_2637.JPG,datasets/glaucoma/chaksu/raw/Train/1.0_Original_Fundus_Images/Remidio/IMG_2637.JPG,Remidio,NORMAL,LOW_RISK,0,train,train
remidio::img_3219.jpg,IMG_3219.JPG,datasets/glaucoma/chaksu/raw/Train/1.0_Original_Fundus_Images/Remidio/IMG_3219.JPG,Remidio,NORMAL,LOW_RISK,0,train,train
remidio::img_2608.jpg,IMG_2608.JPG,datasets/glaucoma/chaksu/raw/Train/1.0_Original_Fundus_Images/Remidio/IMG_2608.JPG,Remidio,NORMAL,LOW_RISK,0,train,train
remidio::img_3297.jpg,IMG_3297.JPG,datasets/glaucoma/chaksu/raw/Train/1.0_Original_Fundus_Images/Remidio/IMG_3297.JPG,Remidio,NORMAL,LOW_RISK,0,train,train
remidio::img_3504.jpg,IMG_3504.JPG,datasets/glaucoma/chaksu/raw/Train/1.0_Original_Fundus_Images/Remidio/IMG_3504.JPG,Remidio,NORMAL,LOW_RISK,0,train,train
bosch::image149.jpg,Image149.JPG,datasets/glaucoma/chaksu/raw/Train/1.0_Original_Fundus_Images/Bosch/Image149.JPG,Bosch,GLAUCOMA SUSPECT,HIGH_RISK,1,train,train
remidio::img_3235.jpg,IMG_3235.JPG,datasets/glaucoma/chaksu/raw/Train/1.0_Original_Fundus_Images/Remidio/IMG_3235.JPG,Remidio,NORMAL,LOW_RISK,0,train,train
remidio::img_2759.jpg,IMG_2759.JPG,datasets/glaucoma/chaksu/raw/Train/1.0_Original_Fundus_Images/Remidio/IMG_2759.JPG,Remidio,NORMAL,LOW_RISK,0,train,train
remidio::img_3429.jpg,IMG_3429.JPG,datasets/glaucoma/chaksu/raw/Train/1.0_Original_Fundus_Images/Remidio/IMG_3429.JPG,Remidio,GLAUCOMA SUSPECT,HIGH_RISK,1,train,train
remidio::img_3548.jpg,IMG_3548.JPG,datasets/glaucoma/chaksu/raw/Train/1.0_Original_Fundus_Images/Remidio/IMG_3548.JPG,Remidio,NORMAL,LOW_RISK,0,train,train
remidio::img_3268.jpg,IMG_3268.JPG,datasets/glaucoma/chaksu/raw/Train/1.0_Original_Fundus_Images/Remidio/IMG_3268.JPG,Remidio,NORMAL,LOW_RISK,0,train,train
remidio::img_3556.jpg,IMG_3556.JPG,datasets/glaucoma/chaksu/raw/Train/1.0_Original_Fundus_Images/Remidio/IMG_3556.JPG,Remidio,NORMAL,LOW_RISK,0,train,train
forus::3.png,3.png,datasets/glaucoma/chaksu/raw/Train/1.0_Original_Fundus_Images/Forus/3.png,Forus,NORMAL,LOW_RISK,0,train,train
remidio::img_3157.jpg,IMG_3157.JPG,datasets/glaucoma/chaksu/raw/Train/1.0_Original_Fundus_Images/Remidio/IMG_3157.JPG,Remidio,NORMAL,LOW_RISK,0,train,train
remidio::img_3669.jpg,IMG_3669.JPG,datasets/glaucoma/chaksu/raw/Train/1.0_Original_Fundus_Images/Remidio/IMG_3669.JPG,Remidio,NORMAL,LOW_RISK,0,train,train
remidio::img_3531.jpg,IMG_3531.JPG,datasets/glaucoma/chaksu/raw/Train/1.0_Original_Fundus_Images/Remidio/IMG_3531.JPG,Remidio,NORMAL,LOW_RISK,0,train,train
remidio::img_3679.jpg,IMG_3679.JPG,datasets/glaucoma/chaksu/raw/Train/1.0_Original_Fundus_Images/Remidio/IMG_3679.JPG,Remidio,NORMAL,LOW_RISK,0,train,train
remidio::img_2524.jpg,IMG_2524.JPG,datasets/glaucoma/chaksu/raw/Train/1.0_Original_Fundus_Images/Remidio/IMG_2524.JPG,Remidio,NORMAL,LOW_RISK,0,train,train
remidio::img_3452.jpg,IMG_3452.JPG,datasets/glaucoma/chaksu/raw/Train/1.0_Original_Fundus_Images/Remidio/IMG_3452.JPG,Remidio,NORMAL,LOW_RISK,0,train,train
bosch::image105.jpg,Image105.JPG,datasets/glaucoma/chaksu/raw/Train/1.0_Original_Fundus_Images/Bosch/Image105.JPG,Bosch,NORMAL,LOW_RISK,0,train,train
remidio::img_3385.jpg,IMG_3385.JPG,datasets/glaucoma/chaksu/raw/Train/1.0_Original_Fundus_Images/Remidio/IMG_3385.JPG,Remidio,NORMAL,LOW_RISK,0,train,train
remidio::img_2639.jpg,IMG_2639.JPG,datasets/glaucoma/chaksu/raw/Train/1.0_Original_Fundus_Images/Remidio/IMG_2639.JPG,Remidio,NORMAL,LOW_RISK,0,train,train
bosch::image108.jpg,Image108.JPG,datasets/glaucoma/chaksu/raw/Train/1.0_Original_Fundus_Images/Bosch/Image108.JPG,Bosch,NORMAL,LOW_RISK,0,train,train
remidio::img_2494.jpg,IMG_2494.JPG,datasets/glaucoma/chaksu/raw/Train/1.0_Original_Fundus_Images/Remidio/IMG_2494.JPG,Remidio,NORMAL,LOW_RISK,0,train,train
remidio::img_2433.jpg,IMG_2433.JPG,datasets/glaucoma/chaksu/raw/Train/1.0_Original_Fundus_Images/Remidio/IMG_2433.JPG,Remidio,NORMAL,LOW_RISK,0,train,train
remidio::img_3165.jpg,IMG_3165.JPG,datasets/glaucoma/chaksu/raw/Train/1.0_Original_Fundus_Images/Remidio/IMG_3165.JPG,Remidio,NORMAL,LOW_RISK,0,train,train
remidio::img_3218.jpg,IMG_3218.JPG,datasets/glaucoma/chaksu/raw/Train/1.0_Original_Fundus_Images/Remidio/IMG_3218.JPG,Remidio,NORMAL,LOW_RISK,0,train,train
bosch::image190.jpg,Image190.JPG,datasets/glaucoma/chaksu/raw/Train/1.0_Original_Fundus_Images/Bosch/Image190.JPG,Bosch,NORMAL,LOW_RISK,0,train,train
remidio::img_3462.jpg,IMG_3462.JPG,datasets/glaucoma/chaksu/raw/Train/1.0_Original_Fundus_Images/Remidio/IMG_3462.JPG,Remidio,NORMAL,LOW_RISK,0,train,train
remidio::img_2492.jpg,IMG_2492.JPG,datasets/glaucoma/chaksu/raw/Train/1.0_Original_Fundus_Images/Remidio/IMG_2492.JPG,Remidio,NORMAL,LOW_RISK,0,train,train
remidio::img_2477.jpg,IMG_2477.JPG,datasets/glaucoma/chaksu/raw/Train/1.0_Original_Fundus_Images/Remidio/IMG_2477.JPG,Remidio,NORMAL,LOW_RISK,0,train,train
remidio::img_3705.jpg,IMG_3705.JPG,datasets/glaucoma/chaksu/raw/Train/1.0_Original_Fundus_Images/Remidio/IMG_3705.JPG,Remidio,NORMAL,LOW_RISK,0,train,train
remidio::img_3366.jpg,IMG_3366.JPG,datasets/glaucoma/chaksu/raw/Train/1.0_Original_Fundus_Images/Remidio/IMG_3366.JPG,Remidio,NORMAL,LOW_RISK,0,train,train
remidio::img_3459.jpg,IMG_3459.JPG,datasets/glaucoma/chaksu/raw/Train/1.0_Original_Fundus_Images/Remidio/IMG_3459.JPG,Remidio,NORMAL,LOW_RISK,0,train,train
remidio::img_3502.jpg,IMG_3502.JPG,datasets/glaucoma/chaksu/raw/Train/1.0_Original_Fundus_Images/Remidio/IMG_3502.JPG,Remidio,NORMAL,LOW_RISK,0,train,train
remidio::img_2788.jpg,IMG_2788.JPG,datasets/glaucoma/chaksu/raw/Train/1.0_Original_Fundus_Images/Remidio/IMG_2788.JPG,Remidio,NORMAL,LOW_RISK,0,train,train
remidio::img_2526.jpg,IMG_2526.JPG,datasets/glaucoma/chaksu/raw/Train/1.0_Original_Fundus_Images/Remidio/IMG_2526.JPG,Remidio,NORMAL,LOW_RISK,0,train,train
forus::74.png,74.png,datasets/glaucoma/chaksu/raw/Train/1.0_Original_Fundus_Images/Forus/74.png,Forus,NORMAL,LOW_RISK,0,train,train
remidio::img_2623.jpg,IMG_2623.JPG,datasets/glaucoma/chaksu/raw/Train/1.0_Original_Fundus_Images/Remidio/IMG_2623.JPG,Remidio,NORMAL,LOW_RISK,0,train,train
remidio::img_2658.jpg,IMG_2658.JPG,datasets/glaucoma/chaksu/raw/Train/1.0_Original_Fundus_Images/Remidio/IMG_2658.JPG,Remidio,NORMAL,LOW_RISK,0,train,train
remidio::img_3688.jpg,IMG_3688.JPG,datasets/glaucoma/chaksu/raw/Train/1.0_Original_Fundus_Images/Remidio/IMG_3688.JPG,Remidio,NORMAL,LOW_RISK,0,train,train
remidio::img_3358.jpg,IMG_3358.JPG,datasets/glaucoma/chaksu/raw/Train/1.0_Original_Fundus_Images/Remidio/IMG_3358.JPG,Remidio,GLAUCOMA SUSPECT,HIGH_RISK,1,train,train
remidio::img_3420.jpg,IMG_3420.JPG,datasets/glaucoma/chaksu/raw/Train/1.0_Original_Fundus_Images/Remidio/IMG_3420.JPG,Remidio,NORMAL,LOW_RISK,0,train,train
remidio::img_2749.jpg,IMG_2749.JPG,datasets/glaucoma/chaksu/raw/Train/1.0_Original_Fundus_Images/Remidio/IMG_2749.JPG,Remidio,NORMAL,LOW_RISK,0,train,train
remidio::img_3485.jpg,IMG_3485.JPG,datasets/glaucoma/chaksu/raw/Train/1.0_Original_Fundus_Images/Remidio/IMG_3485.JPG,Remidio,NORMAL,LOW_RISK,0,train,train
remidio::img_3276.jpg,IMG_3276.JPG,datasets/glaucoma/chaksu/raw/Train/1.0_Original_Fundus_Images/Remidio/IMG_3276.JPG,Remidio,NORMAL,LOW_RISK,0,train,train
remidio::img_3437.jpg,IMG_3437.JPG,datasets/glaucoma/chaksu/raw/Train/1.0_Original_Fundus_Images/Remidio/IMG_3437.JPG,Remidio,NORMAL,LOW_RISK,0,train,train
remidio::img_3478.jpg,IMG_3478.JPG,datasets/glaucoma/chaksu/raw/Train/1.0_Original_Fundus_Images/Remidio/IMG_3478.JPG,Remidio,NORMAL,LOW_RISK,0,train,train
forus::40.png,40.png,datasets/glaucoma/chaksu/raw/Train/1.0_Original_Fundus_Images/Forus/40.png,Forus,NORMAL,LOW_RISK,0,train,train
bosch::image155.jpg,Image155.JPG,datasets/glaucoma/chaksu/raw/Train/1.0_Original_Fundus_Images/Bosch/Image155.JPG,Bosch,GLAUCOMA SUSPECT,HIGH_RISK,1,train,train
remidio::img_2601.jpg,IMG_2601.JPG,datasets/glaucoma/chaksu/raw/Train/1.0_Original_Fundus_Images/Remidio/IMG_2601.JPG,Remidio,NORMAL,LOW_RISK,0,train,train
bosch::image125.jpg,Image125.JPG,datasets/glaucoma/chaksu/raw/Train/1.0_Original_Fundus_Images/Bosch/Image125.JPG,Bosch,NORMAL,LOW_RISK,0,train,train
remidio::img_3582.jpg,IMG_3582.JPG,datasets/glaucoma/chaksu/raw/Train/1.0_Original_Fundus_Images/Remidio/IMG_3582.JPG,Remidio,NORMAL,LOW_RISK,0,train,train
remidio::img_3637.jpg,IMG_3637.JPG,datasets/glaucoma/chaksu/raw/Train/1.0_Original_Fundus_Images/Remidio/IMG_3637.JPG,Remidio,NORMAL,LOW_RISK,0,train,train
remidio::img_3604.jpg,IMG_3604.JPG,datasets/glaucoma/chaksu/raw/Train/1.0_Original_Fundus_Images/Remidio/IMG_3604.JPG,Remidio,NORMAL,LOW_RISK,0,train,train
remidio::img_2505.jpg,IMG_2505.JPG,datasets/glaucoma/chaksu/raw/Train/1.0_Original_Fundus_Images/Remidio/IMG_2505.JPG,Remidio,NORMAL,LOW_RISK,0,train,train
remidio::img_3271.jpg,IMG_3271.JPG,datasets/glaucoma/chaksu/raw/Train/1.0_Original_Fundus_Images/Remidio/IMG_3271.JPG,Remidio,NORMAL,LOW_RISK,0,train,train
remidio::img_3468.jpg,IMG_3468.JPG,datasets/glaucoma/chaksu/raw/Train/1.0_Original_Fundus_Images/Remidio/IMG_3468.JPG,Remidio,NORMAL,LOW_RISK,0,train,train
remidio::img_3428.jpg,IMG_3428.JPG,datasets/glaucoma/chaksu/raw/Train/1.0_Original_Fundus_Images/Remidio/IMG_3428.JPG,Remidio,NORMAL,LOW_RISK,0,train,train
remidio::img_2758.jpg,IMG_2758.JPG,datasets/glaucoma/chaksu/raw/Train/1.0_Original_Fundus_Images/Remidio/IMG_2758.JPG,Remidio,NORMAL,LOW_RISK,0,train,train
remidio::img_3319.jpg,IMG_3319.JPG,datasets/glaucoma/chaksu/raw/Train/1.0_Original_Fundus_Images/Remidio/IMG_3319.JPG,Remidio,GLAUCOMA SUSPECT,HIGH_RISK,1,train,train
remidio::img_3390.jpg,IMG_3390.JPG,datasets/glaucoma/chaksu/raw/Train/1.0_Original_Fundus_Images/Remidio/IMG_3390.JPG,Remidio,GLAUCOMA SUSPECT,HIGH_RISK,1,train,train
remidio::img_2618.jpg,IMG_2618.JPG,datasets/glaucoma/chaksu/raw/Train/1.0_Original_Fundus_Images/Remidio/IMG_2618.JPG,Remidio,NORMAL,LOW_RISK,0,train,train
remidio::img_3595.jpg,IMG_3595.JPG,datasets/glaucoma/chaksu/raw/Train/1.0_Original_Fundus_Images/Remidio/IMG_3595.JPG,Remidio,NORMAL,LOW_RISK,0,train,train
remidio::img_3482.jpg,IMG_3482.JPG,datasets/glaucoma/chaksu/raw/Train/1.0_Original_Fundus_Images/Remidio/IMG_3482.JPG,Remidio,NORMAL,LOW_RISK,0,train,train
remidio::img_2525.jpg,IMG_2525.JPG,datasets/glaucoma/chaksu/raw/Train/1.0_Original_Fundus_Images/Remidio/IMG_2525.JPG,Remidio,NORMAL,LOW_RISK,0,train,train
remidio::img_2568.jpg,IMG_2568.JPG,datasets/glaucoma/chaksu/raw/Train/1.0_Original_Fundus_Images/Remidio/IMG_2568.JPG,Remidio,NORMAL,LOW_RISK,0,train,train
remidio::img_2550.jpg,IMG_2550.JPG,datasets/glaucoma/chaksu/raw/Train/1.0_Original_Fundus_Images/Remidio/IMG_2550.JPG,Remidio,NORMAL,LOW_RISK,0,train,train
remidio::img_3375.jpg,IMG_3375.JPG,datasets/glaucoma/chaksu/raw/Train/1.0_Original_Fundus_Images/Remidio/IMG_3375.JPG,Remidio,NORMAL,LOW_RISK,0,train,train
remidio::img_2646.jpg,IMG_2646.JPG,datasets/glaucoma/chaksu/raw/Train/1.0_Original_Fundus_Images/Remidio/IMG_2646.JPG,Remidio,NORMAL,LOW_RISK,0,train,train
remidio::img_2504.jpg,IMG_2504.JPG,datasets/glaucoma/chaksu/raw/Train/1.0_Original_Fundus_Images/Remidio/IMG_2504.JPG,Remidio,NORMAL,LOW_RISK,0,train,train
remidio::img_3180.jpg,IMG_3180.JPG,datasets/glaucoma/chaksu/raw/Train/1.0_Original_Fundus_Images/Remidio/IMG_3180.JPG,Remidio,NORMAL,LOW_RISK,0,train,train
remidio::img_2751.jpg,IMG_2751.JPG,datasets/glaucoma/chaksu/raw/Train/1.0_Original_Fundus_Images/Remidio/IMG_2751.JPG,Remidio,NORMAL,LOW_RISK,0,train,train
remidio::img_3216.jpg,IMG_3216.JPG,datasets/glaucoma/chaksu/raw/Train/1.0_Original_Fundus_Images/Remidio/IMG_3216.JPG,Remidio,NORMAL,LOW_RISK,0,train,train
remidio::img_2599.jpg,IMG_2599.JPG,datasets/glaucoma/chaksu/raw/Train/1.0_Original_Fundus_Images/Remidio/IMG_2599.JPG,Remidio,NORMAL,LOW_RISK,0,train,train
remidio::img_3416.jpg,IMG_3416.JPG,datasets/glaucoma/chaksu/raw/Train/1.0_Original_Fundus_Images/Remidio/IMG_3416.JPG,Remidio,NORMAL,LOW_RISK,0,train,train
remidio::img_3283.jpg,IMG_3283.JPG,datasets/glaucoma/chaksu/raw/Train/1.0_Original_Fundus_Images/Remidio/IMG_3283.JPG,Remidio,GLAUCOMA SUSPECT,HIGH_RISK,1,train,train
remidio::img_2512.jpg,IMG_2512.JPG,datasets/glaucoma/chaksu/raw/Train/1.0_Original_Fundus_Images/Remidio/IMG_2512.JPG,Remidio,NORMAL,LOW_RISK,0,train,train
remidio::img_3386.jpg,IMG_3386.JPG,datasets/glaucoma/chaksu/raw/Train/1.0_Original_Fundus_Images/Remidio/IMG_3386.JPG,Remidio,NORMAL,LOW_RISK,0,train,train
remidio::img_3562.jpg,IMG_3562.JPG,datasets/glaucoma/chaksu/raw/Train/1.0_Original_Fundus_Images/Remidio/IMG_3562.JPG,Remidio,NORMAL,LOW_RISK,0,train,train
remidio::img_3496.jpg,IMG_3496.JPG,datasets/glaucoma/chaksu/raw/Train/1.0_Original_Fundus_Images/Remidio/IMG_3496.JPG,Remidio,NORMAL,LOW_RISK,0,train,train
remidio::img_2764.jpg,IMG_2764.JPG,datasets/glaucoma/chaksu/raw/Train/1.0_Original_Fundus_Images/Remidio/IMG_2764.JPG,Remidio,NORMAL,LOW_RISK,0,train,train
remidio::img_2642.jpg,IMG_2642.JPG,datasets/glaucoma/chaksu/raw/Train/1.0_Original_Fundus_Images/Remidio/IMG_2642.JPG,Remidio,NORMAL,LOW_RISK,0,train,train
remidio::img_2718.jpg,IMG_2718.JPG,datasets/glaucoma/chaksu/raw/Train/1.0_Original_Fundus_Images/Remidio/IMG_2718.JPG,Remidio,NORMAL,LOW_RISK,0,train,train
remidio::img_3706.jpg,IMG_3706.JPG,datasets/glaucoma/chaksu/raw/Train/1.0_Original_Fundus_Images/Remidio/IMG_3706.JPG,Remidio,NORMAL,LOW_RISK,0,train,train
remidio::img_2728.jpg,IMG_2728.JPG,datasets/glaucoma/chaksu/raw/Train/1.0_Original_Fundus_Images/Remidio/IMG_2728.JPG,Remidio,NORMAL,LOW_RISK,0,train,train
remidio::img_3161.jpg,IMG_3161.JPG,datasets/glaucoma/chaksu/raw/Train/1.0_Original_Fundus_Images/Remidio/IMG_3161.JPG,Remidio,NORMAL,LOW_RISK,0,train,train
remidio::img_2784.jpg,IMG_2784.JPG,datasets/glaucoma/chaksu/raw/Train/1.0_Original_Fundus_Images/Remidio/IMG_2784.JPG,Remidio,NORMAL,LOW_RISK,0,train,train
remidio::img_2497.jpg,IMG_2497.JPG,datasets/glaucoma/chaksu/raw/Train/1.0_Original_Fundus_Images/Remidio/IMG_2497.JPG,Remidio,NORMAL,LOW_RISK,0,train,train
remidio::img_2536.jpg,IMG_2536.JPG,datasets/glaucoma/chaksu/raw/Train/1.0_Original_Fundus_Images/Remidio/IMG_2536.JPG,Remidio,NORMAL,LOW_RISK,0,train,train
remidio::img_3221.jpg,IMG_3221.JPG,datasets/glaucoma/chaksu/raw/Train/1.0_Original_Fundus_Images/Remidio/IMG_3221.JPG,Remidio,NORMAL,LOW_RISK,0,train,train
remidio::img_3527.jpg,IMG_3527.JPG,datasets/glaucoma/chaksu/raw/Train/1.0_Original_Fundus_Images/Remidio/IMG_3527.JPG,Remidio,NORMAL,LOW_RISK,0,train,train
remidio::img_3546.jpg,IMG_3546.JPG,datasets/glaucoma/chaksu/raw/Train/1.0_Original_Fundus_Images/Remidio/IMG_3546.JPG,Remidio,GLAUCOMA SUSPECT,HIGH_RISK,1,train,train
remidio::img_3557.jpg,IMG_3557.JPG,datasets/glaucoma/chaksu/raw/Train/1.0_Original_Fundus_Images/Remidio/IMG_3557.JPG,Remidio,NORMAL,LOW_RISK,0,train,train
remidio::img_3294.jpg,IMG_3294.JPG,datasets/glaucoma/chaksu/raw/Train/1.0_Original_Fundus_Images/Remidio/IMG_3294.JPG,Remidio,GLAUCOMA SUSPECT,HIGH_RISK,1,train,train
remidio::img_2511.jpg,IMG_2511.JPG,datasets/glaucoma/chaksu/raw/Train/1.0_Original_Fundus_Images/Remidio/IMG_2511.JPG,Remidio,NORMAL,LOW_RISK,0,train,train
remidio::img_3626.jpg,IMG_3626.JPG,datasets/glaucoma/chaksu/raw/Train/1.0_Original_Fundus_Images/Remidio/IMG_3626.JPG,Remidio,NORMAL,LOW_RISK,0,train,train
remidio::img_3561.jpg,IMG_3561.JPG,datasets/glaucoma/chaksu/raw/Train/1.0_Original_Fundus_Images/Remidio/IMG_3561.JPG,Remidio,NORMAL,LOW_RISK,0,train,train
remidio::img_3692.jpg,IMG_3692.JPG,datasets/glaucoma/chaksu/raw/Train/1.0_Original_Fundus_Images/Remidio/IMG_3692.JPG,Remidio,NORMAL,LOW_RISK,0,train,train
remidio::img_2556.jpg,IMG_2556.JPG,datasets/glaucoma/chaksu/raw/Train/1.0_Original_Fundus_Images/Remidio/IMG_2556.JPG,Remidio,GLAUCOMA SUSPECT,HIGH_RISK,1,train,train
remidio::img_3674.jpg,IMG_3674.JPG,datasets/glaucoma/chaksu/raw/Train/1.0_Original_Fundus_Images/Remidio/IMG_3674.JPG,Remidio,NORMAL,LOW_RISK,0,train,train
forus::65.png,65.png,datasets/glaucoma/chaksu/raw/Train/1.0_Original_Fundus_Images/Forus/65.png,Forus,NORMAL,LOW_RISK,0,train,train
remidio::img_3632.jpg,IMG_3632.JPG,datasets/glaucoma/chaksu/raw/Train/1.0_Original_Fundus_Images/Remidio/IMG_3632.JPG,Remidio,NORMAL,LOW_RISK,0,train,train
bosch::image115.jpg,Image115.JPG,datasets/glaucoma/chaksu/raw/Train/1.0_Original_Fundus_Images/Bosch/Image115.JPG,Bosch,GLAUCOMA SUSPECT,HIGH_RISK,1,train,train
remidio::img_3401.jpg,IMG_3401.JPG,datasets/glaucoma/chaksu/raw/Train/1.0_Original_Fundus_Images/Remidio/IMG_3401.JPG,Remidio,NORMAL,LOW_RISK,0,train,train
forus::67.png,67.png,datasets/glaucoma/chaksu/raw/Train/1.0_Original_Fundus_Images/Forus/67.png,Forus,NORMAL,LOW_RISK,0,train,train
remidio::img_2452.jpg,IMG_2452.JPG,datasets/glaucoma/chaksu/raw/Train/1.0_Original_Fundus_Images/Remidio/IMG_2452.JPG,Remidio,NORMAL,LOW_RISK,0,train,train
remidio::img_2648.jpg,IMG_2648.JPG,datasets/glaucoma/chaksu/raw/Train/1.0_Original_Fundus_Images/Remidio/IMG_2648.JPG,Remidio,NORMAL,LOW_RISK,0,train,train
remidio::img_3524.jpg,IMG_3524.JPG,datasets/glaucoma/chaksu/raw/Train/1.0_Original_Fundus_Images/Remidio/IMG_3524.JPG,Remidio,NORMAL,LOW_RISK,0,train,train
remidio::img_3694.jpg,IMG_3694.JPG,datasets/glaucoma/chaksu/raw/Train/1.0_Original_Fundus_Images/Remidio/IMG_3694.JPG,Remidio,NORMAL,LOW_RISK,0,train,train
remidio::img_3445.jpg,IMG_3445.JPG,datasets/glaucoma/chaksu/raw/Train/1.0_Original_Fundus_Images/Remidio/IMG_3445.JPG,Remidio,GLAUCOMA SUSPECT,HIGH_RISK,1,train,train
remidio::img_2519.jpg,IMG_2519.JPG,datasets/glaucoma/chaksu/raw/Train/1.0_Original_Fundus_Images/Remidio/IMG_2519.JPG,Remidio,NORMAL,LOW_RISK,0,train,train
remidio::img_3252.jpg,IMG_3252.JPG,datasets/glaucoma/chaksu/raw/Train/1.0_Original_Fundus_Images/Remidio/IMG_3252.JPG,Remidio,NORMAL,LOW_RISK,0,train,train
remidio::img_3622.jpg,IMG_3622.JPG,datasets/glaucoma/chaksu/raw/Train/1.0_Original_Fundus_Images/Remidio/IMG_3622.JPG,Remidio,NORMAL,LOW_RISK,0,train,train
remidio::img_2476.jpg,IMG_2476.JPG,datasets/glaucoma/chaksu/raw/Train/1.0_Original_Fundus_Images/Remidio/IMG_2476.JPG,Remidio,NORMAL,LOW_RISK,0,train,train
remidio::img_3500.jpg,IMG_3500.JPG,datasets/glaucoma/chaksu/raw/Train/1.0_Original_Fundus_Images/Remidio/IMG_3500.JPG,Remidio,GLAUCOMA SUSPECT,HIGH_RISK,1,train,train
remidio::img_3184.jpg,IMG_3184.JPG,datasets/glaucoma/chaksu/raw/Train/1.0_Original_Fundus_Images/Remidio/IMG_3184.JPG,Remidio,NORMAL,LOW_RISK,0,train,train
remidio::img_2564.jpg,IMG_2564.JPG,datasets/glaucoma/chaksu/raw/Train/1.0_Original_Fundus_Images/Remidio/IMG_2564.JPG,Remidio,NORMAL,LOW_RISK,0,train,train
remidio::img_3564.jpg,IMG_3564.JPG,datasets/glaucoma/chaksu/raw/Train/1.0_Original_Fundus_Images/Remidio/IMG_3564.JPG,Remidio,NORMAL,LOW_RISK,0,train,train
remidio::img_3310.jpg,IMG_3310.JPG,datasets/glaucoma/chaksu/raw/Train/1.0_Original_Fundus_Images/Remidio/IMG_3310.JPG,Remidio,NORMAL,LOW_RISK,0,train,train
remidio::img_2785.jpg,IMG_2785.JPG,datasets/glaucoma/chaksu/raw/Train/1.0_Original_Fundus_Images/Remidio/IMG_2785.JPG,Remidio,NORMAL,LOW_RISK,0,train,train
remidio::img_3208.jpg,IMG_3208.JPG,datasets/glaucoma/chaksu/raw/Train/1.0_Original_Fundus_Images/Remidio/IMG_3208.JPG,Remidio,NORMAL,LOW_RISK,0,train,train
remidio::img_3569.jpg,IMG_3569.JPG,datasets/glaucoma/chaksu/raw/Train/1.0_Original_Fundus_Images/Remidio/IMG_3569.JPG,Remidio,NORMAL,LOW_RISK,0,train,train
remidio::img_3371.jpg,IMG_3371.JPG,datasets/glaucoma/chaksu/raw/Train/1.0_Original_Fundus_Images/Remidio/IMG_3371.JPG,Remidio,NORMAL,LOW_RISK,0,train,train
forus::84.png,84.png,datasets/glaucoma/chaksu/raw/Train/1.0_Original_Fundus_Images/Forus/84.png,Forus,GLAUCOMA SUSPECT,HIGH_RISK,1,train,train
remidio::img_3450.jpg,IMG_3450.JPG,datasets/glaucoma/chaksu/raw/Train/1.0_Original_Fundus_Images/Remidio/IMG_3450.JPG,Remidio,NORMAL,LOW_RISK,0,train,train
remidio::img_3641.jpg,IMG_3641.JPG,datasets/glaucoma/chaksu/raw/Train/1.0_Original_Fundus_Images/Remidio/IMG_3641.JPG,Remidio,NORMAL,LOW_RISK,0,train,train
remidio::img_3387.jpg,IMG_3387.JPG,datasets/glaucoma/chaksu/raw/Train/1.0_Original_Fundus_Images/Remidio/IMG_3387.JPG,Remidio,NORMAL,LOW_RISK,0,train,train
remidio::img_3603.jpg,IMG_3603.JPG,datasets/glaucoma/chaksu/raw/Train/1.0_Original_Fundus_Images/Remidio/IMG_3603.JPG,Remidio,GLAUCOMA SUSPECT,HIGH_RISK,1,train,train
bosch::image138.jpg,Image138.JPG,datasets/glaucoma/chaksu/raw/Train/1.0_Original_Fundus_Images/Bosch/Image138.JPG,Bosch,NORMAL,LOW_RISK,0,train,train
remidio::img_3227.jpg,IMG_3227.JPG,datasets/glaucoma/chaksu/raw/Train/1.0_Original_Fundus_Images/Remidio/IMG_3227.JPG,Remidio,NORMAL,LOW_RISK,0,train,train
remidio::img_2632.jpg,IMG_2632.JPG,datasets/glaucoma/chaksu/raw/Train/1.0_Original_Fundus_Images/Remidio/IMG_2632.JPG,Remidio,NORMAL,LOW_RISK,0,train,train
remidio::img_3399.jpg,IMG_3399.JPG,datasets/glaucoma/chaksu/raw/Train/1.0_Original_Fundus_Images/Remidio/IMG_3399.JPG,Remidio,NORMAL,LOW_RISK,0,train,train
bosch::image124.jpg,Image124.JPG,datasets/glaucoma/chaksu/raw/Train/1.0_Original_Fundus_Images/Bosch/Image124.JPG,Bosch,NORMAL,LOW_RISK,0,train,train
remidio::img_2630.jpg,IMG_2630.JPG,datasets/glaucoma/chaksu/raw/Train/1.0_Original_Fundus_Images/Remidio/IMG_2630.JPG,Remidio,NORMAL,LOW_RISK,0,train,train
remidio::img_2731.jpg,IMG_2731.JPG,datasets/glaucoma/chaksu/raw/Train/1.0_Original_Fundus_Images/Remidio/IMG_2731.JPG,Remidio,NORMAL,LOW_RISK,0,train,train
remidio::img_3321.jpg,IMG_3321.JPG,datasets/glaucoma/chaksu/raw/Train/1.0_Original_Fundus_Images/Remidio/IMG_3321.JPG,Remidio,NORMAL,LOW_RISK,0,train,train
forus::55.png,55.png,datasets/glaucoma/chaksu/raw/Train/1.0_Original_Fundus_Images/Forus/55.png,Forus,NORMAL,LOW_RISK,0,train,train
remidio::img_2547.jpg,IMG_2547.JPG,datasets/glaucoma/chaksu/raw/Train/1.0_Original_Fundus_Images/Remidio/IMG_2547.JPG,Remidio,NORMAL,LOW_RISK,0,train,train
forus::26.png,26.png,datasets/glaucoma/chaksu/raw/Train/1.0_Original_Fundus_Images/Forus/26.png,Forus,GLAUCOMA SUSPECT,HIGH_RISK,1,train,train
remidio::img_3215.jpg,IMG_3215.JPG,datasets/glaucoma/chaksu/raw/Train/1.0_Original_Fundus_Images/Remidio/IMG_3215.JPG,Remidio,NORMAL,LOW_RISK,0,train,train
remidio::img_2499.jpg,IMG_2499.JPG,datasets/glaucoma/chaksu/raw/Train/1.0_Original_Fundus_Images/Remidio/IMG_2499.JPG,Remidio,NORMAL,LOW_RISK,0,train,train
remidio::img_3560.jpg,IMG_3560.JPG,datasets/glaucoma/chaksu/raw/Train/1.0_Original_Fundus_Images/Remidio/IMG_3560.JPG,Remidio,GLAUCOMA SUSPECT,HIGH_RISK,1,train,train
remidio::img_3469.jpg,IMG_3469.JPG,datasets/glaucoma/chaksu/raw/Train/1.0_Original_Fundus_Images/Remidio/IMG_3469.JPG,Remidio,NORMAL,LOW_RISK,0,train,train
remidio::img_3222.jpg,IMG_3222.JPG,datasets/glaucoma/chaksu/raw/Train/1.0_Original_Fundus_Images/Remidio/IMG_3222.JPG,Remidio,NORMAL,LOW_RISK,0,train,train
remidio::img_3285.jpg,IMG_3285.JPG,datasets/glaucoma/chaksu/raw/Train/1.0_Original_Fundus_Images/Remidio/IMG_3285.JPG,Remidio,NORMAL,LOW_RISK,0,train,train
remidio::img_3421.jpg,IMG_3421.JPG,datasets/glaucoma/chaksu/raw/Train/1.0_Original_Fundus_Images/Remidio/IMG_3421.JPG,Remidio,NORMAL,LOW_RISK,0,train,train
bosch::p9_image1.jpg,P9_Image1.JPG,datasets/glaucoma/chaksu/raw/Train/1.0_Original_Fundus_Images/Bosch/P9_Image1.JPG,Bosch,NORMAL,LOW_RISK,0,train,train
remidio::img_3381.jpg,IMG_3381.JPG,datasets/glaucoma/chaksu/raw/Train/1.0_Original_Fundus_Images/Remidio/IMG_3381.JPG,Remidio,NORMAL,LOW_RISK,0,train,train
remidio::img_3513.jpg,IMG_3513.JPG,datasets/glaucoma/chaksu/raw/Train/1.0_Original_Fundus_Images/Remidio/IMG_3513.JPG,Remidio,NORMAL,LOW_RISK,0,train,train
remidio::img_3240.jpg,IMG_3240.JPG,datasets/glaucoma/chaksu/raw/Train/1.0_Original_Fundus_Images/Remidio/IMG_3240.JPG,Remidio,NORMAL,LOW_RISK,0,train,train
remidio::img_3370.jpg,IMG_3370.JPG,datasets/glaucoma/chaksu/raw/Train/1.0_Original_Fundus_Images/Remidio/IMG_3370.JPG,Remidio,NORMAL,LOW_RISK,0,train,train
remidio::img_3411.jpg,IMG_3411.JPG,datasets/glaucoma/chaksu/raw/Train/1.0_Original_Fundus_Images/Remidio/IMG_3411.JPG,Remidio,NORMAL,LOW_RISK,0,train,train
bosch::image104.jpg,Image104.JPG,datasets/glaucoma/chaksu/raw/Train/1.0_Original_Fundus_Images/Bosch/Image104.JPG,Bosch,NORMAL,LOW_RISK,0,train,train
remidio::img_2590.jpg,IMG_2590.JPG,datasets/glaucoma/chaksu/raw/Train/1.0_Original_Fundus_Images/Remidio/IMG_2590.JPG,Remidio,NORMAL,LOW_RISK,0,train,train
remidio::img_3530.jpg,IMG_3530.JPG,datasets/glaucoma/chaksu/raw/Train/1.0_Original_Fundus_Images/Remidio/IMG_3530.JPG,Remidio,NORMAL,LOW_RISK,0,train,train
remidio::img_3179.jpg,IMG_3179.JPG,datasets/glaucoma/chaksu/raw/Train/1.0_Original_Fundus_Images/Remidio/IMG_3179.JPG,Remidio,NORMAL,LOW_RISK,0,train,train
remidio::img_3189.jpg,IMG_3189.JPG,datasets/glaucoma/chaksu/raw/Train/1.0_Original_Fundus_Images/Remidio/IMG_3189.JPG,Remidio,NORMAL,LOW_RISK,0,train,train
bosch::image122.jpg,Image122.JPG,datasets/glaucoma/chaksu/raw/Train/1.0_Original_Fundus_Images/Bosch/Image122.JPG,Bosch,NORMAL,LOW_RISK,0,train,train
remidio::img_3275.jpg,IMG_3275.JPG,datasets/glaucoma/chaksu/raw/Train/1.0_Original_Fundus_Images/Remidio/IMG_3275.JPG,Remidio,NORMAL,LOW_RISK,0,train,train
remidio::img_2567.jpg,IMG_2567.JPG,datasets/glaucoma/chaksu/raw/Train/1.0_Original_Fundus_Images/Remidio/IMG_2567.JPG,Remidio,NORMAL,LOW_RISK,0,train,train
remidio::img_2798.jpg,IMG_2798.JPG,datasets/glaucoma/chaksu/raw/Train/1.0_Original_Fundus_Images/Remidio/IMG_2798.JPG,Remidio,NORMAL,LOW_RISK,0,train,train
remidio::img_2739.jpg,IMG_2739.JPG,datasets/glaucoma/chaksu/raw/Train/1.0_Original_Fundus_Images/Remidio/IMG_2739.JPG,Remidio,NORMAL,LOW_RISK,0,train,train
remidio::img_3286.jpg,IMG_3286.JPG,datasets/glaucoma/chaksu/raw/Train/1.0_Original_Fundus_Images/Remidio/IMG_3286.JPG,Remidio,NORMAL,LOW_RISK,0,train,train
bosch::image151.jpg,Image151.JPG,datasets/glaucoma/chaksu/raw/Train/1.0_Original_Fundus_Images/Bosch/Image151.JPG,Bosch,NORMAL,LOW_RISK,0,train,train
forus::21.png,21.png,datasets/glaucoma/chaksu/raw/Train/1.0_Original_Fundus_Images/Forus/21.png,Forus,NORMAL,LOW_RISK,0,train,train
remidio::img_2769.jpg,IMG_2769.JPG,datasets/glaucoma/chaksu/raw/Train/1.0_Original_Fundus_Images/Remidio/IMG_2769.JPG,Remidio,NORMAL,LOW_RISK,0,train,train
bosch::image150.jpg,Image150.JPG,datasets/glaucoma/chaksu/raw/Train/1.0_Original_Fundus_Images/Bosch/Image150.JPG,Bosch,GLAUCOMA SUSPECT,HIGH_RISK,1,train,train
remidio::img_2470.jpg,IMG_2470.JPG,datasets/glaucoma/chaksu/raw/Train/1.0_Original_Fundus_Images/Remidio/IMG_2470.JPG,Remidio,NORMAL,LOW_RISK,0,train,train
forus::29.png,29.png,datasets/glaucoma/chaksu/raw/Train/1.0_Original_Fundus_Images/Forus/29.png,Forus,NORMAL,LOW_RISK,0,train,train
remidio::img_2434.jpg,IMG_2434.JPG,datasets/glaucoma/chaksu/raw/Train/1.0_Original_Fundus_Images/Remidio/IMG_2434.JPG,Remidio,NORMAL,LOW_RISK,0,train,train
remidio::img_3176.jpg,IMG_3176.JPG,datasets/glaucoma/chaksu/raw/Train/1.0_Original_Fundus_Images/Remidio/IMG_3176.JPG,Remidio,NORMAL,LOW_RISK,0,train,train
remidio::img_2534.jpg,IMG_2534.JPG,datasets/glaucoma/chaksu/raw/Train/1.0_Original_Fundus_Images/Remidio/IMG_2534.JPG,Remidio,GLAUCOMA SUSPECT,HIGH_RISK,1,train,train
forus::2.png,2.png,datasets/glaucoma/chaksu/raw/Train/1.0_Original_Fundus_Images/Forus/2.png,Forus,NORMAL,LOW_RISK,0,train,train
remidio::img_3309.jpg,IMG_3309.JPG,datasets/glaucoma/chaksu/raw/Train/1.0_Original_Fundus_Images/Remidio/IMG_3309.JPG,Remidio,NORMAL,LOW_RISK,0,train,train
remidio::img_3388.jpg,IMG_3388.JPG,datasets/glaucoma/chaksu/raw/Train/1.0_Original_Fundus_Images/Remidio/IMG_3388.JPG,Remidio,NORMAL,LOW_RISK,0,train,train
forus::31.png,31.png,datasets/glaucoma/chaksu/raw/Train/1.0_Original_Fundus_Images/Forus/31.png,Forus,NORMAL,LOW_RISK,0,train,train
bosch::p5_image2.jpg,P5_Image2.JPG,datasets/glaucoma/chaksu/raw/Train/1.0_Original_Fundus_Images/Bosch/P5_Image2.JPG,Bosch,NORMAL,LOW_RISK,0,train,train
remidio::img_3455.jpg,IMG_3455.JPG,datasets/glaucoma/chaksu/raw/Train/1.0_Original_Fundus_Images/Remidio/IMG_3455.JPG,Remidio,NORMAL,LOW_RISK,0,train,train
remidio::img_3361.jpg,IMG_3361.JPG,datasets/glaucoma/chaksu/raw/Train/1.0_Original_Fundus_Images/Remidio/IMG_3361.JPG,Remidio,NORMAL,LOW_RISK,0,train,train
bosch::image156.jpg,Image156.JPG,datasets/glaucoma/chaksu/raw/Train/1.0_Original_Fundus_Images/Bosch/Image156.JPG,Bosch,NORMAL,LOW_RISK,0,train,train
remidio::img_2801.jpg,IMG_2801.JPG,datasets/glaucoma/chaksu/raw/Train/1.0_Original_Fundus_Images/Remidio/IMG_2801.JPG,Remidio,GLAUCOMA SUSPECT,HIGH_RISK,1,train,train
remidio::img_2755.jpg,IMG_2755.JPG,datasets/glaucoma/chaksu/raw/Train/1.0_Original_Fundus_Images/Remidio/IMG_2755.JPG,Remidio,NORMAL,LOW_RISK,0,train,train
remidio::img_3677.jpg,IMG_3677.JPG,datasets/glaucoma/chaksu/raw/Train/1.0_Original_Fundus_Images/Remidio/IMG_3677.JPG,Remidio,NORMAL,LOW_RISK,0,train,train
bosch::image123.jpg,Image123.JPG,datasets/glaucoma/chaksu/raw/Train/1.0_Original_Fundus_Images/Bosch/Image123.JPG,Bosch,NORMAL,LOW_RISK,0,train,train
remidio::51763.jpg,51763.jpg,datasets/glaucoma/chaksu/raw/Train/1.0_Original_Fundus_Images/Remidio/51763.jpg,Remidio,NORMAL,LOW_RISK,0,train,train
remidio::img_3230.jpg,IMG_3230.JPG,datasets/glaucoma/chaksu/raw/Train/1.0_Original_Fundus_Images/Remidio/IMG_3230.JPG,Remidio,NORMAL,LOW_RISK,0,train,train
forus::51.png,51.png,datasets/glaucoma/chaksu/raw/Train/1.0_Original_Fundus_Images/Forus/51.png,Forus,NORMAL,LOW_RISK,0,train,train
remidio::img_2672.jpg,IMG_2672.JPG,datasets/glaucoma/chaksu/raw/Train/1.0_Original_Fundus_Images/Remidio/IMG_2672.JPG,Remidio,NORMAL,LOW_RISK,0,train,train
remidio::img_2790.jpg,IMG_2790.JPG,datasets/glaucoma/chaksu/raw/Train/1.0_Original_Fundus_Images/Remidio/IMG_2790.JPG,Remidio,NORMAL,LOW_RISK,0,train,train
remidio::img_3520.jpg,IMG_3520.JPG,datasets/glaucoma/chaksu/raw/Train/1.0_Original_Fundus_Images/Remidio/IMG_3520.JPG,Remidio,NORMAL,LOW_RISK,0,train,train
remidio::img_2634.jpg,IMG_2634.JPG,datasets/glaucoma/chaksu/raw/Train/1.0_Original_Fundus_Images/Remidio/IMG_2634.JPG,Remidio,NORMAL,LOW_RISK,0,train,train
remidio::img_2612.jpg,IMG_2612.JPG,datasets/glaucoma/chaksu/raw/Train/1.0_Original_Fundus_Images/Remidio/IMG_2612.JPG,Remidio,NORMAL,LOW_RISK,0,train,train
remidio::img_2577.jpg,IMG_2577.JPG,datasets/glaucoma/chaksu/raw/Train/1.0_Original_Fundus_Images/Remidio/IMG_2577.JPG,Remidio,NORMAL,LOW_RISK,0,train,train
remidio::img_3257.jpg,IMG_3257.JPG,datasets/glaucoma/chaksu/raw/Train/1.0_Original_Fundus_Images/Remidio/IMG_3257.JPG,Remidio,NORMAL,LOW_RISK,0,train,train
remidio::img_2633.jpg,IMG_2633.JPG,datasets/glaucoma/chaksu/raw/Train/1.0_Original_Fundus_Images/Remidio/IMG_2633.JPG,Remidio,NORMAL,LOW_RISK,0,train,train
remidio::img_3315.jpg,IMG_3315.JPG,datasets/glaucoma/chaksu/raw/Train/1.0_Original_Fundus_Images/Remidio/IMG_3315.JPG,Remidio,NORMAL,LOW_RISK,0,train,train
remidio::img_2483.jpg,IMG_2483.JPG,datasets/glaucoma/chaksu/raw/Train/1.0_Original_Fundus_Images/Remidio/IMG_2483.JPG,Remidio,NORMAL,LOW_RISK,0,train,train
remidio::img_3518.jpg,IMG_3518.JPG,datasets/glaucoma/chaksu/raw/Train/1.0_Original_Fundus_Images/Remidio/IMG_3518.JPG,Remidio,NORMAL,LOW_RISK,0,train,train
remidio::img_3687.jpg,IMG_3687.JPG,datasets/glaucoma/chaksu/raw/Train/1.0_Original_Fundus_Images/Remidio/IMG_3687.JPG,Remidio,NORMAL,LOW_RISK,0,train,train
remidio::img_3211.jpg,IMG_3211.JPG,datasets/glaucoma/chaksu/raw/Train/1.0_Original_Fundus_Images/Remidio/IMG_3211.JPG,Remidio,NORMAL,LOW_RISK,0,train,train
forus::95.png,95.png,datasets/glaucoma/chaksu/raw/Train/1.0_Original_Fundus_Images/Forus/95.png,Forus,NORMAL,LOW_RISK,0,train,train
remidio::img_2532.jpg,IMG_2532.JPG,datasets/glaucoma/chaksu/raw/Train/1.0_Original_Fundus_Images/Remidio/IMG_2532.JPG,Remidio,NORMAL,LOW_RISK,0,train,train
remidio::img_3403.jpg,IMG_3403.JPG,datasets/glaucoma/chaksu/raw/Train/1.0_Original_Fundus_Images/Remidio/IMG_3403.JPG,Remidio,GLAUCOMA SUSPECT,HIGH_RISK,1,train,train
remidio::img_3191.jpg,IMG_3191.JPG,datasets/glaucoma/chaksu/raw/Train/1.0_Original_Fundus_Images/Remidio/IMG_3191.JPG,Remidio,GLAUCOMA SUSPECT,HIGH_RISK,1,train,train
remidio::img_3347.jpg,IMG_3347.JPG,datasets/glaucoma/chaksu/raw/Train/1.0_Original_Fundus_Images/Remidio/IMG_3347.JPG,Remidio,NORMAL,LOW_RISK,0,train,train
remidio::img_3210.jpg,IMG_3210.JPG,datasets/glaucoma/chaksu/raw/Train/1.0_Original_Fundus_Images/Remidio/IMG_3210.JPG,Remidio,NORMAL,LOW_RISK,0,train,train
remidio::img_3638.jpg,IMG_3638.JPG,datasets/glaucoma/chaksu/raw/Train/1.0_Original_Fundus_Images/Remidio/IMG_3638.JPG,Remidio,NORMAL,LOW_RISK,0,train,train
remidio::img_3196.jpg,IMG_3196.JPG,datasets/glaucoma/chaksu/raw/Train/1.0_Original_Fundus_Images/Remidio/IMG_3196.JPG,Remidio,NORMAL,LOW_RISK,0,train,train
forus::41.png,41.png,datasets/glaucoma/chaksu/raw/Train/1.0_Original_Fundus_Images/Forus/41.png,Forus,NORMAL,LOW_RISK,0,train,train
remidio::img_2738.jpg,IMG_2738.JPG,datasets/glaucoma/chaksu/raw/Train/1.0_Original_Fundus_Images/Remidio/IMG_2738.JPG,Remidio,NORMAL,LOW_RISK,0,train,train
remidio::img_3707.jpg,IMG_3707.JPG,datasets/glaucoma/chaksu/raw/Train/1.0_Original_Fundus_Images/Remidio/IMG_3707.JPG,Remidio,NORMAL,LOW_RISK,0,train,train
remidio::img_3657.jpg,IMG_3657.JPG,datasets/glaucoma/chaksu/raw/Train/1.0_Original_Fundus_Images/Remidio/IMG_3657.JPG,Remidio,NORMAL,LOW_RISK,0,train,train
remidio::img_3232.jpg,IMG_3232.JPG,datasets/glaucoma/chaksu/raw/Train/1.0_Original_Fundus_Images/Remidio/IMG_3232.JPG,Remidio,NORMAL,LOW_RISK,0,train,train
remidio::img_3242.jpg,IMG_3242.JPG,datasets/glaucoma/chaksu/raw/Train/1.0_Original_Fundus_Images/Remidio/IMG_3242.JPG,Remidio,NORMAL,LOW_RISK,0,train,train
remidio::66557.jpg,66557.jpg,datasets/glaucoma/chaksu/raw/Train/1.0_Original_Fundus_Images/Remidio/66557.jpg,Remidio,NORMAL,LOW_RISK,0,train,train
remidio::img_3318.jpg,IMG_3318.JPG,datasets/glaucoma/chaksu/raw/Train/1.0_Original_Fundus_Images/Remidio/IMG_3318.JPG,Remidio,NORMAL,LOW_RISK,0,train,train
remidio::img_3689.jpg,IMG_3689.JPG,datasets/glaucoma/chaksu/raw/Train/1.0_Original_Fundus_Images/Remidio/IMG_3689.JPG,Remidio,NORMAL,LOW_RISK,0,train,train
remidio::img_3693.jpg,IMG_3693.JPG,datasets/glaucoma/chaksu/raw/Train/1.0_Original_Fundus_Images/Remidio/IMG_3693.JPG,Remidio,NORMAL,LOW_RISK,0,train,train
remidio::img_3237.jpg,IMG_3237.JPG,datasets/glaucoma/chaksu/raw/Train/1.0_Original_Fundus_Images/Remidio/IMG_3237.JPG,Remidio,GLAUCOMA SUSPECT,HIGH_RISK,1,train,train
remidio::img_3549.jpg,IMG_3549.JPG,datasets/glaucoma/chaksu/raw/Train/1.0_Original_Fundus_Images/Remidio/IMG_3549.JPG,Remidio,NORMAL,LOW_RISK,0,train,train
bosch::image139.jpg,Image139.JPG,datasets/glaucoma/chaksu/raw/Train/1.0_Original_Fundus_Images/Bosch/Image139.JPG,Bosch,NORMAL,LOW_RISK,0,train,train
remidio::img_3395.jpg,IMG_3395.JPG,datasets/glaucoma/chaksu/raw/Train/1.0_Original_Fundus_Images/Remidio/IMG_3395.JPG,Remidio,NORMAL,LOW_RISK,0,train,train
remidio::img_2683.jpg,IMG_2683.JPG,datasets/glaucoma/chaksu/raw/Train/1.0_Original_Fundus_Images/Remidio/IMG_2683.JPG,Remidio,NORMAL,LOW_RISK,0,train,train
forus::62.png,62.png,datasets/glaucoma/chaksu/raw/Train/1.0_Original_Fundus_Images/Forus/62.png,Forus,NORMAL,LOW_RISK,0,train,train
bosch::image182.jpg,Image182.JPG,datasets/glaucoma/chaksu/raw/Train/1.0_Original_Fundus_Images/Bosch/Image182.JPG,Bosch,NORMAL,LOW_RISK,0,train,train
bosch::image118.jpg,Image118.JPG,datasets/glaucoma/chaksu/raw/Train/1.0_Original_Fundus_Images/Bosch/Image118.JPG,Bosch,NORMAL,LOW_RISK,0,train,train
bosch::p3_image2.jpg,P3_Image2.JPG,datasets/glaucoma/chaksu/raw/Train/1.0_Original_Fundus_Images/Bosch/P3_Image2.JPG,Bosch,NORMAL,LOW_RISK,0,train,train
remidio::img_2716.jpg,IMG_2716.JPG,datasets/glaucoma/chaksu/raw/Train/1.0_Original_Fundus_Images/Remidio/IMG_2716.JPG,Remidio,NORMAL,LOW_RISK,0,train,train
bosch::image121.jpg,Image121.JPG,datasets/glaucoma/chaksu/raw/Train/1.0_Original_Fundus_Images/Bosch/Image121.JPG,Bosch,NORMAL,LOW_RISK,0,train,train
remidio::img_2678.jpg,IMG_2678.JPG,datasets/glaucoma/chaksu/raw/Train/1.0_Original_Fundus_Images/Remidio/IMG_2678.JPG,Remidio,NORMAL,LOW_RISK,0,train,train
forus::71.png,71.png,datasets/glaucoma/chaksu/raw/Train/1.0_Original_Fundus_Images/Forus/71.png,Forus,NORMAL,LOW_RISK,0,train,train
remidio::img_2695.jpg,IMG_2695.JPG,datasets/glaucoma/chaksu/raw/Train/1.0_Original_Fundus_Images/Remidio/IMG_2695.JPG,Remidio,NORMAL,LOW_RISK,0,train,train
forus::32.png,32.png,datasets/glaucoma/chaksu/raw/Train/1.0_Original_Fundus_Images/Forus/32.png,Forus,NORMAL,LOW_RISK,0,train,train
remidio::img_3251.jpg,IMG_3251.JPG,datasets/glaucoma/chaksu/raw/Train/1.0_Original_Fundus_Images/Remidio/IMG_3251.JPG,Remidio,NORMAL,LOW_RISK,0,train,train
remidio::img_2506.jpg,IMG_2506.JPG,datasets/glaucoma/chaksu/raw/Train/1.0_Original_Fundus_Images/Remidio/IMG_2506.JPG,Remidio,NORMAL,LOW_RISK,0,train,train
bosch::image107.jpg,Image107.JPG,datasets/glaucoma/chaksu/raw/Train/1.0_Original_Fundus_Images/Bosch/Image107.JPG,Bosch,GLAUCOMA SUSPECT,HIGH_RISK,1,train,train
remidio::img_3336.jpg,IMG_3336.JPG,datasets/glaucoma/chaksu/raw/Train/1.0_Original_Fundus_Images/Remidio/IMG_3336.JPG,Remidio,NORMAL,LOW_RISK,0,train,train
remidio::img_3541.jpg,IMG_3541.JPG,datasets/glaucoma/chaksu/raw/Train/1.0_Original_Fundus_Images/Remidio/IMG_3541.JPG,Remidio,GLAUCOMA SUSPECT,HIGH_RISK,1,train,train
remidio::img_3332.jpg,IMG_3332.JPG,datasets/glaucoma/chaksu/raw/Train/1.0_Original_Fundus_Images/Remidio/IMG_3332.JPG,Remidio,NORMAL,LOW_RISK,0,train,train
remidio::img_2581.jpg,IMG_2581.JPG,datasets/glaucoma/chaksu/raw/Train/1.0_Original_Fundus_Images/Remidio/IMG_2581.JPG,Remidio,GLAUCOMA SUSPECT,HIGH_RISK,1,train,train
remidio::img_2488.jpg,IMG_2488.JPG,datasets/glaucoma/chaksu/raw/Train/1.0_Original_Fundus_Images/Remidio/IMG_2488.JPG,Remidio,NORMAL,LOW_RISK,0,train,train
remidio::img_3634.jpg,IMG_3634.JPG,datasets/glaucoma/chaksu/raw/Train/1.0_Original_Fundus_Images/Remidio/IMG_3634.JPG,Remidio,NORMAL,LOW_RISK,0,train,train
remidio::img_2560.jpg,IMG_2560.JPG,datasets/glaucoma/chaksu/raw/Train/1.0_Original_Fundus_Images/Remidio/IMG_2560.JPG,Remidio,GLAUCOMA SUSPECT,HIGH_RISK,1,train,train
remidio::img_3158.jpg,IMG_3158.JPG,datasets/glaucoma/chaksu/raw/Train/1.0_Original_Fundus_Images/Remidio/IMG_3158.JPG,Remidio,NORMAL,LOW_RISK,0,train,train
remidio::img_2704.jpg,IMG_2704.JPG,datasets/glaucoma/chaksu/raw/Train/1.0_Original_Fundus_Images/Remidio/IMG_2704.JPG,Remidio,NORMAL,LOW_RISK,0,train,train
remidio::img_3517.jpg,IMG_3517.JPG,datasets/glaucoma/chaksu/raw/Train/1.0_Original_Fundus_Images/Remidio/IMG_3517.JPG,Remidio,NORMAL,LOW_RISK,0,train,train
remidio::img_3199.jpg,IMG_3199.JPG,datasets/glaucoma/chaksu/raw/Train/1.0_Original_Fundus_Images/Remidio/IMG_3199.JPG,Remidio,GLAUCOMA SUSPECT,HIGH_RISK,1,train,train
forus::50.png,50.png,datasets/glaucoma/chaksu/raw/Train/1.0_Original_Fundus_Images/Forus/50.png,Forus,NORMAL,LOW_RISK,0,train,train
forus::88.png,88.png,datasets/glaucoma/chaksu/raw/Train/1.0_Original_Fundus_Images/Forus/88.png,Forus,NORMAL,LOW_RISK,0,train,train
bosch::image142.jpg,Image142.JPG,datasets/glaucoma/chaksu/raw/Train/1.0_Original_Fundus_Images/Bosch/Image142.JPG,Bosch,NORMAL,LOW_RISK,0,train,train
forus::73.png,73.png,datasets/glaucoma/chaksu/raw/Train/1.0_Original_Fundus_Images/Forus/73.png,Forus,NORMAL,LOW_RISK,0,train,train
remidio::img_2493.jpg,IMG_2493.JPG,datasets/glaucoma/chaksu/raw/Train/1.0_Original_Fundus_Images/Remidio/IMG_2493.JPG,Remidio,NORMAL,LOW_RISK,0,train,train
remidio::img_3424.jpg,IMG_3424.JPG,datasets/glaucoma/chaksu/raw/Train/1.0_Original_Fundus_Images/Remidio/IMG_3424.JPG,Remidio,NORMAL,LOW_RISK,0,train,train
remidio::img_2454.jpg,IMG_2454.JPG,datasets/glaucoma/chaksu/raw/Train/1.0_Original_Fundus_Images/Remidio/IMG_2454.JPG,Remidio,NORMAL,LOW_RISK,0,train,train
remidio::img_3516.jpg,IMG_3516.JPG,datasets/glaucoma/chaksu/raw/Train/1.0_Original_Fundus_Images/Remidio/IMG_3516.JPG,Remidio,NORMAL,LOW_RISK,0,train,train
bosch::image179.jpg,Image179.JPG,datasets/glaucoma/chaksu/raw/Train/1.0_Original_Fundus_Images/Bosch/Image179.JPG,Bosch,NORMAL,LOW_RISK,0,train,train
remidio::img_2762.jpg,IMG_2762.JPG,datasets/glaucoma/chaksu/raw/Train/1.0_Original_Fundus_Images/Remidio/IMG_2762.JPG,Remidio,GLAUCOMA SUSPECT,HIGH_RISK,1,train,train
remidio::img_2457.jpg,IMG_2457.JPG,datasets/glaucoma/chaksu/raw/Train/1.0_Original_Fundus_Images/Remidio/IMG_2457.JPG,Remidio,NORMAL,LOW_RISK,0,train,train
remidio::img_3535.jpg,IMG_3535.JPG,datasets/glaucoma/chaksu/raw/Train/1.0_Original_Fundus_Images/Remidio/IMG_3535.JPG,Remidio,NORMAL,LOW_RISK,0,train,train
remidio::img_2543.jpg,IMG_2543.JPG,datasets/glaucoma/chaksu/raw/Train/1.0_Original_Fundus_Images/Remidio/IMG_2543.JPG,Remidio,NORMAL,LOW_RISK,0,train,train
remidio::img_3427.jpg,IMG_3427.JPG,datasets/glaucoma/chaksu/raw/Train/1.0_Original_Fundus_Images/Remidio/IMG_3427.JPG,Remidio,NORMAL,LOW_RISK,0,train,train
forus::90.png,90.png,datasets/glaucoma/chaksu/raw/Train/1.0_Original_Fundus_Images/Forus/90.png,Forus,NORMAL,LOW_RISK,0,train,train
remidio::img_3435.jpg,IMG_3435.JPG,datasets/glaucoma/chaksu/raw/Train/1.0_Original_Fundus_Images/Remidio/IMG_3435.JPG,Remidio,NORMAL,LOW_RISK,0,train,train
remidio::img_2703.jpg,IMG_2703.JPG,datasets/glaucoma/chaksu/raw/Train/1.0_Original_Fundus_Images/Remidio/IMG_2703.JPG,Remidio,NORMAL,LOW_RISK,0,train,train
remidio::img_3573.jpg,IMG_3573.JPG,datasets/glaucoma/chaksu/raw/Train/1.0_Original_Fundus_Images/Remidio/IMG_3573.JPG,Remidio,NORMAL,LOW_RISK,0,train,train
remidio::img_3444.jpg,IMG_3444.JPG,datasets/glaucoma/chaksu/raw/Train/1.0_Original_Fundus_Images/Remidio/IMG_3444.JPG,Remidio,NORMAL,LOW_RISK,0,train,train
bosch::image169.jpg,Image169.JPG,datasets/glaucoma/chaksu/raw/Train/1.0_Original_Fundus_Images/Bosch/Image169.JPG,Bosch,NORMAL,LOW_RISK,0,train,train
remidio::img_3298.jpg,IMG_3298.JPG,datasets/glaucoma/chaksu/raw/Train/1.0_Original_Fundus_Images/Remidio/IMG_3298.JPG,Remidio,NORMAL,LOW_RISK,0,train,train
remidio::img_3422.jpg,IMG_3422.JPG,datasets/glaucoma/chaksu/raw/Train/1.0_Original_Fundus_Images/Remidio/IMG_3422.JPG,Remidio,NORMAL,LOW_RISK,0,train,train
remidio::img_3579.jpg,IMG_3579.JPG,datasets/glaucoma/chaksu/raw/Train/1.0_Original_Fundus_Images/Remidio/IMG_3579.JPG,Remidio,NORMAL,LOW_RISK,0,train,train
forus::94.png,94.png,datasets/glaucoma/chaksu/raw/Train/1.0_Original_Fundus_Images/Forus/94.png,Forus,NORMAL,LOW_RISK,0,train,train
forus::6.png,6.png,datasets/glaucoma/chaksu/raw/Train/1.0_Original_Fundus_Images/Forus/6.png,Forus,GLAUCOMA SUSPECT,HIGH_RISK,1,train,train
forus::72.png,72.png,datasets/glaucoma/chaksu/raw/Train/1.0_Original_Fundus_Images/Forus/72.png,Forus,NORMAL,LOW_RISK,0,train,train
remidio::img_3407.jpg,IMG_3407.JPG,datasets/glaucoma/chaksu/raw/Train/1.0_Original_Fundus_Images/Remidio/IMG_3407.JPG,Remidio,NORMAL,LOW_RISK,0,train,train
bosch::image114.jpg,Image114.JPG,datasets/glaucoma/chaksu/raw/Train/1.0_Original_Fundus_Images/Bosch/Image114.JPG,Bosch,GLAUCOMA SUSPECT,HIGH_RISK,1,train,train
remidio::img_3267.jpg,IMG_3267.JPG,datasets/glaucoma/chaksu/raw/Train/1.0_Original_Fundus_Images/Remidio/IMG_3267.JPG,Remidio,NORMAL,LOW_RISK,0,train,train
remidio::img_3476.jpg,IMG_3476.JPG,datasets/glaucoma/chaksu/raw/Train/1.0_Original_Fundus_Images/Remidio/IMG_3476.JPG,Remidio,NORMAL,LOW_RISK,0,train,train
remidio::img_2582.jpg,IMG_2582.JPG,datasets/glaucoma/chaksu/raw/Train/1.0_Original_Fundus_Images/Remidio/IMG_2582.JPG,Remidio,GLAUCOMA SUSPECT,HIGH_RISK,1,train,train
remidio::img_2649.jpg,IMG_2649.JPG,datasets/glaucoma/chaksu/raw/Train/1.0_Original_Fundus_Images/Remidio/IMG_2649.JPG,Remidio,NORMAL,LOW_RISK,0,train,train
remidio::img_2797.jpg,IMG_2797.JPG,datasets/glaucoma/chaksu/raw/Train/1.0_Original_Fundus_Images/Remidio/IMG_2797.JPG,Remidio,NORMAL,LOW_RISK,0,train,train
remidio::img_3363.jpg,IMG_3363.JPG,datasets/glaucoma/chaksu/raw/Train/1.0_Original_Fundus_Images/Remidio/IMG_3363.JPG,Remidio,NORMAL,LOW_RISK,0,train,train
forus::9.png,9.png,datasets/glaucoma/chaksu/raw/Train/1.0_Original_Fundus_Images/Forus/9.png,Forus,NORMAL,LOW_RISK,0,train,train
remidio::img_3350.jpg,IMG_3350.JPG,datasets/glaucoma/chaksu/raw/Train/1.0_Original_Fundus_Images/Remidio/IMG_3350.JPG,Remidio,NORMAL,LOW_RISK,0,train,train
bosch::image187.jpg,Image187.JPG,datasets/glaucoma/chaksu/raw/Train/1.0_Original_Fundus_Images/Bosch/Image187.JPG,Bosch,NORMAL,LOW_RISK,0,train,train
forus::57.png,57.png,datasets/glaucoma/chaksu/raw/Train/1.0_Original_Fundus_Images/Forus/57.png,Forus,GLAUCOMA SUSPECT,HIGH_RISK,1,train,train
forus::91.png,91.png,datasets/glaucoma/chaksu/raw/Train/1.0_Original_Fundus_Images/Forus/91.png,Forus,GLAUCOMA SUSPECT,HIGH_RISK,1,train,train
remidio::img_2611.jpg,IMG_2611.JPG,datasets/glaucoma/chaksu/raw/Train/1.0_Original_Fundus_Images/Remidio/IMG_2611.JPG,Remidio,NORMAL,LOW_RISK,0,train,train
remidio::img_2570.jpg,IMG_2570.JPG,datasets/glaucoma/chaksu/raw/Train/1.0_Original_Fundus_Images/Remidio/IMG_2570.JPG,Remidio,NORMAL,LOW_RISK,0,train,train
remidio::img_3670.jpg,IMG_3670.JPG,datasets/glaucoma/chaksu/raw/Train/1.0_Original_Fundus_Images/Remidio/IMG_3670.JPG,Remidio,NORMAL,LOW_RISK,0,train,train
remidio::img_2747.jpg,IMG_2747.JPG,datasets/glaucoma/chaksu/raw/Train/1.0_Original_Fundus_Images/Remidio/IMG_2747.JPG,Remidio,NORMAL,LOW_RISK,0,train,train
remidio::img_3477.jpg,IMG_3477.JPG,datasets/glaucoma/chaksu/raw/Train/1.0_Original_Fundus_Images/Remidio/IMG_3477.JPG,Remidio,NORMAL,LOW_RISK,0,train,train
remidio::img_2741.jpg,IMG_2741.JPG,datasets/glaucoma/chaksu/raw/Train/1.0_Original_Fundus_Images/Remidio/IMG_2741.JPG,Remidio,NORMAL,LOW_RISK,0,train,train
remidio::img_3666.jpg,IMG_3666.JPG,datasets/glaucoma/chaksu/raw/Train/1.0_Original_Fundus_Images/Remidio/IMG_3666.JPG,Remidio,GLAUCOMA SUSPECT,HIGH_RISK,1,train,train
remidio::img_2538.jpg,IMG_2538.JPG,datasets/glaucoma/chaksu/raw/Train/1.0_Original_Fundus_Images/Remidio/IMG_2538.JPG,Remidio,GLAUCOMA SUSPECT,HIGH_RISK,1,train,train
bosch::image172.jpg,Image172.jpg,datasets/glaucoma/chaksu/raw/Train/1.0_Original_Fundus_Images/Bosch/Image172.jpg,Bosch,NORMAL,LOW_RISK,0,train,train
remidio::img_2587.jpg,IMG_2587.JPG,datasets/glaucoma/chaksu/raw/Train/1.0_Original_Fundus_Images/Remidio/IMG_2587.JPG,Remidio,NORMAL,LOW_RISK,0,train,train
remidio::img_3226.jpg,IMG_3226.JPG,datasets/glaucoma/chaksu/raw/Train/1.0_Original_Fundus_Images/Remidio/IMG_3226.JPG,Remidio,NORMAL,LOW_RISK,0,train,train
remidio::img_2660.jpg,IMG_2660.JPG,datasets/glaucoma/chaksu/raw/Train/1.0_Original_Fundus_Images/Remidio/IMG_2660.JPG,Remidio,NORMAL,LOW_RISK,0,train,train
bosch::image165.jpg,Image165.JPG,datasets/glaucoma/chaksu/raw/Train/1.0_Original_Fundus_Images/Bosch/Image165.JPG,Bosch,GLAUCOMA SUSPECT,HIGH_RISK,1,train,train
remidio::img_2597.jpg,IMG_2597.JPG,datasets/glaucoma/chaksu/raw/Train/1.0_Original_Fundus_Images/Remidio/IMG_2597.JPG,Remidio,NORMAL,LOW_RISK,0,train,train
remidio::img_3220.jpg,IMG_3220.JPG,datasets/glaucoma/chaksu/raw/Train/1.0_Original_Fundus_Images/Remidio/IMG_3220.JPG,Remidio,NORMAL,LOW_RISK,0,train,train
remidio::img_2607.jpg,IMG_2607.JPG,datasets/glaucoma/chaksu/raw/Train/1.0_Original_Fundus_Images/Remidio/IMG_2607.JPG,Remidio,GLAUCOMA SUSPECT,HIGH_RISK,1,train,train
remidio::img_2594.jpg,IMG_2594.JPG,datasets/glaucoma/chaksu/raw/Train/1.0_Original_Fundus_Images/Remidio/IMG_2594.JPG,Remidio,NORMAL,LOW_RISK,0,train,train
remidio::img_2613.jpg,IMG_2613.JPG,datasets/glaucoma/chaksu/raw/Train/1.0_Original_Fundus_Images/Remidio/IMG_2613.JPG,Remidio,NORMAL,LOW_RISK,0,train,train
forus::39.png,39.png,datasets/glaucoma/chaksu/raw/Train/1.0_Original_Fundus_Images/Forus/39.png,Forus,GLAUCOMA SUSPECT,HIGH_RISK,1,train,train
remidio::img_3592.jpg,IMG_3592.JPG,datasets/glaucoma/chaksu/raw/Train/1.0_Original_Fundus_Images/Remidio/IMG_3592.JPG,Remidio,NORMAL,LOW_RISK,0,train,train
remidio::img_3545.jpg,IMG_3545.JPG,datasets/glaucoma/chaksu/raw/Train/1.0_Original_Fundus_Images/Remidio/IMG_3545.JPG,Remidio,GLAUCOMA SUSPECT,HIGH_RISK,1,train,train
remidio::img_3563.jpg,IMG_3563.JPG,datasets/glaucoma/chaksu/raw/Train/1.0_Original_Fundus_Images/Remidio/IMG_3563.JPG,Remidio,NORMAL,LOW_RISK,0,train,train
remidio::17521.jpg,17521.jpg,datasets/glaucoma/chaksu/raw/Train/1.0_Original_Fundus_Images/Remidio/17521.jpg,Remidio,NORMAL,LOW_RISK,0,train,train
bosch::image147.jpg,Image147.JPG,datasets/glaucoma/chaksu/raw/Train/1.0_Original_Fundus_Images/Bosch/Image147.JPG,Bosch,NORMAL,LOW_RISK,0,train,train
remidio::img_3278.jpg,IMG_3278.JPG,datasets/glaucoma/chaksu/raw/Train/1.0_Original_Fundus_Images/Remidio/IMG_3278.JPG,Remidio,NORMAL,LOW_RISK,0,train,train
remidio::img_3225.jpg,IMG_3225.JPG,datasets/glaucoma/chaksu/raw/Train/1.0_Original_Fundus_Images/Remidio/IMG_3225.JPG,Remidio,NORMAL,LOW_RISK,0,train,train
remidio::img_3519.jpg,IMG_3519.JPG,datasets/glaucoma/chaksu/raw/Train/1.0_Original_Fundus_Images/Remidio/IMG_3519.JPG,Remidio,GLAUCOMA SUSPECT,HIGH_RISK,1,train,train
forus::18.png,18.png,datasets/glaucoma/chaksu/raw/Train/1.0_Original_Fundus_Images/Forus/18.png,Forus,NORMAL,LOW_RISK,0,train,train
forus::53.png,53.png,datasets/glaucoma/chaksu/raw/Train/1.0_Original_Fundus_Images/Forus/53.png,Forus,NORMAL,LOW_RISK,0,train,train
remidio::img_2520.jpg,IMG_2520.JPG,datasets/glaucoma/chaksu/raw/Train/1.0_Original_Fundus_Images/Remidio/IMG_2520.JPG,Remidio,NORMAL,LOW_RISK,0,train,train
remidio::img_2521.jpg,IMG_2521.JPG,datasets/glaucoma/chaksu/raw/Train/1.0_Original_Fundus_Images/Remidio/IMG_2521.JPG,Remidio,GLAUCOMA SUSPECT,HIGH_RISK,1,train,train
remidio::img_2533.jpg,IMG_2533.JPG,datasets/glaucoma/chaksu/raw/Train/1.0_Original_Fundus_Images/Remidio/IMG_2533.JPG,Remidio,GLAUCOMA SUSPECT,HIGH_RISK,1,train,train
remidio::img_2617.jpg,IMG_2617.JPG,datasets/glaucoma/chaksu/raw/Train/1.0_Original_Fundus_Images/Remidio/IMG_2617.JPG,Remidio,NORMAL,LOW_RISK,0,train,train
remidio::img_2471.jpg,IMG_2471.JPG,datasets/glaucoma/chaksu/raw/Train/1.0_Original_Fundus_Images/Remidio/IMG_2471.JPG,Remidio,NORMAL,LOW_RISK,0,train,train
bosch::image181.jpg,Image181.JPG,datasets/glaucoma/chaksu/raw/Train/1.0_Original_Fundus_Images/Bosch/Image181.JPG,Bosch,NORMAL,LOW_RISK,0,train,train
bosch::image168.jpg,Image168.JPG,datasets/glaucoma/chaksu/raw/Train/1.0_Original_Fundus_Images/Bosch/Image168.JPG,Bosch,NORMAL,LOW_RISK,0,train,train
remidio::img_2674.jpg,IMG_2674.JPG,datasets/glaucoma/chaksu/raw/Train/1.0_Original_Fundus_Images/Remidio/IMG_2674.JPG,Remidio,NORMAL,LOW_RISK,0,train,train
forus::89.png,89.png,datasets/glaucoma/chaksu/raw/Train/1.0_Original_Fundus_Images/Forus/89.png,Forus,NORMAL,LOW_RISK,0,train,train
remidio::img_3593.jpg,IMG_3593.JPG,datasets/glaucoma/chaksu/raw/Train/1.0_Original_Fundus_Images/Remidio/IMG_3593.JPG,Remidio,NORMAL,LOW_RISK,0,train,train
remidio::img_3464.jpg,IMG_3464.JPG,datasets/glaucoma/chaksu/raw/Train/1.0_Original_Fundus_Images/Remidio/IMG_3464.JPG,Remidio,NORMAL,LOW_RISK,0,train,train
remidio::img_2688.jpg,IMG_2688.JPG,datasets/glaucoma/chaksu/raw/Train/1.0_Original_Fundus_Images/Remidio/IMG_2688.JPG,Remidio,NORMAL,LOW_RISK,0,train,train
remidio::img_2619.jpg,IMG_2619.JPG,datasets/glaucoma/chaksu/raw/Train/1.0_Original_Fundus_Images/Remidio/IMG_2619.JPG,Remidio,NORMAL,LOW_RISK,0,train,train
remidio::img_3461.jpg,IMG_3461.JPG,datasets/glaucoma/chaksu/raw/Train/1.0_Original_Fundus_Images/Remidio/IMG_3461.JPG,Remidio,NORMAL,LOW_RISK,0,train,train
bosch::p7_image2.jpg,P7_Image2.JPG,datasets/glaucoma/chaksu/raw/Train/1.0_Original_Fundus_Images/Bosch/P7_Image2.JPG,Bosch,NORMAL,LOW_RISK,0,train,train
remidio::img_2806.jpg,IMG_2806.JPG,datasets/glaucoma/chaksu/raw/Train/1.0_Original_Fundus_Images/Remidio/IMG_2806.JPG,Remidio,NORMAL,LOW_RISK,0,train,train
remidio::img_3168.jpg,IMG_3168.JPG,datasets/glaucoma/chaksu/raw/Train/1.0_Original_Fundus_Images/Remidio/IMG_3168.JPG,Remidio,NORMAL,LOW_RISK,0,train,train
remidio::img_2546.jpg,IMG_2546.JPG,datasets/glaucoma/chaksu/raw/Train/1.0_Original_Fundus_Images/Remidio/IMG_2546.JPG,Remidio,GLAUCOMA SUSPECT,HIGH_RISK,1,train,train
remidio::img_3458.jpg,IMG_3458.JPG,datasets/glaucoma/chaksu/raw/Train/1.0_Original_Fundus_Images/Remidio/IMG_3458.JPG,Remidio,NORMAL,LOW_RISK,0,train,train
remidio::img_3162.jpg,IMG_3162.JPG,datasets/glaucoma/chaksu/raw/Train/1.0_Original_Fundus_Images/Remidio/IMG_3162.JPG,Remidio,NORMAL,LOW_RISK,0,train,train
remidio::img_2777.jpg,IMG_2777.JPG,datasets/glaucoma/chaksu/raw/Train/1.0_Original_Fundus_Images/Remidio/IMG_2777.JPG,Remidio,NORMAL,LOW_RISK,0,train,train
remidio::img_2448.jpg,IMG_2448.JPG,datasets/glaucoma/chaksu/raw/Train/1.0_Original_Fundus_Images/Remidio/IMG_2448.JPG,Remidio,NORMAL,LOW_RISK,0,train,train
remidio::img_2638.jpg,IMG_2638.JPG,datasets/glaucoma/chaksu/raw/Train/1.0_Original_Fundus_Images/Remidio/IMG_2638.JPG,Remidio,NORMAL,LOW_RISK,0,train,train
remidio::img_3585.jpg,IMG_3585.JPG,datasets/glaucoma/chaksu/raw/Train/1.0_Original_Fundus_Images/Remidio/IMG_3585.JPG,Remidio,NORMAL,LOW_RISK,0,train,train
remidio::img_2563.jpg,IMG_2563.JPG,datasets/glaucoma/chaksu/raw/Train/1.0_Original_Fundus_Images/Remidio/IMG_2563.JPG,Remidio,NORMAL,LOW_RISK,0,train,train
remidio::img_3258.jpg,IMG_3258.JPG,datasets/glaucoma/chaksu/raw/Train/1.0_Original_Fundus_Images/Remidio/IMG_3258.JPG,Remidio,NORMAL,LOW_RISK,0,train,train
forus::92.png,92.png,datasets/glaucoma/chaksu/raw/Train/1.0_Original_Fundus_Images/Forus/92.png,Forus,NORMAL,LOW_RISK,0,train,train
remidio::img_2725.jpg,IMG_2725.JPG,datasets/glaucoma/chaksu/raw/Train/1.0_Original_Fundus_Images/Remidio/IMG_2725.JPG,Remidio,NORMAL,LOW_RISK,0,train,train
forus::82.png,82.png,datasets/glaucoma/chaksu/raw/Train/1.0_Original_Fundus_Images/Forus/82.png,Forus,GLAUCOMA SUSPECT,HIGH_RISK,1,train,train
bosch::p6_image2.jpg,P6_Image2.JPG,datasets/glaucoma/chaksu/raw/Train/1.0_Original_Fundus_Images/Bosch/P6_Image2.JPG,Bosch,NORMAL,LOW_RISK,0,train,train
remidio::img_3589.jpg,IMG_3589.JPG,datasets/glaucoma/chaksu/raw/Train/1.0_Original_Fundus_Images/Remidio/IMG_3589.JPG,Remidio,NORMAL,LOW_RISK,0,train,train
forus::64.png,64.png,datasets/glaucoma/chaksu/raw/Train/1.0_Original_Fundus_Images/Forus/64.png,Forus,NORMAL,LOW_RISK,0,train,train
remidio::img_3270.jpg,IMG_3270.JPG,datasets/glaucoma/chaksu/raw/Train/1.0_Original_Fundus_Images/Remidio/IMG_3270.JPG,Remidio,NORMAL,LOW_RISK,0,train,train
remidio::img_3228.jpg,IMG_3228.JPG,datasets/glaucoma/chaksu/raw/Train/1.0_Original_Fundus_Images/Remidio/IMG_3228.JPG,Remidio,NORMAL,LOW_RISK,0,train,train
bosch::p10_image1.jpg,P10_Image1.JPG,datasets/glaucoma/chaksu/raw/Train/1.0_Original_Fundus_Images/Bosch/P10_Image1.JPG,Bosch,NORMAL,LOW_RISK,0,train,train
remidio::img_2795.jpg,IMG_2795.JPG,datasets/glaucoma/chaksu/raw/Train/1.0_Original_Fundus_Images/Remidio/IMG_2795.JPG,Remidio,NORMAL,LOW_RISK,0,train,train
remidio::img_3360.jpg,IMG_3360.JPG,datasets/glaucoma/chaksu/raw/Train/1.0_Original_Fundus_Images/Remidio/IMG_3360.JPG,Remidio,GLAUCOMA SUSPECT,HIGH_RISK,1,train,train
remidio::img_2522.jpg,IMG_2522.JPG,datasets/glaucoma/chaksu/raw/Train/1.0_Original_Fundus_Images/Remidio/IMG_2522.JPG,Remidio,GLAUCOMA SUSPECT,HIGH_RISK,1,train,train
remidio::img_3155.jpg,IMG_3155.JPG,datasets/glaucoma/chaksu/raw/Train/1.0_Original_Fundus_Images/Remidio/IMG_3155.JPG,Remidio,NORMAL,LOW_RISK,0,train,train
remidio::img_2459.jpg,IMG_2459.JPG,datasets/glaucoma/chaksu/raw/Train/1.0_Original_Fundus_Images/Remidio/IMG_2459.JPG,Remidio,GLAUCOMA SUSPECT,HIGH_RISK,1,train,train
bosch::image102.jpg,Image102.JPG,datasets/glaucoma/chaksu/raw/Train/1.0_Original_Fundus_Images/Bosch/Image102.JPG,Bosch,NORMAL,LOW_RISK,0,train,train
remidio::img_3302.jpg,IMG_3302.JPG,datasets/glaucoma/chaksu/raw/Train/1.0_Original_Fundus_Images/Remidio/IMG_3302.JPG,Remidio,NORMAL,LOW_RISK,0,train,train
remidio::img_3245.jpg,IMG_3245.JPG,datasets/glaucoma/chaksu/raw/Train/1.0_Original_Fundus_Images/Remidio/IMG_3245.JPG,Remidio,NORMAL,LOW_RISK,0,train,train
remidio::img_2447.jpg,IMG_2447.JPG,datasets/glaucoma/chaksu/raw/Train/1.0_Original_Fundus_Images/Remidio/IMG_2447.JPG,Remidio,NORMAL,LOW_RISK,0,train,train
remidio::img_3640.jpg,IMG_3640.JPG,datasets/glaucoma/chaksu/raw/Train/1.0_Original_Fundus_Images/Remidio/IMG_3640.JPG,Remidio,NORMAL,LOW_RISK,0,train,train
remidio::img_3505.jpg,IMG_3505.JPG,datasets/glaucoma/chaksu/raw/Train/1.0_Original_Fundus_Images/Remidio/IMG_3505.JPG,Remidio,NORMAL,LOW_RISK,0,train,train
remidio::img_3423.jpg,IMG_3423.JPG,datasets/glaucoma/chaksu/raw/Train/1.0_Original_Fundus_Images/Remidio/IMG_3423.JPG,Remidio,NORMAL,LOW_RISK,0,train,train
remidio::img_2588.jpg,IMG_2588.JPG,datasets/glaucoma/chaksu/raw/Train/1.0_Original_Fundus_Images/Remidio/IMG_2588.JPG,Remidio,NORMAL,LOW_RISK,0,train,train
remidio::img_2776.jpg,IMG_2776.JPG,datasets/glaucoma/chaksu/raw/Train/1.0_Original_Fundus_Images/Remidio/IMG_2776.JPG,Remidio,NORMAL,LOW_RISK,0,train,train
remidio::img_2440.jpg,IMG_2440.JPG,datasets/glaucoma/chaksu/raw/Train/1.0_Original_Fundus_Images/Remidio/IMG_2440.JPG,Remidio,NORMAL,LOW_RISK,0,train,train
remidio::img_3364.jpg,IMG_3364.JPG,datasets/glaucoma/chaksu/raw/Train/1.0_Original_Fundus_Images/Remidio/IMG_3364.JPG,Remidio,NORMAL,LOW_RISK,0,train,train
bosch::image111.jpg,Image111.JPG,datasets/glaucoma/chaksu/raw/Train/1.0_Original_Fundus_Images/Bosch/Image111.JPG,Bosch,NORMAL,LOW_RISK,0,train,train
remidio::img_2622.jpg,IMG_2622.JPG,datasets/glaucoma/chaksu/raw/Train/1.0_Original_Fundus_Images/Remidio/IMG_2622.JPG,Remidio,NORMAL,LOW_RISK,0,train,train
remidio::img_3256.jpg,IMG_3256.JPG,datasets/glaucoma/chaksu/raw/Train/1.0_Original_Fundus_Images/Remidio/IMG_3256.JPG,Remidio,NORMAL,LOW_RISK,0,train,train
remidio::img_3169.jpg,IMG_3169.JPG,datasets/glaucoma/chaksu/raw/Train/1.0_Original_Fundus_Images/Remidio/IMG_3169.JPG,Remidio,NORMAL,LOW_RISK,0,train,train
remidio::67239.jpg,67239.jpg,datasets/glaucoma/chaksu/raw/Train/1.0_Original_Fundus_Images/Remidio/67239.jpg,Remidio,NORMAL,LOW_RISK,0,train,train
remidio::img_2503.jpg,IMG_2503.JPG,datasets/glaucoma/chaksu/raw/Train/1.0_Original_Fundus_Images/Remidio/IMG_2503.JPG,Remidio,NORMAL,LOW_RISK,0,train,train
forus::87.png,87.png,datasets/glaucoma/chaksu/raw/Train/1.0_Original_Fundus_Images/Forus/87.png,Forus,NORMAL,LOW_RISK,0,train,train
remidio::img_3574.jpg,IMG_3574.JPG,datasets/glaucoma/chaksu/raw/Train/1.0_Original_Fundus_Images/Remidio/IMG_3574.JPG,Remidio,NORMAL,LOW_RISK,0,train,train
remidio::img_2562.jpg,IMG_2562.JPG,datasets/glaucoma/chaksu/raw/Train/1.0_Original_Fundus_Images/Remidio/IMG_2562.JPG,Remidio,NORMAL,LOW_RISK,0,train,train
remidio::img_3412.jpg,IMG_3412.JPG,datasets/glaucoma/chaksu/raw/Train/1.0_Original_Fundus_Images/Remidio/IMG_3412.JPG,Remidio,GLAUCOMA SUSPECT,HIGH_RISK,1,train,train
forus::33.png,33.png,datasets/glaucoma/chaksu/raw/Train/1.0_Original_Fundus_Images/Forus/33.png,Forus,NORMAL,LOW_RISK,0,train,train
remidio::img_3153.jpg,IMG_3153.JPG,datasets/glaucoma/chaksu/raw/Train/1.0_Original_Fundus_Images/Remidio/IMG_3153.JPG,Remidio,NORMAL,LOW_RISK,0,train,train
remidio::img_2677.jpg,IMG_2677.JPG,datasets/glaucoma/chaksu/raw/Train/1.0_Original_Fundus_Images/Remidio/IMG_2677.JPG,Remidio,NORMAL,LOW_RISK,0,train,train
remidio::img_2652.jpg,IMG_2652.JPG,datasets/glaucoma/chaksu/raw/Train/1.0_Original_Fundus_Images/Remidio/IMG_2652.JPG,Remidio,NORMAL,LOW_RISK,0,train,train
remidio::img_3205.jpg,IMG_3205.JPG,datasets/glaucoma/chaksu/raw/Train/1.0_Original_Fundus_Images/Remidio/IMG_3205.JPG,Remidio,NORMAL,LOW_RISK,0,train,train
remidio::img_2498.jpg,IMG_2498.JPG,datasets/glaucoma/chaksu/raw/Train/1.0_Original_Fundus_Images/Remidio/IMG_2498.JPG,Remidio,NORMAL,LOW_RISK,0,train,train
bosch::image101.jpg,Image101.JPG,datasets/glaucoma/chaksu/raw/Train/1.0_Original_Fundus_Images/Bosch/Image101.JPG,Bosch,GLAUCOMA SUSPECT,HIGH_RISK,1,train,train
remidio::img_3481.jpg,IMG_3481.JPG,datasets/glaucoma/chaksu/raw/Train/1.0_Original_Fundus_Images/Remidio/IMG_3481.JPG,Remidio,GLAUCOMA SUSPECT,HIGH_RISK,1,train,train
remidio::img_2746.jpg,IMG_2746.JPG,datasets/glaucoma/chaksu/raw/Train/1.0_Original_Fundus_Images/Remidio/IMG_2746.JPG,Remidio,NORMAL,LOW_RISK,0,train,train
remidio::img_3312.jpg,IMG_3312.JPG,datasets/glaucoma/chaksu/raw/Train/1.0_Original_Fundus_Images/Remidio/IMG_3312.JPG,Remidio,NORMAL,LOW_RISK,0,train,train
remidio::img_2495.jpg,IMG_2495.JPG,datasets/glaucoma/chaksu/raw/Train/1.0_Original_Fundus_Images/Remidio/IMG_2495.JPG,Remidio,NORMAL,LOW_RISK,0,train,train
remidio::img_3650.jpg,IMG_3650.JPG,datasets/glaucoma/chaksu/raw/Train/1.0_Original_Fundus_Images/Remidio/IMG_3650.JPG,Remidio,NORMAL,LOW_RISK,0,train,train
remidio::img_2432.jpg,IMG_2432.JPG,datasets/glaucoma/chaksu/raw/Train/1.0_Original_Fundus_Images/Remidio/IMG_2432.JPG,Remidio,NORMAL,LOW_RISK,0,train,train
remidio::img_3596.jpg,IMG_3596.JPG,datasets/glaucoma/chaksu/raw/Train/1.0_Original_Fundus_Images/Remidio/IMG_3596.JPG,Remidio,NORMAL,LOW_RISK,0,train,train
remidio::img_3558.jpg,IMG_3558.JPG,datasets/glaucoma/chaksu/raw/Train/1.0_Original_Fundus_Images/Remidio/IMG_3558.JPG,Remidio,NORMAL,LOW_RISK,0,train,train
remidio::img_3413.jpg,IMG_3413.JPG,datasets/glaucoma/chaksu/raw/Train/1.0_Original_Fundus_Images/Remidio/IMG_3413.JPG,Remidio,NORMAL,LOW_RISK,0,train,train
remidio::img_3415.jpg,IMG_3415.JPG,datasets/glaucoma/chaksu/raw/Train/1.0_Original_Fundus_Images/Remidio/IMG_3415.JPG,Remidio,NORMAL,LOW_RISK,0,train,train
remidio::img_3243.jpg,IMG_3243.JPG,datasets/glaucoma/chaksu/raw/Train/1.0_Original_Fundus_Images/Remidio/IMG_3243.JPG,Remidio,NORMAL,LOW_RISK,0,train,train
bosch::image137.jpg,Image137.JPG,datasets/glaucoma/chaksu/raw/Train/1.0_Original_Fundus_Images/Bosch/Image137.JPG,Bosch,NORMAL,LOW_RISK,0,train,train
bosch::p7_image1.jpg,P7_Image1.JPG,datasets/glaucoma/chaksu/raw/Train/1.0_Original_Fundus_Images/Bosch/P7_Image1.JPG,Bosch,NORMAL,LOW_RISK,0,train,train
remidio::img_3440.jpg,IMG_3440.JPG,datasets/glaucoma/chaksu/raw/Train/1.0_Original_Fundus_Images/Remidio/IMG_3440.JPG,Remidio,NORMAL,LOW_RISK,0,train,train
remidio::img_3511.jpg,IMG_3511.JPG,datasets/glaucoma/chaksu/raw/Train/1.0_Original_Fundus_Images/Remidio/IMG_3511.JPG,Remidio,NORMAL,LOW_RISK,0,train,train
forus::30.png,30.png,datasets/glaucoma/chaksu/raw/Train/1.0_Original_Fundus_Images/Forus/30.png,Forus,NORMAL,LOW_RISK,0,train,train
forus::77.png,77.png,datasets/glaucoma/chaksu/raw/Train/1.0_Original_Fundus_Images/Forus/77.png,Forus,NORMAL,LOW_RISK,0,train,train
forus::52.png,52.png,datasets/glaucoma/chaksu/raw/Train/1.0_Original_Fundus_Images/Forus/52.png,Forus,NORMAL,LOW_RISK,0,train,train
remidio::img_2508.jpg,IMG_2508.JPG,datasets/glaucoma/chaksu/raw/Train/1.0_Original_Fundus_Images/Remidio/IMG_2508.JPG,Remidio,NORMAL,LOW_RISK,0,train,train
remidio::img_3678.jpg,IMG_3678.JPG,datasets/glaucoma/chaksu/raw/Train/1.0_Original_Fundus_Images/Remidio/IMG_3678.JPG,Remidio,NORMAL,LOW_RISK,0,train,train
remidio::img_3183.jpg,IMG_3183.JPG,datasets/glaucoma/chaksu/raw/Train/1.0_Original_Fundus_Images/Remidio/IMG_3183.JPG,Remidio,NORMAL,LOW_RISK,0,train,train
remidio::img_3368.jpg,IMG_3368.JPG,datasets/glaucoma/chaksu/raw/Train/1.0_Original_Fundus_Images/Remidio/IMG_3368.JPG,Remidio,NORMAL,LOW_RISK,0,train,train
remidio::img_2662.jpg,IMG_2662.JPG,datasets/glaucoma/chaksu/raw/Train/1.0_Original_Fundus_Images/Remidio/IMG_2662.JPG,Remidio,NORMAL,LOW_RISK,0,train,train
remidio::img_3337.jpg,IMG_3337.JPG,datasets/glaucoma/chaksu/raw/Train/1.0_Original_Fundus_Images/Remidio/IMG_3337.JPG,Remidio,NORMAL,LOW_RISK,0,train,train
remidio::img_2578.jpg,IMG_2578.JPG,datasets/glaucoma/chaksu/raw/Train/1.0_Original_Fundus_Images/Remidio/IMG_2578.JPG,Remidio,GLAUCOMA SUSPECT,HIGH_RISK,1,train,train
remidio::img_3497.jpg,IMG_3497.JPG,datasets/glaucoma/chaksu/raw/Train/1.0_Original_Fundus_Images/Remidio/IMG_3497.JPG,Remidio,NORMAL,LOW_RISK,0,train,train
forus::49.png,49.png,datasets/glaucoma/chaksu/raw/Train/1.0_Original_Fundus_Images/Forus/49.png,Forus,NORMAL,LOW_RISK,0,train,train
remidio::img_2720.jpg,IMG_2720.JPG,datasets/glaucoma/chaksu/raw/Train/1.0_Original_Fundus_Images/Remidio/IMG_2720.JPG,Remidio,GLAUCOMA SUSPECT,HIGH_RISK,1,train,train
remidio::img_2715.jpg,IMG_2715.JPG,datasets/glaucoma/chaksu/raw/Train/1.0_Original_Fundus_Images/Remidio/IMG_2715.JPG,Remidio,NORMAL,LOW_RISK,0,train,train
remidio::img_2579.jpg,IMG_2579.JPG,datasets/glaucoma/chaksu/raw/Train/1.0_Original_Fundus_Images/Remidio/IMG_2579.JPG,Remidio,NORMAL,LOW_RISK,0,train,train
remidio::img_2600.jpg,IMG_2600.JPG,datasets/glaucoma/chaksu/raw/Train/1.0_Original_Fundus_Images/Remidio/IMG_2600.JPG,Remidio,NORMAL,LOW_RISK,0,train,train
remidio::img_3167.jpg,IMG_3167.JPG,datasets/glaucoma/chaksu/raw/Train/1.0_Original_Fundus_Images/Remidio/IMG_3167.JPG,Remidio,NORMAL,LOW_RISK,0,train,train
bosch::image161.jpg,Image161.JPG,datasets/glaucoma/chaksu/raw/Train/1.0_Original_Fundus_Images/Bosch/Image161.JPG,Bosch,NORMAL,LOW_RISK,0,train,train
remidio::img_2472.jpg,IMG_2472.JPG,datasets/glaucoma/chaksu/raw/Train/1.0_Original_Fundus_Images/Remidio/IMG_2472.JPG,Remidio,NORMAL,LOW_RISK,0,train,train
forus::16.png,16.png,datasets/glaucoma/chaksu/raw/Train/1.0_Original_Fundus_Images/Forus/16.png,Forus,NORMAL,LOW_RISK,0,train,train
remidio::img_2628.jpg,IMG_2628.JPG,datasets/glaucoma/chaksu/raw/Train/1.0_Original_Fundus_Images/Remidio/IMG_2628.JPG,Remidio,NORMAL,LOW_RISK,0,train,train
remidio::img_2756.jpg,IMG_2756.JPG,datasets/glaucoma/chaksu/raw/Train/1.0_Original_Fundus_Images/Remidio/IMG_2756.JPG,Remidio,NORMAL,LOW_RISK,0,train,train
bosch::image113.jpg,Image113.JPG,datasets/glaucoma/chaksu/raw/Train/1.0_Original_Fundus_Images/Bosch/Image113.JPG,Bosch,GLAUCOMA SUSPECT,HIGH_RISK,1,train,train
remidio::img_2635.jpg,IMG_2635.JPG,datasets/glaucoma/chaksu/raw/Train/1.0_Original_Fundus_Images/Remidio/IMG_2635.JPG,Remidio,NORMAL,LOW_RISK,0,train,train
bosch::image163.jpg,Image163.JPG,datasets/glaucoma/chaksu/raw/Train/1.0_Original_Fundus_Images/Bosch/Image163.JPG,Bosch,NORMAL,LOW_RISK,0,train,train
remidio::img_3195.jpg,IMG_3195.JPG,datasets/glaucoma/chaksu/raw/Train/1.0_Original_Fundus_Images/Remidio/IMG_3195.JPG,Remidio,NORMAL,LOW_RISK,0,train,train
remidio::img_3202.jpg,IMG_3202.JPG,datasets/glaucoma/chaksu/raw/Train/1.0_Original_Fundus_Images/Remidio/IMG_3202.JPG,Remidio,NORMAL,LOW_RISK,0,train,train
remidio::img_2698.jpg,IMG_2698.JPG,datasets/glaucoma/chaksu/raw/Train/1.0_Original_Fundus_Images/Remidio/IMG_2698.JPG,Remidio,NORMAL,LOW_RISK,0,train,train
remidio::img_2615.jpg,IMG_2615.JPG,datasets/glaucoma/chaksu/raw/Train/1.0_Original_Fundus_Images/Remidio/IMG_2615.JPG,Remidio,NORMAL,LOW_RISK,0,train,train
forus::83.png,83.png,datasets/glaucoma/chaksu/raw/Train/1.0_Original_Fundus_Images/Forus/83.png,Forus,GLAUCOMA SUSPECT,HIGH_RISK,1,train,train
remidio::img_3463.jpg,IMG_3463.JPG,datasets/glaucoma/chaksu/raw/Train/1.0_Original_Fundus_Images/Remidio/IMG_3463.JPG,Remidio,NORMAL,LOW_RISK,0,train,train
forus::66.png,66.png,datasets/glaucoma/chaksu/raw/Train/1.0_Original_Fundus_Images/Forus/66.png,Forus,NORMAL,LOW_RISK,0,train,train
remidio::img_3324.jpg,IMG_3324.JPG,datasets/glaucoma/chaksu/raw/Train/1.0_Original_Fundus_Images/Remidio/IMG_3324.JPG,Remidio,NORMAL,LOW_RISK,0,train,train
remidio::img_3442.jpg,IMG_3442.JPG,datasets/glaucoma/chaksu/raw/Train/1.0_Original_Fundus_Images/Remidio/IMG_3442.JPG,Remidio,NORMAL,LOW_RISK,0,train,train
bosch::image117.jpg,Image117.JPG,datasets/glaucoma/chaksu/raw/Train/1.0_Original_Fundus_Images/Bosch/Image117.JPG,Bosch,NORMAL,LOW_RISK,0,train,train
remidio::img_3305.jpg,IMG_3305.JPG,datasets/glaucoma/chaksu/raw/Train/1.0_Original_Fundus_Images/Remidio/IMG_3305.JPG,Remidio,NORMAL,LOW_RISK,0,train,train
remidio::img_3656.jpg,IMG_3656.JPG,datasets/glaucoma/chaksu/raw/Train/1.0_Original_Fundus_Images/Remidio/IMG_3656.JPG,Remidio,NORMAL,LOW_RISK,0,train,train
remidio::img_3521.jpg,IMG_3521.JPG,datasets/glaucoma/chaksu/raw/Train/1.0_Original_Fundus_Images/Remidio/IMG_3521.JPG,Remidio,NORMAL,LOW_RISK,0,train,train
remidio::img_3633.jpg,IMG_3633.JPG,datasets/glaucoma/chaksu/raw/Train/1.0_Original_Fundus_Images/Remidio/IMG_3633.JPG,Remidio,NORMAL,LOW_RISK,0,train,train
remidio::img_2705.jpg,IMG_2705.JPG,datasets/glaucoma/chaksu/raw/Train/1.0_Original_Fundus_Images/Remidio/IMG_2705.JPG,Remidio,NORMAL,LOW_RISK,0,train,train
remidio::img_2507.jpg,IMG_2507.JPG,datasets/glaucoma/chaksu/raw/Train/1.0_Original_Fundus_Images/Remidio/IMG_2507.JPG,Remidio,NORMAL,LOW_RISK,0,train,train
remidio::img_2781.jpg,IMG_2781.JPG,datasets/glaucoma/chaksu/raw/Train/1.0_Original_Fundus_Images/Remidio/IMG_2781.JPG,Remidio,GLAUCOMA SUSPECT,HIGH_RISK,1,train,train
remidio::img_2552.jpg,IMG_2552.JPG,datasets/glaucoma/chaksu/raw/Train/1.0_Original_Fundus_Images/Remidio/IMG_2552.JPG,Remidio,GLAUCOMA SUSPECT,HIGH_RISK,1,train,train
forus::54.png,54.png,datasets/glaucoma/chaksu/raw/Train/1.0_Original_Fundus_Images/Forus/54.png,Forus,NORMAL,LOW_RISK,0,train,train
forus::79.png,79.png,datasets/glaucoma/chaksu/raw/Train/1.0_Original_Fundus_Images/Forus/79.png,Forus,NORMAL,LOW_RISK,0,train,train
remidio::img_2592.jpg,IMG_2592.JPG,datasets/glaucoma/chaksu/raw/Train/1.0_Original_Fundus_Images/Remidio/IMG_2592.JPG,Remidio,NORMAL,LOW_RISK,0,train,train
remidio::img_2684.jpg,IMG_2684.JPG,datasets/glaucoma/chaksu/raw/Train/1.0_Original_Fundus_Images/Remidio/IMG_2684.JPG,Remidio,NORMAL,LOW_RISK,0,train,train
remidio::img_2719.jpg,IMG_2719.JPG,datasets/glaucoma/chaksu/raw/Train/1.0_Original_Fundus_Images/Remidio/IMG_2719.JPG,Remidio,NORMAL,LOW_RISK,0,train,train
remidio::img_3383.jpg,IMG_3383.JPG,datasets/glaucoma/chaksu/raw/Train/1.0_Original_Fundus_Images/Remidio/IMG_3383.JPG,Remidio,NORMAL,LOW_RISK,0,train,train
remidio::img_2779.jpg,IMG_2779.JPG,datasets/glaucoma/chaksu/raw/Train/1.0_Original_Fundus_Images/Remidio/IMG_2779.JPG,Remidio,GLAUCOMA SUSPECT,HIGH_RISK,1,train,train
remidio::img_2789.jpg,IMG_2789.JPG,datasets/glaucoma/chaksu/raw/Train/1.0_Original_Fundus_Images/Remidio/IMG_2789.JPG,Remidio,NORMAL,LOW_RISK,0,train,train
remidio::img_3659.jpg,IMG_3659.JPG,datasets/glaucoma/chaksu/raw/Train/1.0_Original_Fundus_Images/Remidio/IMG_3659.JPG,Remidio,NORMAL,LOW_RISK,0,train,train
remidio::35977.jpg,35977.jpg,datasets/glaucoma/chaksu/raw/Train/1.0_Original_Fundus_Images/Remidio/35977.jpg,Remidio,NORMAL,LOW_RISK,0,train,train
forus::47.png,47.png,datasets/glaucoma/chaksu/raw/Train/1.0_Original_Fundus_Images/Forus/47.png,Forus,NORMAL,LOW_RISK,0,train,train
remidio::img_2450.jpg,IMG_2450.JPG,datasets/glaucoma/chaksu/raw/Train/1.0_Original_Fundus_Images/Remidio/IMG_2450.JPG,Remidio,NORMAL,LOW_RISK,0,train,train
remidio::img_3471.jpg,IMG_3471.JPG,datasets/glaucoma/chaksu/raw/Train/1.0_Original_Fundus_Images/Remidio/IMG_3471.JPG,Remidio,NORMAL,LOW_RISK,0,train,train
forus::23.png,23.png,datasets/glaucoma/chaksu/raw/Train/1.0_Original_Fundus_Images/Forus/23.png,Forus,NORMAL,LOW_RISK,0,train,train
remidio::img_3214.jpg,IMG_3214.JPG,datasets/glaucoma/chaksu/raw/Train/1.0_Original_Fundus_Images/Remidio/IMG_3214.JPG,Remidio,NORMAL,LOW_RISK,0,train,train
remidio::img_3663.jpg,IMG_3663.JPG,datasets/glaucoma/chaksu/raw/Train/1.0_Original_Fundus_Images/Remidio/IMG_3663.JPG,Remidio,GLAUCOMA SUSPECT,HIGH_RISK,1,train,train
remidio::img_3223.jpg,IMG_3223.JPG,datasets/glaucoma/chaksu/raw/Train/1.0_Original_Fundus_Images/Remidio/IMG_3223.JPG,Remidio,NORMAL,LOW_RISK,0,train,train
remidio::img_2745.jpg,IMG_2745.JPG,datasets/glaucoma/chaksu/raw/Train/1.0_Original_Fundus_Images/Remidio/IMG_2745.JPG,Remidio,NORMAL,LOW_RISK,0,train,train
remidio::img_2800.jpg,IMG_2800.JPG,datasets/glaucoma/chaksu/raw/Train/1.0_Original_Fundus_Images/Remidio/IMG_2800.JPG,Remidio,NORMAL,LOW_RISK,0,train,train
remidio::img_2680.jpg,IMG_2680.JPG,datasets/glaucoma/chaksu/raw/Train/1.0_Original_Fundus_Images/Remidio/IMG_2680.JPG,Remidio,NORMAL,LOW_RISK,0,train,train
bosch::image159.jpg,Image159.JPG,datasets/glaucoma/chaksu/raw/Train/1.0_Original_Fundus_Images/Bosch/Image159.JPG,Bosch,GLAUCOMA SUSPECT,HIGH_RISK,1,train,train
remidio::img_2598.jpg,IMG_2598.JPG,datasets/glaucoma/chaksu/raw/Train/1.0_Original_Fundus_Images/Remidio/IMG_2598.JPG,Remidio,NORMAL,LOW_RISK,0,train,train
remidio::img_3490.jpg,IMG_3490.JPG,datasets/glaucoma/chaksu/raw/Train/1.0_Original_Fundus_Images/Remidio/IMG_3490.JPG,Remidio,NORMAL,LOW_RISK,0,train,train
remidio::img_2558.jpg,IMG_2558.JPG,datasets/glaucoma/chaksu/raw/Train/1.0_Original_Fundus_Images/Remidio/IMG_2558.JPG,Remidio,NORMAL,LOW_RISK,0,train,train
remidio::img_2463.jpg,IMG_2463.JPG,datasets/glaucoma/chaksu/raw/Train/1.0_Original_Fundus_Images/Remidio/IMG_2463.JPG,Remidio,GLAUCOMA SUSPECT,HIGH_RISK,1,train,train
remidio::img_3400.jpg,IMG_3400.JPG,datasets/glaucoma/chaksu/raw/Train/1.0_Original_Fundus_Images/Remidio/IMG_3400.JPG,Remidio,NORMAL,LOW_RISK,0,train,train
remidio::img_2523.jpg,IMG_2523.JPG,datasets/glaucoma/chaksu/raw/Train/1.0_Original_Fundus_Images/Remidio/IMG_2523.JPG,Remidio,NORMAL,LOW_RISK,0,train,train
remidio::img_3166.jpg,IMG_3166.JPG,datasets/glaucoma/chaksu/raw/Train/1.0_Original_Fundus_Images/Remidio/IMG_3166.JPG,Remidio,NORMAL,LOW_RISK,0,train,train
remidio::img_2528.jpg,IMG_2528.JPG,datasets/glaucoma/chaksu/raw/Train/1.0_Original_Fundus_Images/Remidio/IMG_2528.JPG,Remidio,GLAUCOMA SUSPECT,HIGH_RISK,1,train,train
remidio::img_2544.jpg,IMG_2544.JPG,datasets/glaucoma/chaksu/raw/Train/1.0_Original_Fundus_Images/Remidio/IMG_2544.JPG,Remidio,NORMAL,LOW_RISK,0,train,validation
remidio::img_3380.jpg,IMG_3380.JPG,datasets/glaucoma/chaksu/raw/Train/1.0_Original_Fundus_Images/Remidio/IMG_3380.JPG,Remidio,NORMAL,LOW_RISK,0,train,validation
remidio::img_3506.jpg,IMG_3506.JPG,datasets/glaucoma/chaksu/raw/Train/1.0_Original_Fundus_Images/Remidio/IMG_3506.JPG,Remidio,NORMAL,LOW_RISK,0,train,validation
remidio::img_3625.jpg,IMG_3625.JPG,datasets/glaucoma/chaksu/raw/Train/1.0_Original_Fundus_Images/Remidio/IMG_3625.JPG,Remidio,NORMAL,LOW_RISK,0,train,validation
bosch::image188.jpg,Image188.JPG,datasets/glaucoma/chaksu/raw/Train/1.0_Original_Fundus_Images/Bosch/Image188.JPG,Bosch,GLAUCOMA SUSPECT,HIGH_RISK,1,train,validation
remidio::img_3600.jpg,IMG_3600.JPG,datasets/glaucoma/chaksu/raw/Train/1.0_Original_Fundus_Images/Remidio/IMG_3600.JPG,Remidio,NORMAL,LOW_RISK,0,train,validation
remidio::img_2451.jpg,IMG_2451.JPG,datasets/glaucoma/chaksu/raw/Train/1.0_Original_Fundus_Images/Remidio/IMG_2451.JPG,Remidio,NORMAL,LOW_RISK,0,train,validation
forus::56.png,56.png,datasets/glaucoma/chaksu/raw/Train/1.0_Original_Fundus_Images/Forus/56.png,Forus,NORMAL,LOW_RISK,0,train,validation
bosch::image173.jpg,Image173.JPG,datasets/glaucoma/chaksu/raw/Train/1.0_Original_Fundus_Images/Bosch/Image173.JPG,Bosch,NORMAL,LOW_RISK,0,train,validation
remidio::img_2721.jpg,IMG_2721.JPG,datasets/glaucoma/chaksu/raw/Train/1.0_Original_Fundus_Images/Remidio/IMG_2721.JPG,Remidio,NORMAL,LOW_RISK,0,train,validation
remidio::img_2786.jpg,IMG_2786.JPG,datasets/glaucoma/chaksu/raw/Train/1.0_Original_Fundus_Images/Remidio/IMG_2786.JPG,Remidio,NORMAL,LOW_RISK,0,train,validation
bosch::p3_image1.jpg,P3_Image1.JPG,datasets/glaucoma/chaksu/raw/Train/1.0_Original_Fundus_Images/Bosch/P3_Image1.JPG,Bosch,NORMAL,LOW_RISK,0,train,validation
forus::45.png,45.png,datasets/glaucoma/chaksu/raw/Train/1.0_Original_Fundus_Images/Forus/45.png,Forus,GLAUCOMA SUSPECT,HIGH_RISK,1,train,validation
remidio::img_3662.jpg,IMG_3662.JPG,datasets/glaucoma/chaksu/raw/Train/1.0_Original_Fundus_Images/Remidio/IMG_3662.JPG,Remidio,GLAUCOMA SUSPECT,HIGH_RISK,1,train,validation
remidio::img_3352.jpg,IMG_3352.JPG,datasets/glaucoma/chaksu/raw/Train/1.0_Original_Fundus_Images/Remidio/IMG_3352.JPG,Remidio,NORMAL,LOW_RISK,0,train,validation
remidio::img_3533.jpg,IMG_3533.JPG,datasets/glaucoma/chaksu/raw/Train/1.0_Original_Fundus_Images/Remidio/IMG_3533.JPG,Remidio,NORMAL,LOW_RISK,0,train,validation
remidio::img_3642.jpg,IMG_3642.JPG,datasets/glaucoma/chaksu/raw/Train/1.0_Original_Fundus_Images/Remidio/IMG_3642.JPG,Remidio,NORMAL,LOW_RISK,0,train,validation
forus::12.png,12.png,datasets/glaucoma/chaksu/raw/Train/1.0_Original_Fundus_Images/Forus/12.png,Forus,NORMAL,LOW_RISK,0,train,validation
remidio::img_3287.jpg,IMG_3287.JPG,datasets/glaucoma/chaksu/raw/Train/1.0_Original_Fundus_Images/Remidio/IMG_3287.JPG,Remidio,NORMAL,LOW_RISK,0,train,validation
remidio::img_3526.jpg,IMG_3526.JPG,datasets/glaucoma/chaksu/raw/Train/1.0_Original_Fundus_Images/Remidio/IMG_3526.JPG,Remidio,NORMAL,LOW_RISK,0,train,validation
remidio::img_3639.jpg,IMG_3639.JPG,datasets/glaucoma/chaksu/raw/Train/1.0_Original_Fundus_Images/Remidio/IMG_3639.JPG,Remidio,NORMAL,LOW_RISK,0,train,validation
forus::22.png,22.png,datasets/glaucoma/chaksu/raw/Train/1.0_Original_Fundus_Images/Forus/22.png,Forus,GLAUCOMA SUSPECT,HIGH_RISK,1,train,validation
remidio::img_3636.jpg,IMG_3636.JPG,datasets/glaucoma/chaksu/raw/Train/1.0_Original_Fundus_Images/Remidio/IMG_3636.JPG,Remidio,GLAUCOMA SUSPECT,HIGH_RISK,1,train,validation
remidio::img_2542.jpg,IMG_2542.JPG,datasets/glaucoma/chaksu/raw/Train/1.0_Original_Fundus_Images/Remidio/IMG_2542.JPG,Remidio,NORMAL,LOW_RISK,0,train,validation
remidio::img_2529.jpg,IMG_2529.JPG,datasets/glaucoma/chaksu/raw/Train/1.0_Original_Fundus_Images/Remidio/IMG_2529.JPG,Remidio,NORMAL,LOW_RISK,0,train,validation
remidio::img_3417.jpg,IMG_3417.JPG,datasets/glaucoma/chaksu/raw/Train/1.0_Original_Fundus_Images/Remidio/IMG_3417.JPG,Remidio,NORMAL,LOW_RISK,0,train,validation
remidio::img_3426.jpg,IMG_3426.JPG,datasets/glaucoma/chaksu/raw/Train/1.0_Original_Fundus_Images/Remidio/IMG_3426.JPG,Remidio,NORMAL,LOW_RISK,0,train,validation
remidio::img_3277.jpg,IMG_3277.JPG,datasets/glaucoma/chaksu/raw/Train/1.0_Original_Fundus_Images/Remidio/IMG_3277.JPG,Remidio,GLAUCOMA SUSPECT,HIGH_RISK,1,train,validation
remidio::img_2757.jpg,IMG_2757.JPG,datasets/glaucoma/chaksu/raw/Train/1.0_Original_Fundus_Images/Remidio/IMG_2757.JPG,Remidio,NORMAL,LOW_RISK,0,train,validation
bosch::image152.jpg,Image152.JPG,datasets/glaucoma/chaksu/raw/Train/1.0_Original_Fundus_Images/Bosch/Image152.JPG,Bosch,NORMAL,LOW_RISK,0,train,validation
remidio::img_3708.jpg,IMG_3708.JPG,datasets/glaucoma/chaksu/raw/Train/1.0_Original_Fundus_Images/Remidio/IMG_3708.JPG,Remidio,NORMAL,LOW_RISK,0,train,validation
remidio::img_3384.jpg,IMG_3384.JPG,datasets/glaucoma/chaksu/raw/Train/1.0_Original_Fundus_Images/Remidio/IMG_3384.JPG,Remidio,NORMAL,LOW_RISK,0,train,validation
remidio::39636.jpg,39636.jpg,datasets/glaucoma/chaksu/raw/Train/1.0_Original_Fundus_Images/Remidio/39636.jpg,Remidio,NORMAL,LOW_RISK,0,train,validation
remidio::img_3489.jpg,IMG_3489.JPG,datasets/glaucoma/chaksu/raw/Train/1.0_Original_Fundus_Images/Remidio/IMG_3489.JPG,Remidio,NORMAL,LOW_RISK,0,train,validation
bosch::image162.jpg,Image162.JPG,datasets/glaucoma/chaksu/raw/Train/1.0_Original_Fundus_Images/Bosch/Image162.JPG,Bosch,NORMAL,LOW_RISK,0,train,validation
remidio::img_2708.jpg,IMG_2708.JPG,datasets/glaucoma/chaksu/raw/Train/1.0_Original_Fundus_Images/Remidio/IMG_2708.JPG,Remidio,NORMAL,LOW_RISK,0,train,validation
remidio::img_2645.jpg,IMG_2645.JPG,datasets/glaucoma/chaksu/raw/Train/1.0_Original_Fundus_Images/Remidio/IMG_2645.JPG,Remidio,NORMAL,LOW_RISK,0,train,validation
bosch::image120.jpg,Image120.JPG,datasets/glaucoma/chaksu/raw/Train/1.0_Original_Fundus_Images/Bosch/Image120.JPG,Bosch,NORMAL,LOW_RISK,0,train,validation
remidio::img_2665.jpg,IMG_2665.JPG,datasets/glaucoma/chaksu/raw/Train/1.0_Original_Fundus_Images/Remidio/IMG_2665.JPG,Remidio,NORMAL,LOW_RISK,0,train,validation
remidio::img_3204.jpg,IMG_3204.JPG,datasets/glaucoma/chaksu/raw/Train/1.0_Original_Fundus_Images/Remidio/IMG_3204.JPG,Remidio,NORMAL,LOW_RISK,0,train,validation
remidio::img_2670.jpg,IMG_2670.JPG,datasets/glaucoma/chaksu/raw/Train/1.0_Original_Fundus_Images/Remidio/IMG_2670.JPG,Remidio,NORMAL,LOW_RISK,0,train,validation
remidio::img_2616.jpg,IMG_2616.JPG,datasets/glaucoma/chaksu/raw/Train/1.0_Original_Fundus_Images/Remidio/IMG_2616.JPG,Remidio,NORMAL,LOW_RISK,0,train,validation
remidio::img_2702.jpg,IMG_2702.JPG,datasets/glaucoma/chaksu/raw/Train/1.0_Original_Fundus_Images/Remidio/IMG_2702.JPG,Remidio,NORMAL,LOW_RISK,0,train,validation
remidio::img_2783.jpg,IMG_2783.JPG,datasets/glaucoma/chaksu/raw/Train/1.0_Original_Fundus_Images/Remidio/IMG_2783.JPG,Remidio,NORMAL,LOW_RISK,0,train,validation
remidio::img_3405.jpg,IMG_3405.JPG,datasets/glaucoma/chaksu/raw/Train/1.0_Original_Fundus_Images/Remidio/IMG_3405.JPG,Remidio,NORMAL,LOW_RISK,0,train,validation
bosch::p5_image1.jpg,P5_Image1.JPG,datasets/glaucoma/chaksu/raw/Train/1.0_Original_Fundus_Images/Bosch/P5_Image1.JPG,Bosch,NORMAL,LOW_RISK,0,train,validation
remidio::img_2629.jpg,IMG_2629.JPG,datasets/glaucoma/chaksu/raw/Train/1.0_Original_Fundus_Images/Remidio/IMG_2629.JPG,Remidio,NORMAL,LOW_RISK,0,train,validation
bosch::image176.jpg,Image176.JPG,datasets/glaucoma/chaksu/raw/Train/1.0_Original_Fundus_Images/Bosch/Image176.JPG,Bosch,NORMAL,LOW_RISK,0,train,validation
remidio::img_2620.jpg,IMG_2620.JPG,datasets/glaucoma/chaksu/raw/Train/1.0_Original_Fundus_Images/Remidio/IMG_2620.JPG,Remidio,NORMAL,LOW_RISK,0,train,validation
remidio::img_3274.jpg,IMG_3274.JPG,datasets/glaucoma/chaksu/raw/Train/1.0_Original_Fundus_Images/Remidio/IMG_3274.JPG,Remidio,NORMAL,LOW_RISK,0,train,validation
bosch::image128.jpg,Image128.JPG,datasets/glaucoma/chaksu/raw/Train/1.0_Original_Fundus_Images/Bosch/Image128.JPG,Bosch,GLAUCOMA SUSPECT,HIGH_RISK,1,train,validation
remidio::img_3177.jpg,IMG_3177.JPG,datasets/glaucoma/chaksu/raw/Train/1.0_Original_Fundus_Images/Remidio/IMG_3177.JPG,Remidio,GLAUCOMA SUSPECT,HIGH_RISK,1,train,validation
forus::37.png,37.png,datasets/glaucoma/chaksu/raw/Train/1.0_Original_Fundus_Images/Forus/37.png,Forus,NORMAL,LOW_RISK,0,train,validation
remidio::img_3362.jpg,IMG_3362.JPG,datasets/glaucoma/chaksu/raw/Train/1.0_Original_Fundus_Images/Remidio/IMG_3362.JPG,Remidio,NORMAL,LOW_RISK,0,train,validation
forus::19.png,19.png,datasets/glaucoma/chaksu/raw/Train/1.0_Original_Fundus_Images/Forus/19.png,Forus,NORMAL,LOW_RISK,0,train,validation
remidio::img_2561.jpg,IMG_2561.JPG,datasets/glaucoma/chaksu/raw/Train/1.0_Original_Fundus_Images/Remidio/IMG_2561.JPG,Remidio,NORMAL,LOW_RISK,0,train,validation
remidio::img_3655.jpg,IMG_3655.JPG,datasets/glaucoma/chaksu/raw/Train/1.0_Original_Fundus_Images/Remidio/IMG_3655.JPG,Remidio,NORMAL,LOW_RISK,0,train,validation
remidio::img_2778.jpg,IMG_2778.JPG,datasets/glaucoma/chaksu/raw/Train/1.0_Original_Fundus_Images/Remidio/IMG_2778.JPG,Remidio,NORMAL,LOW_RISK,0,train,validation
remidio::img_3239.jpg,IMG_3239.JPG,datasets/glaucoma/chaksu/raw/Train/1.0_Original_Fundus_Images/Remidio/IMG_3239.JPG,Remidio,NORMAL,LOW_RISK,0,train,validation
remidio::img_3456.jpg,IMG_3456.JPG,datasets/glaucoma/chaksu/raw/Train/1.0_Original_Fundus_Images/Remidio/IMG_3456.JPG,Remidio,NORMAL,LOW_RISK,0,train,validation
remidio::img_2744.jpg,IMG_2744.JPG,datasets/glaucoma/chaksu/raw/Train/1.0_Original_Fundus_Images/Remidio/IMG_2744.JPG,Remidio,NORMAL,LOW_RISK,0,train,validation
bosch::image140.jpg,Image140.JPG,datasets/glaucoma/chaksu/raw/Train/1.0_Original_Fundus_Images/Bosch/Image140.JPG,Bosch,NORMAL,LOW_RISK,0,train,validation
remidio::img_3331.jpg,IMG_3331.JPG,datasets/glaucoma/chaksu/raw/Train/1.0_Original_Fundus_Images/Remidio/IMG_3331.JPG,Remidio,NORMAL,LOW_RISK,0,train,validation
remidio::img_2443.jpg,IMG_2443.JPG,datasets/glaucoma/chaksu/raw/Train/1.0_Original_Fundus_Images/Remidio/IMG_2443.JPG,Remidio,NORMAL,LOW_RISK,0,train,validation
forus::15.png,15.png,datasets/glaucoma/chaksu/raw/Train/1.0_Original_Fundus_Images/Forus/15.png,Forus,NORMAL,LOW_RISK,0,train,validation
remidio::img_2467.jpg,IMG_2467.JPG,datasets/glaucoma/chaksu/raw/Train/1.0_Original_Fundus_Images/Remidio/IMG_2467.JPG,Remidio,NORMAL,LOW_RISK,0,train,validation
remidio::img_3673.jpg,IMG_3673.JPG,datasets/glaucoma/chaksu/raw/Train/1.0_Original_Fundus_Images/Remidio/IMG_3673.JPG,Remidio,GLAUCOMA SUSPECT,HIGH_RISK,1,train,validation
remidio::img_2681.jpg,IMG_2681.JPG,datasets/glaucoma/chaksu/raw/Train/1.0_Original_Fundus_Images/Remidio/IMG_2681.JPG,Remidio,NORMAL,LOW_RISK,0,train,validation
forus::78.png,78.png,datasets/glaucoma/chaksu/raw/Train/1.0_Original_Fundus_Images/Forus/78.png,Forus,NORMAL,LOW_RISK,0,train,validation
remidio::img_3419.jpg,IMG_3419.JPG,datasets/glaucoma/chaksu/raw/Train/1.0_Original_Fundus_Images/Remidio/IMG_3419.JPG,Remidio,NORMAL,LOW_RISK,0,train,validation
remidio::img_2571.jpg,IMG_2571.JPG,datasets/glaucoma/chaksu/raw/Train/1.0_Original_Fundus_Images/Remidio/IMG_2571.JPG,Remidio,NORMAL,LOW_RISK,0,train,validation
remidio::img_3209.jpg,IMG_3209.JPG,datasets/glaucoma/chaksu/raw/Train/1.0_Original_Fundus_Images/Remidio/IMG_3209.JPG,Remidio,NORMAL,LOW_RISK,0,train,validation
remidio::img_2509.jpg,IMG_2509.JPG,datasets/glaucoma/chaksu/raw/Train/1.0_Original_Fundus_Images/Remidio/IMG_2509.JPG,Remidio,NORMAL,LOW_RISK,0,train,validation
remidio::img_3495.jpg,IMG_3495.JPG,datasets/glaucoma/chaksu/raw/Train/1.0_Original_Fundus_Images/Remidio/IMG_3495.JPG,Remidio,NORMAL,LOW_RISK,0,train,validation
remidio::img_2557.jpg,IMG_2557.JPG,datasets/glaucoma/chaksu/raw/Train/1.0_Original_Fundus_Images/Remidio/IMG_2557.JPG,Remidio,NORMAL,LOW_RISK,0,train,validation
remidio::img_3479.jpg,IMG_3479.JPG,datasets/glaucoma/chaksu/raw/Train/1.0_Original_Fundus_Images/Remidio/IMG_3479.JPG,Remidio,NORMAL,LOW_RISK,0,train,validation
remidio::img_3265.jpg,IMG_3265.JPG,datasets/glaucoma/chaksu/raw/Train/1.0_Original_Fundus_Images/Remidio/IMG_3265.JPG,Remidio,GLAUCOMA SUSPECT,HIGH_RISK,1,train,validation
remidio::img_2666.jpg,IMG_2666.JPG,datasets/glaucoma/chaksu/raw/Train/1.0_Original_Fundus_Images/Remidio/IMG_2666.JPG,Remidio,NORMAL,LOW_RISK,0,train,validation
remidio::img_3392.jpg,IMG_3392.JPG,datasets/glaucoma/chaksu/raw/Train/1.0_Original_Fundus_Images/Remidio/IMG_3392.JPG,Remidio,NORMAL,LOW_RISK,0,train,validation
forus::75.png,75.png,datasets/glaucoma/chaksu/raw/Train/1.0_Original_Fundus_Images/Forus/75.png,Forus,NORMAL,LOW_RISK,0,train,validation
remidio::img_2446.jpg,IMG_2446.JPG,datasets/glaucoma/chaksu/raw/Train/1.0_Original_Fundus_Images/Remidio/IMG_2446.JPG,Remidio,NORMAL,LOW_RISK,0,train,validation
forus::1.png,1.png,datasets/glaucoma/chaksu/raw/Train/1.0_Original_Fundus_Images/Forus/1.png,Forus,GLAUCOMA SUSPECT,HIGH_RISK,1,train,validation
remidio::img_2572.jpg,IMG_2572.JPG,datasets/glaucoma/chaksu/raw/Train/1.0_Original_Fundus_Images/Remidio/IMG_2572.JPG,Remidio,NORMAL,LOW_RISK,0,train,validation
remidio::img_3377.jpg,IMG_3377.JPG,datasets/glaucoma/chaksu/raw/Train/1.0_Original_Fundus_Images/Remidio/IMG_3377.JPG,Remidio,NORMAL,LOW_RISK,0,train,validation
remidio::img_3483.jpg,IMG_3483.JPG,datasets/glaucoma/chaksu/raw/Train/1.0_Original_Fundus_Images/Remidio/IMG_3483.JPG,Remidio,NORMAL,LOW_RISK,0,train,validation
remidio::img_3241.jpg,IMG_3241.JPG,datasets/glaucoma/chaksu/raw/Train/1.0_Original_Fundus_Images/Remidio/IMG_3241.JPG,Remidio,NORMAL,LOW_RISK,0,train,validation
remidio::img_3396.jpg,IMG_3396.JPG,datasets/glaucoma/chaksu/raw/Train/1.0_Original_Fundus_Images/Remidio/IMG_3396.JPG,Remidio,NORMAL,LOW_RISK,0,train,validation
remidio::img_2486.jpg,IMG_2486.JPG,datasets/glaucoma/chaksu/raw/Train/1.0_Original_Fundus_Images/Remidio/IMG_2486.JPG,Remidio,NORMAL,LOW_RISK,0,train,validation
remidio::69707.jpg,69707.jpg,datasets/glaucoma/chaksu/raw/Train/1.0_Original_Fundus_Images/Remidio/69707.jpg,Remidio,GLAUCOMA SUSPECT,HIGH_RISK,1,train,validation
remidio::img_2650.jpg,IMG_2650.JPG,datasets/glaucoma/chaksu/raw/Train/1.0_Original_Fundus_Images/Remidio/IMG_2650.JPG,Remidio,NORMAL,LOW_RISK,0,train,validation
remidio::img_3588.jpg,IMG_3588.JPG,datasets/glaucoma/chaksu/raw/Train/1.0_Original_Fundus_Images/Remidio/IMG_3588.JPG,Remidio,GLAUCOMA SUSPECT,HIGH_RISK,1,train,validation
remidio::img_3702.jpg,IMG_3702.JPG,datasets/glaucoma/chaksu/raw/Train/1.0_Original_Fundus_Images/Remidio/IMG_3702.JPG,Remidio,NORMAL,LOW_RISK,0,train,validation
remidio::img_3577.jpg,IMG_3577.JPG,datasets/glaucoma/chaksu/raw/Train/1.0_Original_Fundus_Images/Remidio/IMG_3577.JPG,Remidio,GLAUCOMA SUSPECT,HIGH_RISK,1,train,validation
remidio::img_3341.jpg,IMG_3341.JPG,datasets/glaucoma/chaksu/raw/Train/1.0_Original_Fundus_Images/Remidio/IMG_3341.JPG,Remidio,NORMAL,LOW_RISK,0,train,validation
remidio::img_2468.jpg,IMG_2468.JPG,datasets/glaucoma/chaksu/raw/Train/1.0_Original_Fundus_Images/Remidio/IMG_2468.JPG,Remidio,NORMAL,LOW_RISK,0,train,validation
remidio::img_3594.jpg,IMG_3594.JPG,datasets/glaucoma/chaksu/raw/Train/1.0_Original_Fundus_Images/Remidio/IMG_3594.JPG,Remidio,NORMAL,LOW_RISK,0,train,validation
remidio::img_3543.jpg,IMG_3543.JPG,datasets/glaucoma/chaksu/raw/Train/1.0_Original_Fundus_Images/Remidio/IMG_3543.JPG,Remidio,GLAUCOMA SUSPECT,HIGH_RISK,1,train,validation
forus::60.png,60.png,datasets/glaucoma/chaksu/raw/Train/1.0_Original_Fundus_Images/Forus/60.png,Forus,NORMAL,LOW_RISK,0,train,validation
remidio::img_2640.jpg,IMG_2640.JPG,datasets/glaucoma/chaksu/raw/Train/1.0_Original_Fundus_Images/Remidio/IMG_2640.JPG,Remidio,NORMAL,LOW_RISK,0,train,validation
remidio::img_2445.jpg,IMG_2445.JPG,datasets/glaucoma/chaksu/raw/Train/1.0_Original_Fundus_Images/Remidio/IMG_2445.JPG,Remidio,GLAUCOMA SUSPECT,HIGH_RISK,1,train,validation
remidio::img_3212.jpg,IMG_3212.JPG,datasets/glaucoma/chaksu/raw/Train/1.0_Original_Fundus_Images/Remidio/IMG_3212.JPG,Remidio,NORMAL,LOW_RISK,0,train,validation
forus::48.png,48.png,datasets/glaucoma/chaksu/raw/Train/1.0_Original_Fundus_Images/Forus/48.png,Forus,NORMAL,LOW_RISK,0,train,validation
remidio::img_3262.jpg,IMG_3262.JPG,datasets/glaucoma/chaksu/raw/Train/1.0_Original_Fundus_Images/Remidio/IMG_3262.JPG,Remidio,NORMAL,LOW_RISK,0,train,validation
forus::24.png,24.png,datasets/glaucoma/chaksu/raw/Train/1.0_Original_Fundus_Images/Forus/24.png,Forus,NORMAL,LOW_RISK,0,train,validation
remidio::img_2770.jpg,IMG_2770.JPG,datasets/glaucoma/chaksu/raw/Train/1.0_Original_Fundus_Images/Remidio/IMG_2770.JPG,Remidio,NORMAL,LOW_RISK,0,train,validation
remidio::img_2484.jpg,IMG_2484.JPG,datasets/glaucoma/chaksu/raw/Train/1.0_Original_Fundus_Images/Remidio/IMG_2484.JPG,Remidio,NORMAL,LOW_RISK,0,train,validation
remidio::img_2804.jpg,IMG_2804.JPG,datasets/glaucoma/chaksu/raw/Train/1.0_Original_Fundus_Images/Remidio/IMG_2804.JPG,Remidio,NORMAL,LOW_RISK,0,train,validation
remidio::img_3326.jpg,IMG_3326.JPG,datasets/glaucoma/chaksu/raw/Train/1.0_Original_Fundus_Images/Remidio/IMG_3326.JPG,Remidio,NORMAL,LOW_RISK,0,train,validation
remidio::img_2482.jpg,IMG_2482.JPG,datasets/glaucoma/chaksu/raw/Train/1.0_Original_Fundus_Images/Remidio/IMG_2482.JPG,Remidio,NORMAL,LOW_RISK,0,train,validation
remidio::img_3430.jpg,IMG_3430.JPG,datasets/glaucoma/chaksu/raw/Train/1.0_Original_Fundus_Images/Remidio/IMG_3430.JPG,Remidio,NORMAL,LOW_RISK,0,train,validation
remidio::img_3253.jpg,IMG_3253.JPG,datasets/glaucoma/chaksu/raw/Train/1.0_Original_Fundus_Images/Remidio/IMG_3253.JPG,Remidio,NORMAL,LOW_RISK,0,train,validation
remidio::img_3203.jpg,IMG_3203.JPG,datasets/glaucoma/chaksu/raw/Train/1.0_Original_Fundus_Images/Remidio/IMG_3203.JPG,Remidio,NORMAL,LOW_RISK,0,train,validation
remidio::img_2807.jpg,IMG_2807.JPG,datasets/glaucoma/chaksu/raw/Train/1.0_Original_Fundus_Images/Remidio/IMG_2807.JPG,Remidio,NORMAL,LOW_RISK,0,train,validation
remidio::img_3373.jpg,IMG_3373.JPG,datasets/glaucoma/chaksu/raw/Train/1.0_Original_Fundus_Images/Remidio/IMG_3373.JPG,Remidio,NORMAL,LOW_RISK,0,train,validation
remidio::img_2458.jpg,IMG_2458.JPG,datasets/glaucoma/chaksu/raw/Train/1.0_Original_Fundus_Images/Remidio/IMG_2458.JPG,Remidio,NORMAL,LOW_RISK,0,train,validation
remidio::img_3675.jpg,IMG_3675.JPG,datasets/glaucoma/chaksu/raw/Train/1.0_Original_Fundus_Images/Remidio/IMG_3675.JPG,Remidio,NORMAL,LOW_RISK,0,train,validation
remidio::img_2775.jpg,IMG_2775.JPG,datasets/glaucoma/chaksu/raw/Train/1.0_Original_Fundus_Images/Remidio/IMG_2775.JPG,Remidio,NORMAL,LOW_RISK,0,train,validation
remidio::img_3293.jpg,IMG_3293.JPG,datasets/glaucoma/chaksu/raw/Train/1.0_Original_Fundus_Images/Remidio/IMG_3293.JPG,Remidio,GLAUCOMA SUSPECT,HIGH_RISK,1,train,validation
remidio::img_3393.jpg,IMG_3393.JPG,datasets/glaucoma/chaksu/raw/Train/1.0_Original_Fundus_Images/Remidio/IMG_3393.JPG,Remidio,GLAUCOMA SUSPECT,HIGH_RISK,1,train,validation
remidio::img_3374.jpg,IMG_3374.JPG,datasets/glaucoma/chaksu/raw/Train/1.0_Original_Fundus_Images/Remidio/IMG_3374.JPG,Remidio,NORMAL,LOW_RISK,0,train,validation
remidio::img_2583.jpg,IMG_2583.JPG,datasets/glaucoma/chaksu/raw/Train/1.0_Original_Fundus_Images/Remidio/IMG_2583.JPG,Remidio,NORMAL,LOW_RISK,0,train,validation
remidio::img_2551.jpg,IMG_2551.JPG,datasets/glaucoma/chaksu/raw/Train/1.0_Original_Fundus_Images/Remidio/IMG_2551.JPG,Remidio,GLAUCOMA SUSPECT,HIGH_RISK,1,train,validation
remidio::img_3441.jpg,IMG_3441.JPG,datasets/glaucoma/chaksu/raw/Train/1.0_Original_Fundus_Images/Remidio/IMG_3441.JPG,Remidio,NORMAL,LOW_RISK,0,train,validation
remidio::img_3567.jpg,IMG_3567.JPG,datasets/glaucoma/chaksu/raw/Train/1.0_Original_Fundus_Images/Remidio/IMG_3567.JPG,Remidio,NORMAL,LOW_RISK,0,train,validation
remidio::img_2554.jpg,IMG_2554.JPG,datasets/glaucoma/chaksu/raw/Train/1.0_Original_Fundus_Images/Remidio/IMG_2554.JPG,Remidio,NORMAL,LOW_RISK,0,train,validation
remidio::img_2740.jpg,IMG_2740.JPG,datasets/glaucoma/chaksu/raw/Train/1.0_Original_Fundus_Images/Remidio/IMG_2740.JPG,Remidio,NORMAL,LOW_RISK,0,train,validation
remidio::img_2438.jpg,IMG_2438.JPG,datasets/glaucoma/chaksu/raw/Train/1.0_Original_Fundus_Images/Remidio/IMG_2438.JPG,Remidio,NORMAL,LOW_RISK,0,train,validation
remidio::img_2487.jpg,IMG_2487.JPG,datasets/glaucoma/chaksu/raw/Train/1.0_Original_Fundus_Images/Remidio/IMG_2487.JPG,Remidio,NORMAL,LOW_RISK,0,train,validation
remidio::img_3272.jpg,IMG_3272.JPG,datasets/glaucoma/chaksu/raw/Train/1.0_Original_Fundus_Images/Remidio/IMG_3272.JPG,Remidio,NORMAL,LOW_RISK,0,train,validation
remidio::img_3536.jpg,IMG_3536.JPG,datasets/glaucoma/chaksu/raw/Train/1.0_Original_Fundus_Images/Remidio/IMG_3536.JPG,Remidio,NORMAL,LOW_RISK,0,train,validation
remidio::img_2586.jpg,IMG_2586.JPG,datasets/glaucoma/chaksu/raw/Train/1.0_Original_Fundus_Images/Remidio/IMG_2586.JPG,Remidio,NORMAL,LOW_RISK,0,train,validation
remidio::img_2699.jpg,IMG_2699.JPG,datasets/glaucoma/chaksu/raw/Train/1.0_Original_Fundus_Images/Remidio/IMG_2699.JPG,Remidio,NORMAL,LOW_RISK,0,train,validation
remidio::img_3486.jpg,IMG_3486.JPG,datasets/glaucoma/chaksu/raw/Train/1.0_Original_Fundus_Images/Remidio/IMG_3486.JPG,Remidio,GLAUCOMA SUSPECT,HIGH_RISK,1,train,validation
remidio::img_2621.jpg,IMG_2621.JPG,datasets/glaucoma/chaksu/raw/Train/1.0_Original_Fundus_Images/Remidio/IMG_2621.JPG,Remidio,NORMAL,LOW_RISK,0,train,validation
remidio::img_2782.jpg,IMG_2782.JPG,datasets/glaucoma/chaksu/raw/Train/1.0_Original_Fundus_Images/Remidio/IMG_2782.JPG,Remidio,NORMAL,LOW_RISK,0,train,validation
bosch::image180.jpg,Image180.JPG,datasets/glaucoma/chaksu/raw/Train/1.0_Original_Fundus_Images/Bosch/Image180.JPG,Bosch,NORMAL,LOW_RISK,0,train,validation
remidio::img_2732.jpg,IMG_2732.JPG,datasets/glaucoma/chaksu/raw/Train/1.0_Original_Fundus_Images/Remidio/IMG_2732.JPG,Remidio,NORMAL,LOW_RISK,0,train,validation
bosch::image148.jpg,Image148.JPG,datasets/glaucoma/chaksu/raw/Train/1.0_Original_Fundus_Images/Bosch/Image148.JPG,Bosch,GLAUCOMA SUSPECT,HIGH_RISK,1,train,validation
remidio::img_3261.jpg,IMG_3261.JPG,datasets/glaucoma/chaksu/raw/Train/1.0_Original_Fundus_Images/Remidio/IMG_3261.JPG,Remidio,NORMAL,LOW_RISK,0,train,validation
remidio::img_2575.jpg,IMG_2575.JPG,datasets/glaucoma/chaksu/raw/Train/1.0_Original_Fundus_Images/Remidio/IMG_2575.JPG,Remidio,NORMAL,LOW_RISK,0,train,validation
remidio::img_2734.jpg,IMG_2734.JPG,datasets/glaucoma/chaksu/raw/Train/1.0_Original_Fundus_Images/Remidio/IMG_2734.JPG,Remidio,NORMAL,LOW_RISK,0,train,validation
remidio::img_3174.jpg,IMG_3174.JPG,datasets/glaucoma/chaksu/raw/Train/1.0_Original_Fundus_Images/Remidio/IMG_3174.JPG,Remidio,NORMAL,LOW_RISK,0,train,validation
remidio::img_2491.jpg,IMG_2491.JPG,datasets/glaucoma/chaksu/raw/Train/1.0_Original_Fundus_Images/Remidio/IMG_2491.JPG,Remidio,NORMAL,LOW_RISK,0,train,validation
remidio::img_2760.jpg,IMG_2760.JPG,datasets/glaucoma/chaksu/raw/Train/1.0_Original_Fundus_Images/Remidio/IMG_2760.JPG,Remidio,NORMAL,LOW_RISK,0,train,validation
remidio::img_2548.jpg,IMG_2548.JPG,datasets/glaucoma/chaksu/raw/Train/1.0_Original_Fundus_Images/Remidio/IMG_2548.JPG,Remidio,NORMAL,LOW_RISK,0,train,validation
remidio::img_2540.jpg,IMG_2540.JPG,datasets/glaucoma/chaksu/raw/Train/1.0_Original_Fundus_Images/Remidio/IMG_2540.JPG,Remidio,NORMAL,LOW_RISK,0,train,validation
bosch::p8_image2.jpg,P8_Image2.JPG,datasets/glaucoma/chaksu/raw/Train/1.0_Original_Fundus_Images/Bosch/P8_Image2.JPG,Bosch,NORMAL,LOW_RISK,0,train,validation
remidio::img_3583.jpg,IMG_3583.JPG,datasets/glaucoma/chaksu/raw/Train/1.0_Original_Fundus_Images/Remidio/IMG_3583.JPG,Remidio,NORMAL,LOW_RISK,0,train,validation
forus::10.png,10.png,datasets/glaucoma/chaksu/raw/Train/1.0_Original_Fundus_Images/Forus/10.png,Forus,NORMAL,LOW_RISK,0,train,validation
remidio::img_3247.jpg,IMG_3247.JPG,datasets/glaucoma/chaksu/raw/Train/1.0_Original_Fundus_Images/Remidio/IMG_3247.JPG,Remidio,GLAUCOMA SUSPECT,HIGH_RISK,1,train,validation
remidio::img_2713.jpg,IMG_2713.JPG,datasets/glaucoma/chaksu/raw/Train/1.0_Original_Fundus_Images/Remidio/IMG_2713.JPG,Remidio,GLAUCOMA SUSPECT,HIGH_RISK,1,train,validation
bosch::p1_image1.jpg,P1_Image1.JPG,datasets/glaucoma/chaksu/raw/Train/1.0_Original_Fundus_Images/Bosch/P1_Image1.JPG,Bosch,NORMAL,LOW_RISK,0,train,validation
remidio::img_3584.jpg,IMG_3584.JPG,datasets/glaucoma/chaksu/raw/Train/1.0_Original_Fundus_Images/Remidio/IMG_3584.JPG,Remidio,NORMAL,LOW_RISK,0,train,validation
forus::38.png,38.png,datasets/glaucoma/chaksu/raw/Train/1.0_Original_Fundus_Images/Forus/38.png,Forus,NORMAL,LOW_RISK,0,train,validation
remidio::img_2585.jpg,IMG_2585.JPG,datasets/glaucoma/chaksu/raw/Train/1.0_Original_Fundus_Images/Remidio/IMG_2585.JPG,Remidio,NORMAL,LOW_RISK,0,train,validation
remidio::img_3170.jpg,IMG_3170.JPG,datasets/glaucoma/chaksu/raw/Train/1.0_Original_Fundus_Images/Remidio/IMG_3170.JPG,Remidio,NORMAL,LOW_RISK,0,train,validation
remidio::img_2439.jpg,IMG_2439.JPG,datasets/glaucoma/chaksu/raw/Train/1.0_Original_Fundus_Images/Remidio/IMG_2439.JPG,Remidio,NORMAL,LOW_RISK,0,train,validation
remidio::img_3646.jpg,IMG_3646.JPG,datasets/glaucoma/chaksu/raw/Train/1.0_Original_Fundus_Images/Remidio/IMG_3646.JPG,Remidio,NORMAL,LOW_RISK,0,train,validation
remidio::img_3643.jpg,IMG_3643.JPG,datasets/glaucoma/chaksu/raw/Train/1.0_Original_Fundus_Images/Remidio/IMG_3643.JPG,Remidio,NORMAL,LOW_RISK,0,train,validation
remidio::img_2573.jpg,IMG_2573.JPG,datasets/glaucoma/chaksu/raw/Train/1.0_Original_Fundus_Images/Remidio/IMG_2573.JPG,Remidio,NORMAL,LOW_RISK,0,train,validation
remidio::img_3465.jpg,IMG_3465.JPG,datasets/glaucoma/chaksu/raw/Train/1.0_Original_Fundus_Images/Remidio/IMG_3465.JPG,Remidio,NORMAL,LOW_RISK,0,train,validation
remidio::img_3163.jpg,IMG_3163.JPG,datasets/glaucoma/chaksu/raw/Train/1.0_Original_Fundus_Images/Remidio/IMG_3163.JPG,Remidio,NORMAL,LOW_RISK,0,train,validation
remidio::img_2712.jpg,IMG_2712.JPG,datasets/glaucoma/chaksu/raw/Train/1.0_Original_Fundus_Images/Remidio/IMG_2712.JPG,Remidio,NORMAL,LOW_RISK,0,train,validation
remidio::82021.jpg,82021.jpg,datasets/glaucoma/chaksu/raw/Train/1.0_Original_Fundus_Images/Remidio/82021.jpg,Remidio,GLAUCOMA SUSPECT,HIGH_RISK,1,train,validation
remidio::img_3322.jpg,IMG_3322.JPG,datasets/glaucoma/chaksu/raw/Train/1.0_Original_Fundus_Images/Remidio/IMG_3322.JPG,Remidio,NORMAL,LOW_RISK,0,train,validation
remidio::img_3266.jpg,IMG_3266.JPG,datasets/glaucoma/chaksu/raw/Train/1.0_Original_Fundus_Images/Remidio/IMG_3266.JPG,Remidio,GLAUCOMA SUSPECT,HIGH_RISK,1,train,validation
remidio::img_2626.jpg,IMG_2626.JPG,datasets/glaucoma/chaksu/raw/Train/1.0_Original_Fundus_Images/Remidio/IMG_2626.JPG,Remidio,NORMAL,LOW_RISK,0,train,validation
remidio::img_2502.jpg,IMG_2502.JPG,datasets/glaucoma/chaksu/raw/Train/1.0_Original_Fundus_Images/Remidio/IMG_2502.JPG,Remidio,NORMAL,LOW_RISK,0,train,validation
forus::5.png,5.png,datasets/glaucoma/chaksu/raw/Train/1.0_Original_Fundus_Images/Forus/5.png,Forus,NORMAL,LOW_RISK,0,train,validation
remidio::img_2605.jpg,IMG_2605.JPG,datasets/glaucoma/chaksu/raw/Train/1.0_Original_Fundus_Images/Remidio/IMG_2605.JPG,Remidio,NORMAL,LOW_RISK,0,train,validation
bosch::image154.jpg,Image154.JPG,datasets/glaucoma/chaksu/raw/Train/1.0_Original_Fundus_Images/Bosch/Image154.JPG,Bosch,GLAUCOMA SUSPECT,HIGH_RISK,1,train,validation
remidio::img_3346.jpg,IMG_3346.JPG,datasets/glaucoma/chaksu/raw/Train/1.0_Original_Fundus_Images/Remidio/IMG_3346.JPG,Remidio,NORMAL,LOW_RISK,0,train,validation
bosch::image129.jpg,Image129.JPG,datasets/glaucoma/chaksu/raw/Train/1.0_Original_Fundus_Images/Bosch/Image129.JPG,Bosch,NORMAL,LOW_RISK,0,train,validation
remidio::img_2667.jpg,IMG_2667.JPG,datasets/glaucoma/chaksu/raw/Train/1.0_Original_Fundus_Images/Remidio/IMG_2667.JPG,Remidio,NORMAL,LOW_RISK,0,train,validation
remidio::img_3369.jpg,IMG_3369.JPG,datasets/glaucoma/chaksu/raw/Train/1.0_Original_Fundus_Images/Remidio/IMG_3369.JPG,Remidio,GLAUCOMA SUSPECT,HIGH_RISK,1,train,validation
remidio::img_3528.jpg,IMG_3528.JPG,datasets/glaucoma/chaksu/raw/Train/1.0_Original_Fundus_Images/Remidio/IMG_3528.JPG,Remidio,NORMAL,LOW_RISK,0,train,validation
remidio::img_2671.jpg,IMG_2671.JPG,datasets/glaucoma/chaksu/raw/Train/1.0_Original_Fundus_Images/Remidio/IMG_2671.JPG,Remidio,NORMAL,LOW_RISK,0,train,validation
bosch::image178.jpg,Image178.JPG,datasets/glaucoma/chaksu/raw/Train/1.0_Original_Fundus_Images/Bosch/Image178.JPG,Bosch,NORMAL,LOW_RISK,0,train,validation
forus::25.png,25.png,datasets/glaucoma/chaksu/raw/Train/1.0_Original_Fundus_Images/Forus/25.png,Forus,NORMAL,LOW_RISK,0,train,validation
remidio::img_3213.jpg,IMG_3213.JPG,datasets/glaucoma/chaksu/raw/Train/1.0_Original_Fundus_Images/Remidio/IMG_3213.JPG,Remidio,NORMAL,LOW_RISK,0,train,validation
remidio::img_3493.jpg,IMG_3493.JPG,datasets/glaucoma/chaksu/raw/Train/1.0_Original_Fundus_Images/Remidio/IMG_3493.JPG,Remidio,NORMAL,LOW_RISK,0,train,validation
bosch::image103.jpg,Image103.JPG,datasets/glaucoma/chaksu/raw/Train/1.0_Original_Fundus_Images/Bosch/Image103.JPG,Bosch,NORMAL,LOW_RISK,0,train,validation
forus::61.png,61.png,datasets/glaucoma/chaksu/raw/Train/1.0_Original_Fundus_Images/Forus/61.png,Forus,NORMAL,LOW_RISK,0,train,validation
bosch::image126.jpg,Image126.JPG,datasets/glaucoma/chaksu/raw/Train/1.0_Original_Fundus_Images/Bosch/Image126.JPG,Bosch,NORMAL,LOW_RISK,0,train,validation
remidio::img_2469.jpg,IMG_2469.JPG,datasets/glaucoma/chaksu/raw/Train/1.0_Original_Fundus_Images/Remidio/IMG_2469.JPG,Remidio,NORMAL,LOW_RISK,0,train,validation
bosch::image175.jpg,Image175.JPG,datasets/glaucoma/chaksu/raw/Train/1.0_Original_Fundus_Images/Bosch/Image175.JPG,Bosch,NORMAL,LOW_RISK,0,train,validation
remidio::img_2466.jpg,IMG_2466.JPG,datasets/glaucoma/chaksu/raw/Train/1.0_Original_Fundus_Images/Remidio/IMG_2466.JPG,Remidio,NORMAL,LOW_RISK,0,train,validation
remidio::img_3229.jpg,IMG_3229.JPG,datasets/glaucoma/chaksu/raw/Train/1.0_Original_Fundus_Images/Remidio/IMG_3229.JPG,Remidio,NORMAL,LOW_RISK,0,train,validation
remidio::img_3498.jpg,IMG_3498.JPG,datasets/glaucoma/chaksu/raw/Train/1.0_Original_Fundus_Images/Remidio/IMG_3498.JPG,Remidio,NORMAL,LOW_RISK,0,train,validation
remidio::img_3425.jpg,IMG_3425.JPG,datasets/glaucoma/chaksu/raw/Train/1.0_Original_Fundus_Images/Remidio/IMG_3425.JPG,Remidio,NORMAL,LOW_RISK,0,train,validation
forus::34.png,34.png,datasets/glaucoma/chaksu/raw/Train/1.0_Original_Fundus_Images/Forus/34.png,Forus,NORMAL,LOW_RISK,0,train,validation
bosch::image160.jpg,Image160.JPG,datasets/glaucoma/chaksu/raw/Train/1.0_Original_Fundus_Images/Bosch/Image160.JPG,Bosch,NORMAL,LOW_RISK,0,train,validation
remidio::img_2593.jpg,IMG_2593.JPG,datasets/glaucoma/chaksu/raw/Train/1.0_Original_Fundus_Images/Remidio/IMG_2593.JPG,Remidio,NORMAL,LOW_RISK,0,train,validation
remidio::img_3432.jpg,IMG_3432.JPG,datasets/glaucoma/chaksu/raw/Train/1.0_Original_Fundus_Images/Remidio/IMG_3432.JPG,Remidio,NORMAL,LOW_RISK,0,train,validation
remidio::img_2664.jpg,IMG_2664.JPG,datasets/glaucoma/chaksu/raw/Train/1.0_Original_Fundus_Images/Remidio/IMG_2664.JPG,Remidio,NORMAL,LOW_RISK,0,train,validation
remidio::img_3668.jpg,IMG_3668.JPG,datasets/glaucoma/chaksu/raw/Train/1.0_Original_Fundus_Images/Remidio/IMG_3668.JPG,Remidio,NORMAL,LOW_RISK,0,train,validation
remidio::img_2479.jpg,IMG_2479.JPG,datasets/glaucoma/chaksu/raw/Train/1.0_Original_Fundus_Images/Remidio/IMG_2479.JPG,Remidio,NORMAL,LOW_RISK,0,train,validation
remidio::img_3217.jpg,IMG_3217.JPG,datasets/glaucoma/chaksu/raw/Train/1.0_Original_Fundus_Images/Remidio/IMG_3217.JPG,Remidio,NORMAL,LOW_RISK,0,train,validation
remidio::img_2478.jpg,IMG_2478.JPG,datasets/glaucoma/chaksu/raw/Train/1.0_Original_Fundus_Images/Remidio/IMG_2478.JPG,Remidio,NORMAL,LOW_RISK,0,train,validation
remidio::img_2752.jpg,IMG_2752.JPG,datasets/glaucoma/chaksu/raw/Train/1.0_Original_Fundus_Images/Remidio/IMG_2752.JPG,Remidio,NORMAL,LOW_RISK,0,train,validation
remidio::img_3234.jpg,IMG_3234.JPG,datasets/glaucoma/chaksu/raw/Train/1.0_Original_Fundus_Images/Remidio/IMG_3234.JPG,Remidio,NORMAL,LOW_RISK,0,train,validation
remidio::img_3538.jpg,IMG_3538.JPG,datasets/glaucoma/chaksu/raw/Train/1.0_Original_Fundus_Images/Remidio/IMG_3538.JPG,Remidio,NORMAL,LOW_RISK,0,train,validation
bosch::p10_image2.jpg,P10_Image2.JPG,datasets/glaucoma/chaksu/raw/Test/1.0_Original_Fundus_Images/Bosch/P10_Image2.JPG,Bosch,NORMAL,LOW_RISK,0,test,test
bosch::p11_image1.jpg,P11_Image1.JPG,datasets/glaucoma/chaksu/raw/Test/1.0_Original_Fundus_Images/Bosch/P11_Image1.JPG,Bosch,NORMAL,LOW_RISK,0,test,test
bosch::p11_image2.jpg,P11_Image2.JPG,datasets/glaucoma/chaksu/raw/Test/1.0_Original_Fundus_Images/Bosch/P11_Image2.JPG,Bosch,NORMAL,LOW_RISK,0,test,test
bosch::p12_image1.jpg,P12_Image1.JPG,datasets/glaucoma/chaksu/raw/Test/1.0_Original_Fundus_Images/Bosch/P12_Image1.JPG,Bosch,NORMAL,LOW_RISK,0,test,test
bosch::p12_image2.jpg,P12_Image2.JPG,datasets/glaucoma/chaksu/raw/Test/1.0_Original_Fundus_Images/Bosch/P12_Image2.JPG,Bosch,NORMAL,LOW_RISK,0,test,test
bosch::p13_image1.jpg,P13_Image1.JPG,datasets/glaucoma/chaksu/raw/Test/1.0_Original_Fundus_Images/Bosch/P13_Image1.JPG,Bosch,NORMAL,LOW_RISK,0,test,test
bosch::p13_image2.jpg,P13_Image2.JPG,datasets/glaucoma/chaksu/raw/Test/1.0_Original_Fundus_Images/Bosch/P13_Image2.JPG,Bosch,NORMAL,LOW_RISK,0,test,test
bosch::p14_image1.jpg,P14_Image1.JPG,datasets/glaucoma/chaksu/raw/Test/1.0_Original_Fundus_Images/Bosch/P14_Image1.JPG,Bosch,NORMAL,LOW_RISK,0,test,test
bosch::p14_image2.jpg,P14_Image2.JPG,datasets/glaucoma/chaksu/raw/Test/1.0_Original_Fundus_Images/Bosch/P14_Image2.JPG,Bosch,NORMAL,LOW_RISK,0,test,test
bosch::p15_image1.jpg,P15_Image1.JPG,datasets/glaucoma/chaksu/raw/Test/1.0_Original_Fundus_Images/Bosch/P15_Image1.JPG,Bosch,NORMAL,LOW_RISK,0,test,test
bosch::p15_image2.jpg,P15_Image2.JPG,datasets/glaucoma/chaksu/raw/Test/1.0_Original_Fundus_Images/Bosch/P15_Image2.JPG,Bosch,NORMAL,LOW_RISK,0,test,test
bosch::p16_image1.jpg,P16_Image1.JPG,datasets/glaucoma/chaksu/raw/Test/1.0_Original_Fundus_Images/Bosch/P16_Image1.JPG,Bosch,NORMAL,LOW_RISK,0,test,test
bosch::p16_image2.jpg,P16_Image2.JPG,datasets/glaucoma/chaksu/raw/Test/1.0_Original_Fundus_Images/Bosch/P16_Image2.JPG,Bosch,NORMAL,LOW_RISK,0,test,test
bosch::p17_image1.jpg,P17_Image1.JPG,datasets/glaucoma/chaksu/raw/Test/1.0_Original_Fundus_Images/Bosch/P17_Image1.JPG,Bosch,GLAUCOMA SUSPECT,HIGH_RISK,1,test,test
bosch::p17_image2.jpg,P17_Image2.JPG,datasets/glaucoma/chaksu/raw/Test/1.0_Original_Fundus_Images/Bosch/P17_Image2.JPG,Bosch,NORMAL,LOW_RISK,0,test,test
bosch::p18_image1.jpg,P18_Image1.JPG,datasets/glaucoma/chaksu/raw/Test/1.0_Original_Fundus_Images/Bosch/P18_Image1.JPG,Bosch,NORMAL,LOW_RISK,0,test,test
bosch::p18_image2.jpg,P18_Image2.JPG,datasets/glaucoma/chaksu/raw/Test/1.0_Original_Fundus_Images/Bosch/P18_Image2.JPG,Bosch,NORMAL,LOW_RISK,0,test,test
bosch::p19_image1.jpg,P19_Image1.JPG,datasets/glaucoma/chaksu/raw/Test/1.0_Original_Fundus_Images/Bosch/P19_Image1.JPG,Bosch,NORMAL,LOW_RISK,0,test,test
bosch::p19_image2.jpg,P19_Image2.JPG,datasets/glaucoma/chaksu/raw/Test/1.0_Original_Fundus_Images/Bosch/P19_Image2.JPG,Bosch,NORMAL,LOW_RISK,0,test,test
bosch::p20_image1.jpg,P20_Image1.JPG,datasets/glaucoma/chaksu/raw/Test/1.0_Original_Fundus_Images/Bosch/P20_Image1.JPG,Bosch,NORMAL,LOW_RISK,0,test,test
bosch::p20_image2.jpg,P20_Image2.JPG,datasets/glaucoma/chaksu/raw/Test/1.0_Original_Fundus_Images/Bosch/P20_Image2.JPG,Bosch,NORMAL,LOW_RISK,0,test,test
bosch::p21_image1.jpg,P21_Image1.JPG,datasets/glaucoma/chaksu/raw/Test/1.0_Original_Fundus_Images/Bosch/P21_Image1.JPG,Bosch,NORMAL,LOW_RISK,0,test,test
bosch::p21_image2.jpg,P21_Image2.JPG,datasets/glaucoma/chaksu/raw/Test/1.0_Original_Fundus_Images/Bosch/P21_Image2.JPG,Bosch,NORMAL,LOW_RISK,0,test,test
bosch::p22_image1.jpg,P22_Image1.JPG,datasets/glaucoma/chaksu/raw/Test/1.0_Original_Fundus_Images/Bosch/P22_Image1.JPG,Bosch,NORMAL,LOW_RISK,0,test,test
bosch::p22_image2.jpg,P22_Image2.JPG,datasets/glaucoma/chaksu/raw/Test/1.0_Original_Fundus_Images/Bosch/P22_Image2.JPG,Bosch,NORMAL,LOW_RISK,0,test,test
bosch::p23_image1.jpg,P23_Image1.JPG,datasets/glaucoma/chaksu/raw/Test/1.0_Original_Fundus_Images/Bosch/P23_Image1.JPG,Bosch,NORMAL,LOW_RISK,0,test,test
bosch::p23_image2.jpg,P23_Image2.JPG,datasets/glaucoma/chaksu/raw/Test/1.0_Original_Fundus_Images/Bosch/P23_Image2.JPG,Bosch,NORMAL,LOW_RISK,0,test,test
bosch::p24_image1.jpg,P24_Image1.JPG,datasets/glaucoma/chaksu/raw/Test/1.0_Original_Fundus_Images/Bosch/P24_Image1.JPG,Bosch,NORMAL,LOW_RISK,0,test,test
bosch::p24_image2.jpg,P24_Image2.JPG,datasets/glaucoma/chaksu/raw/Test/1.0_Original_Fundus_Images/Bosch/P24_Image2.JPG,Bosch,NORMAL,LOW_RISK,0,test,test
bosch::p25_image1.jpg,P25_Image1.JPG,datasets/glaucoma/chaksu/raw/Test/1.0_Original_Fundus_Images/Bosch/P25_Image1.JPG,Bosch,NORMAL,LOW_RISK,0,test,test
bosch::p25_image2.jpg,P25_Image2.JPG,datasets/glaucoma/chaksu/raw/Test/1.0_Original_Fundus_Images/Bosch/P25_Image2.JPG,Bosch,NORMAL,LOW_RISK,0,test,test
bosch::p26_image1.jpg,P26_Image1.JPG,datasets/glaucoma/chaksu/raw/Test/1.0_Original_Fundus_Images/Bosch/P26_Image1.JPG,Bosch,NORMAL,LOW_RISK,0,test,test
bosch::p26_image2.jpg,P26_Image2.JPG,datasets/glaucoma/chaksu/raw/Test/1.0_Original_Fundus_Images/Bosch/P26_Image2.JPG,Bosch,NORMAL,LOW_RISK,0,test,test
bosch::p27_image1.jpg,P27_Image1.JPG,datasets/glaucoma/chaksu/raw/Test/1.0_Original_Fundus_Images/Bosch/P27_Image1.JPG,Bosch,NORMAL,LOW_RISK,0,test,test
bosch::p27_image2.jpg,P27_Image2.JPG,datasets/glaucoma/chaksu/raw/Test/1.0_Original_Fundus_Images/Bosch/P27_Image2.JPG,Bosch,NORMAL,LOW_RISK,0,test,test
bosch::p28_image1.jpg,P28_Image1.JPG,datasets/glaucoma/chaksu/raw/Test/1.0_Original_Fundus_Images/Bosch/P28_Image1.JPG,Bosch,NORMAL,LOW_RISK,0,test,test
bosch::p28_image2.jpg,P28_Image2.JPG,datasets/glaucoma/chaksu/raw/Test/1.0_Original_Fundus_Images/Bosch/P28_Image2.JPG,Bosch,NORMAL,LOW_RISK,0,test,test
bosch::p29_image1.jpg,P29_Image1.JPG,datasets/glaucoma/chaksu/raw/Test/1.0_Original_Fundus_Images/Bosch/P29_Image1.JPG,Bosch,NORMAL,LOW_RISK,0,test,test
bosch::p29_image2.jpg,P29_Image2.JPG,datasets/glaucoma/chaksu/raw/Test/1.0_Original_Fundus_Images/Bosch/P29_Image2.JPG,Bosch,NORMAL,LOW_RISK,0,test,test
bosch::p30_image1.jpg,P30_Image1.JPG,datasets/glaucoma/chaksu/raw/Test/1.0_Original_Fundus_Images/Bosch/P30_Image1.JPG,Bosch,NORMAL,LOW_RISK,0,test,test
bosch::p30_image2.jpg,P30_Image2.JPG,datasets/glaucoma/chaksu/raw/Test/1.0_Original_Fundus_Images/Bosch/P30_Image2.JPG,Bosch,NORMAL,LOW_RISK,0,test,test
forus::100.png,100.png,datasets/glaucoma/chaksu/raw/Test/1.0_Original_Fundus_Images/Forus/100.png,Forus,NORMAL,LOW_RISK,0,test,test
forus::101.png,101.png,datasets/glaucoma/chaksu/raw/Test/1.0_Original_Fundus_Images/Forus/101.png,Forus,NORMAL,LOW_RISK,0,test,test
forus::102.png,102.png,datasets/glaucoma/chaksu/raw/Test/1.0_Original_Fundus_Images/Forus/102.png,Forus,NORMAL,LOW_RISK,0,test,test
forus::103.png,103.png,datasets/glaucoma/chaksu/raw/Test/1.0_Original_Fundus_Images/Forus/103.png,Forus,NORMAL,LOW_RISK,0,test,test
forus::104.png,104.png,datasets/glaucoma/chaksu/raw/Test/1.0_Original_Fundus_Images/Forus/104.png,Forus,NORMAL,LOW_RISK,0,test,test
forus::105.png,105.png,datasets/glaucoma/chaksu/raw/Test/1.0_Original_Fundus_Images/Forus/105.png,Forus,GLAUCOMA SUSPECT,HIGH_RISK,1,test,test
forus::106.png,106.png,datasets/glaucoma/chaksu/raw/Test/1.0_Original_Fundus_Images/Forus/106.png,Forus,NORMAL,LOW_RISK,0,test,test
forus::107.png,107.png,datasets/glaucoma/chaksu/raw/Test/1.0_Original_Fundus_Images/Forus/107.png,Forus,NORMAL,LOW_RISK,0,test,test
forus::108.png,108.png,datasets/glaucoma/chaksu/raw/Test/1.0_Original_Fundus_Images/Forus/108.png,Forus,NORMAL,LOW_RISK,0,test,test
forus::109.png,109.png,datasets/glaucoma/chaksu/raw/Test/1.0_Original_Fundus_Images/Forus/109.png,Forus,NORMAL,LOW_RISK,0,test,test
forus::110.png,110.png,datasets/glaucoma/chaksu/raw/Test/1.0_Original_Fundus_Images/Forus/110.png,Forus,GLAUCOMA SUSPECT,HIGH_RISK,1,test,test
forus::111.png,111.png,datasets/glaucoma/chaksu/raw/Test/1.0_Original_Fundus_Images/Forus/111.png,Forus,NORMAL,LOW_RISK,0,test,test
forus::112.png,112.png,datasets/glaucoma/chaksu/raw/Test/1.0_Original_Fundus_Images/Forus/112.png,Forus,NORMAL,LOW_RISK,0,test,test
forus::113.png,113.png,datasets/glaucoma/chaksu/raw/Test/1.0_Original_Fundus_Images/Forus/113.png,Forus,NORMAL,LOW_RISK,0,test,test
forus::114.png,114.png,datasets/glaucoma/chaksu/raw/Test/1.0_Original_Fundus_Images/Forus/114.png,Forus,NORMAL,LOW_RISK,0,test,test
forus::115.png,115.png,datasets/glaucoma/chaksu/raw/Test/1.0_Original_Fundus_Images/Forus/115.png,Forus,NORMAL,LOW_RISK,0,test,test
forus::116.png,116.png,datasets/glaucoma/chaksu/raw/Test/1.0_Original_Fundus_Images/Forus/116.png,Forus,NORMAL,LOW_RISK,0,test,test
forus::117.png,117.png,datasets/glaucoma/chaksu/raw/Test/1.0_Original_Fundus_Images/Forus/117.png,Forus,NORMAL,LOW_RISK,0,test,test
forus::118.png,118.png,datasets/glaucoma/chaksu/raw/Test/1.0_Original_Fundus_Images/Forus/118.png,Forus,NORMAL,LOW_RISK,0,test,test
forus::119.png,119.png,datasets/glaucoma/chaksu/raw/Test/1.0_Original_Fundus_Images/Forus/119.png,Forus,NORMAL,LOW_RISK,0,test,test
forus::120.png,120.png,datasets/glaucoma/chaksu/raw/Test/1.0_Original_Fundus_Images/Forus/120.png,Forus,NORMAL,LOW_RISK,0,test,test
forus::121.png,121.png,datasets/glaucoma/chaksu/raw/Test/1.0_Original_Fundus_Images/Forus/121.png,Forus,NORMAL,LOW_RISK,0,test,test
forus::122.png,122.png,datasets/glaucoma/chaksu/raw/Test/1.0_Original_Fundus_Images/Forus/122.png,Forus,NORMAL,LOW_RISK,0,test,test
forus::123.png,123.png,datasets/glaucoma/chaksu/raw/Test/1.0_Original_Fundus_Images/Forus/123.png,Forus,NORMAL,LOW_RISK,0,test,test
forus::124.png,124.png,datasets/glaucoma/chaksu/raw/Test/1.0_Original_Fundus_Images/Forus/124.png,Forus,NORMAL,LOW_RISK,0,test,test
forus::125.png,125.png,datasets/glaucoma/chaksu/raw/Test/1.0_Original_Fundus_Images/Forus/125.png,Forus,NORMAL,LOW_RISK,0,test,test
forus::126.png,126.png,datasets/glaucoma/chaksu/raw/Test/1.0_Original_Fundus_Images/Forus/126.png,Forus,NORMAL,LOW_RISK,0,test,test
forus::96.png,96.png,datasets/glaucoma/chaksu/raw/Test/1.0_Original_Fundus_Images/Forus/96.png,Forus,NORMAL,LOW_RISK,0,test,test
forus::97.png,97.png,datasets/glaucoma/chaksu/raw/Test/1.0_Original_Fundus_Images/Forus/97.png,Forus,NORMAL,LOW_RISK,0,test,test
forus::98.png,98.png,datasets/glaucoma/chaksu/raw/Test/1.0_Original_Fundus_Images/Forus/98.png,Forus,NORMAL,LOW_RISK,0,test,test
forus::99.png,99.png,datasets/glaucoma/chaksu/raw/Test/1.0_Original_Fundus_Images/Forus/99.png,Forus,NORMAL,LOW_RISK,0,test,test
remidio::img_3709.jpg,IMG_3709.JPG,datasets/glaucoma/chaksu/raw/Test/1.0_Original_Fundus_Images/Remidio/IMG_3709.JPG,Remidio,GLAUCOMA SUSPECT,HIGH_RISK,1,test,test
remidio::img_3710.jpg,IMG_3710.JPG,datasets/glaucoma/chaksu/raw/Test/1.0_Original_Fundus_Images/Remidio/IMG_3710.JPG,Remidio,NORMAL,LOW_RISK,0,test,test
remidio::img_3711.jpg,IMG_3711.JPG,datasets/glaucoma/chaksu/raw/Test/1.0_Original_Fundus_Images/Remidio/IMG_3711.JPG,Remidio,NORMAL,LOW_RISK,0,test,test
remidio::img_3713.jpg,IMG_3713.JPG,datasets/glaucoma/chaksu/raw/Test/1.0_Original_Fundus_Images/Remidio/IMG_3713.JPG,Remidio,NORMAL,LOW_RISK,0,test,test
remidio::img_3714.jpg,IMG_3714.JPG,datasets/glaucoma/chaksu/raw/Test/1.0_Original_Fundus_Images/Remidio/IMG_3714.JPG,Remidio,GLAUCOMA SUSPECT,HIGH_RISK,1,test,test
remidio::img_3719.jpg,IMG_3719.JPG,datasets/glaucoma/chaksu/raw/Test/1.0_Original_Fundus_Images/Remidio/IMG_3719.JPG,Remidio,NORMAL,LOW_RISK,0,test,test
remidio::img_3720.jpg,IMG_3720.JPG,datasets/glaucoma/chaksu/raw/Test/1.0_Original_Fundus_Images/Remidio/IMG_3720.JPG,Remidio,NORMAL,LOW_RISK,0,test,test
remidio::img_3727.jpg,IMG_3727.JPG,datasets/glaucoma/chaksu/raw/Test/1.0_Original_Fundus_Images/Remidio/IMG_3727.JPG,Remidio,NORMAL,LOW_RISK,0,test,test
remidio::img_3728.jpg,IMG_3728.JPG,datasets/glaucoma/chaksu/raw/Test/1.0_Original_Fundus_Images/Remidio/IMG_3728.JPG,Remidio,NORMAL,LOW_RISK,0,test,test
remidio::img_3729.jpg,IMG_3729.JPG,datasets/glaucoma/chaksu/raw/Test/1.0_Original_Fundus_Images/Remidio/IMG_3729.JPG,Remidio,NORMAL,LOW_RISK,0,test,test
remidio::img_3730.jpg,IMG_3730.JPG,datasets/glaucoma/chaksu/raw/Test/1.0_Original_Fundus_Images/Remidio/IMG_3730.JPG,Remidio,NORMAL,LOW_RISK,0,test,test
remidio::img_3735.jpg,IMG_3735.JPG,datasets/glaucoma/chaksu/raw/Test/1.0_Original_Fundus_Images/Remidio/IMG_3735.JPG,Remidio,NORMAL,LOW_RISK,0,test,test
remidio::img_3740.jpg,IMG_3740.JPG,datasets/glaucoma/chaksu/raw/Test/1.0_Original_Fundus_Images/Remidio/IMG_3740.JPG,Remidio,NORMAL,LOW_RISK,0,test,test
remidio::img_3743.jpg,IMG_3743.JPG,datasets/glaucoma/chaksu/raw/Test/1.0_Original_Fundus_Images/Remidio/IMG_3743.JPG,Remidio,NORMAL,LOW_RISK,0,test,test
remidio::img_3744.jpg,IMG_3744.JPG,datasets/glaucoma/chaksu/raw/Test/1.0_Original_Fundus_Images/Remidio/IMG_3744.JPG,Remidio,NORMAL,LOW_RISK,0,test,test
remidio::img_3745.jpg,IMG_3745.JPG,datasets/glaucoma/chaksu/raw/Test/1.0_Original_Fundus_Images/Remidio/IMG_3745.JPG,Remidio,NORMAL,LOW_RISK,0,test,test
remidio::img_3746.jpg,IMG_3746.JPG,datasets/glaucoma/chaksu/raw/Test/1.0_Original_Fundus_Images/Remidio/IMG_3746.JPG,Remidio,NORMAL,LOW_RISK,0,test,test
remidio::img_3759.jpg,IMG_3759.JPG,datasets/glaucoma/chaksu/raw/Test/1.0_Original_Fundus_Images/Remidio/IMG_3759.JPG,Remidio,NORMAL,LOW_RISK,0,test,test
remidio::img_3760.jpg,IMG_3760.JPG,datasets/glaucoma/chaksu/raw/Test/1.0_Original_Fundus_Images/Remidio/IMG_3760.JPG,Remidio,NORMAL,LOW_RISK,0,test,test
remidio::img_3763.jpg,IMG_3763.JPG,datasets/glaucoma/chaksu/raw/Test/1.0_Original_Fundus_Images/Remidio/IMG_3763.JPG,Remidio,NORMAL,LOW_RISK,0,test,test
remidio::img_3766.jpg,IMG_3766.JPG,datasets/glaucoma/chaksu/raw/Test/1.0_Original_Fundus_Images/Remidio/IMG_3766.JPG,Remidio,NORMAL,LOW_RISK,0,test,test
remidio::img_3768.jpg,IMG_3768.JPG,datasets/glaucoma/chaksu/raw/Test/1.0_Original_Fundus_Images/Remidio/IMG_3768.JPG,Remidio,NORMAL,LOW_RISK,0,test,test
remidio::img_3770.jpg,IMG_3770.JPG,datasets/glaucoma/chaksu/raw/Test/1.0_Original_Fundus_Images/Remidio/IMG_3770.JPG,Remidio,NORMAL,LOW_RISK,0,test,test
remidio::img_3791.jpg,IMG_3791.JPG,datasets/glaucoma/chaksu/raw/Test/1.0_Original_Fundus_Images/Remidio/IMG_3791.JPG,Remidio,GLAUCOMA SUSPECT,HIGH_RISK,1,test,test
remidio::img_3793.jpg,IMG_3793.JPG,datasets/glaucoma/chaksu/raw/Test/1.0_Original_Fundus_Images/Remidio/IMG_3793.JPG,Remidio,GLAUCOMA SUSPECT,HIGH_RISK,1,test,test
remidio::img_3797.jpg,IMG_3797.JPG,datasets/glaucoma/chaksu/raw/Test/1.0_Original_Fundus_Images/Remidio/IMG_3797.JPG,Remidio,NORMAL,LOW_RISK,0,test,test
remidio::img_3798.jpg,IMG_3798.JPG,datasets/glaucoma/chaksu/raw/Test/1.0_Original_Fundus_Images/Remidio/IMG_3798.JPG,Remidio,GLAUCOMA SUSPECT,HIGH_RISK,1,test,test
remidio::img_3799.jpg,IMG_3799.JPG,datasets/glaucoma/chaksu/raw/Test/1.0_Original_Fundus_Images/Remidio/IMG_3799.JPG,Remidio,NORMAL,LOW_RISK,0,test,test
remidio::img_3800.jpg,IMG_3800.JPG,datasets/glaucoma/chaksu/raw/Test/1.0_Original_Fundus_Images/Remidio/IMG_3800.JPG,Remidio,NORMAL,LOW_RISK,0,test,test
remidio::img_3811.jpg,IMG_3811.JPG,datasets/glaucoma/chaksu/raw/Test/1.0_Original_Fundus_Images/Remidio/IMG_3811.JPG,Remidio,NORMAL,LOW_RISK,0,test,test
remidio::img_3812.jpg,IMG_3812.JPG,datasets/glaucoma/chaksu/raw/Test/1.0_Original_Fundus_Images/Remidio/IMG_3812.JPG,Remidio,NORMAL,LOW_RISK,0,test,test
remidio::img_3814.jpg,IMG_3814.JPG,datasets/glaucoma/chaksu/raw/Test/1.0_Original_Fundus_Images/Remidio/IMG_3814.JPG,Remidio,GLAUCOMA SUSPECT,HIGH_RISK,1,test,test
remidio::img_3815.jpg,IMG_3815.JPG,datasets/glaucoma/chaksu/raw/Test/1.0_Original_Fundus_Images/Remidio/IMG_3815.JPG,Remidio,GLAUCOMA SUSPECT,HIGH_RISK,1,test,test
remidio::img_3816.jpg,IMG_3816.JPG,datasets/glaucoma/chaksu/raw/Test/1.0_Original_Fundus_Images/Remidio/IMG_3816.JPG,Remidio,NORMAL,LOW_RISK,0,test,test
remidio::img_3818.jpg,IMG_3818.JPG,datasets/glaucoma/chaksu/raw/Test/1.0_Original_Fundus_Images/Remidio/IMG_3818.JPG,Remidio,NORMAL,LOW_RISK,0,test,test
remidio::img_3820.jpg,IMG_3820.JPG,datasets/glaucoma/chaksu/raw/Test/1.0_Original_Fundus_Images/Remidio/IMG_3820.JPG,Remidio,NORMAL,LOW_RISK,0,test,test
remidio::img_3823.jpg,IMG_3823.JPG,datasets/glaucoma/chaksu/raw/Test/1.0_Original_Fundus_Images/Remidio/IMG_3823.JPG,Remidio,NORMAL,LOW_RISK,0,test,test
remidio::img_3832.jpg,IMG_3832.JPG,datasets/glaucoma/chaksu/raw/Test/1.0_Original_Fundus_Images/Remidio/IMG_3832.JPG,Remidio,NORMAL,LOW_RISK,0,test,test
remidio::img_3833.jpg,IMG_3833.JPG,datasets/glaucoma/chaksu/raw/Test/1.0_Original_Fundus_Images/Remidio/IMG_3833.JPG,Remidio,NORMAL,LOW_RISK,0,test,test
remidio::img_3836.jpg,IMG_3836.JPG,datasets/glaucoma/chaksu/raw/Test/1.0_Original_Fundus_Images/Remidio/IMG_3836.JPG,Remidio,NORMAL,LOW_RISK,0,test,test
remidio::img_3837.jpg,IMG_3837.JPG,datasets/glaucoma/chaksu/raw/Test/1.0_Original_Fundus_Images/Remidio/IMG_3837.JPG,Remidio,NORMAL,LOW_RISK,0,test,test
remidio::img_3841.jpg,IMG_3841.JPG,datasets/glaucoma/chaksu/raw/Test/1.0_Original_Fundus_Images/Remidio/IMG_3841.JPG,Remidio,NORMAL,LOW_RISK,0,test,test
remidio::img_3844.jpg,IMG_3844.JPG,datasets/glaucoma/chaksu/raw/Test/1.0_Original_Fundus_Images/Remidio/IMG_3844.JPG,Remidio,NORMAL,LOW_RISK,0,test,test
remidio::img_3849.jpg,IMG_3849.JPG,datasets/glaucoma/chaksu/raw/Test/1.0_Original_Fundus_Images/Remidio/IMG_3849.JPG,Remidio,NORMAL,LOW_RISK,0,test,test
remidio::img_3852.jpg,IMG_3852.JPG,datasets/glaucoma/chaksu/raw/Test/1.0_Original_Fundus_Images/Remidio/IMG_3852.JPG,Remidio,NORMAL,LOW_RISK,0,test,test
remidio::img_3853.jpg,IMG_3853.JPG,datasets/glaucoma/chaksu/raw/Test/1.0_Original_Fundus_Images/Remidio/IMG_3853.JPG,Remidio,NORMAL,LOW_RISK,0,test,test
remidio::img_3854.jpg,IMG_3854.JPG,datasets/glaucoma/chaksu/raw/Test/1.0_Original_Fundus_Images/Remidio/IMG_3854.JPG,Remidio,NORMAL,LOW_RISK,0,test,test
remidio::img_3857.jpg,IMG_3857.JPG,datasets/glaucoma/chaksu/raw/Test/1.0_Original_Fundus_Images/Remidio/IMG_3857.JPG,Remidio,NORMAL,LOW_RISK,0,test,test
remidio::img_3859.jpg,IMG_3859.JPG,datasets/glaucoma/chaksu/raw/Test/1.0_Original_Fundus_Images/Remidio/IMG_3859.JPG,Remidio,NORMAL,LOW_RISK,0,test,test
remidio::img_3881.jpg,IMG_3881.JPG,datasets/glaucoma/chaksu/raw/Test/1.0_Original_Fundus_Images/Remidio/IMG_3881.JPG,Remidio,NORMAL,LOW_RISK,0,test,test
remidio::img_3882.jpg,IMG_3882.JPG,datasets/glaucoma/chaksu/raw/Test/1.0_Original_Fundus_Images/Remidio/IMG_3882.JPG,Remidio,NORMAL,LOW_RISK,0,test,test
remidio::img_3887.jpg,IMG_3887.JPG,datasets/glaucoma/chaksu/raw/Test/1.0_Original_Fundus_Images/Remidio/IMG_3887.JPG,Remidio,NORMAL,LOW_RISK,0,test,test
remidio::img_3888.jpg,IMG_3888.JPG,datasets/glaucoma/chaksu/raw/Test/1.0_Original_Fundus_Images/Remidio/IMG_3888.JPG,Remidio,NORMAL,LOW_RISK,0,test,test
remidio::img_3890.jpg,IMG_3890.JPG,datasets/glaucoma/chaksu/raw/Test/1.0_Original_Fundus_Images/Remidio/IMG_3890.JPG,Remidio,GLAUCOMA SUSPECT,HIGH_RISK,1,test,test
remidio::img_3891.jpg,IMG_3891.JPG,datasets/glaucoma/chaksu/raw/Test/1.0_Original_Fundus_Images/Remidio/IMG_3891.JPG,Remidio,NORMAL,LOW_RISK,0,test,test
remidio::img_3893.jpg,IMG_3893.JPG,datasets/glaucoma/chaksu/raw/Test/1.0_Original_Fundus_Images/Remidio/IMG_3893.JPG,Remidio,GLAUCOMA SUSPECT,HIGH_RISK,1,test,test
remidio::img_3894.jpg,IMG_3894.JPG,datasets/glaucoma/chaksu/raw/Test/1.0_Original_Fundus_Images/Remidio/IMG_3894.JPG,Remidio,GLAUCOMA SUSPECT,HIGH_RISK,1,test,test
remidio::img_3897.jpg,IMG_3897.JPG,datasets/glaucoma/chaksu/raw/Test/1.0_Original_Fundus_Images/Remidio/IMG_3897.JPG,Remidio,NORMAL,LOW_RISK,0,test,test
remidio::img_3898.jpg,IMG_3898.JPG,datasets/glaucoma/chaksu/raw/Test/1.0_Original_Fundus_Images/Remidio/IMG_3898.JPG,Remidio,NORMAL,LOW_RISK,0,test,test
remidio::img_3900.jpg,IMG_3900.JPG,datasets/glaucoma/chaksu/raw/Test/1.0_Original_Fundus_Images/Remidio/IMG_3900.JPG,Remidio,NORMAL,LOW_RISK,0,test,test
remidio::img_3903.jpg,IMG_3903.JPG,datasets/glaucoma/chaksu/raw/Test/1.0_Original_Fundus_Images/Remidio/IMG_3903.JPG,Remidio,NORMAL,LOW_RISK,0,test,test
remidio::img_3905.jpg,IMG_3905.JPG,datasets/glaucoma/chaksu/raw/Test/1.0_Original_Fundus_Images/Remidio/IMG_3905.JPG,Remidio,NORMAL,LOW_RISK,0,test,test
remidio::img_3907.jpg,IMG_3907.JPG,datasets/glaucoma/chaksu/raw/Test/1.0_Original_Fundus_Images/Remidio/IMG_3907.JPG,Remidio,NORMAL,LOW_RISK,0,test,test
remidio::img_3910.jpg,IMG_3910.JPG,datasets/glaucoma/chaksu/raw/Test/1.0_Original_Fundus_Images/Remidio/IMG_3910.JPG,Remidio,NORMAL,LOW_RISK,0,test,test
remidio::img_3911.jpg,IMG_3911.JPG,datasets/glaucoma/chaksu/raw/Test/1.0_Original_Fundus_Images/Remidio/IMG_3911.JPG,Remidio,NORMAL,LOW_RISK,0,test,test
remidio::img_3912.jpg,IMG_3912.JPG,datasets/glaucoma/chaksu/raw/Test/1.0_Original_Fundus_Images/Remidio/IMG_3912.JPG,Remidio,NORMAL,LOW_RISK,0,test,test
remidio::img_3913.jpg,IMG_3913.JPG,datasets/glaucoma/chaksu/raw/Test/1.0_Original_Fundus_Images/Remidio/IMG_3913.JPG,Remidio,NORMAL,LOW_RISK,0,test,test
remidio::img_3915.jpg,IMG_3915.JPG,datasets/glaucoma/chaksu/raw/Test/1.0_Original_Fundus_Images/Remidio/IMG_3915.JPG,Remidio,GLAUCOMA SUSPECT,HIGH_RISK,1,test,test
remidio::img_3919.jpg,IMG_3919.JPG,datasets/glaucoma/chaksu/raw/Test/1.0_Original_Fundus_Images/Remidio/IMG_3919.JPG,Remidio,GLAUCOMA SUSPECT,HIGH_RISK,1,test,test
remidio::img_3921.jpg,IMG_3921.JPG,datasets/glaucoma/chaksu/raw/Test/1.0_Original_Fundus_Images/Remidio/IMG_3921.JPG,Remidio,NORMAL,LOW_RISK,0,test,test
remidio::img_3922.jpg,IMG_3922.JPG,datasets/glaucoma/chaksu/raw/Test/1.0_Original_Fundus_Images/Remidio/IMG_3922.JPG,Remidio,NORMAL,LOW_RISK,0,test,test
remidio::img_3926.jpg,IMG_3926.JPG,datasets/glaucoma/chaksu/raw/Test/1.0_Original_Fundus_Images/Remidio/IMG_3926.JPG,Remidio,GLAUCOMA SUSPECT,HIGH_RISK,1,test,test
remidio::img_3929.jpg,IMG_3929.JPG,datasets/glaucoma/chaksu/raw/Test/1.0_Original_Fundus_Images/Remidio/IMG_3929.JPG,Remidio,NORMAL,LOW_RISK,0,test,test
remidio::img_3930.jpg,IMG_3930.JPG,datasets/glaucoma/chaksu/raw/Test/1.0_Original_Fundus_Images/Remidio/IMG_3930.JPG,Remidio,NORMAL,LOW_RISK,0,test,test
remidio::img_3936.jpg,IMG_3936.JPG,datasets/glaucoma/chaksu/raw/Test/1.0_Original_Fundus_Images/Remidio/IMG_3936.JPG,Remidio,NORMAL,LOW_RISK,0,test,test
remidio::img_3938.jpg,IMG_3938.JPG,datasets/glaucoma/chaksu/raw/Test/1.0_Original_Fundus_Images/Remidio/IMG_3938.JPG,Remidio,NORMAL,LOW_RISK,0,test,test
remidio::img_3939.jpg,IMG_3939.JPG,datasets/glaucoma/chaksu/raw/Test/1.0_Original_Fundus_Images/Remidio/IMG_3939.JPG,Remidio,NORMAL,LOW_RISK,0,test,test
remidio::img_3942.jpg,IMG_3942.JPG,datasets/glaucoma/chaksu/raw/Test/1.0_Original_Fundus_Images/Remidio/IMG_3942.JPG,Remidio,NORMAL,LOW_RISK,0,test,test
remidio::img_3944.jpg,IMG_3944.JPG,datasets/glaucoma/chaksu/raw/Test/1.0_Original_Fundus_Images/Remidio/IMG_3944.JPG,Remidio,NORMAL,LOW_RISK,0,test,test
remidio::img_3945.jpg,IMG_3945.JPG,datasets/glaucoma/chaksu/raw/Test/1.0_Original_Fundus_Images/Remidio/IMG_3945.JPG,Remidio,NORMAL,LOW_RISK,0,test,test
remidio::img_3949.jpg,IMG_3949.JPG,datasets/glaucoma/chaksu/raw/Test/1.0_Original_Fundus_Images/Remidio/IMG_3949.JPG,Remidio,NORMAL,LOW_RISK,0,test,test
remidio::img_3950.jpg,IMG_3950.JPG,datasets/glaucoma/chaksu/raw/Test/1.0_Original_Fundus_Images/Remidio/IMG_3950.JPG,Remidio,NORMAL,LOW_RISK,0,test,test
remidio::img_3952.jpg,IMG_3952.JPG,datasets/glaucoma/chaksu/raw/Test/1.0_Original_Fundus_Images/Remidio/IMG_3952.JPG,Remidio,NORMAL,LOW_RISK,0,test,test
remidio::img_3954.jpg,IMG_3954.JPG,datasets/glaucoma/chaksu/raw/Test/1.0_Original_Fundus_Images/Remidio/IMG_3954.JPG,Remidio,NORMAL,LOW_RISK,0,test,test
remidio::img_3955.jpg,IMG_3955.JPG,datasets/glaucoma/chaksu/raw/Test/1.0_Original_Fundus_Images/Remidio/IMG_3955.JPG,Remidio,NORMAL,LOW_RISK,0,test,test
remidio::img_3961.jpg,IMG_3961.JPG,datasets/glaucoma/chaksu/raw/Test/1.0_Original_Fundus_Images/Remidio/IMG_3961.JPG,Remidio,NORMAL,LOW_RISK,0,test,test
remidio::img_3962.jpg,IMG_3962.JPG,datasets/glaucoma/chaksu/raw/Test/1.0_Original_Fundus_Images/Remidio/IMG_3962.JPG,Remidio,NORMAL,LOW_RISK,0,test,test
remidio::img_3969.jpg,IMG_3969.JPG,datasets/glaucoma/chaksu/raw/Test/1.0_Original_Fundus_Images/Remidio/IMG_3969.JPG,Remidio,GLAUCOMA SUSPECT,HIGH_RISK,1,test,test
remidio::img_3971.jpg,IMG_3971.JPG,datasets/glaucoma/chaksu/raw/Test/1.0_Original_Fundus_Images/Remidio/IMG_3971.JPG,Remidio,GLAUCOMA SUSPECT,HIGH_RISK,1,test,test
remidio::img_3973.jpg,IMG_3973.JPG,datasets/glaucoma/chaksu/raw/Test/1.0_Original_Fundus_Images/Remidio/IMG_3973.JPG,Remidio,GLAUCOMA SUSPECT,HIGH_RISK,1,test,test
remidio::img_3974.jpg,IMG_3974.JPG,datasets/glaucoma/chaksu/raw/Test/1.0_Original_Fundus_Images/Remidio/IMG_3974.JPG,Remidio,GLAUCOMA SUSPECT,HIGH_RISK,1,test,test
remidio::img_3975.jpg,IMG_3975.JPG,datasets/glaucoma/chaksu/raw/Test/1.0_Original_Fundus_Images/Remidio/IMG_3975.JPG,Remidio,NORMAL,LOW_RISK,0,test,test
remidio::img_3977.jpg,IMG_3977.JPG,datasets/glaucoma/chaksu/raw/Test/1.0_Original_Fundus_Images/Remidio/IMG_3977.JPG,Remidio,NORMAL,LOW_RISK,0,test,test
remidio::img_3978.jpg,IMG_3978.JPG,datasets/glaucoma/chaksu/raw/Test/1.0_Original_Fundus_Images/Remidio/IMG_3978.JPG,Remidio,NORMAL,LOW_RISK,0,test,test
remidio::img_3981.jpg,IMG_3981.JPG,datasets/glaucoma/chaksu/raw/Test/1.0_Original_Fundus_Images/Remidio/IMG_3981.JPG,Remidio,NORMAL,LOW_RISK,0,test,test
remidio::img_3983.jpg,IMG_3983.JPG,datasets/glaucoma/chaksu/raw/Test/1.0_Original_Fundus_Images/Remidio/IMG_3983.JPG,Remidio,NORMAL,LOW_RISK,0,test,test
remidio::img_3984.jpg,IMG_3984.JPG,datasets/glaucoma/chaksu/raw/Test/1.0_Original_Fundus_Images/Remidio/IMG_3984.JPG,Remidio,NORMAL,LOW_RISK,0,test,test
remidio::img_3986.jpg,IMG_3986.JPG,datasets/glaucoma/chaksu/raw/Test/1.0_Original_Fundus_Images/Remidio/IMG_3986.JPG,Remidio,NORMAL,LOW_RISK,0,test,test
remidio::img_3987.jpg,IMG_3987.JPG,datasets/glaucoma/chaksu/raw/Test/1.0_Original_Fundus_Images/Remidio/IMG_3987.JPG,Remidio,NORMAL,LOW_RISK,0,test,test
remidio::img_3988.jpg,IMG_3988.JPG,datasets/glaucoma/chaksu/raw/Test/1.0_Original_Fundus_Images/Remidio/IMG_3988.JPG,Remidio,NORMAL,LOW_RISK,0,test,test
remidio::img_3989.jpg,IMG_3989.JPG,datasets/glaucoma/chaksu/raw/Test/1.0_Original_Fundus_Images/Remidio/IMG_3989.JPG,Remidio,NORMAL,LOW_RISK,0,test,test
remidio::img_3994.jpg,IMG_3994.JPG,datasets/glaucoma/chaksu/raw/Test/1.0_Original_Fundus_Images/Remidio/IMG_3994.JPG,Remidio,NORMAL,LOW_RISK,0,test,test
remidio::img_3995.jpg,IMG_3995.JPG,datasets/glaucoma/chaksu/raw/Test/1.0_Original_Fundus_Images/Remidio/IMG_3995.JPG,Remidio,NORMAL,LOW_RISK,0,test,test
remidio::img_3997.jpg,IMG_3997.JPG,datasets/glaucoma/chaksu/raw/Test/1.0_Original_Fundus_Images/Remidio/IMG_3997.JPG,Remidio,NORMAL,LOW_RISK,0,test,test
remidio::img_4002.jpg,IMG_4002.JPG,datasets/glaucoma/chaksu/raw/Test/1.0_Original_Fundus_Images/Remidio/IMG_4002.JPG,Remidio,NORMAL,LOW_RISK,0,test,test
remidio::img_4003.jpg,IMG_4003.JPG,datasets/glaucoma/chaksu/raw/Test/1.0_Original_Fundus_Images/Remidio/IMG_4003.JPG,Remidio,GLAUCOMA SUSPECT,HIGH_RISK,1,test,test
remidio::img_4004.jpg,IMG_4004.JPG,datasets/glaucoma/chaksu/raw/Test/1.0_Original_Fundus_Images/Remidio/IMG_4004.JPG,Remidio,GLAUCOMA SUSPECT,HIGH_RISK,1,test,test
remidio::img_4024.jpg,IMG_4024.JPG,datasets/glaucoma/chaksu/raw/Test/1.0_Original_Fundus_Images/Remidio/IMG_4024.JPG,Remidio,NORMAL,LOW_RISK,0,test,test
remidio::img_4025.jpg,IMG_4025.JPG,datasets/glaucoma/chaksu/raw/Test/1.0_Original_Fundus_Images/Remidio/IMG_4025.JPG,Remidio,NORMAL,LOW_RISK,0,test,test
remidio::img_4032.jpg,IMG_4032.JPG,datasets/glaucoma/chaksu/raw/Test/1.0_Original_Fundus_Images/Remidio/IMG_4032.JPG,Remidio,NORMAL,LOW_RISK,0,test,test
remidio::img_4034.jpg,IMG_4034.JPG,datasets/glaucoma/chaksu/raw/Test/1.0_Original_Fundus_Images/Remidio/IMG_4034.JPG,Remidio,GLAUCOMA SUSPECT,HIGH_RISK,1,test,test
remidio::img_4043.jpg,IMG_4043.JPG,datasets/glaucoma/chaksu/raw/Test/1.0_Original_Fundus_Images/Remidio/IMG_4043.JPG,Remidio,NORMAL,LOW_RISK,0,test,test
remidio::img_4046.jpg,IMG_4046.JPG,datasets/glaucoma/chaksu/raw/Test/1.0_Original_Fundus_Images/Remidio/IMG_4046.JPG,Remidio,NORMAL,LOW_RISK,0,test,test
remidio::img_4048.jpg,IMG_4048.JPG,datasets/glaucoma/chaksu/raw/Test/1.0_Original_Fundus_Images/Remidio/IMG_4048.JPG,Remidio,GLAUCOMA SUSPECT,HIGH_RISK,1,test,test
remidio::img_4049.jpg,IMG_4049.JPG,datasets/glaucoma/chaksu/raw/Test/1.0_Original_Fundus_Images/Remidio/IMG_4049.JPG,Remidio,NORMAL,LOW_RISK,0,test,test
remidio::img_4058.jpg,IMG_4058.JPG,datasets/glaucoma/chaksu/raw/Test/1.0_Original_Fundus_Images/Remidio/IMG_4058.JPG,Remidio,NORMAL,LOW_RISK,0,test,test
remidio::img_4059.jpg,IMG_4059.JPG,datasets/glaucoma/chaksu/raw/Test/1.0_Original_Fundus_Images/Remidio/IMG_4059.JPG,Remidio,GLAUCOMA SUSPECT,HIGH_RISK,1,test,test
remidio::img_4066.jpg,IMG_4066.JPG,datasets/glaucoma/chaksu/raw/Test/1.0_Original_Fundus_Images/Remidio/IMG_4066.JPG,Remidio,NORMAL,LOW_RISK,0,test,test
remidio::img_4070.jpg,IMG_4070.JPG,datasets/glaucoma/chaksu/raw/Test/1.0_Original_Fundus_Images/Remidio/IMG_4070.JPG,Remidio,NORMAL,LOW_RISK,0,test,test
remidio::img_4078.jpg,IMG_4078.JPG,datasets/glaucoma/chaksu/raw/Test/1.0_Original_Fundus_Images/Remidio/IMG_4078.JPG,Remidio,GLAUCOMA SUSPECT,HIGH_RISK,1,test,test
remidio::img_4079.jpg,IMG_4079.JPG,datasets/glaucoma/chaksu/raw/Test/1.0_Original_Fundus_Images/Remidio/IMG_4079.JPG,Remidio,NORMAL,LOW_RISK,0,test,test
remidio::img_4099.jpg,IMG_4099.JPG,datasets/glaucoma/chaksu/raw/Test/1.0_Original_Fundus_Images/Remidio/IMG_4099.JPG,Remidio,NORMAL,LOW_RISK,0,test,test
remidio::img_4100.jpg,IMG_4100.JPG,datasets/glaucoma/chaksu/raw/Test/1.0_Original_Fundus_Images/Remidio/IMG_4100.JPG,Remidio,NORMAL,LOW_RISK,0,test,test
remidio::img_4110.jpg,IMG_4110.JPG,datasets/glaucoma/chaksu/raw/Test/1.0_Original_Fundus_Images/Remidio/IMG_4110.JPG,Remidio,NORMAL,LOW_RISK,0,test,test
remidio::img_4111.jpg,IMG_4111.JPG,datasets/glaucoma/chaksu/raw/Test/1.0_Original_Fundus_Images/Remidio/IMG_4111.JPG,Remidio,NORMAL,LOW_RISK,0,test,test
remidio::img_4112.jpg,IMG_4112.JPG,datasets/glaucoma/chaksu/raw/Test/1.0_Original_Fundus_Images/Remidio/IMG_4112.JPG,Remidio,GLAUCOMA SUSPECT,HIGH_RISK,1,test,test
remidio::img_4114.jpg,IMG_4114.JPG,datasets/glaucoma/chaksu/raw/Test/1.0_Original_Fundus_Images/Remidio/IMG_4114.JPG,Remidio,NORMAL,LOW_RISK,0,test,test
remidio::img_4129.jpg,IMG_4129.JPG,datasets/glaucoma/chaksu/raw/Test/1.0_Original_Fundus_Images/Remidio/IMG_4129.JPG,Remidio,GLAUCOMA SUSPECT,HIGH_RISK,1,test,test
remidio::img_4131.jpg,IMG_4131.JPG,datasets/glaucoma/chaksu/raw/Test/1.0_Original_Fundus_Images/Remidio/IMG_4131.JPG,Remidio,GLAUCOMA SUSPECT,HIGH_RISK,1,test,test
remidio::img_4132.jpg,IMG_4132.JPG,datasets/glaucoma/chaksu/raw/Test/1.0_Original_Fundus_Images/Remidio/IMG_4132.JPG,Remidio,NORMAL,LOW_RISK,0,test,test
remidio::img_4133.jpg,IMG_4133.JPG,datasets/glaucoma/chaksu/raw/Test/1.0_Original_Fundus_Images/Remidio/IMG_4133.JPG,Remidio,NORMAL,LOW_RISK,0,test,test
remidio::img_4144.jpg,IMG_4144.JPG,datasets/glaucoma/chaksu/raw/Test/1.0_Original_Fundus_Images/Remidio/IMG_4144.JPG,Remidio,NORMAL,LOW_RISK,0,test,test
remidio::img_4145.jpg,IMG_4145.JPG,datasets/glaucoma/chaksu/raw/Test/1.0_Original_Fundus_Images/Remidio/IMG_4145.JPG,Remidio,NORMAL,LOW_RISK,0,test,test
remidio::img_4150.jpg,IMG_4150.JPG,datasets/glaucoma/chaksu/raw/Test/1.0_Original_Fundus_Images/Remidio/IMG_4150.JPG,Remidio,NORMAL,LOW_RISK,0,test,test
remidio::img_4153.jpg,IMG_4153.JPG,datasets/glaucoma/chaksu/raw/Test/1.0_Original_Fundus_Images/Remidio/IMG_4153.JPG,Remidio,NORMAL,LOW_RISK,0,test,test
remidio::img_4154.jpg,IMG_4154.JPG,datasets/glaucoma/chaksu/raw/Test/1.0_Original_Fundus_Images/Remidio/IMG_4154.JPG,Remidio,GLAUCOMA SUSPECT,HIGH_RISK,1,test,test
remidio::img_4155.jpg,IMG_4155.JPG,datasets/glaucoma/chaksu/raw/Test/1.0_Original_Fundus_Images/Remidio/IMG_4155.JPG,Remidio,NORMAL,LOW_RISK,0,test,test
remidio::img_4166.jpg,IMG_4166.JPG,datasets/glaucoma/chaksu/raw/Test/1.0_Original_Fundus_Images/Remidio/IMG_4166.JPG,Remidio,GLAUCOMA SUSPECT,HIGH_RISK,1,test,test
remidio::img_4167.jpg,IMG_4167.JPG,datasets/glaucoma/chaksu/raw/Test/1.0_Original_Fundus_Images/Remidio/IMG_4167.JPG,Remidio,NORMAL,LOW_RISK,0,test,test
remidio::img_4169.jpg,IMG_4169.JPG,datasets/glaucoma/chaksu/raw/Test/1.0_Original_Fundus_Images/Remidio/IMG_4169.JPG,Remidio,NORMAL,LOW_RISK,0,test,test
remidio::img_4170.jpg,IMG_4170.JPG,datasets/glaucoma/chaksu/raw/Test/1.0_Original_Fundus_Images/Remidio/IMG_4170.JPG,Remidio,NORMAL,LOW_RISK,0,test,test
remidio::img_4176.jpg,IMG_4176.JPG,datasets/glaucoma/chaksu/raw/Test/1.0_Original_Fundus_Images/Remidio/IMG_4176.JPG,Remidio,NORMAL,LOW_RISK,0,test,test
remidio::img_4177.jpg,IMG_4177.JPG,datasets/glaucoma/chaksu/raw/Test/1.0_Original_Fundus_Images/Remidio/IMG_4177.JPG,Remidio,NORMAL,LOW_RISK,0,test,test
remidio::img_4191.jpg,IMG_4191.JPG,datasets/glaucoma/chaksu/raw/Test/1.0_Original_Fundus_Images/Remidio/IMG_4191.JPG,Remidio,GLAUCOMA SUSPECT,HIGH_RISK,1,test,test
remidio::img_4192.jpg,IMG_4192.JPG,datasets/glaucoma/chaksu/raw/Test/1.0_Original_Fundus_Images/Remidio/IMG_4192.JPG,Remidio,GLAUCOMA SUSPECT,HIGH_RISK,1,test,test
remidio::img_4198.jpg,IMG_4198.JPG,datasets/glaucoma/chaksu/raw/Test/1.0_Original_Fundus_Images/Remidio/IMG_4198.JPG,Remidio,NORMAL,LOW_RISK,0,test,test
remidio::img_4201.jpg,IMG_4201.JPG,datasets/glaucoma/chaksu/raw/Test/1.0_Original_Fundus_Images/Remidio/IMG_4201.JPG,Remidio,NORMAL,LOW_RISK,0,test,test
remidio::img_4202.jpg,IMG_4202.JPG,datasets/glaucoma/chaksu/raw/Test/1.0_Original_Fundus_Images/Remidio/IMG_4202.JPG,Remidio,NORMAL,LOW_RISK,0,test,test
remidio::img_4203.jpg,IMG_4203.JPG,datasets/glaucoma/chaksu/raw/Test/1.0_Original_Fundus_Images/Remidio/IMG_4203.JPG,Remidio,NORMAL,LOW_RISK,0,test,test
remidio::img_4228.jpg,IMG_4228.JPG,datasets/glaucoma/chaksu/raw/Test/1.0_Original_Fundus_Images/Remidio/IMG_4228.JPG,Remidio,NORMAL,LOW_RISK,0,test,test
remidio::img_4239.jpg,IMG_4239.JPG,datasets/glaucoma/chaksu/raw/Test/1.0_Original_Fundus_Images/Remidio/IMG_4239.JPG,Remidio,NORMAL,LOW_RISK,0,test,test
remidio::img_4240.jpg,IMG_4240.JPG,datasets/glaucoma/chaksu/raw/Test/1.0_Original_Fundus_Images/Remidio/IMG_4240.JPG,Remidio,NORMAL,LOW_RISK,0,test,test
remidio::img_4244.jpg,IMG_4244.JPG,datasets/glaucoma/chaksu/raw/Test/1.0_Original_Fundus_Images/Remidio/IMG_4244.JPG,Remidio,NORMAL,LOW_RISK,0,test,test
remidio::img_4245.jpg,IMG_4245.JPG,datasets/glaucoma/chaksu/raw/Test/1.0_Original_Fundus_Images/Remidio/IMG_4245.JPG,Remidio,NORMAL,LOW_RISK,0,test,test
remidio::img_4253.jpg,IMG_4253.JPG,datasets/glaucoma/chaksu/raw/Test/1.0_Original_Fundus_Images/Remidio/IMG_4253.JPG,Remidio,NORMAL,LOW_RISK,0,test,test
remidio::img_4254.jpg,IMG_4254.JPG,datasets/glaucoma/chaksu/raw/Test/1.0_Original_Fundus_Images/Remidio/IMG_4254.JPG,Remidio,NORMAL,LOW_RISK,0,test,test
remidio::img_4255.jpg,IMG_4255.JPG,datasets/glaucoma/chaksu/raw/Test/1.0_Original_Fundus_Images/Remidio/IMG_4255.JPG,Remidio,GLAUCOMA SUSPECT,HIGH_RISK,1,test,test
remidio::img_4256.jpg,IMG_4256.JPG,datasets/glaucoma/chaksu/raw/Test/1.0_Original_Fundus_Images/Remidio/IMG_4256.JPG,Remidio,NORMAL,LOW_RISK,0,test,test
remidio::img_4257.jpg,IMG_4257.JPG,datasets/glaucoma/chaksu/raw/Test/1.0_Original_Fundus_Images/Remidio/IMG_4257.JPG,Remidio,NORMAL,LOW_RISK,0,test,test
remidio::img_4258.jpg,IMG_4258.JPG,datasets/glaucoma/chaksu/raw/Test/1.0_Original_Fundus_Images/Remidio/IMG_4258.JPG,Remidio,NORMAL,LOW_RISK,0,test,test
remidio::img_4396.jpg,IMG_4396.JPG,datasets/glaucoma/chaksu/raw/Test/1.0_Original_Fundus_Images/Remidio/IMG_4396.JPG,Remidio,NORMAL,LOW_RISK,0,test,test
remidio::img_4397.jpg,IMG_4397.JPG,datasets/glaucoma/chaksu/raw/Test/1.0_Original_Fundus_Images/Remidio/IMG_4397.JPG,Remidio,NORMAL,LOW_RISK,0,test,test
remidio::img_4398.jpg,IMG_4398.JPG,datasets/glaucoma/chaksu/raw/Test/1.0_Original_Fundus_Images/Remidio/IMG_4398.JPG,Remidio,NORMAL,LOW_RISK,0,test,test
remidio::img_4399.jpg,IMG_4399.JPG,datasets/glaucoma/chaksu/raw/Test/1.0_Original_Fundus_Images/Remidio/IMG_4399.JPG,Remidio,NORMAL,LOW_RISK,0,test,test
remidio::img_4400.jpg,IMG_4400.JPG,datasets/glaucoma/chaksu/raw/Test/1.0_Original_Fundus_Images/Remidio/IMG_4400.JPG,Remidio,NORMAL,LOW_RISK,0,test,test
remidio::img_4401.jpg,IMG_4401.JPG,datasets/glaucoma/chaksu/raw/Test/1.0_Original_Fundus_Images/Remidio/IMG_4401.JPG,Remidio,GLAUCOMA SUSPECT,HIGH_RISK,1,test,test
remidio::img_4402.jpg,IMG_4402.JPG,datasets/glaucoma/chaksu/raw/Test/1.0_Original_Fundus_Images/Remidio/IMG_4402.JPG,Remidio,NORMAL,LOW_RISK,0,test,test
remidio::img_4403.jpg,IMG_4403.JPG,datasets/glaucoma/chaksu/raw/Test/1.0_Original_Fundus_Images/Remidio/IMG_4403.JPG,Remidio,NORMAL,LOW_RISK,0,test,test
remidio::img_4404.jpg,IMG_4404.JPG,datasets/glaucoma/chaksu/raw/Test/1.0_Original_Fundus_Images/Remidio/IMG_4404.JPG,Remidio,NORMAL,LOW_RISK,0,test,test
remidio::img_4405.jpg,IMG_4405.JPG,datasets/glaucoma/chaksu/raw/Test/1.0_Original_Fundus_Images/Remidio/IMG_4405.JPG,Remidio,NORMAL,LOW_RISK,0,test,test
remidio::img_4407.jpg,IMG_4407.JPG,datasets/glaucoma/chaksu/raw/Test/1.0_Original_Fundus_Images/Remidio/IMG_4407.JPG,Remidio,NORMAL,LOW_RISK,0,test,test
remidio::img_4408.jpg,IMG_4408.JPG,datasets/glaucoma/chaksu/raw/Test/1.0_Original_Fundus_Images/Remidio/IMG_4408.JPG,Remidio,NORMAL,LOW_RISK,0,test,test
remidio::img_4409.jpg,IMG_4409.JPG,datasets/glaucoma/chaksu/raw/Test/1.0_Original_Fundus_Images/Remidio/IMG_4409.JPG,Remidio,NORMAL,LOW_RISK,0,test,test
remidio::img_4410.jpg,IMG_4410.JPG,datasets/glaucoma/chaksu/raw/Test/1.0_Original_Fundus_Images/Remidio/IMG_4410.JPG,Remidio,NORMAL,LOW_RISK,0,test,test
remidio::img_4411.jpg,IMG_4411.JPG,datasets/glaucoma/chaksu/raw/Test/1.0_Original_Fundus_Images/Remidio/IMG_4411.JPG,Remidio,NORMAL,LOW_RISK,0,test,test
remidio::img_4412.jpg,IMG_4412.JPG,datasets/glaucoma/chaksu/raw/Test/1.0_Original_Fundus_Images/Remidio/IMG_4412.JPG,Remidio,NORMAL,LOW_RISK,0,test,test
remidio::img_4413.jpg,IMG_4413.JPG,datasets/glaucoma/chaksu/raw/Test/1.0_Original_Fundus_Images/Remidio/IMG_4413.JPG,Remidio,NORMAL,LOW_RISK,0,test,test
remidio::img_4414.jpg,IMG_4414.JPG,datasets/glaucoma/chaksu/raw/Test/1.0_Original_Fundus_Images/Remidio/IMG_4414.JPG,Remidio,NORMAL,LOW_RISK,0,test,test
remidio::img_4415.jpg,IMG_4415.JPG,datasets/glaucoma/chaksu/raw/Test/1.0_Original_Fundus_Images/Remidio/IMG_4415.JPG,Remidio,NORMAL,LOW_RISK,0,test,test
remidio::img_4416.jpg,IMG_4416.JPG,datasets/glaucoma/chaksu/raw/Test/1.0_Original_Fundus_Images/Remidio/IMG_4416.JPG,Remidio,NORMAL,LOW_RISK,0,test,test
remidio::img_4418.jpg,IMG_4418.JPG,datasets/glaucoma/chaksu/raw/Test/1.0_Original_Fundus_Images/Remidio/IMG_4418.JPG,Remidio,NORMAL,LOW_RISK,0,test,test
remidio::img_4420.jpg,IMG_4420.JPG,datasets/glaucoma/chaksu/raw/Test/1.0_Original_Fundus_Images/Remidio/IMG_4420.JPG,Remidio,NORMAL,LOW_RISK,0,test,test
remidio::img_4421.jpg,IMG_4421.JPG,datasets/glaucoma/chaksu/raw/Test/1.0_Original_Fundus_Images/Remidio/IMG_4421.JPG,Remidio,NORMAL,LOW_RISK,0,test,test
remidio::img_4422.jpg,IMG_4422.JPG,datasets/glaucoma/chaksu/raw/Test/1.0_Original_Fundus_Images/Remidio/IMG_4422.JPG,Remidio,NORMAL,LOW_RISK,0,test,test
remidio::img_4423.jpg,IMG_4423.JPG,datasets/glaucoma/chaksu/raw/Test/1.0_Original_Fundus_Images/Remidio/IMG_4423.JPG,Remidio,NORMAL,LOW_RISK,0,test,test
remidio::img_4424.jpg,IMG_4424.JPG,datasets/glaucoma/chaksu/raw/Test/1.0_Original_Fundus_Images/Remidio/IMG_4424.JPG,Remidio,NORMAL,LOW_RISK,0,test,test
remidio::img_4425.jpg,IMG_4425.JPG,datasets/glaucoma/chaksu/raw/Test/1.0_Original_Fundus_Images/Remidio/IMG_4425.JPG,Remidio,NORMAL,LOW_RISK,0,test,test
remidio::img_4426.jpg,IMG_4426.JPG,datasets/glaucoma/chaksu/raw/Test/1.0_Original_Fundus_Images/Remidio/IMG_4426.JPG,Remidio,NORMAL,LOW_RISK,0,test,test
remidio::img_4427.jpg,IMG_4427.JPG,datasets/glaucoma/chaksu/raw/Test/1.0_Original_Fundus_Images/Remidio/IMG_4427.JPG,Remidio,NORMAL,LOW_RISK,0,test,test
remidio::img_4432.jpg,IMG_4432.JPG,datasets/glaucoma/chaksu/raw/Test/1.0_Original_Fundus_Images/Remidio/IMG_4432.JPG,Remidio,NORMAL,LOW_RISK,0,test,test
remidio::img_4433.jpg,IMG_4433.JPG,datasets/glaucoma/chaksu/raw/Test/1.0_Original_Fundus_Images/Remidio/IMG_4433.JPG,Remidio,NORMAL,LOW_RISK,0,test,test
remidio::img_4434.jpg,IMG_4434.JPG,datasets/glaucoma/chaksu/raw/Test/1.0_Original_Fundus_Images/Remidio/IMG_4434.JPG,Remidio,GLAUCOMA SUSPECT,HIGH_RISK,1,test,test
remidio::img_4435.jpg,IMG_4435.JPG,datasets/glaucoma/chaksu/raw/Test/1.0_Original_Fundus_Images/Remidio/IMG_4435.JPG,Remidio,NORMAL,LOW_RISK,0,test,test
remidio::img_4436.jpg,IMG_4436.JPG,datasets/glaucoma/chaksu/raw/Test/1.0_Original_Fundus_Images/Remidio/IMG_4436.JPG,Remidio,GLAUCOMA SUSPECT,HIGH_RISK,1,test,test
remidio::img_4437.jpg,IMG_4437.JPG,datasets/glaucoma/chaksu/raw/Test/1.0_Original_Fundus_Images/Remidio/IMG_4437.JPG,Remidio,NORMAL,LOW_RISK,0,test,test
remidio::img_4438.jpg,IMG_4438.JPG,datasets/glaucoma/chaksu/raw/Test/1.0_Original_Fundus_Images/Remidio/IMG_4438.JPG,Remidio,NORMAL,LOW_RISK,0,test,test
remidio::img_4439.jpg,IMG_4439.JPG,datasets/glaucoma/chaksu/raw/Test/1.0_Original_Fundus_Images/Remidio/IMG_4439.JPG,Remidio,NORMAL,LOW_RISK,0,test,test
remidio::img_4440.jpg,IMG_4440.JPG,datasets/glaucoma/chaksu/raw/Test/1.0_Original_Fundus_Images/Remidio/IMG_4440.JPG,Remidio,NORMAL,LOW_RISK,0,test,test
remidio::img_4441.jpg,IMG_4441.JPG,datasets/glaucoma/chaksu/raw/Test/1.0_Original_Fundus_Images/Remidio/IMG_4441.JPG,Remidio,NORMAL,LOW_RISK,0,test,test
remidio::img_4442.jpg,IMG_4442.JPG,datasets/glaucoma/chaksu/raw/Test/1.0_Original_Fundus_Images/Remidio/IMG_4442.JPG,Remidio,NORMAL,LOW_RISK,0,test,test
remidio::img_4443.jpg,IMG_4443.JPG,datasets/glaucoma/chaksu/raw/Test/1.0_Original_Fundus_Images/Remidio/IMG_4443.JPG,Remidio,NORMAL,LOW_RISK,0,test,test
remidio::img_4444.jpg,IMG_4444.JPG,datasets/glaucoma/chaksu/raw/Test/1.0_Original_Fundus_Images/Remidio/IMG_4444.JPG,Remidio,NORMAL,LOW_RISK,0,test,test
remidio::img_4445.jpg,IMG_4445.JPG,datasets/glaucoma/chaksu/raw/Test/1.0_Original_Fundus_Images/Remidio/IMG_4445.JPG,Remidio,NORMAL,LOW_RISK,0,test,test
remidio::img_4446.jpg,IMG_4446.JPG,datasets/glaucoma/chaksu/raw/Test/1.0_Original_Fundus_Images/Remidio/IMG_4446.JPG,Remidio,NORMAL,LOW_RISK,0,test,test
remidio::img_4447.jpg,IMG_4447.JPG,datasets/glaucoma/chaksu/raw/Test/1.0_Original_Fundus_Images/Remidio/IMG_4447.JPG,Remidio,NORMAL,LOW_RISK,0,test,test
remidio::img_4448.jpg,IMG_4448.JPG,datasets/glaucoma/chaksu/raw/Test/1.0_Original_Fundus_Images/Remidio/IMG_4448.JPG,Remidio,NORMAL,LOW_RISK,0,test,test
remidio::img_4449.jpg,IMG_4449.JPG,datasets/glaucoma/chaksu/raw/Test/1.0_Original_Fundus_Images/Remidio/IMG_4449.JPG,Remidio,NORMAL,LOW_RISK,0,test,test
remidio::img_4451.jpg,IMG_4451.JPG,datasets/glaucoma/chaksu/raw/Test/1.0_Original_Fundus_Images/Remidio/IMG_4451.JPG,Remidio,NORMAL,LOW_RISK,0,test,test
remidio::img_4452.jpg,IMG_4452.JPG,datasets/glaucoma/chaksu/raw/Test/1.0_Original_Fundus_Images/Remidio/IMG_4452.JPG,Remidio,GLAUCOMA SUSPECT,HIGH_RISK,1,test,test
remidio::img_4453.jpg,IMG_4453.JPG,datasets/glaucoma/chaksu/raw/Test/1.0_Original_Fundus_Images/Remidio/IMG_4453.JPG,Remidio,NORMAL,LOW_RISK,0,test,test
remidio::img_4454.jpg,IMG_4454.JPG,datasets/glaucoma/chaksu/raw/Test/1.0_Original_Fundus_Images/Remidio/IMG_4454.JPG,Remidio,GLAUCOMA SUSPECT,HIGH_RISK,1,test,test
remidio::img_4455.jpg,IMG_4455.JPG,datasets/glaucoma/chaksu/raw/Test/1.0_Original_Fundus_Images/Remidio/IMG_4455.JPG,Remidio,GLAUCOMA SUSPECT,HIGH_RISK,1,test,test
remidio::img_4456.jpg,IMG_4456.JPG,datasets/glaucoma/chaksu/raw/Test/1.0_Original_Fundus_Images/Remidio/IMG_4456.JPG,Remidio,GLAUCOMA SUSPECT,HIGH_RISK,1,test,test
remidio::img_4457.jpg,IMG_4457.JPG,datasets/glaucoma/chaksu/raw/Test/1.0_Original_Fundus_Images/Remidio/IMG_4457.JPG,Remidio,GLAUCOMA SUSPECT,HIGH_RISK,1,test,test
remidio::img_4458.jpg,IMG_4458.JPG,datasets/glaucoma/chaksu/raw/Test/1.0_Original_Fundus_Images/Remidio/IMG_4458.JPG,Remidio,GLAUCOMA SUSPECT,HIGH_RISK,1,test,test
remidio::img_4459.jpg,IMG_4459.JPG,datasets/glaucoma/chaksu/raw/Test/1.0_Original_Fundus_Images/Remidio/IMG_4459.JPG,Remidio,NORMAL,LOW_RISK,0,test,test
remidio::img_4461.jpg,IMG_4461.JPG,datasets/glaucoma/chaksu/raw/Test/1.0_Original_Fundus_Images/Remidio/IMG_4461.JPG,Remidio,NORMAL,LOW_RISK,0,test,test
remidio::img_4462.jpg,IMG_4462.JPG,datasets/glaucoma/chaksu/raw/Test/1.0_Original_Fundus_Images/Remidio/IMG_4462.JPG,Remidio,GLAUCOMA SUSPECT,HIGH_RISK,1,test,test
remidio::img_4464.jpg,IMG_4464.JPG,datasets/glaucoma/chaksu/raw/Test/1.0_Original_Fundus_Images/Remidio/IMG_4464.JPG,Remidio,NORMAL,LOW_RISK,0,test,test
remidio::img_4465.jpg,IMG_4465.JPG,datasets/glaucoma/chaksu/raw/Test/1.0_Original_Fundus_Images/Remidio/IMG_4465.JPG,Remidio,NORMAL,LOW_RISK,0,test,test
remidio::img_4466.jpg,IMG_4466.JPG,datasets/glaucoma/chaksu/raw/Test/1.0_Original_Fundus_Images/Remidio/IMG_4466.JPG,Remidio,GLAUCOMA SUSPECT,HIGH_RISK,1,test,test
remidio::img_4467.jpg,IMG_4467.JPG,datasets/glaucoma/chaksu/raw/Test/1.0_Original_Fundus_Images/Remidio/IMG_4467.JPG,Remidio,GLAUCOMA SUSPECT,HIGH_RISK,1,test,test
remidio::img_4468.jpg,IMG_4468.JPG,datasets/glaucoma/chaksu/raw/Test/1.0_Original_Fundus_Images/Remidio/IMG_4468.JPG,Remidio,NORMAL,LOW_RISK,0,test,test
remidio::img_4469.jpg,IMG_4469.JPG,datasets/glaucoma/chaksu/raw/Test/1.0_Original_Fundus_Images/Remidio/IMG_4469.JPG,Remidio,NORMAL,LOW_RISK,0,test,test
remidio::img_4470.jpg,IMG_4470.JPG,datasets/glaucoma/chaksu/raw/Test/1.0_Original_Fundus_Images/Remidio/IMG_4470.JPG,Remidio,GLAUCOMA SUSPECT,HIGH_RISK,1,test,test
remidio::img_4471.jpg,IMG_4471.JPG,datasets/glaucoma/chaksu/raw/Test/1.0_Original_Fundus_Images/Remidio/IMG_4471.JPG,Remidio,NORMAL,LOW_RISK,0,test,test
remidio::img_4472.jpg,IMG_4472.JPG,datasets/glaucoma/chaksu/raw/Test/1.0_Original_Fundus_Images/Remidio/IMG_4472.JPG,Remidio,NORMAL,LOW_RISK,0,test,test
remidio::img_4473.jpg,IMG_4473.JPG,datasets/glaucoma/chaksu/raw/Test/1.0_Original_Fundus_Images/Remidio/IMG_4473.JPG,Remidio,GLAUCOMA SUSPECT,HIGH_RISK,1,test,test
remidio::img_4474.jpg,IMG_4474.JPG,datasets/glaucoma/chaksu/raw/Test/1.0_Original_Fundus_Images/Remidio/IMG_4474.JPG,Remidio,GLAUCOMA SUSPECT,HIGH_RISK,1,test,test
remidio::img_4475.jpg,IMG_4475.JPG,datasets/glaucoma/chaksu/raw/Test/1.0_Original_Fundus_Images/Remidio/IMG_4475.JPG,Remidio,NORMAL,LOW_RISK,0,test,test
remidio::img_4476.jpg,IMG_4476.JPG,datasets/glaucoma/chaksu/raw/Test/1.0_Original_Fundus_Images/Remidio/IMG_4476.JPG,Remidio,NORMAL,LOW_RISK,0,test,test
remidio::img_4477.jpg,IMG_4477.JPG,datasets/glaucoma/chaksu/raw/Test/1.0_Original_Fundus_Images/Remidio/IMG_4477.JPG,Remidio,NORMAL,LOW_RISK,0,test,test
remidio::img_4478.jpg,IMG_4478.JPG,datasets/glaucoma/chaksu/raw/Test/1.0_Original_Fundus_Images/Remidio/IMG_4478.JPG,Remidio,GLAUCOMA SUSPECT,HIGH_RISK,1,test,test
remidio::img_4480.jpg,IMG_4480.JPG,datasets/glaucoma/chaksu/raw/Test/1.0_Original_Fundus_Images/Remidio/IMG_4480.JPG,Remidio,NORMAL,LOW_RISK,0,test,test
remidio::img_4481.jpg,IMG_4481.JPG,datasets/glaucoma/chaksu/raw/Test/1.0_Original_Fundus_Images/Remidio/IMG_4481.JPG,Remidio,NORMAL,LOW_RISK,0,test,test
remidio::img_4482.jpg,IMG_4482.JPG,datasets/glaucoma/chaksu/raw/Test/1.0_Original_Fundus_Images/Remidio/IMG_4482.JPG,Remidio,NORMAL,LOW_RISK,0,test,test
remidio::img_4483.jpg,IMG_4483.JPG,datasets/glaucoma/chaksu/raw/Test/1.0_Original_Fundus_Images/Remidio/IMG_4483.JPG,Remidio,NORMAL,LOW_RISK,0,test,test
remidio::img_4485.jpg,IMG_4485.JPG,datasets/glaucoma/chaksu/raw/Test/1.0_Original_Fundus_Images/Remidio/IMG_4485.JPG,Remidio,NORMAL,LOW_RISK,0,test,test
remidio::img_4486.jpg,IMG_4486.JPG,datasets/glaucoma/chaksu/raw/Test/1.0_Original_Fundus_Images/Remidio/IMG_4486.JPG,Remidio,NORMAL,LOW_RISK,0,test,test
remidio::img_4488.jpg,IMG_4488.JPG,datasets/glaucoma/chaksu/raw/Test/1.0_Original_Fundus_Images/Remidio/IMG_4488.JPG,Remidio,NORMAL,LOW_RISK,0,test,test
remidio::img_4489.jpg,IMG_4489.JPG,datasets/glaucoma/chaksu/raw/Test/1.0_Original_Fundus_Images/Remidio/IMG_4489.JPG,Remidio,NORMAL,LOW_RISK,0,test,test
remidio::img_4491.jpg,IMG_4491.JPG,datasets/glaucoma/chaksu/raw/Test/1.0_Original_Fundus_Images/Remidio/IMG_4491.JPG,Remidio,NORMAL,LOW_RISK,0,test,test
remidio::img_4492.jpg,IMG_4492.JPG,datasets/glaucoma/chaksu/raw/Test/1.0_Original_Fundus_Images/Remidio/IMG_4492.JPG,Remidio,NORMAL,LOW_RISK,0,test,test
remidio::img_4493.jpg,IMG_4493.JPG,datasets/glaucoma/chaksu/raw/Test/1.0_Original_Fundus_Images/Remidio/IMG_4493.JPG,Remidio,NORMAL,LOW_RISK,0,test,test
remidio::img_4494.jpg,IMG_4494.JPG,datasets/glaucoma/chaksu/raw/Test/1.0_Original_Fundus_Images/Remidio/IMG_4494.JPG,Remidio,NORMAL,LOW_RISK,0,test,test
remidio::img_4495.jpg,IMG_4495.JPG,datasets/glaucoma/chaksu/raw/Test/1.0_Original_Fundus_Images/Remidio/IMG_4495.JPG,Remidio,NORMAL,LOW_RISK,0,test,test
remidio::img_4497.jpg,IMG_4497.JPG,datasets/glaucoma/chaksu/raw/Test/1.0_Original_Fundus_Images/Remidio/IMG_4497.JPG,Remidio,NORMAL,LOW_RISK,0,test,test
remidio::img_4501.jpg,IMG_4501.JPG,datasets/glaucoma/chaksu/raw/Test/1.0_Original_Fundus_Images/Remidio/IMG_4501.JPG,Remidio,NORMAL,LOW_RISK,0,test,test
remidio::img_4502.jpg,IMG_4502.JPG,datasets/glaucoma/chaksu/raw/Test/1.0_Original_Fundus_Images/Remidio/IMG_4502.JPG,Remidio,NORMAL,LOW_RISK,0,test,test
remidio::img_4505.jpg,IMG_4505.JPG,datasets/glaucoma/chaksu/raw/Test/1.0_Original_Fundus_Images/Remidio/IMG_4505.JPG,Remidio,NORMAL,LOW_RISK,0,test,test
remidio::img_4506.jpg,IMG_4506.JPG,datasets/glaucoma/chaksu/raw/Test/1.0_Original_Fundus_Images/Remidio/IMG_4506.JPG,Remidio,NORMAL,LOW_RISK,0,test,test
remidio::img_4507.jpg,IMG_4507.JPG,datasets/glaucoma/chaksu/raw/Test/1.0_Original_Fundus_Images/Remidio/IMG_4507.JPG,Remidio,NORMAL,LOW_RISK,0,test,test
remidio::img_4518.jpg,IMG_4518.JPG,datasets/glaucoma/chaksu/raw/Test/1.0_Original_Fundus_Images/Remidio/IMG_4518.JPG,Remidio,NORMAL,LOW_RISK,0,test,test
remidio::img_4520.jpg,IMG_4520.JPG,datasets/glaucoma/chaksu/raw/Test/1.0_Original_Fundus_Images/Remidio/IMG_4520.JPG,Remidio,NORMAL,LOW_RISK,0,test,test
remidio::img_4542.jpg,IMG_4542.JPG,datasets/glaucoma/chaksu/raw/Test/1.0_Original_Fundus_Images/Remidio/IMG_4542.JPG,Remidio,NORMAL,LOW_RISK,0,test,test
remidio::img_4543.jpg,IMG_4543.JPG,datasets/glaucoma/chaksu/raw/Test/1.0_Original_Fundus_Images/Remidio/IMG_4543.JPG,Remidio,NORMAL,LOW_RISK,0,test,test
remidio::img_4544.jpg,IMG_4544.JPG,datasets/glaucoma/chaksu/raw/Test/1.0_Original_Fundus_Images/Remidio/IMG_4544.JPG,Remidio,NORMAL,LOW_RISK,0,test,test
remidio::img_4545.jpg,IMG_4545.JPG,datasets/glaucoma/chaksu/raw/Test/1.0_Original_Fundus_Images/Remidio/IMG_4545.JPG,Remidio,NORMAL,LOW_RISK,0,test,test
remidio::img_4546.jpg,IMG_4546.JPG,datasets/glaucoma/chaksu/raw/Test/1.0_Original_Fundus_Images/Remidio/IMG_4546.JPG,Remidio,NORMAL,LOW_RISK,0,test,test
remidio::img_4547.jpg,IMG_4547.JPG,datasets/glaucoma/chaksu/raw/Test/1.0_Original_Fundus_Images/Remidio/IMG_4547.JPG,Remidio,GLAUCOMA SUSPECT,HIGH_RISK,1,test,test
remidio::img_4558.jpg,IMG_4558.JPG,datasets/glaucoma/chaksu/raw/Test/1.0_Original_Fundus_Images/Remidio/IMG_4558.JPG,Remidio,NORMAL,LOW_RISK,0,test,test
remidio::img_4559.jpg,IMG_4559.JPG,datasets/glaucoma/chaksu/raw/Test/1.0_Original_Fundus_Images/Remidio/IMG_4559.JPG,Remidio,NORMAL,LOW_RISK,0,test,test
remidio::img_4560.jpg,IMG_4560.JPG,datasets/glaucoma/chaksu/raw/Test/1.0_Original_Fundus_Images/Remidio/IMG_4560.JPG,Remidio,NORMAL,LOW_RISK,0,test,test
remidio::img_4561.jpg,IMG_4561.JPG,datasets/glaucoma/chaksu/raw/Test/1.0_Original_Fundus_Images/Remidio/IMG_4561.JPG,Remidio,NORMAL,LOW_RISK,0,test,test
