id_code,diagnosis,experimental_split,mean_brightness,contrast,black_fraction
000c1434d8d7,2,train,68.392578125,13.193166732788086,0.2540849416307973
001639a390f0,4,test,99.47298431396484,9.209802627563477,0.25357019327519703
0024cdab0c1e,1,validation,79.82217407226562,12.1549654006958,0.16689595286416214
002c21358ce6,0,train,107.82547760009766,18.772714614868164,0.20949024943310657
005b95c28852,0,test,47.742183685302734,16.528812408447266,0.5259803136189778
0083ee8054ee,4,validation,87.49320220947266,9.581026077270508,0.24458072312681
0097f532ac9f,0,train,49.98512649536133,16.36013412475586,0.011380410569407307
00a8624548a9,2,validation,98.72602844238281,12.637937545776367,0.2537052856038161
00b74780d31d,2,validation,53.42660903930664,20.182743072509766,0.09430123000317325
00cb6555d108,1,train,78.03199005126953,12.942424774169922,0.16641170995208598
00cc2b75cddd,0,train,97.1339340209961,17.223905563354492,0.20867120181405896
00e4ddff966a,2,train,128.50918579101562,14.569483757019043,0.16596609202856527
00f6c1be5a33,0,train,96.73345947265625,15.97093391418457,0.20890068027210884
0104b032c141,3,train,102.86173248291016,20.245296478271484,0.1656532773064363
0124dffecf29,1,test,120.94718170166016,13.556510925292969,0.254823145508413
0125fbd2e791,0,train,102.22024536132812,16.981298446655273,0.2093052154195011
012a242ac6ff,2,train,93.0210189819336,11.046807289123535,0.25406616263253023
014508ccb9cb,0,train,57.98073959350586,26.554548263549805,0.20357510748390228
0151781fe50b,0,train,119.04056549072266,14.565937042236328,0.5250021616617839
0161338f53cc,2,train,103.6188735961914,13.008912086486816,0.2645352393617021
0180bfa26c0b,2,train,66.610107421875,16.113616943359375,0.2850822561068391
0182152c50de,0,train,104.02616882324219,13.149690628051758,0.2072027210884354
01b3aed3ed4c,1,validation,92.2599868774414,14.839016914367676,0.1661232146671957
01c7808d901d,2,train,70.66936492919922,14.420307159423828,0.2772792244885125
01d9477b1171,0,train,90.93584442138672,22.31452751159668,0.5244120700146759
01eb826f6467,2,train,99.27184295654297,11.90120792388916,0.16627771462141794
01f7bb8be950,0,train,56.290557861328125,21.26348876953125,0.09419644055300413
0212dd31f623,0,validation,92.95148468017578,15.6974515914917,0.20903492063492068
022f820027b8,0,train,109.88581848144531,16.64755630493164,0.5247011184692383
0231642cf1c2,0,test,57.4963493347168,16.969207763671875,0.09349271328501307
0232dfea7547,0,test,105.25537872314453,15.270062446594238,0.2082031746031746
02358b47ea89,0,train,67.11058044433594,28.918743133544922,0.00861858692511841
025a169a0bb0,2,test,80.64776611328125,20.712841033935547,0.20637551020408162
02685f13cefd,4,train,87.53046417236328,18.639001846313477,0.2845802089931456
026dcd9af143,2,validation,47.79524612426758,7.643578052520752,0.2544110265619468
02cd34a85b24,0,validation,91.53374481201172,19.134286880493164,0.20920362811791382
02da652c74b8,0,train,102.00235748291016,15.369606018066406,0.2078839002267574
02dda30d3acf,4,train,78.14749908447266,25.36103630065918,0.09445811816303107
0304bedad8fe,0,train,112.84321594238281,21.229833602905273,0.20899410430839005
0318598cfd16,4,train,107.2388916015625,23.551849365234375,0.09122227519801451
032d7b0b4bf6,2,validation,50.1770133972168,12.664694786071777,0.0942889947001404
033f2b43de6d,2,train,39.45402145385742,20.15367889404297,0.09593898451721072
034cb07a550f,4,train,55.64957046508789,12.07669734954834,0.2541858241563717
03676c71ed1b,2,train,86.31995391845703,15.694643020629883,0.20983401360544218
0369f3efe69b,1,train,81.8762435913086,15.938323974609375,0.27930768384202587
03747397839f,2,train,114.0908203125,10.498247146606445,0.2535352556040025
03a7f4a5786f,4,train,50.527950286865234,21.6488037109375,0.10787925887217342
03b373718013,0,train,98.10549926757812,12.473444938659668,0.20938321995464848
03c85870824c,3,validation,78.24598693847656,12.13988971710205,0.16700157551805173
03e25101e8e8,1,train,77.40403747558594,23.52504539489746,0.09232582059414629
03fd50da928d,2,train,102.09813690185547,18.186763763427734,0.2454095188217712
03ff7d159f10,2,train,84.55435943603516,11.967203140258789,0.25374400818939014
0415fc68b176,2,train,55.024715423583984,10.344502449035645,0.09525558363974218
041f09eec1e8,2,validation,91.32237243652344,10.86274528503418,0.2538114087800697
0423237770a7,0,test,109.91561126708984,19.294498443603516,0.20784399092970518
042470a92154,3,validation,72.04611206054688,10.777705192565918,0.1670235106967376
04579e31e4be,0,test,100.6783676147461,21.396005630493164,0.20917006802721083
04a6fc58dabc,2,train,68.89461517333984,12.331731796264648,0.1664508117923521
04ac765f91a1,1,test,107.02699279785156,13.843596458435059,0.16583924947355566
04aef84a2cc1,0,train,88.45753479003906,22.916946411132812,0.5244896254668241
04d029cfb612,2,train,103.85594177246094,12.731291770935059,0.2559826394711834
04efb1a284cc,0,train,111.29582977294922,24.683855056762695,0.2089378684807256
050bb1eafa76,0,train,100.42156219482422,18.97462272644043,0.5241436088341626
05113073b268,0,train,69.40374755859375,33.872676849365234,0.09287048892270922
05195a3db5e2,0,train,52.24459457397461,16.947566986083984,0.20279955296241936
0519b934f6b1,2,train,70.3667984008789,19.429292678833008,0.09423926411361938
052d9a3fe55a,2,train,44.14076614379883,16.12708854675293,0.09573433920680507
05339950962e,0,train,87.76473236083984,17.131916046142578,0.20889977324263043
054b1b305160,0,train,97.43089294433594,13.572834014892578,0.20779773242630384
0551676cc2aa,0,train,55.49494934082031,27.249300003051758,0.0266212565893027
059bc89df7f4,1,train,84.78749084472656,14.832039833068848,0.16708168660542622
05a5183c92d0,1,test,77.70785522460938,13.45957088470459,0.16697415654469439
05b1bb2bdb81,0,validation,57.087135314941406,21.875173568725586,0.014507319868711233
05cd0178ccfe,3,train,105.01545715332031,30.058155059814453,0.16643006874294264
05e9126dfa5c,0,train,100.43791198730469,17.83778190612793,0.20863764172335597
06024377d573,2,train,83.0357894897461,15.71315860748291,0.010615234375000004
060e00d1e2ab,0,train,100.67335510253906,19.220508575439453,0.5237796947894668
064af6592ba6,2,train,75.78807830810547,8.08503532409668,0.248344005299183
06586082a24d,0,train,101.336669921875,16.953325271606445,0.5249052047729492
0684311afdfc,1,train,72.22044372558594,12.434534072875977,0.1666298696096683
069f43616fab,3,train,136.5501708984375,19.069183349609375,0.45167451060637065
06b71823f9cd,1,validation,70.18575286865234,24.61072540283203,0.27679945929586613
06be1092a062,0,test,90.08390045166016,11.837356567382812,0.5245830897296695
07083738b75e,2,test,89.15721130371094,11.619003295898438,0.25380820616021016
0709652336e2,0,train,98.17557525634766,26.14691734313965,0.5253194173177083
070d4ce5fd90,0,train,92.0728759765625,21.114879608154297,0.5255330403645833
070f67572d03,3,train,93.7967758178711,13.83272933959961,0.16568474951933343
07122e268a1d,4,test,79.38245391845703,14.466014862060547,0.2848858605839494
071435a218ec,2,train,100.53594970703125,11.804818153381348,0.25347979205098103
07419eddd6be,2,validation,57.57212829589844,14.917442321777344,0.25505722790541674
07596907347b,0,validation,101.02368927001953,15.902021408081055,0.20690521541950113
0773a1c326ad,0,train,63.08937072753906,16.393999099731445,0.5251016616821289
07751b94a88a,0,train,102.37576293945312,16.66815757751465,0.20913197278911566
0790515cf5af,0,test,114.9302978515625,13.871514320373535,0.20883083900226762
07929d32b5b3,1,test,68.39811706542969,30.744338989257812,0.09081969425951153
07a0be6b347f,0,train,102.6551513671875,19.635595321655273,0.5245739618937175
07a0e34c8d20,3,train,76.2844467163086,23.06264877319336,0.09101092020530044
07a1c7073982,1,train,53.36255645751953,19.286073684692383,0.10542035764974822
07a2b8cabf6b,0,train,94.68524169921875,21.54806900024414,0.21038095238095234
07a3be30563b,2,train,89.0744857788086,14.860267639160156,0.2536458915627853
07d8db76b301,2,train,76.4383316040039,12.705663681030273,0.25437783577431194
07e827469099,0,train,102.66944122314453,17.572738647460938,0.5245278676350911
07f5d7baf907,0,train,96.07816314697266,33.545169830322266,0.00583387142354197
08037e4490e5,0,validation,91.19722747802734,22.808650970458984,0.5245830897296695
080ee76c958c,4,train,80.2545166015625,23.031415939331055,0.2539728499357147
080f66eedfb9,4,train,96.93108367919922,15.720233917236328,0.1665523812067019
084c02cf077f,0,train,85.3035659790039,20.41994285583496,0.5242509933063679
0851d6a69589,0,train,89.27731323242188,16.338163375854492,0.209643537414966
086d41d17da8,1,test,84.74870300292969,15.257980346679688,0.2848752446097391
08752092140d,2,train,72.62864685058594,14.791497230529785,0.245047868739382
08a3875063c3,4,test,103.00466918945312,12.043209075927734,0.25386294184508174
08b6e3240858,0,train,53.63246154785156,23.55512237548828,0.025234720474635042
08bef347f40d,0,train,89.87067413330078,15.81884479522705,0.20988299319727888
08c17a2d95b7,2,train,63.319583892822266,30.890913009643555,0.0037868262886932014
08c60c647673,0,validation,66.70575714111328,23.856592178344727,0.09507225143784548
08ee569d4721,0,validation,106.80845642089844,16.334352493286133,0.2083301587301587
08f8838d69bb,0,train,99.62783813476562,16.54682731628418,0.207633560090703
09237bf783a4,0,train,96.38448333740234,17.026758193969727,0.20613514739229022
0924cec998fa,0,train,94.4815444946289,22.372751235961914,0.5251293182373047
093a42649c29,3,train,74.18582153320312,13.621248245239258,0.2799038078567835
093cf723fede,0,train,102.44056701660156,20.056102752685547,0.5247936248779297
094858f005ab,2,train,61.145896911621094,13.487566947937012,0.1670044366283151
0953c0ac1735,2,train,89.48580932617188,10.073576927185059,0.24817236122034492
096436d68d06,0,train,59.91358947753906,20.921581268310547,0.09534024404298613
09662e462531,0,train,92.82310485839844,41.79658126831055,0.0015951282970194658
0981195eb9fb,4,test,70.1174087524414,22.620311737060547,0.27661161472308404
099021fac3c9,0,train,46.39350891113281,16.663267135620117,0.5265928904215496
09934421c79e,0,train,45.499542236328125,19.152469635009766,0.5269238154093425
09935d72892b,1,train,50.9637336730957,25.945186614990234,0.09585432411396677
09c8323c612e,0,train,102.29290771484375,15.630111694335938,0.20859138321995463
09eeafa9656a,2,train,127.66632843017578,14.94325065612793,0.25350614087800694
09f1111a388a,0,train,51.60826110839844,9.77277946472168,0.5258334477742512
09f6ab477654,2,test,114.85115051269531,27.066068649291992,0.16383456488235115
0a09aa7356c0,2,train,60.87900924682617,20.149885177612305,0.09537260839294426
0a1076183736,2,train,61.183380126953125,15.040895462036133,0.24500852175785437
0a3202889f4d,1,train,69.7322769165039,9.480867385864258,0.16648299928281507
0a38b552372d,0,train,117.35216522216797,18.58109474182129,0.20742131519274376
0a4e1a29ffff,0,train,94.95601654052734,18.701528549194336,0.2074185941043084
0a61bddab956,1,train,110.0392074584961,13.90556526184082,0.16533283295693835
0a74c92e287c,0,test,52.85791778564453,13.612793922424316,0.526074727376302
0a85a1e8f9e9,0,train,80.39259338378906,31.767593383789062,0.047015138622036545
0a902c80d5da,0,validation,100.31886291503906,15.320404052734375,0.2080743764172336
0a9ec1e99ce4,2,validation,60.87747573852539,24.257766723632812,0.09363716879824069
0abf0c485f66,0,train,89.82481384277344,24.578636169433594,0.5255155563354492
0ad7f631dedb,1,train,95.42779541015625,13.158685684204102,0.16651971686452838
0ada12c0e78f,4,train,68.60633850097656,34.20748519897461,0.09359947617115527
0ae2dd2e09ea,0,validation,101.91604614257812,15.88813591003418,0.20879818594104305
0af296d2f04a,2,train,116.16798400878906,14.068203926086426,0.25399643286377105
0afbeeef0ff7,0,validation,90.1739501953125,12.271773338317871,0.20897324263038553
0afdfe5f422c,2,validation,109.76127624511719,12.378058433532715,0.2538926388655971
0b00f8a77510,0,validation,42.62807083129883,15.57270336151123,0.20303221931886428
0b2ea8f268cf,0,train,54.97136688232422,16.727861404418945,0.20279955296241936
0b3efe669365,0,train,49.19829559326172,20.2663516998291,0.5273482004801433
0b64a0a06f9a,0,train,62.4575309753418,23.3162841796875,0.2029208576439847
0b8bdec9d869,0,train,102.54108428955078,17.72661590576172,0.524065335591634
0babc12807b2,0,train,78.24764251708984,9.753079414367676,0.1671083903012177
0bf37ca3156a,4,train,58.25046157836914,21.51625633239746,0.019348552997807134
0c2e2369dfff,2,train,114.3251724243164,18.612503051757812,0.283891497666255
0c38940e1f80,0,train,78.80469512939453,11.614065170288086,0.524400138406653
0c43c79e8cfb,0,validation,67.49221801757812,24.831958770751953,0.09430932109066281
0c55d58bebaf,2,train,79.91111755371094,14.210583686828613,0.16701158940397354
0c76fd494af6,2,validation,98.34683990478516,12.648686408996582,0.2534137016229713
0c7e82daf5a0,2,validation,69.38874053955078,16.591947555541992,0.2653703457446809
0c917c372572,3,train,115.33391571044922,17.40871810913086,0.166175191503647
0ca0aee4d57e,2,train,66.6353988647461,16.135583877563477,0.2821246973524233
0cae727cf119,0,train,99.78111267089844,15.552127838134766,0.524823506673177
0cb6b898389f,0,train,100.05196380615234,22.582292556762695,0.5237856605934782
0cbcc7b23613,0,train,52.40886306762695,21.288257598876953,0.09539293478346667
0cd31078cd08,0,train,95.72547149658203,36.459075927734375,0.5249729156494141
0ce062f26edc,0,train,68.96688842773438,31.958293914794922,0.20312767218304673
0ceb222f6629,4,validation,87.2269287109375,18.809364318847656,0.16640861041596733
0cecc2864b7f,0,train,52.89350128173828,18.917940139770508,0.20272796331428256
0d0a21fd354f,2,validation,48.04191207885742,12.334524154663086,0.0951853293191014
0d0b8fc9ab5c,0,train,84.88536071777344,40.15289306640625,0.5249706904093425
0d310aba6373,1,train,85.09085083007812,24.320066452026367,0.09959872152923921
0d744aed4d64,0,train,118.93810272216797,18.480087280273438,0.20731428571428567
0d8f60ed9280,0,validation,41.587284088134766,17.31898307800293,0.5282265345255535
0d9a9896f801,0,test,89.60987854003906,18.155277252197266,0.2096390022675737
0da09e3ce8f1,2,train,127.26998901367188,11.887213706970215,0.25342360062980973
0da321efbce6,0,train,50.2252082824707,18.400630950927734,0.20312767218304673
0da632ca45e0,0,train,40.63670349121094,15.298288345336914,0.526730219523112
0daddc45d832,0,train,98.51651763916016,19.107458114624023,0.20875464852607706
0db1d8dcf219,0,test,101.50789642333984,13.219603538513184,0.5251302719116211
0dbaa09a458c,2,test,90.36116790771484,18.798391342163086,0.16608625865962712
0dbe6c26cedc,0,train,92.19854736328125,17.420228958129883,0.5242987197384592
0dc031c94225,1,train,73.86199188232422,13.794293403625488,0.16662414738914155
0dc8d25b3f69,3,train,93.10285186767578,10.575519561767578,0.1666348765526292
0dce95217626,1,train,82.23043060302734,16.309967041015625,0.16716871204260386
0e0003ddd8df,0,train,110.1307144165039,17.164352416992188,0.20744036281179135
0e0fc1d9810c,4,train,73.20696258544922,14.521061897277832,0.2813340960663676
0e3572b5884a,0,train,113.95130920410156,17.50257682800293,0.20824036281179137
0e43c8298fc0,0,test,115.50264739990234,18.1919002532959,0.5243717829386394
0e75d51152fc,2,test,115.4531478881836,16.316965103149414,0.2536012004583822
0e82bcacc475,4,test,64.04810333251953,15.971193313598633,0.09474426637912392
0e94cd271c00,0,train,61.95869445800781,16.318086624145508,0.211859410430839
0eb52045349f,1,test,74.61518859863281,13.190869331359863,0.27966273792554086
0eced86c9db8,0,train,108.57170867919922,16.656314849853516,0.524691899617513
0edadb2aa127,3,train,63.17841720581055,12.892518997192383,0.27734235795216333
0ef4c61dc056,0,test,95.47962951660156,15.126275062561035,0.2088353741496599
0efc93ec838b,2,validation,98.80038452148438,9.506021499633789,0.2441484765761146
0eff8eacb2f7,2,train,81.30859375,13.836252212524414,0.1671553601947081
0f364b7d4384,0,validation,66.11653900146484,17.919347763061523,0.08857550287095461
0f495d87656a,1,train,67.95755767822266,14.09881591796875,0.1665347376934111
0f6e645466a2,0,train,90.58551788330078,23.13800621032715,0.5242490047050308
0f882877bf13,3,validation,53.3459587097168,26.51737403869629,0.07183188535757867
0f96c358a250,3,validation,108.09111785888672,20.629695892333984,0.16644103633228557
0fb1053285cf,1,train,112.80476379394531,11.227958679199219,0.16613275170140696
0fb560f9adb2,2,train,52.34941101074219,16.465837478637695,0.09448989048219725
0fbbd665431f,0,validation,44.48811340332031,12.303451538085938,0.202954663866716
0fc6829da85b,0,train,36.57597732543945,10.616415977478027,0.09539786837339936
0fcfc6301f3d,2,train,77.46258544921875,7.553369522094727,0.2542424522984329
0fd16b64697e,2,train,68.83295440673828,22.140949249267578,0.2850601394939011
0fe31196e0e8,0,train,97.57695770263672,16.912546157836914,0.20816235827664398
0fffa73e2402,2,train,61.91538619995117,8.287087440490723,0.1672342791528062
1002b5151b8e,0,validation,97.8922119140625,22.28605079650879,0.5244697394534528
1002f3fe38f0,0,train,78.67529296875,14.5462064743042,0.20960181405895695
1006345f70b7,2,validation,105.26502990722656,21.369258880615234,0.16645558030945773
101b9ebfc720,1,test,101.61307525634766,18.68973731994629,0.16640956411938845
103abbd8b63e,0,train,106.22714233398438,29.56507110595703,0.524685541788737
103f97a2ab15,0,train,48.77635192871094,15.835981369018555,0.09555850606160599
107aea0d9289,1,train,65.16377258300781,16.23177146911621,0.16715726760155036
10a5026eb8e6,0,train,51.71012878417969,21.07128143310547,0.09357914978063286
10bf25731c08,0,train,104.15933227539062,17.35478401184082,0.20766258503401358
10de500cf0c5,0,train,95.93855285644531,21.80189323425293,0.5245485305786133
10ecc5292ab1,2,test,74.64385986328125,9.828472137451172,0.24636217197162824
10eefba568dd,2,train,110.7090072631836,23.522998809814453,0.250716804554009
10f10fd30718,0,train,110.2435302734375,17.931188583374023,0.20853786848072564
10f36b0239fb,1,validation,86.7126693725586,17.844568252563477,0.28222770889233606
10f6ef37fe43,0,test,93.62494659423828,16.21212387084961,0.2078104308390023
10fca1abf338,4,train,85.47579193115234,20.498212814331055,0.284975211700219
1116271db4ea,1,train,82.15033721923828,12.19428825378418,0.16655071222571494
111898ab463d,1,validation,68.94693756103516,11.075485229492188,0.16684540658284253
1120f6d08d95,2,test,101.86221313476562,19.76754379272461,0.08666383544385736
11242a67122d,4,test,77.06721496582031,15.361490249633789,0.2548109173234949
1124ffcd76c2,2,train,68.28559875488281,16.649829864501953,0.24501468041583263
115e42dd6a81,2,validation,76.55219268798828,16.429058074951172,0.16663034646137886
1177d583c807,2,train,67.56358337402344,18.171369552612305,0.1673980777153844
11b220a397b8,0,train,107.67823028564453,14.813922882080078,0.5247643788655598
11b5c77fbf79,2,validation,99.78888702392578,42.03567123413086,0.005641264072571928
11d8e5eaee5b,0,train,110.18412780761719,16.408527374267578,0.20807165532879823
12025b34deb8,2,train,69.52682495117188,20.28148078918457,0.09323300911095922
12058bbb8299,0,train,114.68116760253906,15.775032043457031,0.2073687074829932
1269ab57c2e6,2,train,129.17990112304688,11.16927433013916,0.16590195547349462
12a82fc7d73e,2,test,81.07268524169922,13.561277389526367,0.24974863551511017
12ab2f6397f0,0,train,97.54756164550781,15.608529090881348,0.20834829931972787
12ae44be0d38,0,train,101.37786865234375,19.81026840209961,0.2077659863945578
12b57dac703e,0,train,89.2467269897461,41.957305908203125,0.0029798883193113967
12bc439d373a,0,train,105.99568939208984,19.876922607421875,0.20713197278911566
12ce6a1a1f31,1,validation,88.70984649658203,12.668656349182129,0.1662769993438521
12e3f5f2cb17,1,validation,79.98001098632812,11.111927032470703,0.1662693697164831
12e6e66c80a7,2,validation,88.77760314941406,21.41996955871582,0.010602213541666683
12ef75375322,0,train,115.87227630615234,15.261451721191406,0.20855328798185946
13063d1bc4ea,2,train,43.90910339355469,16.019474029541016,0.09386904752507452
13073f075a56,0,test,118.06847381591797,18.705076217651367,0.20851972789115647
135575dc57c9,2,test,80.82334899902344,13.83808422088623,0.26485837765957443
13ab8db8c700,1,validation,100.7605972290039,9.091737747192383,0.16648824465163126
13c191b59ed0,0,test,84.96693420410156,12.951560020446777,0.5253467559814453
13d014ccd136,0,train,90.44215393066406,16.950626373291016,0.2094630385487528
13d411c85ffd,0,train,116.56918334960938,15.44226360321045,0.20676734693877552
13d71389563f,2,train,72.97834777832031,21.108814239501953,0.16686829546494952
1409ab48175a,0,train,98.02366638183594,15.744438171386719,0.20897505668934235
1411c8ab7161,2,train,85.82950592041016,16.46270751953125,0.26498869680851067
1414128bead0,2,test,70.04801177978516,24.290700912475586,0.09540951164564038
141735b57ec0,2,train,79.83692169189453,14.684503555297852,0.16662677007354965
1438288bb2e1,2,validation,52.374534606933594,17.43824005126953,0.09459132509121226
143db89c11c8,0,train,91.75788879394531,15.803149223327637,0.20908390022675738
144a1a426137,2,train,88.51216888427734,16.219213485717773,0.20958367346938778
144b01e7b993,2,test,83.53316497802734,15.296245574951172,0.26471409574468086
14515b8f19b6,2,validation,131.56863403320312,15.540885925292969,0.2531426435239532
14c3b41d289c,0,train,83.93016052246094,36.56003952026367,0.0874879423062046
14ee87d6cc42,2,train,85.55538940429688,16.350008010864258,0.010611979166666674
1509d097b69a,0,train,100.75360870361328,17.181110382080078,0.20891972789115643
150f92b45349,0,train,96.77859497070312,16.43360137939453,0.20640544217687073
150fc7127582,0,test,102.41658020019531,21.32672691345215,0.2085551020408163
152db3de8120,0,train,107.38228607177734,22.220947265625,0.5249535242716472
1541226c5d72,2,train,99.63211059570312,11.319170951843262,0.2536052765200216
15528e740543,2,train,95.29707336425781,23.766965866088867,0.09300961615880954
155e2df6bfcf,0,train,100.3211441040039,18.128509521484375,0.20892426303854872
157d17349cc6,2,train,116.31562805175781,15.485756874084473,0.2445401216038423
1594ca6c30d3,2,validation,93.35369110107422,22.775222778320312,0.2847398909385582
15b21c80cc31,0,train,114.8373031616211,15.57003116607666,0.2083156462585034
15bed5adde74,3,validation,59.91602325439453,16.83099365234375,0.4532717186185572
15c24478ac72,0,test,113.128173828125,17.42713165283203,0.20680362811791386
15cc2aef772a,1,validation,93.47248840332031,36.35370635986328,0.1568377197332682
15cd5f52d300,2,test,116.35691833496094,12.46904468536377,0.2532324624536494
15e24b73d4a7,0,train,90.66532897949219,20.200088500976562,0.20991020408163263
15e96e848b46,4,train,60.884246826171875,28.436946868896484,0.002508829152543468
15f440753916,3,train,115.34803771972656,18.97901725769043,0.16554956205938898
15f8d769935c,0,validation,110.13896179199219,19.624683380126953,0.2077913832199546
1601c939412f,0,train,107.73089599609375,23.010868072509766,0.21011609977324264
16060f05d047,0,train,97.20733642578125,15.329030990600586,0.20845351473922902
1608c82a263f,0,train,65.69302368164062,26.85475730895996,0.09477130245195475
1623e8e3adc4,3,validation,96.7457046508789,10.831358909606934,0.25404563675070346
1633f8291a80,0,validation,96.01097869873047,19.724943161010742,0.5249470037743653
1638404f385c,4,train,67.80364990234375,14.752734184265137,0.2651269946808511
164cd5a3a6cd,0,train,52.50165557861328,18.26224136352539,0.008457357206119842
165634a6167e,0,train,63.91864776611328,27.420679092407227,0.0938098444458828
165c548185f8,0,test,101.86280059814453,18.9091854095459,0.20913015873015872
165cd2070ebd,4,validation,62.98727035522461,10.42525577545166,0.25416981105707415
166068a24416,3,train,76.6856918334961,13.988851547241211,0.16666873302407914
17188c13e635,2,train,55.99755096435547,25.72311782836914,0.09522085116661638
172df1330a60,1,train,105.42560577392578,14.548102378845215,0.16659243675038915
174db0854291,0,train,111.40454864501953,17.19942855834961,0.20826394557823125
175dd560810a,2,validation,91.76750946044922,18.394075393676758,0.1665385525070956
1782142e17d9,0,validation,103.78147888183594,16.975812911987305,0.20896870748299323
178412895d5e,0,train,93.40966033935547,24.993213653564453,0.5250857671101887
17d7d6b092f4,0,train,95.56140899658203,41.185935974121094,0.5245389938354492
17d997fe1090,0,validation,47.212894439697266,27.110107421875,0.0950657390991344
17e6116b89b3,0,train,96.68624877929688,18.917118072509766,0.20886258503401356
17eb5d4ad740,2,train,109.66447448730469,13.972052574157715,0.25393325390836086
17eff993386f,1,train,120.3380355834961,14.738181114196777,0.16611987670522177
17f6c7072f61,0,train,111.35643768310547,15.718263626098633,0.20815147392290245
180afe1d5ef7,2,train,96.3291015625,10.840926170349121,0.1663404206213569
18323d8f2470,2,validation,69.80599975585938,23.188919067382812,0.2851371053069255
1844a039b4ea,2,train,79.92848205566406,9.86571216583252,0.24635612736287182
184a185e7447,0,train,55.053749084472656,20.746112823486328,0.20272000890893394
18621b9ca978,0,train,50.1882209777832,16.002012252807617,0.20285523379985926
1864d3411143,0,train,116.50511932373047,24.247577667236328,0.5243136088053386
186c1835eec5,0,train,114.01373291015625,14.442811965942383,0.20712834467120178
187f6ccda87a,4,validation,84.67300415039062,14.702553749084473,0.28274055569239476
188219f2d9c6,0,train,90.47293090820312,24.789024353027344,0.5243431727091472
188a9323be03,2,validation,117.92572021484375,17.68082618713379,0.010543619791666625
1891698febce,0,train,49.81984329223633,25.611955642700195,0.021298899769976343
189cbbc9e5e3,0,train,105.5931167602539,18.337312698364258,0.524701754252116
18af532e7e1e,2,validation,47.761688232421875,21.167478561401367,0.0948559628551987
18b06f56ab27,1,train,107.90044403076172,11.820180892944336,0.2478419606247343
18b7e34eab8f,0,train,109.79569244384766,16.22433090209961,0.20766712018140587
18b99159a14f,0,train,99.94059753417969,17.53730583190918,0.2085015873015873
18cde9649e90,0,train,122.48379516601562,25.426862716674805,0.5246292750040691
18ce0cdc473d,0,test,98.53783416748047,33.01582336425781,0.087660025923055
18d8fdb140b7,2,train,114.11343383789062,11.927756309509277,0.2538793916652692
18f1f979d30d,2,train,56.736541748046875,19.12649917602539,0.09560488180697269
190a309f2cc5,0,train,87.38365173339844,22.85267448425293,0.5248137674847773
19113e5f45ec,2,train,97.05057525634766,11.992712020874023,0.2539026834460656
191348830ddf,2,validation,58.28527069091797,27.459474563598633,0.09631077985453407
191a711852bd,3,train,100.6275405883789,12.710647583007812,0.1662767609179968
191cf5668f33,0,train,96.6534652709961,24.773473739624023,0.20999546485260767
19244004583f,3,validation,93.53131866455078,12.685928344726562,0.16628295999023412
1943983492e5,2,train,112.080322265625,9.75243091583252,0.2532679824193639
194814669fee,1,train,65.15438842773438,15.717774391174316,0.16636903172399065
19545647508e,0,train,111.12196350097656,16.211057662963867,0.20844353741496602
1968183f0e61,2,train,96.5436782836914,11.5545015335083,0.2544324258855535
196e6a186452,2,train,61.21243667602539,16.95786476135254,0.1670742954039125
19722bff5a09,1,train,107.58392333984375,15.342289924621582,0.16618615909298995
197af0de76e2,0,train,106.85748291015625,18.363752365112305,0.2082666666666667
19b0e3c734f5,0,test,108.03633117675781,16.2764892578125,0.20868208616780048
19ef4d292196,4,train,89.18134307861328,14.481717109680176,0.28482614572901666
1a03a7970337,1,train,85.45957946777344,11.419971466064453,0.16636116367076637
1a0dbc6c0cda,0,train,103.65535736083984,15.40472412109375,0.20879818594104305
1a19f2ef4472,0,train,65.81486511230469,28.192058563232422,0.09387871736134246
1a1b4b2450ca,2,train,72.1259994506836,15.16230583190918,0.25379364879721245
1a1e974a7dbf,0,train,115.20100402832031,17.712505340576172,0.20865668934240367
1a369baf9ee6,2,train,77.68043518066406,24.214223861694336,0.09409184844643226
1a7e3356b39c,4,train,65.12937927246094,25.812034606933594,0.277184319580119
1a90fad9ffa2,4,train,88.93128967285156,12.686071395874023,0.24593083781470737
1ab3f1c71a5f,3,train,105.21286010742188,12.971383094787598,0.2552971332476196
1ab8d3431ffc,0,train,71.52059936523438,21.733917236328125,0.09313946824583641
1ade1e949383,2,test,89.60065460205078,11.32556438446045,0.25364443582648555
1ae3c58759fb,0,train,100.91299438476562,17.097475051879883,0.20983854875283448
1ae8c165fd53,2,validation,92.40650939941406,12.653751373291016,0.25430534010658323
1b329a127307,1,train,67.54061889648438,31.976974487304688,0.08219262155970908
1b32e1d775ea,4,train,79.85873413085938,9.529282569885254,0.2648125
1b3647865779,0,train,79.55386352539062,19.156044006347656,0.524370309386596
1b398c0494d1,0,train,89.2254638671875,15.042864799499512,0.20976870748299314
1b4625877527,2,validation,93.6943359375,19.51336097717285,0.2644255319148936
1b495ac025b7,3,test,67.32017517089844,15.614485740661621,0.16668089274269848
1b862fb6f65d,0,train,88.25485229492188,19.975637435913086,0.20952471655328797
1b8701231c8f,0,train,48.47809600830078,14.165687561035156,0.20273790632096822
1b8ad0afe9fb,2,train,98.93424987792969,31.85482406616211,0.0921416990178604
1bb0ddfe753a,1,test,78.516845703125,12.944246292114258,0.16729030922879728
1bea04b2bb2d,2,train,106.70235443115234,10.918822288513184,0.2543592023496748
1bf30c84bbad,4,train,70.77174377441406,11.083968162536621,0.28175613221637597
1c0cf251b426,1,train,86.92285919189453,13.820731163024902,0.16666706404309217
1c0e5dd1b14c,2,train,112.45574951171875,15.107502937316895,0.25292253619542737
1c13a1483f4a,0,train,95.6505355834961,14.584451675415039,0.20852063492063488
1c3a6b4449e9,1,validation,76.33576202392578,15.115668296813965,0.16707977919858397
1c47815f4a6b,0,train,63.986331939697266,29.216548919677734,0.09474055796959047
1c4f3aa4df06,4,train,108.26554870605469,15.024201393127441,0.25357630736765613
1c578b72d7b3,2,test,66.21672058105469,13.556659698486328,0.24907163933439047
1c5ad36fb799,2,validation,116.52001953125,14.325061798095703,0.2534199612890603
1c5e6cdc7ee1,2,train,85.16416931152344,10.078457832336426,0.25448403173738054
1c6d119c3d70,2,train,115.79369354248047,13.75157642364502,0.26389494680851067
1c7a013eeba7,0,train,92.86161041259766,14.606725692749023,0.20925260770975052
1c9521878baf,3,train,90.4378890991211,15.475961685180664,0.2545798919727207
1ca35d483772,0,validation,100.50257110595703,14.997722625732422,0.20873922902494335
1ca62b3e4fd3,0,train,50.65215301513672,20.00968360900879,0.011954088406774144
1ca91751be4d,0,train,109.38397216796875,16.929399490356445,0.20808888888888888
1caba2fb38f6,0,train,76.45137786865234,16.561161041259766,0.21009251700680276
1cb6961d141c,0,validation,106.14302825927734,15.975446701049805,0.5241336658274769
1cb814ed6332,2,train,90.2470932006836,9.733549118041992,0.2644015957446808
1cc58b15f466,0,validation,69.6681900024414,20.074356079101562,0.09427458861753701
1d0b93317aa8,0,train,46.54187774658203,14.925070762634277,0.5263665517171223
1d11794057ff,1,train,58.30905532836914,24.176626205444336,0.20280750736776798
1d14dd912671,2,train,89.79093170166016,11.001965522766113,0.2538342638399762
1d2472849dce,0,test,57.82968521118164,17.713747024536133,0.21167528344671205
1d29cb2f4296,0,test,60.72216796875,15.257929801940918,0.09352645904015233
1d37f1c8b6d8,0,train,112.32892608642578,13.426718711853027,0.2067818594104308
1d3e9b939732,0,test,108.54679870605469,15.195072174072266,0.20820589569160997
1d46f1326394,0,train,104.96542358398438,19.74041748046875,0.20858866213151928
1d55e689cf84,2,train,118.12196350097656,17.05255889892578,0.24758649036785896
1d674e2e32e0,1,train,82.13121795654297,21.21170425415039,0.2814065644390408
1d74c4713e21,0,validation,91.95177459716797,27.628002166748047,0.52519957224528
1da25637859b,2,validation,90.4495620727539,13.319771766662598,0.24391364922838854
1da4a17c18c9,0,validation,105.31922912597656,18.92262077331543,0.20910113378684803
1db0393cdbc1,0,train,90.6680679321289,26.7531681060791,0.5245572379122867
1db18bdd43aa,2,test,49.288089752197266,17.21881866455078,0.09441036101248312
1db6bb46c102,0,train,111.24901580810547,17.052894592285156,0.2090358276643991
1dbdc32c17db,2,train,94.55813598632812,19.852680206298828,0.010764973958333313
1dd9adcbfff4,2,test,85.07462310791016,10.23219108581543,0.24902944112231729
1df0431bfa73,0,train,108.97919464111328,11.58504581451416,0.5242630640665691
1df0a4c23c95,0,train,77.52249145507812,13.947257995605469,0.5243524119745618
1df1530b9b8d,0,test,95.7835922241211,17.247055053710938,0.20905941043083898
1df3e03a8f5f,1,validation,91.99393463134766,9.868288040161133,0.1662564947202979
1dfbede13143,2,train,86.58828735351562,11.269286155700684,0.2544145931158812
1dfe599d12a9,0,train,94.83750915527344,26.599811553955078,0.523900999471032
1e036f2e7095,0,train,42.702842712402344,13.255203247070312,0.09541898413831107
1e1fb019710d,2,train,102.01661682128906,13.474166870117188,0.16662581637012852
1e4650743fa2,2,train,101.84622955322266,12.492210388183594,0.25368796234184876
1e4b3b823b95,2,train,104.2674560546875,31.632999420166016,0.0880055745619367
1e742358e0b9,0,test,92.886962890625,41.68536376953125,0.09325635109529251
1e7ccd4a1c87,0,test,66.36500549316406,23.520177841186523,0.09383510442633791
1e8a1fdee5b9,1,train,86.79741668701172,15.01919174194336,0.16647036271248516
1e8c31e29dd3,0,test,105.14456939697266,17.392932891845703,0.206908843537415
1e9224ccca95,4,train,73.7027816772461,12.681147575378418,0.25390122770976575
1ec95179cdfe,0,validation,56.468841552734375,21.110034942626953,0.20279557575974516
1ee1eb7943db,2,validation,112.43616485595703,19.684234619140625,0.2535393316656418
1ee355480567,0,train,84.3588638305664,20.019699096679688,0.5245510737101238
1eee55494271,0,test,93.36888885498047,11.589292526245117,0.5245498021443684
1efa5d443707,4,train,81.63423919677734,16.7015323638916,0.2849982129776746
1f0e223b8055,2,train,74.90171813964844,11.874300956726074,0.2476530951134014
1f15ca672675,0,test,61.585540771484375,12.827471733093262,0.5255708694458008
1f31701dd61b,0,train,103.6419448852539,13.403038024902344,0.2097514739229025
1f3f32efaf20,0,validation,115.43827819824219,17.66230010986328,0.20683900226757368
1f4bf8e28b41,2,train,107.51528930664062,9.369475364685059,0.1659579855494857
1f4fb37e0854,0,train,52.942813873291016,24.094491958618164,0.20281347317177933
1f543a86c4d4,2,train,87.7587890625,14.263238906860352,0.25391796867721317
1f5496352859,0,train,94.23065185546875,22.079999923706055,0.5251366297403972
1f63d44d9e3c,2,train,104.27387237548828,16.831151962280273,0.209221768707483
1f9ccda4ddf2,0,train,84.63987731933594,20.74510955810547,0.5246367819657722
1faf8664816c,0,train,104.98588562011719,13.4634428024292,0.20739682539682536
1fb455685328,0,train,108.34556579589844,18.5539493560791,0.20852063492063488
1fd5d860d4d7,4,train,87.26150512695312,13.30564022064209,0.2456997740913014
1fddd7c98fd2,0,train,48.71281433105469,18.814800262451172,0.05078676945373717
1ffaa51a6245,2,validation,94.69302368164062,39.24275588989258,0.011357421874999996
200d947f75db,1,train,78.63816833496094,12.997651100158691,0.25444145145061214
2017cd92c63d,4,train,68.25056457519531,9.95376968383789,0.1668609042634358
201f6e10c108,0,validation,114.456787109375,17.43527603149414,0.20720997732426305
201f882365d3,0,test,63.871665954589844,26.675453186035156,0.2026702938755056
203275daf46d,2,train,67.10848999023438,13.448996543884277,0.16670664273506886
20404ec7b518,2,test,74.37537384033203,20.221446990966797,0.16666205710013127
20688cb25704,2,train,80.82916259765625,13.695560455322266,0.1665344992675558
207a580de0ea,2,train,78.60643005371094,10.36121654510498,0.2545356375892075
207dd0487264,0,train,101.72034454345703,16.812198638916016,0.20767981859410434
20c883d3bd38,2,train,70.3383560180664,17.576663970947266,0.24505585218490933
20d5fdd450ae,4,train,94.82667541503906,16.195884704589844,0.2537780724188049
20f86e068276,0,train,67.27375793457031,18.12027931213379,0.09388897922840234
21037f5c7790,0,test,96.42137145996094,15.944755554199219,0.20878458049886617
210bfe0127c6,0,train,66.4482421875,24.929622650146484,0.09427300986875864
211518c46162,4,train,86.65503692626953,10.92601203918457,0.2455291564554597
2131aa3a1e6f,2,train,86.29580688476562,22.978849411010742,0.2848540126613186
215d2b7c3fde,0,validation,51.82761764526367,19.40896224975586,0.2030441509268871
217dad18a5ed,2,train,67.72097778320312,14.241535186767578,0.2462443591254888
218c822a3dd9,0,train,87.04978942871094,26.338041305541992,0.09331253858067323
21abd36095a1,4,train,109.20830535888672,12.669974327087402,0.2540272944733263
21d18b022429,4,test,72.7134780883789,26.555072784423828,0.09348955578745621
22098b1fe461,1,train,96.8238296508789,19.88882064819336,0.4528901791601301
2209daf71aab,0,train,74.12152099609375,30.48317527770996,0.0014054811000090428
2221cf5c7935,0,train,80.97972106933594,36.031494140625,0.003265641848209655
222d0ac042b4,2,train,88.92285919189453,34.03369140625,0.08296581377395162
222f3ee3a1e8,4,train,106.79821014404297,10.177794456481934,0.16610580957976018
22325552a4e3,1,train,82.93242645263672,13.66373348236084,0.16648061502426226
2241b7e90782,2,train,87.44644165039062,19.088947296142578,0.010520833333333313
22449af52060,0,train,104.10418701171875,15.821813583374023,0.20650430839002265
224bb938e2dd,2,train,129.56565856933594,13.331733703613281,0.25330597713678793
224c14366e11,0,train,112.18277740478516,16.464170455932617,0.20704217687074833
226c6ceb9185,0,train,48.722408294677734,11.08313274383545,0.5255273183186848
22895c89792f,4,test,97.93892669677734,18.225797653198242,0.2649035904255319
22a6da005395,1,train,98.58438110351562,12.098465919494629,0.1659517864772484
22ce8ef69357,2,train,81.0425033569336,28.950544357299805,0.09278997273500855
22d843b2bbd1,0,train,85.02760314941406,20.730859756469727,0.525692621866862
23148a40ecb0,2,train,77.2944107055664,12.009124755859375,0.16698583941160317
23175b7ef453,2,test,112.93852996826172,12.594934463500977,0.2548157212532841
232549883508,2,train,96.99345397949219,15.597126007080078,0.1663237308114872
233d948e2544,0,train,57.618839263916016,15.999781608581543,0.09455876339765679
234399352d36,2,train,89.42009735107422,19.25104522705078,0.285075178790699
236f56771ec6,2,train,62.57611846923828,15.653018951416016,0.16684898297067174
2376e5415458,2,train,79.75408935546875,24.471885681152344,0.09400620132520177
237aa50edc34,0,test,63.66187286376953,22.503047943115234,0.0500627157952237
237c078d00fc,3,validation,89.84308624267578,28.649572372436523,0.08854017836703698
2399d68d407f,0,train,97.57431030273438,18.92357063293457,0.5244528452555339
239f2c348ea4,2,test,46.292640686035156,30.80387306213379,0.08232326302112525
23d7ca170bdb,2,train,81.66416931152344,13.471067428588867,0.2543454820350495
23fca0693e2a,2,train,86.65631866455078,16.01211929321289,0.1662960734122746
2408799a09b2,0,train,97.0348892211914,18.31297492980957,0.2084326530612245
240b25a7debe,0,train,62.826725006103516,30.55122184753418,0.20529524764052454
242fc19be06f,0,train,84.2876968383789,20.546205520629883,0.21034648526077093
2463bb04ebc3,2,test,136.56622314453125,17.644380569458008,0.25347498812119185
246e4506824a,2,train,113.15226745605469,18.972002029418945,0.24868969175657296
247ac63e5510,4,train,105.40250396728516,14.082582473754883,0.2540296236514059
247e98aba610,4,test,61.48830032348633,7.709249496459961,0.16733537171544544
248139c423c4,1,train,131.1226348876953,23.416629791259766,0.08871620885583342
248dec89b3a2,0,train,94.74992370605469,23.767465591430664,0.5241436088341626
24b87f744598,3,train,101.21450805664062,13.443093299865723,0.2533585292172098
24b943fe725e,1,train,76.55644226074219,19.04717445373535,0.2849783080260304
24de56d433cd,0,train,88.57482147216797,16.294572830200195,0.20995011337868486
24f271c87e73,0,train,72.51378631591797,25.993446350097656,0.09424992066787385
24f3e70f0419,0,train,61.66042709350586,23.72886848449707,0.00435971475167074
25002fe43f92,2,validation,93.51824951171875,44.318946838378906,0.09239528554039778
252305189b3a,0,train,107.00282287597656,21.674091339111328,0.20453424036281176
2532613a584a,2,test,76.85478210449219,12.060173034667969,0.2486754323377901
253e96488cfb,0,train,65.81104278564453,14.118903160095215,0.16703924680318616
254052cf3e48,4,train,80.712890625,15.126118659973145,0.25374095114316064
2585bbc91909,0,test,50.13785171508789,11.74608039855957,0.5261348088582356
259d30f693b6,1,validation,102.6158447265625,18.17918586730957,0.20909297052154197
25a0a1e41afd,0,train,104.7909164428711,20.398635864257812,0.20920544217687076
25b0e72705a8,3,validation,63.612728118896484,11.506416320800781,0.16732654995880003
25b4080f598b,0,train,104.79723358154297,14.448291778564453,0.5242010752360027
25d069089c5e,4,train,76.70368194580078,14.775373458862305,0.1666589575640126
25dc1b41ed9c,2,train,86.72917175292969,31.183807373046875,0.0022956980674536664
25e9fd872182,1,test,71.43462371826172,14.294020652770996,0.16688999221778011
2608e1dac5b1,2,test,80.86495971679688,18.070850372314453,0.16640217291787474
260a455692b5,0,train,50.12728500366211,15.392641067504883,0.5262422561645508
261c6bd63bff,2,train,74.84410095214844,12.786243438720703,0.24800402456893955
2628305cbb29,4,train,108.04271697998047,13.545684814453125,0.16590076334421822
262ad704319c,4,test,97.15066528320312,22.020198822021484,0.010550130208333286
263d8851e33b,0,train,114.8941421508789,23.60983657836914,0.524452527364095
26453eb7e989,2,train,123.50379180908203,27.70986557006836,0.010387369791666656
26463a5fb949,4,test,54.54195022583008,18.6524715423584,0.2774364440088881
2665f72e2dd3,3,train,89.10155487060547,14.916207313537598,0.4526471875497351
266fbefa58fb,0,test,98.42191314697266,17.896835327148438,0.20818594104308386
2682e6da9050,0,train,46.196285247802734,15.739459037780762,0.013966401068497225
26999ebc21de,2,train,91.30410766601562,27.320327758789062,0.1661804368724632
269b44e628eb,3,train,64.9622802734375,19.09321403503418,0.09315643979520472
269f0792f11f,2,validation,71.74479675292969,27.371559143066406,0.0017903011147545334
26cd40b57ad1,0,validation,93.42015075683594,16.209697723388672,0.20847800453514742
26d60db3bbfd,0,train,48.66051483154297,13.410423278808594,0.20309784316298973
26d9576e8043,0,validation,82.74446868896484,16.90018081665039,0.5244518420414186
26e231747848,2,train,80.32901763916016,11.976335525512695,0.2645698138297873
26fc2358a38d,0,train,88.0317153930664,22.395904541015625,0.21004716553287983
2700754f71e9,2,test,75.30941772460938,22.696945190429688,0.20254700059260322
272d9c043c81,2,validation,75.23133087158203,13.12873363494873,0.24450259940986374
2735be026d44,2,train,79.73863220214844,10.464258193969727,0.24935801693037885
274f4de2a59d,0,test,99.56952667236328,21.35369873046875,0.20937777777777777
274f5029189b,1,train,81.36669158935547,14.124554634094238,0.1665294923245949
276b14f72328,0,train,57.40439987182617,22.84370231628418,0.017433333385958316
2776d70724d3,2,train,91.801513671875,10.496603965759277,0.2545025923752027
27933cdbe0cc,0,train,106.04469299316406,16.645341873168945,0.20918820861678
27b68863349f,2,train,79.4200439453125,12.790184020996094,0.16672547837763607
27bab1432f61,2,train,77.43800354003906,13.598797798156738,0.16645653401287885
27e2be850a99,4,validation,88.57472229003906,14.366576194763184,0.16623908963286238
27e4c800a449,1,train,62.586181640625,11.833847045898438,0.16723523285622732
27f82ada84ac,0,validation,44.428504943847656,11.62571907043457,0.20289898302927623
27fca9f12b3c,2,train,106.4466552734375,22.356046676635742,0.1664953974272897
281d7b7c7676,4,train,86.5586929321289,12.100833892822266,0.2449802375508432
2821998fc002,0,train,113.95850372314453,20.119176864624023,0.2073986394557823
282bc792d23a,2,test,91.18031311035156,15.529071807861328,0.25421290085154746
283c3aeba594,0,train,84.31625366210938,18.22445297241211,0.5248877207438152
28503940d10b,0,train,109.01397705078125,13.012918472290039,0.20733605442176872
286e9981dd9b,0,train,62.362518310546875,14.746655464172363,0.093439035826546
28751f290ba3,0,validation,119.23191833496094,17.91770362854004,0.20319546485260775
28824d12d31d,2,validation,104.22409057617188,20.158830642700195,0.28233194870975176
289a47dcbb82,0,train,84.33898162841797,20.24017906188965,0.5249929428100586
28a4d00927b7,2,train,32.87518310546875,14.798819541931152,0.09714258311717627
28dc010a0780,0,train,100.25255584716797,17.922651290893555,0.20813151927437645
28f73575e1f2,0,train,88.25199127197266,17.27318572998047,0.5242052554756138
28f93cad89c5,2,train,94.22943115234375,8.746230125427246,0.24856822606927986
28f98cfe3858,1,validation,100.6083755493164,15.058496475219727,0.24777261869786815
290ecdba359f,2,train,88.5973129272461,10.114301681518555,0.24795874702787724
29192375ab1b,0,train,66.06725311279297,14.217065811157227,0.21012335600907028
291e2ff3d834,2,test,119.66336059570312,17.44306182861328,0.16574554811243014
291f581d365e,0,train,88.80440521240234,10.732104301452637,0.1670144505142369
2923971566fe,0,validation,85.51602172851562,17.851680755615234,0.16750679990539263
2927665214e1,0,train,93.18122863769531,16.718454360961914,0.20773605442176868
29580bed2f7d,2,train,101.58453369140625,18.293025970458984,0.166198080385754
295fdc964f6e,2,train,75.80975341796875,11.661042213439941,0.16639716597491383
2967e578939f,2,train,48.09315490722656,10.503142356872559,0.09479419430924219
2974c6ad1d58,0,train,86.26192474365234,15.567214965820312,0.20833106575963722
299086c6d1b5,3,train,47.975318908691406,23.737028121948242,0.09522637678734092
2994f17f58a5,1,train,71.38821411132812,12.052033424377441,0.16646630947294538
29a13e666266,0,test,86.70527648925781,15.531072616577148,0.20949750566893421
29b52f64d2db,1,train,94.66864776611328,22.071056365966797,0.4525038438146557
29bc0e721cfe,4,validation,98.87844848632812,13.866835594177246,0.24367984832365897
29d059522fa1,0,train,97.87155151367188,16.94026756286621,0.2082077097505669
29f44aea93a4,2,train,102.34029388427734,15.334826469421387,0.2532176139433917
29f9e1ac9507,0,train,99.91886138916016,14.96790599822998,0.5239288398897519
2a08ed6bbcbc,1,train,106.02433776855469,12.242600440979004,0.16615206419568473
2a099b247b10,2,train,103.31607818603516,17.144594192504883,0.2086739229024943
2a2274bcb00a,0,train,75.3924331665039,13.182706832885742,0.09358862227330356
2a2a6435f7f3,0,train,94.77887725830078,21.785491943359375,0.20833650793650793
2a3378bcfbcc,2,train,80.30892181396484,13.184246063232422,0.1662412354655599
2a3a1ed1c285,2,train,54.82870864868164,13.28332233428955,0.2544894907485047
2a4520f1f9a3,0,train,97.24373626708984,19.69624137878418,0.20873832199546483
2a47e5b21791,2,train,84.33855438232422,12.20916748046875,0.16652925389873963
2a5a8b744f08,2,train,71.26614379882812,13.10754108428955,0.16687044129764705
2a7373eeb352,0,validation,53.21684265136719,22.006568908691406,0.20288108561724194
2a8a9e957a6c,1,train,75.69898223876953,10.810063362121582,0.1663037030396436
2a93334f663a,0,test,98.8769302368164,18.540142059326172,0.2087174603174603
2af1bf226f51,2,validation,59.87891387939453,23.002004623413086,0.007985508664962615
2b074afdf626,2,train,84.4888916015625,13.166544914245605,0.16651137195959353
2b07790a2422,2,train,56.13557052612305,11.495996475219727,0.24897344295440405
2b10f138e67d,0,train,74.89681243896484,22.010513305664062,0.5248475737075086
2b2f5a0f880d,0,train,95.93558502197266,23.510114669799805,0.5249436696370442
2b3a4a81d748,0,test,116.0714340209961,19.325119018554688,0.2087074829931973
2b48daf24be0,3,validation,116.22245788574219,15.119730949401855,0.1660178304391614
2b4c7b5f1f1e,0,train,105.52362823486328,14.84856128692627,0.20860226757369615
2b5bb6d33959,0,train,112.73221588134766,20.09205436706543,0.5250654220581055
2b88cb6e31cd,2,train,91.24532318115234,9.290447235107422,0.25385901135707234
2ba0b0d9bda2,2,train,80.55249786376953,15.269766807556152,0.16631085581530203
2bb063318cf1,3,test,83.89205169677734,14.751104354858398,0.253899335252576
2bb3c492d6d3,0,train,44.7034912109375,15.195859909057617,0.09470203484930051
2bbcfdc477db,4,train,116.78366088867188,20.850624084472656,0.2846155955738465
2bbd1f99ecc3,3,train,82.9405517578125,13.368017196655273,0.4522597864515836
2bd4d4fbed5c,2,train,106.57225799560547,17.428733825683594,0.25165313414202395
2c1d5be654dd,2,train,69.8505630493164,9.872186660766602,0.2487707774872311
2c77bf969079,0,train,37.4326057434082,12.1802396774292,0.09563468069016579
2c8101f14723,0,train,82.58402252197266,25.830930709838867,0.5258499781290691
2c827005b8f8,0,validation,110.46891784667969,15.126283645629883,0.20741224489795917
2c9dfc270f1b,0,train,105.00318145751953,18.38338279724121,0.2094530612244898
2cacdb0dffae,0,train,103.82418060302734,16.47398567199707,0.20659229024943315
2cbfc6182ba2,2,train,96.7967529296875,15.113707542419434,0.2536748607151509
2cceb07ff706,2,train,100.63752746582031,12.515252113342285,0.26465093085106384
2cdcc910778d,0,test,89.51329803466797,28.756324768066406,0.5241455974354997
2cef97083e6f,2,train,95.45500183105469,10.678030014038086,0.2536065866826914
2cf18033da31,0,validation,113.10365295410156,21.146081924438477,0.5250260035196941
2cfe8703f265,0,train,65.37813568115234,15.676804542541504,0.09377491462915977
2d04cead4d3a,0,train,81.08916473388672,21.99222755432129,0.5249001185099285
2d07162a13b1,0,train,56.448123931884766,15.455700874328613,0.09450844078034393
2d3f4094c08a,0,test,93.79405212402344,21.820104598999023,0.5246461232503254
2d552318eb07,2,train,74.20106506347656,25.850204467773438,0.07118190604153407
2d558de2cabe,0,train,44.787818908691406,17.660663604736328,0.5263757705688477
2d7666b8884f,1,train,84.06417846679688,15.9678316116333,0.2849982129776746
2d870833c0c9,2,train,85.36162567138672,12.451981544494629,0.2445911016059955
2d9d97a6e713,1,train,90.13152313232422,11.47635269165039,0.16655714972380753
2da82d14e1b7,0,test,109.79145812988281,16.591184616088867,0.2083600907029478
2db0cd3e30da,0,validation,57.64323806762695,26.488771438598633,0.09491536327798766
2dc647e00ad3,0,train,48.59493637084961,20.606891632080078,0.03223528724544644
2dd28ac497d2,0,train,117.85335540771484,17.450016021728516,0.20807619047619053
2e26762daed5,2,train,91.5052719116211,16.566511154174805,0.2558405596083254
2e79041ef722,2,train,37.36756134033203,18.4151554107666,0.09670822985950711
2eba4279e503,0,train,93.05325317382812,16.26060676574707,0.20853242630385482
2ecbc2e3f239,1,train,74.16876220703125,10.21778678894043,0.24863859443914238
2ef10194e80d,0,train,53.98674392700195,14.154863357543945,0.5258417129516602
2ef4a04aed1b,0,train,110.86966705322266,20.12005615234375,0.20865668934240367
2ef955d6d9ff,0,train,72.8139877319336,13.750788688659668,0.5244498534400814
2f143453bb71,0,validation,64.60904693603516,30.276823043823242,0.09421420147676163
2f2e1949ad56,1,train,79.97412872314453,14.565389633178711,0.16669567514572592
2f42e20db938,3,train,68.88358306884766,21.439773559570312,0.09049960294468218
2f4e81787d9b,1,validation,79.11450958251953,14.015117645263672,0.24855818973775978
2f5c9cdfb333,2,train,80.64134216308594,33.7789192199707,0.09460434976863441
2f7fbdcc9a4b,0,train,104.916015625,18.791414260864258,0.5249017079671223
2f81ee5f2926,0,train,104.9007797241211,23.916234970092773,0.5237518543707469
2f8d14a7d390,0,train,37.94902038574219,11.882014274597168,0.03600928620031485
2f9b66784109,2,train,112.79934692382812,18.872770309448242,0.25450870646766166
2fb3a8606a77,2,train,89.57501220703125,12.06884765625,0.24889520518823594
2fde69f20585,4,train,69.99829864501953,27.730955123901367,0.2771652403362401
2fdfb80ea53c,0,validation,112.48226928710938,17.29218864440918,0.20770340136054422
2fdffb6160a6,2,validation,82.77660369873047,12.119929313659668,0.16637260811181986
2fe06bedb2c4,4,train,113.98603057861328,35.09711456298828,0.07611009720356232
2fefb720869a,0,validation,101.9041519165039,18.82763671875,0.5248206456502278
300305ce82d2,2,validation,88.50772857666016,12.482193946838379,0.2544776992844765
30263a7d5609,0,train,39.47372055053711,15.04179573059082,0.035723927358611185
302bcdb635ff,2,train,97.8907241821289,20.792919158935547,0.2847536032385799
306c841af3fc,0,train,69.6811752319336,28.10133171081543,0.07349904406761465
3079490a4b9c,0,train,97.34236907958984,10.726107597351074,0.20869478458049884
308f7fce6f0d,2,test,56.65538024902344,18.621112823486328,0.09546082098093978
30941b65348b,1,train,115.23711395263672,12.08460521697998,0.16593986518448434
30db694bee42,0,train,101.05274200439453,21.431631088256836,0.525190035502116
310c27067ac0,2,train,92.7183837890625,16.607255935668945,0.20934421768707479
312694ea8e6a,4,train,67.51008605957031,9.465396881103516,0.16699728385265666
3128eb593012,2,train,48.30282211303711,17.674087524414062,0.09513717748135897
3132556f5352,0,train,91.3507308959961,13.238856315612793,0.20886802721088438
31360e44ac64,0,validation,48.31721496582031,15.85070514678955,0.09657561496211797
31452ad8808c,2,train,72.61115264892578,15.87802791595459,0.28523663006514666
314862758acf,2,train,102.0257568359375,13.122833251953125,0.16575270088808858
315c1a0d87fd,0,test,105.60596466064453,17.537546157836914,0.20888707482993196
31616ff6b53b,3,train,85.49728393554688,19.88164710998535,0.16643126087221904
3178559fbf57,0,train,115.07184600830078,15.031291961669922,0.20518185941043088
318eb706a134,0,test,96.8144302368164,19.732376098632812,0.5242735544840496
31b5d6fb0256,2,validation,58.73197555541992,17.27819061279297,0.16729746200445572
31cb39681f6a,1,train,87.89154052734375,23.512540817260742,0.2846832724094369
3206171db5be,4,validation,90.19324493408203,14.784082412719727,0.2789425578829867
3218a6d8eb2c,3,validation,66.1031494140625,9.844097137451172,0.24935539379827698
3232b34cbe99,0,train,109.57505798339844,18.99765396118164,0.20799455782312926
3246f07e65b4,2,train,118.99529266357422,28.899311065673828,0.28293075200022644
3254e48c8aa0,0,train,106.85438537597656,17.281211853027344,0.20923083900226758
3286073a976e,0,train,58.203758239746094,18.89069175720215,0.20277966694904803
328d141ed3aa,0,train,102.99620819091797,19.83900260925293,0.2080009070294785
32a3eb37ff40,2,test,97.00272369384766,13.231544494628906,0.16657360110782193
32d7d360d891,0,train,104.52509307861328,16.248369216918945,0.20894512471655324
32ed318235b8,0,train,102.39856719970703,21.026275634765625,0.20920362811791382
331121c65e88,0,validation,87.56641387939453,26.795230865478516,0.5255902608235676
331b87d1b9d1,2,train,109.74032592773438,9.665093421936035,0.16603928876613672
3323fd59782e,0,train,103.38966369628906,15.577320098876953,0.20779319727891155
3325b1fe55d2,0,train,107.23153686523438,16.19304847717285,0.20794467120181404
33596a635b53,0,train,103.58042907714844,27.549211502075195,0.5248600641886394
338326891d84,0,train,82.15193176269531,27.592554092407227,0.5251919428507488
33b893e18eb3,1,train,97.83203887939453,17.706279754638672,0.16601115451521342
33b91def2035,0,train,99.45911407470703,21.72395896911621,0.523885090660335
33b978734eab,0,test,49.91328811645508,15.243104934692383,0.5257021586100261
33d72035c27a,0,train,115.88247680664062,26.927011489868164,0.5242481231689453
33e7bf536fc5,0,train,62.855499267578125,24.457876205444336,0.04697468318458886
33e8e26a75d4,2,train,96.08373260498047,13.026299476623535,0.1667123649555956
33ffddea8c6e,1,train,98.66168975830078,23.019929885864258,0.21018956916099774
3402124408ea,2,train,108.14816284179688,12.327577590942383,0.16611534661397143
3428230bf1bd,2,train,87.49705505371094,7.2466139793396,0.16651375621814635
342edf9b889d,0,train,81.6327896118164,19.517053604125977,0.5244180358186873
345b1f0abbba,0,train,76.19119262695312,31.407934188842773,0.09387378377140976
3461dc601cc2,1,train,83.52254486083984,34.328468322753906,9.314617792810509e-05
34723fae6475,2,train,76.96068572998047,15.375493049621582,0.16706595049897766
348598d01e18,0,train,96.69878387451172,20.916250228881836,0.20998820861678003
3486f7096276,0,train,84.3330078125,42.123313903808594,0.016135207202883417
349f3c0ac83e,2,train,46.30008316040039,13.984368324279785,0.057693400672231276
34a7dbd3f05c,0,test,103.77700805664062,22.587244033813477,0.5251579284667969
34acae864963,0,train,100.66497039794922,21.963062286376953,0.5245768229166667
351e842842a2,0,train,44.43986129760742,19.2817325592041,0.09452876717086645
352e4a939242,3,test,88.70397186279297,43.90074157714844,0.09205723595821369
35362d43e753,0,train,129.97206115722656,15.664225578308105,0.2069922902494331
354b8911d6ed,2,train,91.3077392578125,9.166561126708984,0.24451822415325297
356304d15a5c,0,train,75.54862213134766,13.049039840698242,0.2115265306122449
35777eb7859d,0,validation,83.96495056152344,24.6925106048584,0.09017990631704753
357f02a779d7,0,test,104.34700012207031,15.937344551086426,0.20802811791383224
3580a545016d,0,train,73.63269805908203,15.461624145507812,0.20902312925170063
358d2224de73,1,test,78.13844299316406,13.152196884155273,0.24798110067535384
3599029efeb3,0,train,52.616310119628906,17.29298210144043,0.0957282215552886
359bab5d784b,0,train,90.08161926269531,16.321195602416992,0.2093986394557823
35ac70c0d08f,0,train,90.91463470458984,16.99881935119629,0.2088344671201814
35beb47fe159,0,train,90.47562408447266,16.334606170654297,0.20863673469387756
35cd9832fc0a,0,train,102.26888275146484,18.61250114440918,0.20751020408163268
35d6c4c50072,1,train,79.24560546875,12.627161026000977,0.1668036820581683
35df2bc6ae95,0,train,97.074462890625,14.286069869995117,0.20827392290249436
3601dac9bed7,0,train,59.32140350341797,18.39141082763672,0.06358825126734058
36041171f441,1,train,114.10663604736328,11.552242279052734,0.1663227771080661
360832d84ce0,0,train,70.28080749511719,14.036707878112793,0.5244200244200244
362c4a96cebb,2,validation,80.15618896484375,19.23041343688965,0.2802098946105148
365f8c01d994,1,validation,104.94894409179688,13.389017105102539,0.20903945578231298
36677b70b1ef,1,test,105.169921875,11.10782527923584,0.16589098788415169
367c7049929c,2,test,95.16757202148438,17.48951530456543,0.2086040816326531
36865bbc64d6,3,train,63.88062286376953,12.664765357971191,0.45310936896073484
369229040a34,0,train,105.96380615234375,15.325141906738281,0.20845351473922902
3694e8c8e09a,0,validation,58.963111877441406,22.77884864807129,0.017204612156681343
36a1e3c780a0,2,train,76.32894134521484,15.56602954864502,0.1665612029633473
36b5b3c9fb32,3,validation,91.19110107421875,26.639095306396484,0.09025726500719122
36e4b704b905,0,validation,49.87374496459961,19.159154891967773,0.20310182036566404
370f575adb23,0,train,97.07859802246094,23.871021270751953,0.20991927437641722
3710ff45299c,0,train,101.39559936523438,17.446840286254883,0.20850068027210888
3730c322d35b,0,train,106.39076232910156,20.066701889038086,0.20628843537414965
3732de8b416f,0,train,76.84246826171875,25.163095474243164,0.09391423920885744
374535e0adb8,4,train,87.23712921142578,26.59775733947754,0.2712129256718514
3748349334f6,2,test,109.11846923828125,11.629877090454102,0.25377254062086574
378963f9df22,4,train,82.73725128173828,16.737516403198242,0.284781027838623
3796af4d987a,4,train,61.06501388549805,23.497995376586914,0.09377945353189787
37c4dfe03aba,4,train,104.82774353027344,21.4431209564209,0.010641276041666647
37c523296d42,0,train,94.74828338623047,17.28071403503418,0.20916734693877548
37de05ef12a5,2,validation,93.49999237060547,16.466569900512695,0.2534288412804889
38055d8b9f08,3,test,115.31266021728516,14.667102813720703,0.1663897747734001
3810040096cb,4,test,120.54198455810547,12.232461929321289,0.2538601759461121
3823acc4e464,0,train,92.30055236816406,14.60794734954834,0.5250600179036458
382752f6694a,1,validation,101.5692367553711,9.49376106262207,0.166123453093051
38373431d996,0,train,81.747802734375,19.4183349609375,0.5249239603678386
383e72af1955,3,test,99.8491439819336,16.61550521850586,0.16639597384563742
384631079d1e,1,train,73.48554229736328,12.444972038269043,0.24969925220206235
38487e1a5b1f,2,train,96.41606903076172,12.90633487701416,0.26451994680851065
384db24ebbd7,0,train,108.45510864257812,13.324593544006348,0.20907210884353744
384e6c915722,0,train,48.9063720703125,16.959911346435547,0.029172909302461414
387138ddf43d,0,train,42.7854118347168,9.891247749328613,0.20294074365735604
388279491b5d,0,train,104.064208984375,22.15413475036621,0.5247557957967122
388f12e8df0b,2,train,106.21851348876953,9.500822067260742,0.2542254201837255
389552047476,0,validation,90.08467864990234,14.073833465576172,0.2091147392290249
38b9bb961847,1,train,99.73081970214844,17.931856155395508,0.20956371882086167
38c7153457e2,0,train,87.69964599609375,20.27202033996582,0.20877006802721088
38e0e28d35d3,1,train,98.4229736328125,16.695730209350586,0.20828934240362806
38e111cac46f,2,train,67.36819458007812,7.915314197540283,0.2460726009974289
38f1901f214a,0,train,63.082576751708984,22.8090763092041,0.06069223397688395
3908b3cfd620,0,train,95.15956115722656,17.227304458618164,0.20970612244897957
39134907127a,2,train,93.41206359863281,11.900829315185547,0.25565407978832433
393fa5a023a5,0,train,102.18890380859375,11.57394790649414,0.20746031746031746
39923b29988a,2,test,99.68489837646484,26.99945831298828,0.28452182113498914
39aa3cd93c50,3,train,60.04320526123047,20.00153923034668,0.095270976440332
39b5b05d6cd9,2,train,57.01142120361328,25.18524742126465,0.016313211127652938
39f8935185e6,0,validation,107.40275573730469,19.989234924316406,0.20866757369614508
39fd8ef3a45c,0,train,103.23049926757812,18.201574325561523,0.20912108843537414
3a122851e526,2,validation,96.8947525024414,19.322370529174805,0.01057942708333337
3a1d3ce00f0c,2,train,47.667179107666016,12.995108604431152,0.25481543010602414
3a1ecf5e2839,4,validation,83.60162353515625,12.776260375976562,0.16724214720603048
3a4cfea0a766,0,train,110.00272369384766,15.684250831604004,0.206334693877551
3a61e690f4bb,2,test,93.36637878417969,26.935548782348633,0.01091145833333329
3a643599f852,0,validation,47.826656341552734,14.690622329711914,0.5272378921508789
3a6e9730b298,4,train,46.68273162841797,25.12794303894043,0.09470578437764932
3aa2b1ce6700,2,validation,95.02266693115234,27.429731369018555,0.1665929136020997
3abac0961bfd,0,train,104.01831817626953,17.027790069580078,0.20804807256235824
3ac3fbfca7d4,4,train,126.01615905761719,13.380975723266602,0.25257359620437136
3ac92ac3d65a,0,train,113.67359924316406,16.729116439819336,0.5251099268595378
3af9aaa880e9,0,test,115.15036010742188,19.125225067138672,0.20866485260770973
3b0190bbe615,0,test,104.1469497680664,19.198272705078125,0.20866575963718825
3b10191dfd25,0,train,60.45529556274414,21.967580795288086,0.2030063675014815
3b185ac445d0,4,train,89.40325164794922,17.883544921875,0.010546874999999956
3b232b394e4f,4,train,132.7471466064453,33.1002311706543,0.07836593186436025
3b2b91590590,0,train,93.76982879638672,13.806425094604492,0.20995374149659862
3b4a5fcbe5e0,4,train,52.31266403198242,18.73749351501465,0.2919235372340425
3b58b02c89ed,2,train,112.15925598144531,14.02153491973877,0.2539865338569326
3b5dffe159b6,0,train,112.48155975341797,20.2552490234375,0.20671927437641724
3b73a3a4a734,1,test,79.92161560058594,13.091287612915039,0.16666634876552633
3b9817a39adf,0,train,100.82564544677734,13.814722061157227,0.2077460317460318
3b9c1f42c2f2,2,train,109.76195526123047,15.773125648498535,0.253654334833324
3bf2deaa5ef0,0,test,98.46823120117188,18.262033462524414,0.20834285714285716
3bf3085ac167,0,test,112.0035171508789,16.119400024414062,0.20780770975056684
3c1efa38d0da,2,train,51.418521881103516,18.607807159423828,0.09494693825355649
3c28fd846b43,0,validation,114.53715515136719,16.77372932434082,0.20774875283446714
3c311c9109b0,2,validation,78.6951675415039,13.705367088317871,0.16666634876552633
3c326543fff6,0,test,146.5981903076172,28.776517868041992,0.5241587956746419
3c42512c81e0,0,validation,129.62225341796875,20.970809936523438,0.20683265306122445
3c726de3ee90,1,train,103.72454833984375,11.043790817260742,0.2538606126670021
3c72f580d4ba,1,test,96.48429107666016,13.146757125854492,0.208065306122449
3c78bfca247b,4,train,94.02943420410156,14.849817276000977,0.24519020216821252
3c9529918097,0,train,104.72850036621094,15.236708641052246,0.20757823129251696
3ca12e02dd4e,0,train,103.97492218017578,17.207042694091797,0.20797369614512473
3ca8be3b40d6,0,test,83.95706176757812,20.433115005493164,0.5242688907184021
3cab32dd6ef9,0,test,100.3542709350586,16.849367141723633,0.20845986394557825
3ccf96c1dd6d,4,train,103.29431915283203,12.717235565185547,0.2536381761603965
3cd9713c0ecb,0,train,111.64636993408203,17.03285026550293,0.20840090702947844
3cdda8b3df19,2,train,76.96395874023438,12.497797966003418,0.166963665807062
3cdef7c591cc,0,validation,95.10926818847656,14.35342788696289,0.5245433177029268
3ce2f8a77a32,0,train,77.13361358642578,17.80755043029785,0.5248101552327473
3d2ecffe0386,0,train,101.63253784179688,16.97548484802246,0.523797592201501
3d3e288d490e,2,train,76.4469223022461,21.028364181518555,0.4529313882636473
3d663a6a50a3,2,train,86.34789276123047,21.400365829467773,0.2848566666548712
3dbc90c7ee7d,1,train,76.97970581054688,18.193336486816406,0.0953611624643006
3de8ad4151e1,1,train,79.32685089111328,16.57012367248535,0.16685112880336928
3dec415b188a,0,test,107.1031723022461,15.006373405456543,0.2097124716553288
3dfc50108072,2,validation,135.07879638671875,20.514190673828125,0.16495659695730458
3e1f8fecb06f,2,train,66.52420806884766,18.433290481567383,0.262313164893617
3e3a3955b9c5,3,train,92.47679138183594,10.523259162902832,0.16610342532120737
3e61703b5ab2,0,train,49.3857421875,16.721275329589844,0.5260648727416992
3e6bfc4d5c65,2,train,70.8141860961914,27.38579559326172,0.09319709257624964
3ee17aa12e46,1,test,78.2792739868164,12.567444801330566,0.16688689268166146
3f0d3629d69e,0,train,82.9177017211914,19.275672912597656,0.5247589747111003
3f3de2a6b0f5,2,test,73.64788055419922,28.85582160949707,0.09487964408687544
3f44d749cd0b,0,test,92.48692321777344,12.701961517333984,0.16660364276558737
3f47f83217b5,2,train,87.55963134765625,14.278417587280273,0.16693267044587545
3f49f8d100e9,3,train,51.60858154296875,24.64909553527832,0.0952320997516628
3f5b4c2948e8,2,train,96.57122802734375,15.684090614318848,0.20801541950113378
3f6bccf21ce8,0,test,110.1912841796875,18.73851776123047,0.20809795918367346
3f6c627e2ff2,0,train,107.14246368408203,14.665664672851562,0.2088888888888889
3f73c91b7e32,1,train,78.73941802978516,9.99122142791748,0.1667834158604694
3f752fcccec0,4,train,78.25139617919922,12.711953163146973,0.1667719714194159
3f82631e9080,0,train,101.88169860839844,16.919727325439453,0.5247767766316731
3f8d5c940ba4,2,train,100.57160949707031,16.533710479736328,0.2454918623599247
3f98be586fe3,0,train,101.41444396972656,15.853983879089355,0.20870657596371878
3fa4f4d77177,3,train,78.94265747070312,12.639582633972168,0.1668849852748192
3fc219927a97,2,validation,71.48774719238281,14.707474708557129,0.1670185037537767
3fd45879afe6,0,train,117.17304229736328,18.130443572998047,0.20982857142857148
3fd7df6099e3,2,train,59.652748107910156,15.538214683532715,0.25469431284588295
3fe282197c1c,0,test,95.28074645996094,17.520572662353516,0.5243107477823894
3ffa14d60b24,2,train,110.83271026611328,12.402851104736328,0.25368694332643893
40140a925c43,2,train,118.05744934082031,13.785537719726562,0.16622335352641382
401fdfd0db07,0,train,106.156494140625,16.0411434173584,0.20919455782312923
4029d70e9d8a,1,train,67.72184753417969,17.990488052368164,0.28082378770648164
4036471a1bb7,0,train,55.89468002319336,9.331443786621094,0.5257056554158528
404ede327e98,0,train,91.97988891601562,21.4146785736084,0.5239646347138204
405085b53d7b,0,train,109.66722869873047,16.217111587524414,0.208065306122449
40527a5e95dd,2,train,80.39559173583984,14.472277641296387,0.16643459883419298
405b4f78658f,3,train,67.04216003417969,8.989726066589355,0.18712528503168901
408ea9d5e082,4,train,47.307430267333984,11.013533592224121,0.2492930088739419
40c24aded50c,0,train,111.71207427978516,14.111859321594238,0.2086140589569161
40dd4e6e4444,0,train,101.42010498046875,11.188048362731934,0.5240421295166016
40e9b5630438,1,test,72.57642364501953,18.181486129760742,0.1666856612598041
41345cec5957,0,train,45.13999557495117,15.559432983398438,0.5272645950317383
4134b290f5f3,0,validation,91.68510437011719,26.74760627746582,0.06719253472852627
4145dcb25053,0,train,102.34315490722656,18.738224029541016,0.5251983006795247
4158c340fa49,0,validation,51.516563415527344,18.741107940673828,0.09445910488101761
415d5c5e785f,0,validation,124.55850982666016,17.475502014160156,0.20586666666666664
415f2d2bd2a1,0,test,95.29676818847656,18.292192459106445,0.20850430839002265
417f408ee8e0,2,train,30.112932205200195,12.071553230285645,0.09647812722504912
4189d4e631ec,2,train,71.33916473388672,15.78139591217041,0.16710624446852018
419406328dcd,2,train,85.44420623779297,10.521343231201172,0.25366816432817185
41960d5f58c2,0,train,94.63663482666016,37.94685363769531,0.005519897760229098
41ab357d103f,0,train,88.59133911132812,25.738447189331055,0.5244259902240358
4205e9deb058,0,train,136.93258666992188,14.20033073425293,0.20687800453514738
4210809074c1,0,train,89.63903045654297,14.462371826171875,0.20863673469387756
423abbaa5fad,2,test,67.34317016601562,15.68281364440918,0.25440855181023725
4242c0d87f57,2,train,63.746185302734375,26.34933090209961,0.09514763669201609
4246ed634f25,2,train,126.29753875732422,14.739777565002441,0.16552667317728198
4276b82e4489,0,train,83.77400207519531,17.386688232421875,0.5246156056722004
4289af3afbd2,2,train,115.43473052978516,16.326515197753906,0.25394810241861854
4294a14c656a,3,train,125.79676055908203,16.658634185791016,0.2513606767193992
42a67337fa8e,2,train,37.60166549682617,14.761214256286621,0.09499686618367476
42af7282349b,0,validation,57.749000549316406,22.984634399414062,0.014507319868711233
42b08dca9b2f,2,test,69.48139953613281,18.3911190032959,0.1668456450086978
42b93b574f23,2,train,103.67170715332031,14.801435470581055,0.21026938775510207
42b9c1977681,0,train,105.63465118408203,18.601825714111328,0.20894421768707483
42c65af5ab16,0,train,56.49484634399414,19.65512466430664,0.5254780451456706
42cc993f23a9,3,test,73.82527160644531,16.32388687133789,0.09055781930588735
4318b6adeb97,0,train,99.10926818847656,16.114866256713867,0.5248702367146809
4350a1b2f3cb,0,validation,88.13169860839844,15.6489839553833,0.2095265306122449
435414ccccf7,0,train,101.90086364746094,16.955917358398438,0.5248209635416667
4360a112db10,3,train,88.5758056640625,23.574453353881836,0.4524807525066503
436e1793d240,2,train,52.66801452636719,17.64522933959961,0.09441450522802664
436e7a7af761,0,train,115.26409149169922,37.31126022338867,0.5248295466105144
436fa3fd145a,0,validation,36.20998001098633,19.597938537597656,0.5267731348673503
437900a99871,2,train,50.97682571411133,14.893777847290039,0.09488911657954602
437cbec4a3f8,2,test,106.2037124633789,16.0292911529541,0.1661272679067355
43823561c3f0,0,train,115.71832275390625,23.833221435546875,0.5240834554036458
4384fa687afa,2,test,73.70172882080078,14.687299728393555,0.1668597121341594
4393c5bc576a,1,train,62.48321533203125,16.099931716918945,0.453540110667758
43bc7c066dfb,0,train,114.75574493408203,15.320695877075195,0.2079718820861678
43ddd0ab0cc4,2,train,83.1099624633789,10.577582359313965,0.24435604615982587
43e9c66eb0f3,0,train,68.03898620605469,27.69632911682129,0.01862903824203166
43f22d1be8dd,0,validation,103.96027374267578,11.491640090942383,0.5242430389010193
43fb6eda9b97,2,validation,82.28911590576172,14.640281677246094,0.2544820664933758
4403538fb50f,0,train,107.48316192626953,16.884002685546875,0.20853786848072564
4409965eb2a4,0,train,101.01483917236328,14.95314884185791,0.20801269841269843
441117562359,2,train,122.59746551513672,13.682108879089355,0.253215430338942
441848e0f308,0,train,50.331199645996094,13.879462242126465,0.2028910286239276
441affbe99aa,2,train,85.91688537597656,27.719694137573242,0.010712890625000027
44271f3cb18f,0,train,76.69825744628906,12.529632568359375,0.5246109301483894
445a8a6da55c,0,train,102.1526870727539,17.635988235473633,0.20857142857142852
4462fba1d2a1,4,train,113.93966674804688,11.335211753845215,0.25353438216222257
4464bb62bf20,0,test,73.6154556274414,24.490694046020508,0.010336068252467134
4478b870e549,2,train,98.52918243408203,11.005242347717285,0.16608578180791655
44855f666225,2,train,92.5340576171875,37.867801666259766,5.6440268829338613e-05
44878f34e31f,0,train,86.79229736328125,16.39484405517578,0.20930340136054426
4489d421e5aa,2,train,90.65855407714844,13.433164596557617,0.2540169587455978
44976c3b11a6,0,train,65.0414047241211,25.472553253173828,0.0075302369859791
44a4d04162cc,0,train,95.20574188232422,20.240497589111328,0.21081904761904757
44a86263117b,0,train,107.98516845703125,14.165757179260254,0.20765442176870752
44c869174e3a,2,train,113.21592712402344,8.846312522888184,0.25338982754765493
44e0d56e9d42,2,train,100.38471221923828,10.755790710449219,0.25415670943037616
44e951e45dca,2,train,115.65101623535156,15.208351135253906,0.16630775627918337
44ecf3f4efa5,4,train,68.38494873046875,11.835469245910645,0.16704091578417313
44f4ae58990e,2,train,106.11030578613281,12.120473861694336,0.16615969382305373
44f7f3ef9d50,0,train,53.81594467163086,12.731554985046387,0.09521374679711336
4528fbbd43a3,0,validation,90.1368637084961,22.642961502075195,0.21011247165532876
45369821d6a3,0,train,109.20648193359375,17.975528717041016,0.2083981859410431
453a1e2754b2,2,train,96.92030334472656,16.416378021240234,0.01057617187500004
453d553b0a94,2,test,79.79078674316406,13.889220237731934,0.25395785585182695
454792eb6e05,0,train,118.06281280517578,18.037893295288086,0.5244134267171223
454a944eb557,0,train,97.81674194335938,17.463703155517578,0.5240541217739915
4554062fa836,0,train,58.19890213012695,28.079227447509766,0.017244278219739728
45693d027798,0,train,99.86211395263672,19.507909774780273,0.208540589569161
457c7c927e27,3,validation,54.8327751159668,23.406936645507812,0.09531478671893379
45ae04cfde5d,2,train,118.72666931152344,15.169686317443848,0.25328588797585105
45c39ab9e797,2,train,48.6345329284668,14.568668365478516,0.09559146244235595
45e4b7eada54,1,train,77.66890716552734,15.18734359741211,0.16661914044618065
460893cd86e3,2,test,95.33998107910156,16.580833435058594,0.209178231292517
461fa5292fda,0,train,91.64189910888672,21.68113899230957,0.21071020408163266
462937ece243,0,train,109.08638000488281,16.803939819335938,0.20640453514739232
465c618f7b23,2,train,85.58056640625,12.860939025878906,0.16671975615710932
4661006f3ba6,1,train,77.80257415771484,11.5232572555542,0.16699752227851195
467b7d9d811c,2,train,72.2890625,11.121646881103516,0.16709384632404556
4689b739d240,4,test,77.18521881103516,9.771355628967285,0.16664059877315596
46923eea9a4e,2,train,72.19697570800781,10.747135162353516,0.16688808481093786
46acc506fa61,0,test,105.43138885498047,15.105359077453613,0.20512743764172336
46c1548d730e,2,train,74.43124389648438,29.418291091918945,0.09306053080691434
46d3316c4857,4,train,69.42996978759766,15.130392074584961,0.25432586598841
46f56c38051f,2,train,102.89094543457031,15.505481719970703,0.2463849818159921
4704dbb59536,0,train,97.40845489501953,23.684316635131836,0.5256280899047852
4731e708ede3,0,train,77.41316986083984,21.794225692749023,0.5241774150568939
475300735b7f,0,train,100.60882568359375,16.83062744140625,0.20861043083900221
47536db39f00,0,test,70.81668090820312,29.732213973999023,0.016592847005034606
475c7ded0f7a,2,train,98.79661560058594,12.040709495544434,0.2475767961840043
478fc46eaa49,0,validation,116.6043472290039,17.096879959106445,0.2064190476190476
47b756014447,2,test,108.71605682373047,14.234713554382324,0.16597753646961877
47d1603a555b,1,train,121.03874969482422,14.937952041625977,0.16549520096438486
47e51065b819,2,test,100.16187286376953,11.129372596740723,0.2562052215514189
4818672273af,2,train,75.725341796875,8.528160095214844,0.24508527688413873
482088e6be44,0,train,69.72882080078125,15.70941162109375,0.5251105626424153
4826d10030b3,0,train,101.50071716308594,15.196280479431152,0.20741950113378682
484dbeb9bf2a,0,test,104.90090942382812,20.85967445373535,0.5249687830607097
48543037d0b3,2,train,92.80708312988281,17.971548080444336,0.16625554101687678
4860f7813654,0,train,35.535987854003906,12.495997428894043,0.09618783479341286
486e852a3b4d,0,train,56.16019058227539,18.485227584838867,0.20281745037445364
48a45619d1a3,0,test,100.25345611572266,16.581390380859375,0.5240342357606201
48afe8c47454,2,train,101.2374038696289,9.885013580322266,0.2545695562449922
48c49f662f7d,2,train,62.34427261352539,12.293720245361328,0.28601529255319147
48c72dec46e5,2,test,113.19005584716797,11.728780746459961,0.1660559785760064
48fda42bd5d4,2,train,95.49617004394531,14.054277420043945,0.25393762111726015
4926dea289f8,0,train,101.7422103881836,20.07330322265625,0.20792653061224486
4927945ecfed,0,train,111.39054107666016,19.51678466796875,0.20791201814058957
49386d603494,1,validation,86.49175262451172,12.607419967651367,0.1665344992675558
493d99f030e2,0,train,73.10391998291016,22.943153381347656,0.07123097410378376
49419f8d5cb4,2,train,86.21373748779297,11.690808296203613,0.2539738689511245
494fc9c745a3,1,train,71.09994506835938,14.65567684173584,0.1669979991302225
495106ae3b68,0,train,109.8353042602539,18.710599899291992,0.20767981859410434
495255c7492f,1,train,75.6036148071289,12.682953834533691,0.16665180478835417
4958bfcc9f38,0,train,101.87506866455078,19.59454345703125,0.20834195011337864
496155f71d0a,0,validation,90.423583984375,16.982608795166016,0.20883809523809527
4982378d72f9,0,train,108.17977142333984,21.546329498291016,0.5240996678670247
498f143c0374,3,train,87.10835266113281,21.57574462890625,0.2803836549345967
499c8df39222,4,train,82.1631851196289,10.131547927856445,0.1663733233893857
49a4765f8822,2,train,90.71747589111328,14.634944915771484,0.2544561543872398
49c5e7f6b8d2,1,train,82.38472747802734,12.553035736083984,0.16659839739677118
49d69c4c6290,2,validation,81.59201049804688,13.311958312988281,0.166654189046907
49e4b95ee2dc,0,test,38.29764175415039,10.792683601379395,0.08954011837458342
49eb73968c44,0,train,97.55652618408203,10.405135154724121,0.5245791125269952
4a05f81b3aba,0,train,52.99869155883789,23.30849838256836,0.20290693743462473
4a0890b08532,2,train,131.8850555419922,16.839609146118164,0.25343728455102765
4a0bba3b7d83,2,validation,101.34164428710938,13.904595375061035,0.16616684659871217
4a1afe4044f4,0,train,86.80431365966797,14.78874683380127,0.5244359332307216
4a213b405ee4,1,train,82.5065689086914,7.325521469116211,0.24942884149712874
4a3da369b227,4,train,107.35618591308594,14.671586990356445,0.253641669927516
4a4cb731f91a,0,train,98.04225158691406,24.156007766723633,0.5251375834147136
4a558a1cd243,2,validation,62.88379669189453,16.74481201171875,0.09495285856147573
4a589edaea60,0,train,97.44796752929688,17.08359718322754,0.20870204081632648
4a5a6efc0bef,0,train,102.87821197509766,20.217748641967773,0.20860136054421774
4a693dd3921a,4,test,33.69216537475586,17.980512619018555,0.0969572774793066
4a7dc013e802,4,test,29.753215789794922,10.6868257522583,0.09831500142876759
4a96c28f3f07,0,train,88.09422302246094,24.06688117980957,0.5245572379122867
4aa07d720638,1,train,102.00563049316406,14.434070587158203,0.1664012192144536
4aa3d771c5e4,0,train,103.49482727050781,20.630781173706055,0.21127437641723357
4ab8c0cece7f,0,train,91.41993713378906,19.08306884765625,0.21021859410430843
4abca30b676b,4,train,118.96595764160156,15.184524536132812,0.16561465231788075
4ad6109706e8,2,train,106.20692443847656,12.221096992492676,0.25324803883205693
4ad8d3ec8789,0,test,72.70628356933594,19.02295684814453,0.5251379013061523
4b1001050f1d,2,test,83.76668548583984,41.23014450073242,0.07852637220896952
4b237b958555,0,train,98.88607025146484,18.853906631469727,0.20846439909297054
4b422b48d0d4,2,train,48.57722854614258,17.432878494262695,0.0948269533463948
4b5ffea77373,2,validation,91.6155014038086,18.843128204345703,0.2536937852870479
4b618537d52f,3,train,102.52964782714844,13.977663040161133,0.1667478904080325
4b6895d0cf8d,0,train,45.817222595214844,21.482452392578125,0.20291886904264755
4b6cb0bcfd44,0,train,82.14068603515625,19.04728126525879,0.525912602742513
4bcee3cbe232,0,validation,98.42162322998047,21.990697860717773,0.20930430839002268
4bd5d0b30198,0,train,93.95647430419922,17.59834098815918,0.20852244897959182
4bd941611343,4,train,67.43352508544922,19.702831268310547,0.09981540479908058
4beeca5cc859,0,train,95.56023406982422,20.75823211669922,0.209221768707483
4c129470cec4,1,train,100.93328857421875,13.433809280395508,0.1662288373210853
4c17e85686f0,0,train,124.23617553710938,18.227983474731445,0.2058947845804988
4c389d033cb0,0,test,110.76090240478516,19.394363403320312,0.5248559315999348
4c3c1ed09771,1,train,127.00631713867188,16.61441421508789,0.16593986518448434
4c52922f3bfd,2,train,67.99335479736328,15.589884757995605,0.1672163972136601
4c53cc97ea13,0,train,45.88774490356445,17.05705451965332,0.5263535181681316
4c570172778b,3,train,86.05181884765625,16.81534767150879,0.24603758788633034
4c5ab774a381,0,train,122.74435424804688,14.557896614074707,0.5247872670491536
4c60b10a3a6a,3,train,49.02648162841797,25.592727661132812,0.0953694508953874
4c60f6fcea75,0,train,50.55895233154297,18.634374618530273,0.20289699442793907
4c635a01593d,0,train,87.33047485351562,15.653251647949219,0.5254968007405598
4c6c5a1bf5ab,0,train,56.5750846862793,19.51997947692871,0.20279557575974516
4c78d9d18da9,2,train,75.59190368652344,20.101573944091797,0.1666909066286203
4c9f0fdaaef7,3,validation,48.08262252807617,21.924667358398438,0.09604041912622574
4cae247d9909,1,test,97.3113021850586,14.261734008789062,0.20915283446712019
4ccee4db09b6,0,train,100.06085968017578,16.780593872070312,0.5243269602457683
4cddfc22b0ad,0,train,49.83238983154297,16.001998901367188,0.20299443589345867
4cde86044ad1,0,train,107.16633605957031,21.864748001098633,0.20891156462585037
4ce74e5eb51d,2,validation,113.12825775146484,12.522443771362305,0.25393849455904005
4cf4d528c08e,0,train,84.68145751953125,19.790353775024414,0.5245523452758789
4cfd22ae43d4,0,test,105.84954071044922,14.135444641113281,0.20899047619047617
4d009cebabc9,2,train,93.9140625,10.259527206420898,0.25493523720349565
4d167ca69ea8,0,train,110.70702362060547,15.982646942138672,0.20712199546485266
4d17559ac1e2,0,train,59.46696472167969,26.665672302246094,0.09494950372032152
4d1cf360b2d7,2,train,115.79300689697266,11.944098472595215,0.24759949197914632
4d1e7def7624,0,train,54.816349029541016,26.45110321044922,0.04723576876382396
4d21ce39c905,2,validation,129.92738342285156,13.876383781433105,0.2527980707417966
4d3de40ced3a,0,train,101.35696411132812,18.58260154724121,0.20702494331065757
4d47300e3ddb,3,train,58.267574310302734,23.089941024780273,0.09563369397217925
4d7d6928534a,1,train,69.33822631835938,12.396617889404297,0.2651416223404255
4da2961e62fe,1,validation,102.28803253173828,30.623971939086914,0.10414630738554465
4da6e2089d57,2,validation,120.112060546875,10.245305061340332,0.2545747968956714
4dbce359d0e1,2,train,102.40984344482422,15.769407272338867,0.2484391223501804
4dc2211a1c31,4,train,81.1655044555664,25.9035701751709,0.09102710238027956
4dd14c380696,0,train,79.51581573486328,22.032285690307617,0.5243225829545048
4dd4a4bf2421,0,test,94.15798950195312,19.926422119140625,0.20875464852607706
4dd5d5ccddcf,1,test,73.93167114257812,14.53834342956543,0.16667254783776364
4dd71fc7f22b,4,train,92.94824981689453,35.05363082885742,0.010722656250000018
4dd7b322f342,0,validation,87.25257110595703,55.85956573486328,0.2029427322586932
4dd9d29eae5d,1,train,54.850250244140625,19.516550064086914,0.06124598011092286
4df6a81b476e,3,train,62.41554260253906,23.875032424926758,0.09580538290183493
4e0656629d02,1,train,66.79713439941406,27.508466720581055,0.09036501461131996
4e1e252317b5,0,test,111.22320556640625,17.436279296875,0.20487346938775508
4e231670b48c,0,train,91.83096313476562,20.506072998046875,0.2083501133786848
4e43d05cc2ef,2,train,79.47320556640625,13.219552993774414,0.1668468371379742
4e4a6224a04e,0,train,105.74630737304688,19.37444496154785,0.20901768707482993
4e54ccfd49b2,0,validation,105.76642608642578,12.649741172790527,0.2071873015873016
4e6071b73120,1,train,63.81111526489258,12.365793228149414,0.2854732778235838
4e7694eebb91,2,train,74.50748443603516,11.452536582946777,0.16641337893307295
4e82c3c8d31f,1,train,96.18470764160156,13.139369010925293,0.24532512239762483
4e8585a96739,0,train,56.87007522583008,19.642627716064453,0.20281745037445364
4e85aa647534,0,validation,83.33767700195312,20.55599021911621,0.5241833808609053
4eabad7948cf,0,validation,49.885921478271484,11.955492973327637,0.5262527465820312
4eaf2f81819d,0,train,100.6723403930664,18.131454467773438,0.21044535147392285
4ec7796df40e,0,train,120.0563735961914,23.257131576538086,0.5241483052571614
4ecd1fdd1435,1,test,67.31596374511719,11.376402854919434,0.16707834864345228
4ed31cc07366,2,train,140.5294189453125,15.621275901794434,0.25347950090372107
4ee1ad981a6d,2,train,80.62732696533203,35.845882415771484,0.08383156013533033
4ef0b485a7da,2,train,87.97478485107422,15.093955039978027,0.20984399092970518
4ef16a53d899,0,train,57.10889434814453,14.797447204589844,0.5249171747543083
4ef7144e24ff,1,train,109.50650024414062,13.616541862487793,0.16625506416516622
4f0866b90c27,3,train,61.74515914916992,18.100061416625977,0.453400852317941
4f20f9a9a65b,2,train,50.842525482177734,20.471120834350586,0.09564533724442026
4f46d7ee61ed,2,train,111.58406066894531,13.019028663635254,0.2531307064862951
4f5dd7660b17,0,test,98.42060852050781,11.098001480102539,0.1664357909634694
4f60129e9a5b,2,test,96.86361694335938,12.719919204711914,0.2537517235917789
4f6abc40c72d,0,train,92.74087524414062,14.806431770324707,0.2091102040816326
4f7755e74a9e,1,train,122.11919403076172,21.00910758972168,0.16589384899441506
4fa26d065ad3,1,train,95.535400390625,16.397558212280273,0.16674836725974307
4faf4063db8c,0,validation,100.28590393066406,16.64537239074707,0.2086340136054422
4fd5ec0dca09,0,train,106.888916015625,10.359837532043457,0.523974577720506
4fef9ed8a4c5,3,test,75.6771240234375,15.952359199523926,0.2538457641567443
4ffa38550c95,0,test,98.80289459228516,33.42557907104492,0.5248807271321614
500aad15b7c8,0,train,98.6147689819336,27.90658187866211,0.5241788228352864
501c319f7a9f,0,train,111.68111419677734,18.079999923706055,0.2079138321995465
504a69096fcb,0,train,102.41045379638672,22.036617279052734,0.2084571428571429
5056fa7d505f,0,train,60.679473876953125,21.8505802154541,0.20274188352364253
5069feccd866,0,validation,59.75188064575195,13.509778022766113,0.5256007512410481
5077cdb88aed,0,train,109.17887878417969,14.9793119430542,0.2058739229024943
5078caaf1f57,0,train,52.497520446777344,14.915432929992676,0.20276972394236237
50840c36f0b4,1,train,86.99288940429688,28.192180633544922,0.09301928599507747
5090917a2676,1,test,77.5856704711914,33.86173629760742,0.09513224389142627
50915e2329a1,0,train,137.6271209716797,24.225982666015625,0.5240621566772461
50916d67bb51,0,validation,111.96472930908203,18.100971221923828,0.20909387755102038
50a2aef380c8,3,train,106.61821746826172,12.183028221130371,0.25348081106639087
50d8249f7bc9,0,train,115.72673797607422,28.297863006591797,0.5249487559000652
50d8a8fb7737,2,train,50.40414810180664,29.584613800048828,0.09502587569247867
50ddd7d976df,0,validation,61.40399932861328,24.979835510253906,0.009222063645678236
50f5201fd18a,0,train,98.27176666259766,18.334014892578125,0.5241893466649167
51030843fde2,2,train,88.95695495605469,12.17445182800293,0.25411318291501295
510aa0a898fa,2,train,57.23668670654297,16.709579467773438,0.09538425166518527
511fd66b2df8,0,validation,69.86638641357422,32.4940299987793,0.09132055230947267
51269b77d312,3,train,87.29286193847656,12.101768493652344,0.16692361026337477
513b0a4651fa,1,train,95.35265350341797,15.821066856384277,0.2076480725623583
51405d042000,2,train,113.5897445678711,13.976758003234863,0.25292413750535714
5152bf091152,2,train,99.17073059082031,11.450393676757812,0.2536591387631133
5173d54fc214,2,train,113.44637298583984,17.049909591674805,0.25378171175955433
5188a8afa879,2,train,115.11652374267578,10.15423583984375,0.25293782142657495
518e880613de,4,train,97.88185119628906,12.968162536621094,0.25356538934540784
519c6e8f78dc,0,train,84.25066375732422,13.241965293884277,0.5245819091796875
51a078d6d43a,0,train,96.11274719238281,14.58117961883545,0.20869206349206348
51a1d162e223,4,train,93.41930389404297,17.193159103393555,0.28478810515476316
51aa3361294c,0,test,54.729637145996094,17.775585174560547,0.2029089260359619
51af8a689511,0,train,93.19474029541016,16.85321617126465,0.20893968253968254
51af8c112682,4,train,81.7540512084961,22.249910354614258,0.09330582889836492
51cd8d2057fa,0,train,87.4863052368164,19.512481689453125,0.21063129251700685
51cfeccaf40d,2,train,97.5820083618164,11.366915702819824,0.2542490031117819
51d0034d177d,2,train,33.31261444091797,12.273021697998047,0.09647260160432447
51d574513bcb,2,validation,85.22933197021484,18.695308685302734,0.2849486717646934
51d780864365,2,train,121.6091537475586,12.745474815368652,0.1658833582567827
51da6aebba8f,3,train,47.544681549072266,15.816522598266602,0.09564908677276907
51e656e5a541,0,train,87.8144302368164,18.895034790039062,0.5243901953999675
521b5377a727,0,train,44.794029235839844,21.434650421142578,0.20331658931007468
52230bbef30e,2,validation,91.60444641113281,9.56275749206543,0.16643626781517995
523b3f0fc646,1,validation,46.28993225097656,17.713584899902344,0.09565066552154755
523d0c2cb4d6,2,validation,93.19091796875,10.82258415222168,0.25422469231557565
523ff163211b,2,train,82.14704895019531,15.497031211853027,0.28262722662145734
524f240e0c90,2,validation,103.189697265625,15.427953720092773,0.2537907373246129
5257cb536da2,0,validation,74.55594635009766,19.32683753967285,0.20250722856586045
525acfea47e8,2,train,83.74345397949219,12.106952667236328,0.16653783722952975
525d0dd8dc45,0,train,59.05608367919922,22.879030227661133,0.20299642449479582
5264a54e1830,0,train,61.00898361206055,18.363065719604492,0.20270211149689976
5265dc9acdf8,2,train,105.66294860839844,10.911192893981934,0.25348779860062975
527bea76116c,2,train,89.05860137939453,13.24790096282959,0.1665106566820277
52886bed8a07,2,validation,106.2968521118164,9.671442031860352,0.2535138562803958
5288f7441f64,0,train,87.18079376220703,11.123114585876465,0.5247024058098977
5293576816aa,0,train,100.76235961914062,19.959491729736328,0.20916916099773242
529906ff9dfa,0,validation,124.09629821777344,17.291048049926758,0.207825850340136
5299a532f0e0,0,validation,99.59423828125,13.594012260437012,0.20828843537414965
52ae917fcea4,1,test,76.72776794433594,16.610177993774414,0.16700896671956544
52dbec057cc8,2,train,113.15179443359375,15.419822692871094,0.2543715761082229
52ddde91a349,0,validation,105.68048858642578,17.478805541992188,0.20870385487528342
52edbe29d655,0,train,91.65116119384766,15.407220840454102,0.20908571428571432
530d78467615,2,train,63.42375946044922,14.37006950378418,0.2542405598412433
531b39880c32,1,train,68.63204193115234,13.954297065734863,0.16740523049104283
5321ab64f9ea,0,train,105.50440216064453,19.509113311767578,0.20887981859410432
53273d664cd8,0,train,102.52446746826172,18.72943878173828,0.2075600907029479
5327f88a1919,2,test,47.25105285644531,15.552703857421875,0.0956421797468634
53327edb9e4d,0,test,98.74602508544922,12.42729663848877,0.20880362811791386
5347b4c8e9b3,1,train,65.52816009521484,21.37613868713379,0.059048164467732756
535682537302,0,train,112.67060089111328,15.16603946685791,0.20677460317460317
53704c80f0d8,1,test,69.36770629882812,13.212912559509277,0.16687544824060796
537e50fdf22e,3,train,84.15290832519531,16.177515029907227,0.45281983948343674
537e5c578f40,0,validation,55.17860412597656,17.83150291442871,0.20294472086003035
53c874dbc594,0,train,103.5338134765625,31.749303817749023,0.5243879954020183
53ddae6a619e,0,train,96.55476379394531,18.334178924560547,0.5245777765909831
53f6c1c65c04,1,test,95.75125885009766,16.076711654663086,0.16615063364055305
54038e56131d,0,train,102.89305114746094,21.844486236572266,0.20895419501133783
540e4973829e,0,test,105.57077026367188,18.85620880126953,0.5236862305266214
541db13517e2,2,validation,53.64535140991211,22.034709930419922,0.2854409875686942
542964865b1e,0,test,93.06519317626953,19.11994743347168,0.2093551020408163
54334705a34d,0,test,114.99637603759766,37.891971588134766,0.5241492589314778
5445255635f0,0,test,98.15507507324219,23.535253524780273,0.09379188617852807
545df1bbcd61,1,train,99.12189483642578,16.77305030822754,0.20834557823129252
547b37da9223,2,train,90.79143524169922,11.204815864562988,0.24456509838342066
5486da4273d7,2,train,89.63069152832031,12.963788986206055,0.2446540567764398
549381330191,0,train,92.49591064453125,17.15431785583496,0.2092226757369614
54b322c66d01,0,validation,101.25355529785156,13.496088981628418,0.5248711903889973
54bbe3da103e,2,train,68.78319549560547,14.068512916564941,0.09006011875348308
54bdcdecd8f3,0,train,89.40660095214844,16.941743850708008,0.5244153340657551
54cab3596214,2,train,108.44943237304688,19.00081443786621,0.20842086167800455
54dc6e8107cd,2,train,126.29048156738281,27.972421646118164,0.16403746528519547
54f57cf26126,0,train,102.73348236083984,36.93666458129883,0.5244668324788411
55034b1dbff2,2,train,97.18251037597656,15.195857048034668,0.2540104079322488
55092c0071eb,2,validation,79.53366088867188,13.743867874145508,0.16682704779198587
5511f114e7ee,0,train,92.35468292236328,14.562111854553223,0.5251671473185222
5548a7961a3e,1,train,31.62547492980957,10.08016300201416,0.09653417280668375
555d0bef3c5b,0,train,109.70209503173828,16.76370620727539,0.20749569160997727
55968f0e63c4,0,train,100.96649169921875,13.695185661315918,0.20703401360544216
55eac26bd383,1,validation,75.95374298095703,12.856797218322754,0.16685804315317243
55eb405ec71e,4,validation,90.31600189208984,19.17506217956543,0.24886555239056296
55f7f018c61c,0,train,58.21495056152344,21.480743408203125,0.09480761367385893
55fd453001cc,2,validation,62.3607063293457,14.727128982543945,0.16660531174657434
5633ced07d8e,1,test,104.3543472290039,16.81390953063965,0.1660712378307444
565f3404f9b2,0,train,101.3910903930664,18.593015670776367,0.2077904761904762
5671eb95512b,1,validation,90.78553009033203,12.416534423828125,0.16657980018005925
568455854a11,0,train,90.93885040283203,17.63285255432129,0.5245353632975782
56e56aa08362,2,validation,111.55953979492188,12.63397216796875,0.2535423887118714
5712e2aa73a2,1,train,94.37528228759766,17.845287322998047,0.16610914754173411
571bbdbf585e,0,train,118.12103271484375,18.966773986816406,0.20818866213151932
5723d0ec895e,2,test,59.9251708984375,21.17441749572754,0.09545647942179902
5728b8aa98ef,0,test,102.32386016845703,19.207860946655273,0.20835102040816322
573ea80a53be,0,train,104.3559341430664,19.036394119262695,0.52442200978597
57469423a012,2,test,71.47528076171875,18.22797966003418,0.1670006218146306
57760be09c03,2,train,77.79252624511719,14.408696174621582,0.2547270669126279
5777ef74c9ec,1,train,74.17922973632812,12.384181022644043,0.16669186033204142
578109578b46,1,validation,72.18507385253906,25.36202049255371,0.10065727258518531
57a5e4274275,0,train,97.05050659179688,16.303646087646484,0.5248734156290691
57a5f1015504,2,train,82.21741485595703,12.064732551574707,0.2537767622561351
57a710de68a4,0,train,105.49357604980469,17.66265106201172,0.2091727891156463
57ce57a8cfb0,2,train,66.04061889648438,11.39072322845459,0.16680439733573416
57db4781e7ec,0,train,118.96237182617188,14.738975524902344,0.20766621315192746
57f5ad4b5b29,0,train,72.47689819335938,21.140071868896484,0.2027597809356767
57f933d3d7c7,2,train,55.285743713378906,20.50969696044922,0.09517210729808201
58059e73d2d4,0,validation,68.08989715576172,16.20545196533203,0.5249032545449484
5814cbd2e9bf,0,train,102.74469757080078,16.61008644104004,0.20922630385487528
58184d6fd087,1,validation,126.6227798461914,10.674177169799805,0.16580157818842123
582115961a3d,1,train,76.40164184570312,17.16204833984375,0.1667099806970428
582f739b8f62,2,train,64.13243865966797,8.91977596282959,0.1665893372142705
58529a8638d0,2,train,73.9526138305664,9.27153205871582,0.2545800375463506
586f5c56081e,0,train,104.0125732421875,18.0893497467041,0.2074775510204082
587146a55885,1,train,76.53926086425781,12.04096794128418,0.16659076776940218
5879285f9d8d,1,train,90.85122680664062,25.805452346801758,0.09463335927743821
5889a0c75cac,0,train,106.28643798828125,23.172197341918945,0.2085451247165533
58a9e0d7f7af,0,validation,106.42992401123047,21.127229690551758,0.2092226757369614
58af2c054ced,0,train,110.38859558105469,19.114625930786133,0.20923809523809522
58b866484a05,4,train,63.65434265136719,16.094661712646484,0.2851375476391843
58c12863f33d,0,train,108.81867218017578,15.828798294067383,0.20814512471655333
58ccba7eec9c,1,validation,71.19202423095703,14.179917335510254,0.1663847678304392
58eb3809f456,0,validation,39.69950485229492,15.114645004272461,0.526947021484375
58f07741ee3b,0,train,102.677978515625,14.096146583557129,0.5241702397664387
5905a9b06a73,2,validation,66.42597198486328,31.440635681152344,0.09453370076079903
594f69b503ad,2,test,74.22811126708984,14.889863014221191,0.2807078383102046
596f4fdb0004,0,test,107.03714752197266,21.36664390563965,0.20879727891156463
598b8f5b3822,0,train,77.62916564941406,22.12602996826172,0.5244240016226986
59928f999ae7,0,train,92.791015625,17.47831153869629,0.5252494812011719
599498e9e4bc,0,train,93.02660369873047,25.094676971435547,0.5245602925618489
5995321563b7,0,train,101.80074310302734,16.294708251953125,0.2087165532879819
599b89048034,2,train,88.62403106689453,10.732393264770508,0.24826291630246944
59bd19c1c5bb,0,train,102.7903060913086,23.851037979125977,0.2088399092970522
59e5212f7139,1,train,97.86720275878906,20.129318237304688,0.16593843462935265
59ee65760535,2,train,55.82851791381836,33.67527770996094,0.07972030097266714
59f3f70abddd,2,train,94.51697540283203,8.77154541015625,0.25375114129725906
59fee5bc3479,4,train,35.46493148803711,15.402917861938477,0.09634432826607597
5a03fe3ed15c,2,train,97.97034454345703,13.073226928710938,0.1666768395031587
5a091e8cd95c,1,train,92.65276336669922,14.03654956817627,0.16639144375438708
5a0fe0ee4301,0,train,99.73246765136719,18.9101619720459,0.2099727891156462
5a11d21c2828,2,train,88.30973052978516,13.22545337677002,0.24480140837103037
5a179c123fd8,0,train,58.51542663574219,31.28607177734375,0.2030401737242128
5a27b9b2a9c1,0,test,62.671363830566406,31.262046813964844,0.20305409393357277
5a2c27b95c7c,2,train,67.47228240966797,13.352167129516602,0.16721305925168617
5a444c32cd9a,0,train,102.86833190917969,17.130964279174805,0.20894693877551018
5a5d3798c357,2,train,106.43973541259766,12.374567985534668,0.2549834220750181
5a93c0f783c4,0,train,44.28207015991211,20.82381248474121,0.20309386596031542
5ac7a414560e,0,train,109.50357818603516,20.73699951171875,0.2083882086167801
5ad3dabeb2cd,0,train,95.30362701416016,15.37212085723877,0.2088934240362812
5b068765e846,1,train,73.20347595214844,10.749707221984863,0.1668990524002808
5b0e53f53ef3,1,train,60.98807144165039,8.283246040344238,0.16720185323648795
5b1c4cefeb24,0,train,134.44046020507812,29.435274124145508,0.524165153503418
5b2648ad455e,0,train,84.40869903564453,16.179821014404297,0.5249532063802083
5b301a6d1ac7,2,train,31.261730194091797,10.791804313659668,0.0972515167828889
5b32ece9c627,0,train,92.11270141601562,17.20878028869629,0.20901768707482993
5b3d41626ec5,0,test,100.0663070678711,21.982080459594727,0.20711292517006807
5b3e7197ac1c,3,train,61.308006286621094,14.914689064025879,0.16702923291726435
5b47043942f4,0,train,89.5306167602539,22.85863494873047,0.5244657622507785
5b5b80a3edee,4,train,73.76945495605469,33.116512298583984,0.0892308809576059
5b644a403e1f,2,train,78.23362731933594,14.845949172973633,0.16726503608813748
5b72ff04333d,1,train,70.62885284423828,15.133637428283691,0.16678413113803525
5b76117c4bcb,4,train,92.76347351074219,16.838905334472656,0.16671808717612235
5b804948e35f,1,train,45.970611572265625,12.042628288269043,0.2030023902988073
5b994ff78547,0,train,104.52825927734375,16.58697509765625,0.20830748299319723
5ba156a35ff2,0,train,103.81127166748047,22.738040924072266,0.20872380952380953
5baed382f062,0,test,81.39884948730469,16.11475372314453,0.5250384794358736
5bda2ed09e62,4,test,67.88445281982422,13.678275108337402,0.24498046564928677
5bea250d8bf5,0,train,109.4807357788086,14.883883476257324,0.2065804988662131
5bf3357a2823,0,train,70.46154022216797,13.068290710449219,0.5249309539794922
5bf6f2958e53,0,validation,130.69937133789062,16.827577590942383,0.2065895691609977
5c6194562ed2,2,train,91.76130676269531,11.030020713806152,0.2561625684778356
5c7ab966a3ee,4,train,46.75217056274414,13.01833438873291,0.09444312004963584
5c817060c0ed,0,train,91.29695892333984,19.376834869384766,0.20934058956916102
5c8482926a08,2,train,87.88594818115234,10.302268981933594,0.2540928026068161
5c85d22bd0de,0,train,101.77661895751953,18.964702606201172,0.2087854875283447
5ca73d28f17f,0,validation,114.2732925415039,21.12897300720215,0.5247049331665039
5ca779ace6e7,0,train,92.46714782714844,15.699440002441406,0.2083945578231292
5cab3ef4b31c,1,test,46.55320739746094,26.49195671081543,0.10867593497449535
5cbe88914a72,0,train,99.60377502441406,18.093612670898438,0.2082321995464853
5cc6dea19614,2,test,61.611473083496094,18.05479621887207,0.09433675185068824
5cde55f745af,2,train,91.33068084716797,12.907987594604492,0.1666107955412458
5ce5eeaf757a,0,validation,102.44904327392578,18.127809524536133,0.5245237350463867
5cf9127f251a,2,test,69.1894302368164,18.84644317626953,0.25442136228967527
5d024177e214,2,train,114.04935455322266,12.159076690673828,0.25353962281290177
5d3c8c1f57da,0,train,37.65404510498047,15.050115585327148,0.203175398615138
5d4e5fd34d91,0,train,109.18346405029297,18.764543533325195,0.5247052510579426
5d5b5da5f939,0,train,102.89558410644531,19.093591690063477,0.20898049886621317
5d6239c0fd39,0,train,93.69388580322266,14.328132629394531,0.20695056689342406
5d74f98d62be,4,train,87.76408386230469,29.545963287353516,0.28481774141610017
5d9c841eb245,0,train,98.24922943115234,23.929485321044922,0.5249255498250325
5db2e3a4594a,0,test,89.97257232666016,16.44230842590332,0.210487074829932
5db895d3f1fc,0,train,90.4137954711914,26.03792381286621,0.5252021153767903
5dc23e440de3,2,test,92.41549682617188,16.16124725341797,0.253725811485643
5dd2e26fc244,4,train,101.69955444335938,21.91934585571289,0.20945668934240358
5de4615a5161,0,train,91.55740356445312,14.88333511352539,0.20770975056689345
5e18af29d812,2,train,67.74210357666016,14.243780136108398,0.16630680257576225
5e505e25cd3e,0,train,110.63483428955078,23.40302848815918,0.5247166951497395
5e5275ddee29,0,train,98.60256958007812,16.823589324951172,0.20836281179138327
5e52c9fe676f,2,train,52.41695022583008,24.713022232055664,0.005428922361871313
5e7630f8438e,2,test,92.55716705322266,16.35076141357422,0.25513234389848505
5e7cc6ab4ac4,2,train,81.8292465209961,10.61499309539795,0.16608292069765318
5e97cb2b0888,0,test,56.7275505065918,17.988277435302734,0.20281745037445364
5ea9e447bb62,0,validation,99.46063232421875,18.701160430908203,0.2085015873015873
5ead17e894ae,0,train,52.82524871826172,15.229925155639648,0.2028910286239276
5eb8fb1aad41,0,train,100.60459899902344,19.665302276611328,0.20900589569161
5ed6dc419e4d,2,train,64.92430877685547,11.333739280700684,0.16704425374614706
5efa24b03d5e,1,train,100.88379669189453,19.38302993774414,0.4528571408271378
5f13e8a07344,3,train,87.61711120605469,14.654406547546387,0.01056966145833338
5f4a8c074bd5,0,train,95.51659393310547,17.2239990234375,0.20897414965986394
5f51192841f7,0,train,112.76790618896484,12.91270923614502,0.20708208616780044
5f6db235c04d,0,train,103.07592010498047,15.564417839050293,0.20778956916099778
5f70ad48a525,2,train,79.13206481933594,12.68483829498291,0.2456474254984864
5fcff7280019,0,train,59.1915168762207,25.732458114624023,0.20274188352364253
6028a575dc27,1,train,82.4490737915039,11.326803207397461,0.16702446440015872
6061f5b7378d,3,train,108.16058349609375,22.039213180541992,0.4520825162562808
606daaf0bfc7,0,validation,58.96592712402344,21.256771087646484,0.20301631050816715
6089fa333013,3,train,51.0430793762207,19.86282730102539,0.09447331362002354
609be3ca5ddf,0,test,54.33934020996094,17.20878028869629,0.20279159855707085
60aa4e649abf,0,test,64.44540405273438,19.889766693115234,0.09428129829984544
60e269e3e188,2,test,87.33120727539062,12.430541038513184,0.16643269142735073
60edda7b4871,0,train,60.033016204833984,10.784217834472656,0.5258677800496419
60eeae3ba23d,2,train,117.10101318359375,14.3063383102417,0.25254200672666627
6107a2e9f60e,0,train,90.49616241455078,31.25425148010254,0.0900204525769519
6110ecb3bb1c,0,test,98.61699676513672,19.64075469970703,0.20925532879818598
612f2df37a1d,4,train,93.83374786376953,15.852741241455078,0.16636783959471424
613028ede6a0,4,train,88.83414459228516,13.853093147277832,0.2101242630385487
613bacb35c05,1,train,81.22218322753906,14.537561416625977,0.16671641819513539
6155cf375354,0,test,105.84477233886719,19.31886100769043,0.20989569160997734
6180920bc224,0,test,106.97688293457031,14.312256813049316,0.206908843537415
6181aa9f75f4,3,train,56.634178161621094,26.134540557861328,0.08005736383686468
6194e0fff071,4,validation,109.69039916992188,27.617969512939453,0.2845917096318734
61a62b1dcc36,0,test,47.10702896118164,13.59309196472168,0.526283582051595
61ac9b0dc6b9,2,train,74.64323425292969,15.763684272766113,0.2815840914807982
61bbc11fe503,4,train,103.54871368408203,14.729740142822266,0.16644508957182536
61bbe8db6f3a,1,test,73.80567932128906,13.852315902709961,0.1665344992675558
61c2fbd16e38,2,train,50.59607696533203,18.135066986083984,0.09487392112255355
61c667663f2f,0,train,118.90438842773438,12.803065299987793,0.20743492063492064
61d9c88a3a4b,0,train,88.98172760009766,18.604459762573242,0.52483336130778
61da799bf0aa,0,train,52.33359146118164,21.128442764282227,0.015322743612777079
61e301bd3c25,4,train,96.4242935180664,14.729109764099121,0.24806241777051108
61f403fdb434,4,validation,64.6408462524414,28.73796844482422,0.09179851850214626
62318d514160,4,train,79.38849639892578,15.324417114257812,0.16663678395947146
624fb7317106,2,train,100.56857299804688,19.335477828979492,0.16630179563280134
628b581aa905,0,validation,90.54106903076172,18.091510772705078,0.5244754155476887
6294b378d09f,0,train,89.25514221191406,17.227279663085938,0.5242112212796252
6298468d7d75,1,train,79.15900421142578,9.5117769241333,0.24926187343638517
62ab144d5cee,2,train,71.73107147216797,15.165555000305176,0.2544123003312091
62b4be2799ca,0,train,100.36009979248047,17.27130889892578,0.20904308390022674
62b826899151,0,train,112.27777099609375,14.895940780639648,0.20771519274376415
62cc7ddb53b6,2,train,121.7697525024414,21.533370971679688,0.25175547240389806
62e6f814c8f5,2,train,109.22833251953125,16.349594116210938,0.16623074472792754
62ecdc90dd42,2,train,91.48666381835938,14.842438697814941,0.20912471655328801
6324d77cf926,0,train,96.33345031738281,17.514545440673828,0.20865668934240367
63363410389a,1,train,66.7459716796875,18.49853515625,0.16681822603534047
633fe9dbaf39,0,train,58.77062225341797,27.649112701416016,0.0011218983506811053
6363b360aefb,2,train,94.13155364990234,13.421626091003418,0.25429136503810534
6377e23928f6,1,test,96.7082748413086,8.561176300048828,0.25343641110924775
639915f58a2f,0,validation,104.8917236328125,19.100252151489258,0.20770068027210886
63b4d030b016,4,validation,76.33638000488281,17.452585220336914,0.16625101092562644
63b71347e95d,0,train,94.89458465576172,17.108266830444336,0.20920181405895688
63c0eafd6aa9,0,validation,97.30789184570312,21.61507797241211,0.20857868480725628
63c3c571b8ee,2,train,108.7925033569336,15.668131828308105,0.010537109374999964
63c7b0265775,0,train,66.5206527709961,21.073575973510742,0.0948709643766088
63d217b059b6,2,train,91.6397933959961,17.354249954223633,0.16666134182256542
63e041a757eb,0,train,88.71791076660156,30.31930160522461,0.03336389527843597
64678182d8a8,1,train,80.70653533935547,12.057184219360352,0.16647465437788023
64a13949e879,2,train,107.9345932006836,13.460283279418945,0.2538451818622245
64ac539f58cb,0,test,74.48500061035156,17.492645263671875,0.525652567545573
64b9206afb3f,0,train,113.0740966796875,16.040573120117188,0.2079238095238095
64bad93fde3f,4,train,92.32818603515625,16.80600357055664,0.2849809620195829
64c6c6ee0d98,0,train,62.34090042114258,26.730144500732422,0.0087729096182112
64eb5a79dfdd,1,train,104.43415832519531,39.228172302246094,0.0847869004898858
64fedbf97473,4,test,50.37832260131836,22.10717010498047,0.09472907092213134
650104ede84c,0,train,106.9411392211914,21.48563003540039,0.20937142857142854
6504b703c429,0,train,101.23505401611328,14.23045539855957,0.20868571428571425
650fbed3fdca,2,validation,107.49874114990234,11.963204383850098,0.2537499767082192
6531070bf03c,2,train,106.8415756225586,12.812822341918945,0.25332795875491454
653534ded339,2,train,101.31465911865234,13.844697952270508,0.2076390022675737
655cafb4c932,1,train,120.43123626708984,21.385894775390625,0.165662337488937
657859f893d9,2,validation,94.7890853881836,17.537158966064453,0.2534576648592245
658ad9f09f5d,0,train,71.75690460205078,19.109853744506836,0.524970866990411
65a3b13ad9a0,0,validation,60.40129089355469,16.64389419555664,0.1673728045747246
65a7fe9482fe,0,train,93.92266845703125,17.863122940063477,0.20984217687074835
65cf00be6fb4,0,train,90.30432891845703,18.751041412353516,0.5244359332307216
65dda202653d,0,train,52.044734954833984,22.115787506103516,0.014058757872036143
65e120143825,4,train,101.0088882446289,12.858124732971191,0.16651208723715938
65e51e18242b,1,test,79.53028869628906,18.976261138916016,0.16691240424817655
65e530ee2e79,2,train,80.50399017333984,32.384639739990234,0.08969583080012533
65e6f1bd9875,0,validation,63.78184127807617,17.993741989135742,0.0947537388717945
65f5d2a6eb7e,0,train,100.73084259033203,14.986618995666504,0.20822947845804984
65f69234c8a7,0,train,104.2596435546875,20.74611473083496,0.20924535147392287
6630f8675a97,4,train,57.32320022583008,16.376108169555664,0.2829313481311839
66366a90d1ef,0,train,71.02000427246094,18.00278663635254,0.09349863359293231
66375b3c64db,4,test,82.00678253173828,13.592472076416016,0.24974145041413554
66393d8c60ba,0,train,93.20845794677734,22.01087188720703,0.20998911564625855
663a923d5398,2,train,52.68955612182617,20.627838134765625,0.09398844040144427
66460ecab347,0,train,37.40934753417969,12.236379623413086,0.5273526509602864
664b1f9a2087,4,validation,117.67149353027344,13.933820724487305,0.253324756135055
6653ad026901,0,train,87.33519744873047,17.483861923217773,0.20999092970521538
665ce639a331,1,train,81.81011199951172,10.853500366210938,0.16666110339671014
6666c4f18396,2,validation,62.414817810058594,14.70954418182373,0.25453985922447686
668a319c2d23,0,train,101.02399444580078,17.117698669433594,0.20948843537414963
668e853258cd,2,validation,43.829532623291016,20.019878387451172,0.09576532215158196
66a0bf258013,4,test,68.6138916015625,14.735974311828613,0.16687592509231852
66b88a4bc474,0,test,89.57152557373047,24.404582977294922,0.5256350835164387
66bae1ba227f,2,train,56.674774169921875,11.610743522644043,0.2826947818841188
66bfec8d6bcd,0,train,114.25936889648438,19.615018844604492,0.20772517006802727
66cd9c28e636,1,train,86.3293228149414,9.613618850708008,0.16648228400524923
66d2ca47aa44,2,train,53.41338348388672,23.996557235717773,0.09570059345166582
6733544ae7a6,2,train,81.93729400634766,36.627586364746094,0.0010338831062829401
6735931000ec,3,train,86.32450866699219,12.026378631591797,0.2539242283433022
674057ab250c,2,train,58.659324645996094,21.743303298950195,0.09406204956323916
675de69373f8,0,test,100.56733703613281,19.14299774169922,0.5239785549231804
6762b2b48ea5,1,train,86.23002624511719,13.063299179077148,0.16653616824854278
677f087cd697,1,train,77.1034927368164,12.51628589630127,0.16676982558671838
67844c46bc61,2,train,98.66206359863281,12.602058410644531,0.2546983889075223
67c03349bb31,2,train,88.57318878173828,16.072973251342773,0.20903945578231298
67d8f94f04e0,0,train,97.9332275390625,21.55489158630371,0.5246159235636394
67ed8cc78b97,0,train,87.99630737304688,18.565725326538086,0.5243742865892703
67f5d89da548,1,train,98.52499389648438,12.944580078125,0.16703567041535694
6810410187a0,2,train,105.73007202148438,12.899663925170898,0.25366336039838266
681c3c115684,2,train,48.15363693237305,10.320998191833496,0.09515987199504905
682312e82ee3,0,test,84.59765625,40.623313903808594,0.04381856703288378
683023cda6a5,0,validation,128.69589233398438,34.91102600097656,0.5230956159294922
68332fdcaa70,1,validation,81.14873504638672,11.776611328125,0.16660555017242962
684dd88a0d49,0,train,51.11253356933594,17.121490478515625,0.20297852708276165
6852f4531591,0,train,96.74250793457031,18.850162506103516,0.20933786848072566
686ed1dbae20,2,train,85.32451629638672,9.370741844177246,0.25424263426547045
687759336b0d,3,validation,69.14105987548828,22.23942756652832,0.09490135188257898
6889bc64ab09,2,train,45.221256256103516,14.550582885742188,0.09552495765006397
68987fb159ab,0,train,104.76485443115234,18.131120681762695,0.2077913832199546
68ddb15a74de,0,train,105.71621704101562,18.942106246948242,0.2088789115646259
691eeb59b4cb,0,train,92.11845397949219,14.261265754699707,0.20874920634920635
692e946b1f85,0,train,131.83334350585938,21.87587547302246,0.2048199546485261
69591ebb198d,2,validation,92.85651397705078,9.933069229125977,0.25438758920752047
6966abf40b8c,0,train,118.83636474609375,20.815196990966797,0.20913197278911566
697538183db5,3,train,89.8994369506836,23.15444564819336,0.4527711701111793
6987804eb464,2,train,137.74147033691406,22.985733032226562,0.28395209718570524
698d6e422a80,2,train,93.81431579589844,20.365407943725586,0.010556640624999947
69b3a00927fc,0,train,102.33711242675781,13.207477569580078,0.20741405895691611
69c4cbb630de,0,train,111.74799346923828,18.368051528930664,0.523827421221558
69df7ade0575,2,test,98.27983093261719,13.594975471496582,0.16623479796746732
69f43381317b,0,train,113.86381530761719,17.534584045410156,0.5246877670288086
69fff98cb32a,4,test,84.73677825927734,11.607306480407715,0.16678651539658806
6a244e855d0e,3,train,155.65200805664062,14.264372825622559,0.2508089526617847
6a2642131e4a,0,test,103.92068481445312,20.91071319580078,0.20901496598639457
6a2c3f4ef329,0,test,61.45912170410156,32.08256912231445,0.04125763917065173
6a57a3db3eff,0,train,96.15436553955078,19.08939552307129,0.20906757369614515
6a905a7202d2,0,train,116.17649841308594,17.114057540893555,0.20747482993197275
6a91eb157f47,2,train,85.56415557861328,10.907997131347656,0.24767784379453617
6af071b0ac6e,0,test,55.22420120239258,21.98019027709961,0.09405119566538733
6b07971c3bf6,1,train,53.653785705566406,18.656938552856445,0.20288108561724194
6b128e648646,3,train,110.12220001220703,15.486224174499512,0.2533720675647977
6b30767595d8,0,train,98.37052154541016,20.992698669433594,0.5250994364420574
6b3860e8f64f,0,train,110.8643569946289,15.082209587097168,0.20813151927437645
6b664ed2a938,0,train,96.82599639892578,25.332374572753906,0.5248063405354817
6b66b0e86f7e,0,train,107.87908935546875,17.6240234375,0.20723900226757375
6b7cf869622a,2,validation,49.09529495239258,20.673301696777344,0.09471052062398466
6b869f37cdf3,2,train,60.29082489013672,13.969368934631348,0.16726122127445298
6b91e99c9408,0,train,92.43309020996094,20.516212463378906,0.5250536600748699
6ba5ed791444,2,train,80.874267578125,11.338160514831543,0.24867931001133192
6baafa56895c,3,test,61.38359069824219,18.32254409790039,0.09472453201939335
6bb30ec3231a,0,train,106.10663604736328,17.840919494628906,0.20809614512471653
6bcce181be65,0,test,75.08826446533203,32.30508041381836,0.006828088466766524
6bf26b777e3a,0,train,38.6644172668457,10.732489585876465,0.09496430449011939
6bf2a81a5d91,0,train,97.30226135253906,20.28211212158203,0.5244757052574642
6c00dd8bf708,0,train,91.71455383300781,17.943035125732422,0.2095165532879819
6c250a30593b,4,train,97.85371398925781,13.471673011779785,0.16622931417279585
6c2555a9cae4,2,train,82.32727813720703,20.2434024810791,0.1661055711539049
6c30dd481717,0,train,89.63175964355469,14.314510345458984,0.5244578078454301
6c315ad3d07f,2,test,104.35343933105469,28.234651565551758,0.010397135416666647
6c3589d7ed8d,0,train,109.57992553710938,27.424785614013672,0.20607709750566894
6c3745a222da,4,validation,56.8576545715332,15.7465238571167,0.21234648526077093
6c4ec95dd8ba,0,train,42.710453033447266,12.634747505187988,0.0951042211006089
6c6505a0c637,0,train,46.833133697509766,11.256773948669434,0.5268739064534504
6c6efb6b1358,1,train,64.01486206054688,14.951581954956055,0.2794520473912041
6c9c902a97de,0,train,91.23640441894531,17.78789710998535,0.21001723356009072
6cb96a6fb029,0,train,37.784873962402344,15.054642677307129,0.5282796223958333
6cbc3dad809c,2,train,92.86289978027344,14.633522033691406,0.2538530428382433
6ccfdb031184,0,test,86.32762908935547,51.186614990234375,0.20284330219183644
6cd606dc52e9,4,train,86.49948120117188,10.396602630615234,0.2814321126111018
6cdd0f985270,1,validation,67.85601806640625,15.422441482543945,0.2824364341826682
6cee2e148520,0,train,76.72049713134766,34.30679702758789,0.002129534758522511
6cfb7b44ef6f,4,train,103.3031005859375,16.968395233154297,0.28471733199336147
6cffc6c6851a,0,train,93.99271392822266,17.54523468017578,0.5247342234312918
6d0c0531083f,3,train,92.42103576660156,11.625910758972168,0.16608935819574577
6d10709053ae,0,train,62.65459060668945,13.39275074005127,0.2113496598639456
6d259b5b4c76,4,train,95.71047973632812,9.252434730529785,0.24832507312836105
6d292ca4c9ad,1,train,66.32714080810547,11.714041709899902,0.16698488570818204
6d3d1fe6c32a,2,validation,77.41951751708984,15.896117210388184,0.1669372005371258
6d454444f17c,2,test,107.68905639648438,14.049886703491211,0.16668351542710658
6d4f6c9a8406,0,train,90.86385345458984,13.012662887573242,0.20817414965986392
6d5a8362dd1e,0,validation,44.81547164916992,14.156795501708984,0.09460158695827214
6d6be4cfc73f,0,test,92.78719329833984,22.737565994262695,0.2103537414965987
6d6fcf49e515,0,train,97.76992797851562,16.615556716918945,0.20930158730158732
6d7d26025122,4,train,89.6299819946289,13.356860160827637,0.24445447063825598
6d9effbcde78,0,train,49.866859436035156,14.590232849121094,0.09409382188240534
6daef3e5ca22,4,train,58.0019645690918,18.419715881347656,0.28555201296564314
6dc0281f11e3,0,validation,98.2553939819336,16.490447998046875,0.20865759637188208
6dc07f968794,0,test,82.13607788085938,11.806711196899414,0.20816507936507933
6dcde47060f9,2,train,102.30535888671875,12.378059387207031,0.2536103715970708
6de39b94f634,0,validation,97.33414459228516,18.322484970092773,0.5247179667154949
6df8b7b6e837,0,train,52.87078857421875,16.828811645507812,0.09514487388165382
6dfd80748e72,2,train,59.36644744873047,9.649980545043945,0.1671441541795099
6e018411ba4a,0,train,91.73225402832031,25.515056610107422,0.09364545722932749
6e092b306fe1,2,train,77.0495376586914,24.418909072875977,0.09498206541387688
6e092caa065f,0,train,97.33184051513672,15.971783638000488,0.20787664399092975
6e0f78e188ff,0,train,72.06460571289062,30.58112335205078,0.016317947373988173
6e1db8711879,0,train,71.27344512939453,13.209696769714355,0.5252847671508789
6e3526053de0,0,train,49.8892936706543,19.382314682006836,0.20290693743462473
6e44f6d04fc9,0,train,101.84011840820312,16.932588577270508,0.20760272108843536
6e68e742f5bc,2,test,100.67198944091797,10.420466423034668,0.2536920384034882
6e73acb2cf60,4,train,79.85819244384766,17.407238006591797,0.16678627697073278
6e861bc3bd7b,0,validation,101.51461791992188,18.25927734375,0.5243544005758989
6e92b1c5ac8e,3,train,56.364131927490234,13.377973556518555,0.2548849415143384
6ea07d19b4ce,1,train,111.80435943603516,13.148652076721191,0.25318529659753664
6efa36d59ada,3,train,61.025691986083984,25.809938430786133,0.09484925317289039
6f0463c1ff18,2,train,125.43793487548828,20.974990844726562,0.2535990168539326
6f0e5848d9ce,0,train,93.80513000488281,17.688018798828125,0.20849433106575965
6f3b62e5b7f5,0,train,50.43049240112305,14.605550765991211,0.20273790632096822
6f460f9968c7,0,train,92.13618469238281,15.629251480102539,0.20975873015873014
6f4719c6bb4b,4,validation,33.68474578857422,16.524702072143555,0.09634413092247873
6f4e0538d1e4,2,train,90.63980865478516,18.659528732299805,0.166751705221717
6f689fced922,0,test,104.63726043701172,19.041431427001953,0.20863219954648526
6f923b60934b,4,train,100.07765197753906,14.85977840423584,0.1662843905453658
6fb656d506b2,3,train,77.50605773925781,15.438945770263672,0.24744985940011932
6fbaaf8eb67a,0,train,61.47127914428711,17.018407821655273,0.20269415709155125
6fe4751a3b42,0,train,100.50366973876953,15.823309898376465,0.20916643990929706
6fe67482bfae,4,train,123.22145080566406,14.040726661682129,0.2550288410475712
6fe67fd7f5d1,0,train,97.13796997070312,21.78826904296875,0.21070839002267572
702de9dcde32,4,train,108.27872467041016,13.697725296020508,0.16621071695608391
705f508d1e42,0,train,98.40863800048828,20.393014907836914,0.20990022675736963
709784f7fcc2,2,train,99.07894897460938,17.819278717041016,0.2845651696963477
70d0392397de,0,test,41.1353874206543,11.57931900024414,0.09481037648422119
70d657f8f503,4,train,89.80111694335938,13.993165969848633,0.2101977324263039
70ed3ec68b94,2,validation,90.90048217773438,9.27245807647705,0.16641170995208598
70f5caf5f305,2,train,87.75108337402344,15.882487297058105,0.20927800453514744
7102f29e052e,2,train,91.29297637939453,14.589073181152344,0.24835358543381592
710b05a96e0f,4,train,58.559906005859375,27.69098663330078,0.27723574346490865
7116128c65ab,1,test,95.99125671386719,17.097375869750977,0.28465540547713497
711d1480d2e3,2,test,68.17296600341797,15.595025062561035,0.16721186712240976
7131bf4c9e6f,0,test,56.34331130981445,15.32504653930664,0.20279955296241936
7179f85bfd6f,0,train,59.02294921875,24.797380447387695,0.20270410009823692
71a39c660432,3,test,95.31377410888672,13.596136093139648,0.2536787912031603
71c1a3cdbe47,1,validation,78.9394302368164,11.287895202636719,0.16648943678090766
71c22da3d6c6,0,validation,87.64827728271484,18.648801803588867,0.52477232615153
71e4130bf5c8,2,train,93.30950164794922,21.11819839477539,0.2543465374438668
71e43b4f8ba6,0,test,96.35645294189453,17.447336196899414,0.20958730158730154
71f6a6e4620a,1,train,76.35250854492188,15.14986801147461,0.16688236259041112
720b5f62ce80,0,train,41.82326889038086,16.072330474853516,0.5266933441162109
721214151233,0,train,88.54714965820312,14.844279289245605,0.20869387755102042
7214fc7cbe03,0,train,39.11623001098633,15.556604385375977,0.5266761779785156
7247a2c97f71,2,test,87.90864562988281,9.8781156539917,0.25358649752175455
72595230840c,3,validation,85.8031005859375,15.893924713134766,0.09367742689209091
72606afaf3da,0,train,43.408958435058594,17.213016510009766,0.52593199412028
7269a1d84a57,0,train,36.40546798706055,15.767312049865723,0.5294682184855144
726dff37edc0,0,train,51.33302307128906,15.724382400512695,0.20287313121189343
7270367410a1,4,train,112.72881317138672,10.774089813232422,0.25302385544189165
72a867980067,0,train,48.38566970825195,13.119815826416016,0.20299244729212151
72c31aa48e2c,0,train,97.42588806152344,17.27310562133789,0.20826394557823125
72d98188648f,4,train,87.51664733886719,15.625626564025879,0.24887615896819215
731b19a460ad,2,test,98.41339874267578,24.5665340423584,0.16623599009674372
7335a2d43ada,1,train,74.64061737060547,16.00533103942871,0.2801869667637934
7347bd23ba80,0,train,121.10829162597656,16.91576385498047,0.2072371882086168
7347f5133a6a,1,train,114.86395263671875,18.294269561767578,0.1660295133060702
7350c50667c5,2,validation,100.81854248046875,13.56287956237793,0.16597801332132933
7356dd08b0ae,2,train,75.06635284423828,15.883264541625977,0.010673828124999951
735836b1ffa6,0,train,89.63929748535156,19.45673179626465,0.16706952688680687
737ef6226677,0,validation,111.70529174804688,16.303970336914062,0.20643990929705214
73881f55a3ec,1,train,107.00287628173828,17.94236946105957,0.16567783516953027
73a07e2ea23e,0,test,78.13970184326172,16.713703155517578,0.5244100814133388
73ba798fee25,0,train,113.2413558959961,15.869672775268555,0.20754829931972785
73d40ce06a67,0,train,97.00596618652344,19.55304718017578,0.2101097505668934
73e83a07a16d,2,train,62.59566116333008,22.62602996826172,0.09481708616652962
73ef3c3dcbe4,0,test,64.26610565185547,23.13585662841797,0.007927686990952143
74211a2b6dcf,0,validation,53.054203033447266,22.910785675048828,0.09416210276707293
7427dedafccf,1,train,90.39735412597656,20.35135841369629,0.2822433489592068
7435e9a3e36e,0,train,64.06041717529297,26.090471267700195,0.043305671023487036
74418f620068,2,train,73.00224304199219,8.827816009521484,0.2545360743100975
7455e2b5fc57,2,train,81.99591064453125,12.861910820007324,0.2485293352846395
74898f372d2b,0,test,47.45995330810547,18.302488327026367,0.010716546708071983
74eee788edee,3,train,89.85659790039062,19.05978775024414,0.16630656414990697
750e0168399d,0,train,104.17308044433594,23.850299835205078,0.5245993932088215
75238d945315,0,train,93.26557159423828,16.66941261291504,0.20790929705215422
7526c59c36d3,0,train,84.75778198242188,21.613927841186523,0.20984217687074835
7526cf435753,0,train,48.48286437988281,15.979524612426758,0.20285125659718495
75369248dba0,0,train,104.19009399414062,15.97331714630127,0.20893605442176866
753b14c27c83,4,train,56.66487503051758,10.073630332946777,0.16687258713034459
7550966ef777,2,validation,83.73824310302734,13.16532039642334,0.25442572949857456
7569ac24762e,0,test,54.52058792114258,16.8587646484375,0.5262002944946289
756b0d6488bb,1,test,82.65296173095703,15.605239868164062,0.16667016357921083
757572337fd0,2,train,89.4222640991211,9.76452350616455,0.25362638469636833
757e39293591,0,test,85.4468002319336,16.081077575683594,0.20960725623582765
75a071608ea6,0,train,104.2759017944336,17.362747192382812,0.20845532879818596
75a4343b12f9,0,train,65.14091491699219,10.329248428344727,0.16701755005035557
75a7bc945b7d,2,validation,66.29827117919922,15.009984970092773,0.16713557084871977
75c180e04f65,0,test,110.78301239013672,17.22523307800293,0.20860317460317457
75ed83dbccce,0,train,105.09712982177734,22.556800842285156,0.20872925170068024
76095c338728,0,train,96.73552703857422,20.26874351501465,0.2100997732426304
760b6f4c6d82,2,train,102.57908630371094,13.86790943145752,0.16629488128299819
762d6e5d5068,3,train,76.01549530029297,15.562649726867676,0.16633445997497487
7635921c5efb,0,train,93.37223815917969,25.82265853881836,0.5251057942708333
763ad1236efe,0,train,101.95636749267578,16.462066650390625,0.20942131519274376
76516f828d88,0,train,96.02874755859375,18.834197998046875,0.2085115646258503
7663aba8d762,2,test,108.97266387939453,16.87480354309082,0.16567330507827993
767d777ee889,0,validation,111.93553924560547,10.397995948791504,0.5237331390380859
76b950c6ed5e,0,validation,67.48712921142578,14.6223783493042,0.5251963933308919
76bc31e0d3be,0,train,108.31651306152344,18.76883888244629,0.5248902638753254
76be29bb30b2,1,test,83.98462677001953,12.246832847595215,0.16688999221778011
76c0c7e1b6cb,2,test,111.15278625488281,10.820605278015137,0.16600090220343633
76cab26493f1,0,train,46.23300552368164,18.33496856689453,0.2031932960271723
76cb010f7aa0,0,train,92.62918090820312,18.129369735717773,0.5248203277587891
76df141d966b,0,train,99.48389434814453,18.343664169311523,0.5243736902872722
76e589911303,1,train,93.52193450927734,13.991758346557617,0.16583710364085813
76e5b50f95a7,0,test,92.39044952392578,16.079883575439453,0.20978866213151925
76e6a9238570,2,validation,113.17706298828125,12.293278694152832,0.2531263392773958
76f3473df8a6,0,train,84.40428161621094,14.381940841674805,0.5248390833536785
76fe19ff64fb,2,test,130.025146484375,14.169144630432129,0.25333669317271323
772af553b8b7,3,train,67.52918243408203,22.389673233032227,0.4531551963258532
7743f4e04a6d,2,train,100.02700805664062,12.27519702911377,0.2538785182234893
77543f66a84a,2,train,93.41474914550781,22.23933219909668,0.010546874999999956
77a1f1398fdb,0,validation,70.17916107177734,30.13113784790039,0.011620775070925293
77ab222bf85c,0,test,125.89105987548828,23.451139450073242,0.5234197579474452
77acc2cafee1,0,test,108.52948760986328,19.682476043701172,0.2083891156462585
77b7b71ebcc3,0,train,98.65065002441406,17.039125442504883,0.20872834467120183
77baa08a1345,2,train,27.596939086914062,7.016615390777588,0.09709877283857449
77e15f213b04,0,validation,138.37603759765625,29.717721939086914,0.5244436264038086
77e7c7a160c8,2,test,87.9430160522461,14.453180313110352,0.20951201814058962
77f69c7ff324,2,train,68.48564147949219,25.640613555908203,0.09213104246360593
780be525036d,0,train,99.29743194580078,15.971916198730469,0.20866485260770973
780f9c237c56,0,train,122.10272216796875,18.653383255004883,0.20209160997732423
780f9daaa24b,0,train,103.14873504638672,18.429201126098633,0.20834195011337864
7828dd083cdc,0,train,100.74357604980469,18.731048583984375,0.20861043083900221
7831ce1d895e,0,train,116.09534454345703,18.20975685119629,0.20715102040816324
784d6d302f98,0,train,99.0025405883789,20.249996185302734,0.20847891156462584
785777558f05,4,test,77.70244598388672,38.61618423461914,0.0930636883044712
7877be80901c,2,train,72.29695892333984,16.66963768005371,0.25430140961857384
788ddb0b70b7,3,train,56.87615966796875,22.060707092285156,0.09500397055317777
78937523f7a8,0,test,94.17127990722656,14.1422758102417,0.5242728679210764
789434d095d1,4,train,105.20303344726562,9.36219310760498,0.2536100804498109
789c60cba801,0,test,90.05992126464844,12.452394485473633,0.5241595176448597
789f0ec1eab8,0,train,102.06076049804688,17.0974063873291,0.20811156462585034
78a577c3e0bf,2,train,76.26060485839844,28.091421127319336,0.09562836569505206
78b3f819dcc5,4,train,58.961570739746094,24.848167419433594,0.09523545459281701
78bcdffb8785,1,train,77.67877960205078,12.907722473144531,0.2850402345422569
78d53c82a23e,2,train,101.63855743408203,30.87914276123047,0.010712890625000027
79059d0592c4,2,validation,107.605224609375,13.835488319396973,0.2534003088490133
79540be95177,2,train,95.09746551513672,13.627994537353516,0.25399730630555095
799214e8b07c,0,train,107.5745620727539,15.832146644592285,0.20876009070294788
799cb4c816ae,2,train,128.2097625732422,12.858367919921875,0.16547588847010708
79ade634c633,0,train,43.7979736328125,11.96573543548584,0.5273297627766926
79be2ff796bf,2,train,103.80802154541016,13.380038261413574,0.2534084609722921
79cbae28d8b2,0,train,104.93941497802734,17.56479835510254,0.2088789115646259
79d44db3da2d,4,train,65.51353454589844,13.196558952331543,0.2790152719111605
7a06ea127e02,0,train,89.16751861572266,14.55243968963623,0.2087609977324263
7a0cff4c24b2,2,validation,88.2447738647461,22.2215518951416,0.25311862387500694
7a12f49e29df,0,train,54.114837646484375,18.44528579711914,0.09571203938030948
7a238a1d3cf3,4,train,98.01319885253906,11.8997163772583,0.1663783303323466
7a39c91416e2,0,train,109.03163146972656,19.86000633239746,0.2078149659863946
7a3ea1779b13,1,train,86.83780670166016,11.174205780029297,0.1667035431989502
7a42443ed106,0,train,91.9083023071289,23.767297744750977,0.21023582766439908
7a46cfa69bae,0,validation,91.3104476928711,14.859890937805176,0.20797097505668938
7a6495a39d87,0,test,79.04566192626953,27.395681381225586,0.08814623956445478
7a6e384a0846,3,train,46.380393981933594,15.910849571228027,0.09512652092710439
7a77c3eb468c,0,validation,105.03858184814453,17.32342529296875,0.20758639455782313
7a9f45fdf29b,0,train,103.30155944824219,16.682964324951172,0.20770340136054422
7aabd768abff,0,train,89.25005340576172,37.674072265625,0.0912449697117047
7ad0c4975890,0,validation,69.48110961914062,16.56427001953125,0.1672469157231361
7adfb8fc0621,0,train,102.27205657958984,21.26085090637207,0.2087074829931973
7ae69d22075a,1,test,101.11319732666016,17.73992919921875,0.20852879818594106
7af4d8704032,0,train,104.71060943603516,16.84360122680664,0.20776417233560096
7b20210d9120,1,train,101.84539031982422,11.47067642211914,0.16639287430951877
7b211d8bd249,4,train,71.79525756835938,12.334120750427246,0.24588556027364517
7b29e3783919,3,train,84.15283966064453,35.920719146728516,0.10477524143015693
7b49041cbf17,3,validation,99.8139419555664,34.42441177368164,0.07926641069886475
7b691d9ced34,0,train,72.58795928955078,15.433440208435059,0.1670220801416059
7b87b0015282,0,train,106.64936065673828,17.686002731323242,0.20832290249433105
7b8c78b41c0d,2,train,71.05894470214844,38.761287689208984,0.06482460890445885
7b9d519cbd66,0,validation,66.89584350585938,27.540708541870117,0.09309881546479148
7ba6b23c4b46,0,train,58.31278610229492,25.015392303466797,0.20282142757712796
7bc00e58d419,0,train,90.09881591796875,18.77565574645996,0.2089079365079365
7bc2e0fa3f72,2,train,46.79740524291992,13.012877464294434,0.09561968257677056
7bc4dd99eee5,4,train,80.67827606201172,11.779927253723145,0.2825410834259182
7bda86d95c5b,2,test,113.9439926147461,12.808369636535645,0.25551724057614544
7be1b9aa78aa,0,train,104.45796966552734,15.55825138092041,0.20770521541950115
7c2e852171c0,0,train,104.23621368408203,22.25286865234375,0.20934603174603172
7c2f820a6425,2,train,88.9268569946289,16.26791000366211,0.16686686490981784
7c3747c0b2c3,0,train,102.49635314941406,19.08420753479004,0.5253432591756184
7c52fe73e748,2,train,100.39800262451172,12.92204761505127,0.264563164893617
7c629b491d1a,4,validation,88.2896957397461,9.035942077636719,0.2538039845249408
7c6594b50690,0,train,111.48796844482422,15.093094825744629,0.2074285714285714
7c90ab025331,4,train,105.19732666015625,14.951266288757324,0.2534388858609574
7cc4b7aabe04,4,train,79.188720703125,11.87293815612793,0.1667505130924406
7ccb267fd394,1,train,84.88909912109375,10.464009284973145,0.16608315912350846
7ccf9d25dc48,0,test,98.15081787109375,20.594173431396484,0.20880362811791386
7ce671f952be,0,train,102.07556915283203,15.4004545211792,0.2082176870748299
7d0a871c45db,0,train,104.80205535888672,16.0424861907959,0.20790204081632657
7d11dbc1e738,0,train,108.67169189453125,20.633108139038086,0.5244522094726562
7d1b40fdbd86,2,train,87.15997314453125,18.93641471862793,0.20972607709750568
7d1da90d3ca9,2,train,101.02332305908203,35.99538040161133,0.08056947047187224
7d261f986bef,2,train,82.2481689453125,11.37895393371582,0.2545544529808821
7d37a2939f12,2,test,108.68170928955078,11.115533828735352,0.25410706882255385
7d3835e4e63a,3,validation,80.66718292236328,10.190690040588379,0.2539368932491103
7d48f8cdfb69,0,test,102.41427612304688,23.310163497924805,0.5240491231282551
7d626a7ffe76,4,train,78.63678741455078,14.90503215789795,0.1666286774803919
7d8f67cadc29,2,train,120.59346008300781,11.92633056640625,0.2531499222054522
7d94a000c2d0,0,train,111.49702453613281,15.240925788879395,0.2072952380952381
7da558d92100,0,train,79.53067779541016,19.165185928344727,0.5250921716719763
7ddcfcea7369,0,train,97.88085174560547,19.36388397216797,0.5249125162760417
7dee6bf8b9c1,2,train,99.498046875,11.840716361999512,0.1662400433362835
7e0598cc88a0,4,train,89.50141143798828,18.146339416503906,0.16614824938200023
7e160c8b611e,3,train,84.89813232421875,18.6490535736084,0.25397008403674515
7e4019ac7f5a,4,test,112.73302459716797,11.18729019165039,0.25260693256563627
7e5a76c4e103,0,train,102.7054214477539,14.814868927001953,0.5250867207845051
7e6e90a93aa5,2,train,76.01568603515625,14.119095802307129,0.25440025411332845
7e70344b0c25,0,test,108.97091674804688,23.12529754638672,0.5243234634399414
7e77b61e1639,0,train,88.08001708984375,15.203254699707031,0.21012607709750564
7e9081e95bf6,0,validation,108.4632568359375,16.947887420654297,0.20813333333333328
7e9458de5707,2,train,67.51879119873047,13.40627384185791,0.16683753852961825
7e980424868e,0,train,106.00221252441406,17.6993350982666,0.20848526077097507
7ea756985353,1,train,69.88638305664062,13.272444725036621,0.16703280930509357
7ec0e61a7e29,0,train,112.91683959960938,14.760311126708984,0.20686621315192744
7ec1ffe8220b,2,train,87.40248107910156,11.925415992736816,0.2539875528723424
7ed4128b2a4e,0,train,100.6928939819336,20.93181610107422,0.2083646258503401
7ee6de71c140,0,train,105.77154541015625,15.229817390441895,0.207815873015873
7eeb191ad06b,0,train,93.64530944824219,19.088245391845703,0.20915555555555554
7eee3d1f1268,0,validation,30.00473976135254,12.600082397460938,0.09199013913512988
7ef5ff774a48,1,train,44.557682037353516,14.356858253479004,0.20297852708276165
7efc91af4ae6,4,train,73.18046569824219,32.37140655517578,0.09071140654833465
7f0ffeb0a333,0,train,84.27680969238281,27.352420806884766,0.03735576156472953
7f1f3269f546,0,train,104.36964416503906,16.227968215942383,0.20869387755102042
7f2123bc89a3,0,train,84.3098373413086,18.7258243560791,0.5243603663799103
7f2cce721e19,0,train,97.91661834716797,21.57406997680664,0.2094766439909297
7f39c36469b5,0,train,93.09971618652344,15.423309326171875,0.20907755102040815
7f43becd3e83,0,test,55.68382263183594,26.333160400390625,0.2028532451985221
7f60f2a083d3,1,test,79.78346252441406,11.362764358520508,0.16625506416516622
7f6690fa390a,0,validation,41.27533721923828,17.283672332763672,0.5269584655761719
7f6ce40f306b,2,test,71.93605041503906,14.99213981628418,0.264970744680851
7f84284598f5,2,train,47.18297576904297,20.430015563964844,0.09615093154071674
7fc3a8bb40de,0,test,98.3518295288086,19.63827896118164,0.20882811791383216
7fdb177b8f7d,0,train,90.87885284423828,17.7291259765625,0.2097523809523809
7fe7309d0b4f,0,train,99.02262115478516,22.221158981323242,0.20914195011337866
8000a6b97a84,2,train,70.84103393554688,18.84662437438965,0.28165631419797077
8010c931321f,0,validation,99.53034973144531,23.29903221130371,0.20914104308390025
803120c5d287,2,validation,96.20394134521484,14.10503101348877,0.2460502473499523
807135cbc438,2,validation,36.505645751953125,12.153265953063965,0.09674000217867329
80a02014b418,1,train,72.48719024658203,18.871013641357422,0.45305519319964527
80b5697f2a5e,0,test,112.60965728759766,15.621308326721191,0.20801723356009072
80b5a9519aec,2,train,36.72906494140625,12.463957786560059,0.0963672201233634
80c67efc8101,0,validation,105.2442855834961,17.237648010253906,0.209168253968254
80ca40196225,3,validation,69.594970703125,22.946258544921875,0.10455026972922876
80d24897669f,1,train,101.25347137451172,11.654195785522461,0.1660838744010743
80dbeb0fdc75,0,train,105.86892700195312,17.262998580932617,0.20829750566893424
80e6e425f966,0,test,86.79054260253906,15.091327667236328,0.2078349206349206
80e7cc0a0649,3,train,69.63967895507812,34.078125,0.10411532444076776
80ed04a84a16,0,train,50.061424255371094,12.464250564575195,0.5267194112141926
80f6b30ece8c,0,train,84.7898941040039,33.60757827758789,0.5256595611572266
80feb1f7ca5e,2,train,83.10762786865234,7.469931602478027,0.25404345314625376
810d3779abd9,3,train,93.94245147705078,16.973604202270508,0.01057291666666671
810ed108f5b7,0,validation,96.35905456542969,13.02584171295166,0.5241861343383789
8114d6a160df,1,validation,79.76428985595703,17.06745147705078,0.2817701345799094
812d5adafaf2,2,train,91.8816146850586,15.822181701660156,0.16625864055299544
81371b0c01ad,0,validation,85.63513946533203,18.15460205078125,0.5245254202908927
81704925f759,0,train,99.8712387084961,21.541561126708984,0.5243565241495769
8185ce1cdcef,0,validation,106.62368774414062,18.33467674255371,0.20762267573696147
81914ceb4e74,0,test,98.70989227294922,15.816025733947754,0.20889523809523813
8191ae701985,0,test,54.61723327636719,12.38315200805664,0.09352981388130654
81bc03e2ff2b,2,train,69.42371368408203,15.863039016723633,0.25399468598021135
81d79d53ed7b,0,train,65.93531799316406,24.90583038330078,0.007901045605316015
8201cab8322d,3,test,83.96403503417969,27.696456909179688,0.01091471354166662
82088c6734e6,0,train,104.41368103027344,16.343751907348633,0.20819138321995467
821789e9053f,1,train,100.8650131225586,16.304264068603516,0.20841269841269838
8241e43408a8,0,train,107.47887420654297,17.877689361572266,0.20765532879818593
8273fdb4405e,1,test,96.577880859375,12.991667747497559,0.16643769837031164
82910bba4753,2,train,119.25221252441406,43.42117691040039,1.2235303032959166e-05
82ac8463fadd,1,validation,94.0608901977539,23.635889053344727,0.20848979591836736
82bb8a01935f,4,test,83.1921615600586,17.11892318725586,0.281268997358712
82d364726a58,0,validation,67.2847671508789,28.75507926940918,0.02004754401946285
82deb07a6618,2,train,96.16487884521484,10.031533241271973,0.25347586156297164
82e5bc01f8a4,0,train,100.68701171875,18.700544357299805,0.20978956916099778
82f2784ead76,2,train,111.95873260498047,16.03702735900879,0.25471716790578935
83038ca49b6d,0,train,113.32347106933594,24.23838233947754,0.21026031746031748
830e297965a1,0,test,108.55064392089844,28.17847442626953,0.5246025721232097
8329e80c10ac,0,train,104.84227752685547,17.745609283447266,0.20916553287981854
8344c783da65,0,validation,94.44407653808594,13.6846923828125,0.20855963718820858
83517eaeccb9,0,validation,68.6792984008789,17.82415008544922,0.21227845804988665
835b9f6e12ba,0,train,127.29086303710938,15.246203422546387,0.20730884353741497
837acf120946,0,test,58.59030532836914,29.07684898376465,0.20280750736776798
838b3e4d0bb4,0,train,71.3097152709961,31.625701904296875,0.09310414374191878
838c87c63422,4,train,90.91948699951172,16.531455993652344,0.16601115451521342
83a63c4a3e4a,0,train,101.63676452636719,19.13812255859375,0.20860136054421774
83b61051737f,2,train,122.37287902832031,15.660868644714355,0.2535959598077031
83d6e40c869f,2,train,100.22695922851562,15.97342300415039,0.28476731553860146
83d81ba5959c,0,train,91.34473419189453,21.87079620361328,0.5251668294270833
83df53d58f28,0,train,118.85505676269531,15.102639198303223,0.2075945578231293
83e529e95b0e,1,train,82.64285278320312,13.80881118774414,0.1669028672139653
83fda7c0500b,0,train,74.44622802734375,28.09860610961914,0.07195088354675383
840527bc6628,2,train,109.68824005126953,11.931745529174805,0.25393281718747085
840a06a9c690,0,train,99.55110168457031,18.63926887512207,0.20967528344671205
8421107255ae,2,validation,123.67976379394531,10.127946853637695,0.25383266253004644
842d697884f6,2,train,96.5710678100586,16.233970642089844,0.20875736961451252
8433a032b96c,0,validation,111.32589721679688,32.997249603271484,0.5241753260294597
8448af27ba07,0,test,84.20851135253906,21.36871337890625,0.21071473922902495
847b04287c9c,0,train,115.35132598876953,17.345340728759766,0.20778956916099778
848e66b9e199,0,train,64.91353607177734,26.211544036865234,0.0951211926499772
849a91e9ab28,1,train,82.2542724609375,11.015414237976074,0.1657853652302621
84a72e15b23c,1,train,87.25007629394531,14.285438537597656,0.16667230941190836
84b472c49cfa,0,train,48.06106948852539,18.884017944335938,0.20292284624532186
84b4da14bc23,0,train,93.56244659423828,14.030482292175293,0.20914648526077095
84b79243e430,0,train,108.7299575805664,16.74443817138672,0.2088208616780045
84b88e8d3bca,0,test,55.85498809814453,22.70062828063965,0.20286915400921912
84c663f39632,4,train,57.47080993652344,9.661802291870117,0.2499992016554473
84e8c62165b5,2,train,110.86009216308594,11.567146301269531,0.25389817066353626
851e40a21f81,0,train,108.09288024902344,14.38545036315918,0.20837188208616775
8543a801dce0,2,train,73.07514190673828,11.452234268188477,0.2498225394108491
855f0a5442b6,2,train,85.12274932861328,12.896265029907227,0.24793365619907703
8564b7aa3c1a,0,train,107.2244644165039,17.29197883605957,0.20875374149659864
857230f64a2e,4,train,86.06478881835938,18.721752166748047,0.28464567416744224
8596a24a14bd,4,validation,78.62857818603516,20.238265991210938,0.1667314390240181
85cbb84ac8e0,4,train,89.66072845458984,17.630569458007812,0.16678794595171975
85cc6d636898,2,train,87.19393157958984,14.13643741607666,0.1665297307504502
85f99e7e4052,0,train,74.1236572265625,26.93711280822754,0.09451317702667927
85fce24084da,2,train,113.80264282226562,10.992011070251465,0.25330874303575757
86410aa13b3e,0,train,116.42887878417969,14.508001327514648,0.20783764172335606
8650d32f4a9e,0,train,85.27293395996094,26.808639526367188,0.5242688907184021
8660e1864665,0,validation,104.73511505126953,17.422636032104492,0.20827210884353742
86722fcd802c,2,train,90.09294891357422,20.149524688720703,0.1662934507278665
8676427e4625,1,train,79.31714630126953,35.77305603027344,0.03605664866366809
8693ab1fd2be,0,train,47.53703689575195,12.387311935424805,0.20289500582660192
869bbd3170cc,2,train,83.7057113647461,11.116201400756836,0.2546375391301917
86d58f850a0c,0,train,66.49073028564453,26.871227264404297,0.20271603170625974
86d6808f0609,3,train,67.75357055664062,16.81641960144043,0.16700634403515735
86e7f98f73f1,2,train,124.35807037353516,19.26625633239746,0.25016653623269425
86fbac86ed3e,2,validation,85.96453857421875,23.369094848632812,0.16686066583758052
870f433e8f37,0,validation,94.3279037475586,19.5736083984375,0.20979773242630384
870fbe6eaa68,0,train,116.37599182128906,17.986347198486328,0.20886621315192744
8714d17bb6da,1,test,61.609981536865234,17.040298461914062,0.2852494577006508
87295c5fa1cc,0,train,99.23741149902344,22.417686462402344,0.21006802721088436
873dcc0b468f,4,test,69.85842895507812,10.750593185424805,0.1662464808343761
873fe0404d6e,2,test,66.81246185302734,15.453754425048828,0.280462592235452
874f8c1929f6,0,train,113.32862091064453,20.171920776367188,0.20857687074829934
875a2fc5fe23,4,validation,90.4087905883789,15.45109748840332,0.45208802264511283
875d2ffcbf47,0,validation,99.8023681640625,19.42436981201172,0.20798276643990932
876deb29f000,0,train,80.17477416992188,18.02573585510254,0.5257339477539062
876e1dd12d38,2,train,110.04911804199219,14.303394317626953,0.2531847143030167
87774aafe068,4,train,81.3011474609375,13.197072982788086,0.16720781388286998
8785b71238d8,4,train,45.96363830566406,12.223687171936035,0.09494299138161044
878e356c8fc9,0,train,106.63536834716797,21.111753463745117,0.20905124716553292
879744b9dc65,2,train,93.44194030761719,12.227693557739258,0.25383892219613546
87a9f4d20f07,0,train,102.40047454833984,17.551799774169922,0.20859410430838998
87b1938994b5,2,train,119.05404663085938,14.133235931396484,0.25322387360948073
87b671c6d4c5,0,train,119.39429473876953,19.22941017150879,0.2068934240362812
87d46b1cc4e9,0,train,35.120460510253906,11.64006233215332,0.5284147262573242
880edb2cdb69,0,train,101.97201538085938,15.84286880493164,0.20696054421768706
881ec6186e68,0,train,107.05009460449219,22.924116134643555,0.2090167800453515
882a71de424e,2,train,101.99608612060547,11.217270851135254,0.1664546266060366
883c6a184f16,0,train,92.86933898925781,17.220436096191406,0.2082866213151927
883ddb650967,0,train,106.08815002441406,15.245593070983887,0.20863492063492062
8846b09384a4,0,train,43.67722702026367,19.398136138916016,0.09555159903570021
885fa5fc5da8,0,train,92.67340087890625,17.644481658935547,0.20773333333333333
8860c7b11530,2,train,104.27094268798828,10.730573654174805,0.2536252201073286
8871e6a26596,2,train,59.943058013916016,14.40003490447998,0.25429180175899524
887c26fc0e1f,4,train,99.452880859375,19.255224227905273,0.25360047259023233
88e4399d207c,0,train,105.3173828125,19.792428970336914,0.20871564625850336
88e5051f65bd,0,train,71.98355865478516,21.04930877685547,0.5252091089884441
8906c9ed54a2,0,validation,108.17127990722656,17.54041862487793,0.5240109761555989
891329021e12,0,validation,112.61237335205078,19.419462203979492,0.20912290249433108
891392c9683c,2,train,41.5383186340332,11.537834167480469,0.09562224804353558
894a37fc3738,0,train,46.67482376098633,17.088623046875,0.5269441604614258
8958a4d17b7e,3,train,92.34375762939453,16.403749465942383,0.16662629322183908
895fe2bfc5b6,0,validation,118.2282943725586,20.507471084594727,0.5244595209757488
896ad584a841,0,train,102.42780303955078,17.282651901245117,0.20754920634920637
898f0bc8acfa,0,test,90.7379379272461,18.374361038208008,0.5250438054402669
89b044cbaf85,2,test,108.18798828125,16.133079528808594,0.16612941373943302
89b725411cee,2,validation,80.44672393798828,17.330188751220703,0.16669782097842345
89d2a7403a06,2,train,45.492435455322266,14.078131675720215,0.09603094663355505
89d9c071a56f,1,validation,94.6924057006836,16.228275299072266,0.1652088515121921
89ed6a0dd53f,1,validation,92.01770782470703,11.58000373840332,0.1663504345072787
89ee1fa16f90,2,train,154.82150268554688,13.0105562210083,0.165335932493057
89fc080f7e83,2,test,92.03714752197266,15.943410873413086,0.2544452363649915
8a01daa423f7,1,train,67.64415740966797,14.8770751953125,0.1669093047120579
8a234d68b27e,3,train,62.46821975708008,31.61802864074707,0.10499389813597126
8a25a080f28f,1,train,119.59756469726562,19.9123592376709,0.2841599933473228
8a3eb86ae4bd,0,train,127.16921997070312,19.65370750427246,0.5245641072591145
8a482c024fc2,0,train,98.09041595458984,16.395387649536133,0.20853424036281176
8a67f1efa315,2,validation,99.078857421875,18.61989402770996,0.1664522423474838
8a7765e785fb,0,train,108.0248031616211,17.559789657592773,0.5248359044392903
8a81f62320d6,0,validation,107.41609191894531,20.321592330932617,0.2086494331065759
8a87dd2a784e,0,validation,83.8758544921875,22.39190101623535,0.5249887644024451
8a8a251770cd,0,train,108.09964752197266,16.825180053710938,0.20759365079365077
8a9bef2fbd4e,3,train,61.21980667114258,14.489842414855957,0.167328218939787
8aa3c4681542,0,train,103.07839965820312,16.29787254333496,0.20869478458049884
8aab201c0691,2,test,110.51217651367188,18.645267486572266,0.2844116804025577
8ab3faa3701f,0,validation,103.53699493408203,30.49919319152832,0.5247821807861328
8ab8d9b3ce3f,2,train,124.99646759033203,17.955360412597656,0.25292151718001754
8ac0c44bbf24,4,validation,80.6781997680664,17.369272232055664,0.16712794122135077
8acdf12f412a,0,train,103.1519775390625,17.304447174072266,0.20830929705215417
8ae049175db6,4,train,54.844078063964844,16.160953521728516,0.09616158809497122
8af50c9d0a86,0,train,78.96719360351562,29.242565155029297,0.0916866218796476
8af6a4e5396f,4,train,88.85486602783203,16.059350967407227,0.16687425611133155
8b079e79035f,0,validation,95.56024169921875,9.969447135925293,0.20909659863945573
8b26d3cd61e8,2,train,89.0077133178711,19.91722297668457,0.25456002117222876
8b568d47a1fd,0,train,96.89210510253906,15.742121696472168,0.2085560090702948
8b58f9a338e8,0,train,95.26708221435547,22.020280838012695,0.5239845207271918
8b76c3c5cb3e,3,train,82.83619689941406,34.249324798583984,0.002381147845086806
8b8fe3fc8950,0,train,62.605201721191406,17.92860221862793,0.20261660163940298
8bad12d70368,4,validation,67.60089874267578,22.225385665893555,0.09309901280838884
8bbd7835e9aa,1,train,96.31816864013672,24.027137756347656,0.16609579569383837
8bc6716c2238,1,train,69.63362121582031,27.254413604736328,0.09314242839979603
8bdb891661a8,2,train,74.61360168457031,36.98222351074219,0.09083074550096071
8be6629a6039,0,validation,89.96309661865234,36.426177978515625,0.03437962277376683
8bed09514c3b,4,train,110.86124420166016,13.275019645690918,0.16598421239356664
8bf05909e1e1,0,validation,97.57148742675781,20.974185943603516,0.2097804988662132
8bf2d925dc0c,0,train,120.92411804199219,15.884381294250488,0.2077804988662132
8c0d05233238,3,train,50.0531120300293,14.63209342956543,0.09458797025005805
8c29a76fa08c,0,train,95.9310531616211,16.863319396972656,0.20737505668934242
8c2f0f04e1ed,1,train,80.2961654663086,14.587231636047363,0.16691145054475542
8c4ceddeb1c6,0,validation,73.54887390136719,17.675092697143555,0.5252752304077148
8c7c26c52a6c,4,train,101.49691772460938,18.279430389404297,0.16621548547318954
8c84e96d9b01,0,train,87.84093475341797,48.08937072753906,0.20237995808028386
8c87bd748996,2,train,88.848388671875,14.935832977294922,0.2539756158346843
8cb6b5b2f19c,2,train,78.71548461914062,10.48692512512207,0.25448497796597536
8ceff4c4c860,0,validation,98.32967376708984,15.842254638671875,0.20813605442176875
8d13c46e7d75,0,test,98.30206298828125,14.960042953491211,0.20943945578231293
8d3d67661620,2,train,101.85188293457031,15.164300918579102,0.16614681882686855
8d4d14a4ab07,0,train,97.15299224853516,15.654280662536621,0.20807891156462588
8d4ff745a409,0,train,114.33355712890625,17.230440139770508,0.2083301587301587
8d62ba9cb22a,2,validation,57.169708251953125,24.84512710571289,0.09408928297966734
8d8aca52c07b,4,train,110.32807159423828,35.941959381103516,0.0837437422345294
8d9516ea3587,0,train,102.11353302001953,19.210735321044922,0.20894603174603177
8dafa62f9322,0,test,102.2450942993164,19.439258575439453,0.2095501133786848
8db2ce991101,4,train,56.2493896484375,13.522355079650879,0.09486346191189632
8dba09a4e5ed,2,test,81.17410278320312,14.5748929977417,0.24851428078735938
8dc22e65c06f,1,train,43.571990966796875,12.046488761901855,0.09531676015490687
8dfa629ca74e,2,train,82.36675262451172,14.90810489654541,0.21030204081632653
8dfff47b06b7,2,train,133.51658630371094,14.207932472229004,0.25225231520301117
8e20b8fac7c3,2,train,108.00138854980469,14.621641159057617,0.2530059498854045
8e2a3978c244,0,train,109.18751525878906,22.692922592163086,0.2085414965986394
8e3b79e1f1f7,2,validation,72.08084106445312,37.20173263549805,0.07414475231799789
8e4a354e3da2,0,test,98.7353744506836,22.525667190551758,0.5240189234415691
8e63fc4ab532,2,train,114.81289672851562,15.669880867004395,0.25365942991037327
8e67f2d7e0ee,0,train,89.7163314819336,18.304553985595703,0.20865487528344673
8e6df9eedcd8,0,train,79.98263549804688,27.99853515625,0.09350692202401911
8e76054f0831,0,test,106.87799072265625,19.6092472076416,0.20824489795918366
8e7981855125,0,validation,50.18819808959961,15.963828086853027,0.09512770498868828
8ead17dfb6a6,0,train,92.13215637207031,25.794017791748047,0.5243781407674153
8ead8f37423c,0,train,120.40946960449219,14.734336853027344,0.20873015873015877
8eb3337a54e9,2,train,124.68343353271484,10.146636962890625,0.25298091122104827
8ed586c43023,0,validation,98.54625701904297,16.45847511291504,0.20876462585034017
8ee50c26fc13,0,train,79.23919677734375,25.249496459960938,0.5246268389590865
8eeac97f02f0,4,validation,88.55099487304688,14.703611373901367,0.27899291726060704
8f06ca4642bd,0,train,100.94207763671875,22.10757064819336,0.5242828109277621
8f10e41a2f02,0,train,129.63099670410156,16.870193481445312,0.20639546485260774
8f14bca04b47,0,validation,96.05794525146484,17.640893936157227,0.5242293675740559
8f1e7433a95d,2,validation,88.54944610595703,10.605242729187012,0.24489515683136587
8f2996b8d855,1,train,98.24303436279297,15.017704963684082,0.16658838351084937
8f318a978844,4,test,39.964698791503906,10.289704322814941,0.2860677723793583
8f9819752ca0,0,train,94.48051452636719,20.75579261779785,0.20944580498866217
8fbb2ca39911,0,train,58.176753997802734,17.865280151367188,0.21101224489795922
8fc09fecd22f,1,test,92.25474548339844,13.917963981628418,0.16650207335123757
8fd7ad26e691,4,validation,99.24430084228516,14.690844535827637,0.2542337178806343
8ff2733f6aef,2,test,75.63246154785156,9.036361694335938,0.24480152242025222
8ff863f8874f,1,train,47.80091094970703,22.215282440185547,0.009100302646140812
8ffa608170d3,0,train,62.392051696777344,23.894187927246094,0.20269415709155125
901a3552fe26,0,test,92.4687728881836,16.34784507751465,0.208271201814059
902dc5a91a3f,0,validation,112.63079071044922,20.97568130493164,0.20721088435374146
9033f1493da1,2,train,121.99153900146484,10.743797302246094,0.2531465740119626
9039cbfcbb2f,0,train,47.32915115356445,10.821366310119629,0.2028910286239276
9041eb43456e,2,train,130.81503295898438,12.591113090515137,0.25209291207818585
904b03ad5594,0,test,39.63926315307617,12.641742706298828,0.08016037719465818
905cc86bf100,4,train,119.35025787353516,14.514760971069336,0.25250808807088154
906d02fb822d,0,validation,95.92933654785156,22.36681365966797,0.16601687673574028
907aaff827e5,2,train,89.77845001220703,13.084969520568848,0.2531218264948665
9095d43fb132,0,train,74.23516845703125,24.26477813720703,0.03177626603811412
90960ddf4d14,0,train,63.6986083984375,15.415109634399414,0.5257345835367839
90a786abe58e,0,train,97.79579162597656,19.844215393066406,0.20888072562358273
90a9a41eec6d,0,validation,48.2579231262207,16.226789474487305,0.202954663866716
90b8bf342032,3,test,95.01132202148438,16.69235610961914,0.16665490432447283
90bde2ff8953,0,test,100.82244873046875,13.743213653564453,0.2085659863945578
90c982cc2d96,1,train,78.77072143554688,17.00385284423828,0.1666336844233528
910bfd38e2f5,3,test,94.03832244873047,11.755264282226562,0.2535894089943541
9122b31414d3,0,validation,107.57147216796875,15.59068775177002,0.20748027210884357
912fbe06407e,0,train,103.8744125366211,15.617384910583496,0.2079573696145125
913490237ad4,3,test,86.79564666748047,35.98640441894531,0.09380175335839336
913b1890ed1e,2,train,121.63939666748047,16.552967071533203,0.2597840036707847
916915f01e17,0,train,104.833984375,18.495494842529297,0.20888979591836732
916ec976ff30,3,train,72.37789916992188,14.766467094421387,0.16680678159428697
917f76f360b6,2,train,64.33806610107422,27.247241973876953,0.09299481538901155
91a88d3b0358,2,train,84.26749420166016,11.098209381103516,0.16614300401318405
91b7a4179ecf,0,validation,49.49050521850586,18.51335906982422,0.20306801414293274
91cf56d3d1af,3,train,87.88074493408203,16.522254943847656,0.16679533715323347
91e2c2890c9f,2,validation,65.38036346435547,29.2884521484375,0.08983573908334685
91e82fe4e434,0,train,123.08922576904297,19.71413803100586,0.2073786848072562
91e8af9ceee9,2,train,115.44414520263672,11.476302146911621,0.25385595431084274
91f3c4c1e72b,0,train,79.75223541259766,38.16279602050781,0.09357026931875412
921433215353,2,test,121.78671264648438,8.319168090820312,0.25420140053477924
922586d86cd8,0,train,95.3429183959961,19.347070693969727,0.20948117913832198
9232dc06cfdc,0,train,111.73058319091797,21.005680084228516,0.20881269841269845
92587e494d51,0,train,88.55998992919922,13.996925354003906,0.5246553421020508
9274e75dc4d5,0,train,108.30171966552734,16.628210067749023,0.20873832199546483
9287e57326d0,0,train,108.91543579101562,25.206388473510742,0.5251626968383789
92889b863ae6,0,train,111.99661254882812,37.1822509765625,0.0009012682088936907
929cd3867815,2,train,84.01277160644531,43.58343505859375,0.0691231471409649
92d8a7c8e718,2,train,85.31591796875,35.23611068725586,0.00016300581137429493
92d9e9f08709,1,validation,81.83000946044922,15.781357765197754,0.45286140383784645
92e3d608fd3c,0,train,97.10189056396484,18.485586166381836,0.20859682539682545
92f313287a29,2,train,72.45841217041016,10.67120361328125,0.16647203169347213
92fcf50b3562,0,test,109.35240173339844,30.194639205932617,0.5240275065104167
930fee99213a,0,train,106.88996887207031,18.86448097229004,0.20941678004535147
932181b93b2f,2,train,75.9544448852539,15.959919929504395,0.16701611949522388
934104859e68,0,train,99.06326293945312,18.78289222717285,0.20968072562358275
93421787f520,0,train,94.84797668457031,19.957326889038086,0.20944943310657593
936299166bea,0,train,99.48977661132812,20.92654800415039,0.5240123611459117
937bc1b924b1,0,train,117.9200210571289,16.100929260253906,0.20828843537414965
93802d1e3c41,0,validation,107.42927551269531,16.798208236694336,0.20874013605442177
93a1b984de84,0,train,100.53351593017578,15.561424255371094,0.20761269841269836
93be637084a2,1,test,97.11961364746094,14.272221565246582,0.16633875164036993
93d6d20a5ee3,0,train,96.58944702148438,21.174766540527344,0.21005442176870748
94076a9fb9b5,0,train,100.52627563476562,17.5733642578125,0.20923083900226758
94111ed3d276,1,train,82.61416625976562,17.0513916015625,0.2848916109033133
94145d1f42cf,0,validation,98.5635986328125,28.984785079956055,0.5246092478434246
941d874c8afb,0,train,114.48113250732422,22.19957733154297,0.20884263038548756
942f544c4e15,0,train,107.77749633789062,15.244956970214844,0.20844988662131514
944a233fbf8e,1,train,88.6268539428711,14.118803024291992,0.16643102244636376
946545473380,0,validation,93.76375579833984,15.982660293579102,0.20896145124716559
949710bead24,0,train,101.42560577392578,16.192943572998047,0.20789750566893428
94a67ec0714f,2,train,85.2716064453125,19.40085220336914,0.16680296678060247
94b9ccc73bb9,0,train,92.87435913085938,14.904398918151855,0.5239129310790549
94dcb491143f,2,test,57.535911560058594,10.035384178161621,0.2491090474791472
94ef1d14597f,4,train,89.28421020507812,11.996004104614258,0.24789271252844391
94f9ecf4b8d2,0,train,60.87934494018555,19.244749069213867,0.20293477785334468
9519a590985d,0,test,97.34014892578125,15.638379096984863,0.20870839002267572
956765d5f46d,0,validation,72.56359100341797,15.276650428771973,0.20255694359928889
9568eb7e9c08,2,train,51.06195068359375,14.840591430664062,0.0947926155604637
958c1fa044ba,0,train,103.54730224609375,15.961606979370117,0.20820045351473926
959bb2d01091,0,train,105.10368347167969,16.59178352355957,0.5238731590523121
959dc602febc,2,train,101.93572235107422,9.892230987548828,0.2533816754243763
95a4cc805c7b,1,test,45.54179000854492,22.839611053466797,0.09601654055095177
95e732e043a1,4,train,64.57693481445312,10.21774673461914,0.2651728723404255
962c0fc85e13,0,test,108.00777435302734,16.064882278442383,0.5237544377644856
962cf85e4f6d,2,train,115.4984359741211,12.900064468383789,0.16643650624103523
966c07831334,0,test,96.2294921875,19.251972198486328,0.2096634920634921
96793edb1003,0,validation,63.71004104614258,28.190353393554688,0.20280154156375652
9688c6ef5dc5,0,train,100.89372253417969,16.728219985961914,0.20906757369614515
969f92a390db,0,test,120.3338851928711,18.29682159423828,0.20787664399092975
96a9706b8534,1,train,83.41251373291016,8.544994354248047,0.24560910495995503
96b5474ae604,0,test,115.04608917236328,13.441354751586914,0.2078639455782313
96c3e3db68bc,2,train,87.78412628173828,14.776056289672852,0.24837696552428878
96c699221180,0,train,93.02379608154297,20.529630661010742,0.20924081632653058
96ce10a1dbd7,0,train,74.46898651123047,14.629432678222656,0.20970158730158728
96d48b073f18,2,test,122.71756744384766,20.17414093017578,0.2843789478154094
96ea316ed0ab,0,train,77.51287841796875,23.887128829956055,0.5246904742018749
971bb98ab935,0,test,101.6514663696289,22.975624084472656,0.5241157684154427
973b0facfa9b,0,train,94.9197006225586,19.994272232055664,0.20850340136054424
974c7d7b9c64,0,train,112.9265365600586,16.654033660888672,0.20799818594104313
975252e325e3,2,train,77.23485565185547,13.485786437988281,0.24450716137873652
976082127e2a,0,test,106.03718566894531,14.499262809753418,0.20894603174603177
977e1ca77653,1,validation,94.49473571777344,13.603250503540039,0.1657395874660481
9782c0489eca,1,train,95.16620635986328,11.507336616516113,0.16621691602832123
9785805af1b8,2,test,78.65510559082031,24.820880889892578,0.010638020833333317
97a235367f9d,0,train,58.73395538330078,18.570411682128906,0.20283534778648782
97a5ad7548b7,2,test,57.9366455078125,9.543201446533203,0.24890216219076688
97bf61736b86,2,train,112.51542663574219,12.266566276550293,0.2524970244750032
97c6cb55866d,0,train,86.0884780883789,21.319894790649414,0.0935507323026209
97d02a9b94f7,0,train,98.97032928466797,15.501235008239746,0.20808707482993194
97da093947e8,4,train,70.45767974853516,8.36406135559082,0.2544378121098627
97f290d31813,0,train,80.9947509765625,31.511943817138672,0.08991368980428249
97fdee242fea,0,train,69.28106689453125,23.50859832763672,0.20258478401800872
98277aeb96a7,0,train,96.22037506103516,39.72004318237305,0.5251795450846355
9837048b85dc,2,train,92.79987335205078,15.651174545288086,0.2653211436170213
983c98354e9c,0,train,94.04179382324219,17.980295181274414,0.2085160997732426
98441214557f,0,train,98.99944305419922,17.44341468811035,0.20831292517006805
9858cc2ae073,0,train,91.3564682006836,23.959386825561523,0.5243953069051106
9859e2a6cc24,4,test,88.6180648803711,15.636879920959473,0.2088979591836735
9870ce41cac4,0,test,83.93692016601562,23.335317611694336,0.5256710052490234
9878db94d9f3,3,train,84.53360748291016,19.82904052734375,0.45289852755610127
98d41bce73a8,0,train,106.01355743408203,25.875307083129883,0.5246651967366536
98e44127872f,0,train,97.38798522949219,17.521146774291992,0.20948934240362815
98f48850ebce,2,train,86.01463317871094,13.223273277282715,0.24464926670912335
98fbe56dcc2c,1,train,64.37462615966797,14.360572814941406,0.16730246894741663
9904939ab83d,2,train,57.77621841430664,11.042375564575195,0.24892542823201813
9910c827e2fe,0,train,109.397216796875,10.86234188079834,0.20707210884353744
99132193eaa0,1,validation,82.04703521728516,11.998883247375488,0.16592412907803578
991a0b7a8c87,0,train,82.52857208251953,22.44195556640625,0.524604964344378
99240ee00485,0,train,121.06880950927734,24.62006187438965,0.20869569160997736
992599744a23,0,test,60.06831741333008,22.773143768310547,0.09474623981509689
992b9a07b25f,0,train,52.37499237060547,18.30955696105957,0.010676288614221652
996f57c86ba5,3,train,82.65499877929688,11.460610389709473,0.2545518326555425
996f9bba4ef0,0,train,103.80208587646484,20.20210838317871,0.20762086167800453
9985375d709f,0,train,105.31815338134766,23.40104103088379,0.21104852607709745
999115d9386b,2,train,93.98056030273438,12.736736297607422,0.2537390586859709
999ad827ed35,0,train,105.6021957397461,15.614265441894531,0.20931700680272114
99c626e58464,0,train,103.83226013183594,22.719898223876953,0.525058110555013
99c6a123ed6a,0,train,118.16444396972656,14.440208435058594,0.20727256235827662
99e8bf998285,2,train,81.4697265625,7.305541038513184,0.25381301008999946
99ecdb41d5e7,1,validation,73.43099975585938,8.772689819335938,0.2493529987646188
9a1029536d78,0,test,98.04161834716797,21.982791900634766,0.20877006802721088
9a159d4674cd,0,train,95.4558334350586,16.317211151123047,0.5240660533820143
9a28d4e8aef0,2,train,132.1189422607422,16.173524856567383,0.2550710574002646
9a3109657ac1,1,train,83.31674194335938,12.820719718933105,0.1665118488113041
9a326446c431,0,train,60.32361602783203,13.168200492858887,0.09393949918931255
9a496b1e20f9,4,test,46.66495132446289,11.915130615234375,0.09475847511812985
9a4f370d341b,2,train,113.23664855957031,11.067814826965332,0.16620690214239942
9a56cfb980ec,0,train,100.75843811035156,19.169469833374023,0.5244986216227214
9a78c6a7b1c2,2,validation,78.22843933105469,14.41007137298584,0.16669877468184457
9a7bd084395e,2,validation,75.12065124511719,31.999557495117188,0.09442516178228111
9a9b21215c55,2,train,42.27363204956055,17.601106643676758,0.09500298383519123
9ab18a4a957f,0,train,68.44185638427734,16.880939483642578,0.5253114700317383
9ac2e3e9fca5,0,test,112.54627227783203,15.530332565307617,0.20635192743764175
9ac41b9a809e,0,train,111.26109313964844,17.159587860107422,0.20771972789115645
9ad92f1c1542,2,train,90.11298370361328,19.221635818481445,0.16653378398998997
9ae54843c69a,0,train,48.73458480834961,18.795068740844727,0.09469512782339484
9b093fe95d6b,3,train,66.36186981201172,17.871797561645508,0.4528521673146443
9b0eb9f41da4,2,validation,50.84355926513672,22.33918571472168,0.09578801666527215
9b32e8ef0ca0,2,train,77.4825668334961,19.970338821411133,0.16639096690267652
9b418ce42c13,2,train,84.96514129638672,14.404387474060059,0.2643962765957447
9b4fc15df3c8,0,test,66.51809692382812,18.128435134887695,0.5257006836811398
9b57e43b44e7,0,train,63.98041915893555,15.817091941833496,0.09316492556988887
9b70f84400af,0,train,63.962181091308594,27.325769424438477,0.20262654464608865
9b7b6e4db1d5,2,validation,87.4960708618164,18.897409439086914,0.2650359042553192
9b95d6203406,2,train,78.88642883300781,29.70757484436035,0.010807291666666718
9ba469af2980,0,train,62.033287048339844,28.09994125366211,0.004744337422818878
9bafbbd152d2,3,validation,54.04015350341797,16.307315826416016,0.09628611190487091
9bbb6c455913,0,train,96.17053985595703,16.093143463134766,0.20902222222222222
9bd008aab548,0,test,98.34637451171875,16.037813186645508,0.2080707482993197
9be0683649ff,0,validation,83.96256256103516,17.02166175842285,0.5245342254638672
9be71d6d7e59,0,train,85.74934387207031,18.1071720123291,0.21019682539682538
9c088d2d1559,2,test,43.14704895019531,16.99972152709961,0.029738890739533286
9c14ce27cbfc,0,train,90.97183990478516,22.116546630859375,0.525021235148112
9c514d2d5b3f,0,train,101.37556457519531,16.907909393310547,0.20887619047619044
9c5dd3612f0c,2,test,93.97605895996094,15.437705993652344,0.26516888297872343
9c6512166557,0,train,92.631591796875,24.67950439453125,0.524517465885544
9c72ed6befa0,4,train,60.1435661315918,19.997255325317383,0.09475808043093525
9c893e16c055,0,train,102.94978332519531,13.389513969421387,0.20841088435374144
9cc6b1f9bcbd,4,train,69.61152648925781,24.91124725341797,0.09490470672373319
9ce46d400cd6,0,test,111.31813049316406,13.06889533996582,0.20876553287981858
9cedf5c7016b,2,train,56.20567321777344,19.613914489746094,0.09441608397680501
9cf7c1349673,0,train,77.76409149169922,19.17086410522461,0.20997913832199544
9d1feed37610,0,validation,112.31351470947266,16.491514205932617,0.2071147392290249
9d62478042b6,0,train,98.11215209960938,30.961631774902344,0.09379958257882293
9d74428188bb,2,train,88.89856719970703,14.208752632141113,0.24461676268090493
9d75de31f1b8,0,validation,106.34590911865234,16.937103271484375,0.207869387755102
9d98a0b585f2,2,test,91.63355255126953,17.639568328857422,0.2092226757369614
9d9bfefa809c,2,validation,138.30735778808594,18.901735305786133,0.25272368261687816
9da74370835a,2,validation,84.10102844238281,13.421284675598145,0.16678055475020603
9dab2e6ba44b,2,train,58.86193084716797,23.060501098632812,0.09546121566813437
9de9421f17e3,0,test,112.17256927490234,13.828295707702637,0.20738594104308394
9df31421cdd2,2,validation,64.55509185791016,32.05376052856445,0.0931406523074203
9e2058917304,0,validation,99.69583892822266,16.359289169311523,0.20954648526077102
9e2a8135f471,0,train,104.53268432617188,17.78627586364746,0.20880816326530616
9e2ba2b979f1,0,train,60.1350212097168,18.863903045654297,0.525456428527832
9e5737f771c3,0,train,80.3031005859375,22.341955184936523,0.5249160130818684
9e5ec293267c,2,train,74.44114685058594,10.231431007385254,0.24862000441598586
9e7a63b2fc6a,0,train,82.08969116210938,25.390666961669922,0.09446048628619874
9e99ae6ee7af,0,test,84.57633209228516,15.251036643981934,0.5250377655029297
9eaac43744f5,2,test,117.16384887695312,11.697578430175781,0.2528453821715393
9eaf735cf01f,1,train,83.63711547851562,14.13310432434082,0.16677006401257366
9ed666e982cd,1,train,103.33946990966797,16.364458084106445,0.16627842989898378
9ed6c2b25767,0,validation,49.775604248046875,17.886808395385742,0.2043884454307907
9f1b14dfa14c,0,validation,67.21537780761719,12.147485733032227,0.5245293974935669
9f1efb799b7b,2,train,83.5708999633789,17.43073272705078,0.26475664893617024
9f285b3e57ed,0,train,100.38232421875,16.095592498779297,0.20934058956916102
9f37c98b8187,3,train,56.762271881103516,18.673219680786133,0.09579314759880209
9f436886e056,2,train,78.31985473632812,13.388788223266602,0.21039092970521545
9f5a8665cf2e,2,train,61.28285217285156,10.28009033203125,0.16753684156315807
9f8112c710be,0,test,62.37141799926758,15.837119102478027,0.211384126984127
9f935fb38440,0,train,75.47980499267578,13.135047912597656,0.5250126276184908
9fa02dfb5553,0,train,96.57115173339844,19.263269424438477,0.2080362811791383
9faad91b6578,2,train,53.346717834472656,10.990702629089355,0.16764651745658743
9fab29e69a6b,4,validation,89.60420227050781,30.956588745117188,0.2846509821545473
9fefe2b44795,3,train,81.40705108642578,14.587154388427734,0.2483063690559827
a00b4cb250a7,1,test,67.71894836425781,11.566426277160645,0.16770946188238167
a01024054596,1,train,83.6434097290039,11.691428184509277,0.16674002235480823
a015ce4f51ad,2,train,92.42971801757812,9.919890403747559,0.25369844364320715
a01c590c444f,2,train,114.09585571289062,13.8294095993042,0.16620666371654413
a0267206d51e,2,test,104.40438842773438,11.28661823272705,0.1667188024536882
a02dfd67a925,0,train,58.28477478027344,13.14174747467041,0.20276176953701386
a0445785e2f7,0,train,104.39639282226562,18.306224822998047,0.5245014826456706
a04fb36db784,2,validation,75.71806335449219,15.901354789733887,0.16702112643818479
a06a63d866b2,0,validation,103.96391296386719,12.31437873840332,0.2092126984126984
a06b353e7bed,0,train,85.97992706298828,15.576996803283691,0.5244649251302083
a06e41bd2634,2,train,94.17533111572266,14.327332496643066,0.16640431875057227
a06e5ac695ce,0,train,52.0515022277832,20.268394470214844,0.5260419845581055
a07d571bf7ba,0,validation,54.5862922668457,26.765031814575195,0.20293477785334468
a07d9a5045cb,0,test,103.55360412597656,17.317546844482422,0.20850975056689347
a07efb1ecfc0,0,validation,82.38886260986328,19.213464736938477,0.522770881652832
a08a0133754a,0,train,107.77159118652344,17.35420799255371,0.20728344671201815
a0a0cd8af5a6,2,train,95.77822875976562,35.819297790527344,0.2853768493911739
a0adbe677508,0,train,104.31269073486328,22.92359733581543,0.20833922902494328
a0b7ad98df57,0,train,95.68138885498047,15.028388977050781,0.20939410430839
a0cd7bffdaa0,4,train,100.6225357055664,19.047739028930664,0.20999365079365084
a0d04a19cf40,2,train,112.2638168334961,11.187272071838379,0.25411056258967335
a0e635689259,0,train,78.93214416503906,14.559854507446289,0.524370309386596
a0fd94e2ad76,0,train,104.63409423828125,17.53095054626465,0.20706303854875285
a11bf2edd470,4,train,88.06024932861328,34.92245101928711,0.09418913883990387
a11c62cb3f86,0,train,64.59475708007812,27.376798629760742,0.09429669110043526
a125377fb985,2,validation,131.24807739257812,15.884427070617676,0.2529362201166452
a12ca80bb8c7,0,train,81.54041290283203,23.929031372070312,0.5253794987996419
a14bbd9a583e,3,train,98.1506576538086,19.736404418945312,0.16638715208899202
a14fcf84bfe1,3,train,120.84788513183594,15.714898109436035,0.2551918835131459
a150ff5dfe07,2,train,84.6480941772461,19.025516510009766,0.24488751553350396
a15470303941,2,train,73.11311340332031,15.813774108886719,0.1673701818903165
a15590a7d774,2,train,97.57225036621094,15.669528007507324,0.24528018700422805
a1822dd8d05d,0,test,115.34114074707031,15.260854721069336,0.20787482993197282
a182b5b191de,4,train,122.00799560546875,12.041935920715332,0.25257708997149086
a1872f9c0cba,0,validation,98.3046646118164,21.337451934814453,0.5248292287190754
a188c60b93fb,0,train,121.79791259765625,46.27495574951172,0.003336290856044921
a19ecd0a706e,1,test,122.93960571289062,12.849410057067871,0.16565494628742328
a1b28bcbce00,0,train,49.23231887817383,19.650753021240234,0.2030739799469441
a1e236fbc863,0,train,46.10728073120117,20.157608032226562,0.2031077861696754
a1eb88562239,0,test,91.35245513916016,12.422350883483887,0.20927709750566892
a1edf0e66592,0,train,96.13152313232422,19.216215133666992,0.2095011337868481
a1faeb4d5f10,0,train,95.62737274169922,20.861988067626953,0.20892426303854872
a2163f0c2af5,0,train,108.45481872558594,14.115575790405273,0.20830657596371882
a21b37719f9b,2,train,82.60990142822266,11.7905912399292,0.1666477515488144
a247961a5cd9,0,train,96.93834686279297,19.095539093017578,0.21012244897959187
a2696f444ecb,1,train,59.1843376159668,9.673489570617676,0.1671682351908933
a26f50218b84,0,train,44.97146987915039,16.52104949951172,0.20316346700711518
a2811f512c1c,0,train,87.88995361328125,14.628132820129395,0.20908208616780044
a28bfb772f50,1,train,108.68960571289062,15.017203330993652,0.28429711634753874
a2ad3da4c7d6,2,train,85.42473602294922,13.234100341796875,0.16646416364024785
a2b97d98f130,0,validation,57.15364456176758,22.169233322143555,0.09545825551417475
a2b995b81692,0,train,101.50420379638672,15.03436279296875,0.20825759637188213
a2d349f567a6,2,train,97.87660217285156,16.11531639099121,0.20852879818594106
a2ddabee14e9,4,train,78.80154418945312,12.619573593139648,0.16634447386089668
a2dff8dbc9f8,0,train,98.73216247558594,18.08235740661621,0.5247383117675781
a30a143a53a3,0,train,89.70259857177734,15.67439079284668,0.21061768707482997
a3132c8828e4,0,train,92.04914855957031,15.967628479003906,0.5249691009521484
a32886cb31ab,1,train,99.58154296875,13.443279266357422,0.16621262436292616
a32b5ce3d48a,4,validation,89.79329681396484,12.523127555847168,0.1666553811761834
a3475dc3ac80,2,train,81.44029998779297,13.318358421325684,0.1664443742942595
a34fc5376669,0,train,110.70752716064453,14.807700157165527,0.2082467120181406
a3706ce27869,2,train,96.78215789794922,20.733461380004883,0.20931428571428567
a3802934bad7,2,train,91.00860595703125,14.496858596801758,0.010624999999999996
a384e688e228,0,train,92.56392669677734,17.407190322875977,0.20829297052154194
a386ec9aabde,2,test,76.97762298583984,14.047774314880371,0.16678079317606131
a3957df90a78,2,train,122.9129409790039,15.660754203796387,0.25350264711088755
a3ad6c2db6f1,1,train,77.3908462524414,12.89339828491211,0.1669014366588336
a3bd2e034614,0,test,42.267642974853516,17.623750686645508,0.06528284073740198
a3d2a0c4cd17,1,train,87.638427734375,16.636032104492188,0.16655309648426775
a3fcf42ff56d,4,validation,80.00061798095703,13.075945854187012,0.24920530502236282
a419fcb2dfb5,0,train,71.06382751464844,20.0273380279541,0.5246168959524009
a4359815f152,2,test,54.846046447753906,19.782625198364258,0.0954381264672497
a44345b27804,0,train,92.8722915649414,19.41079330444336,0.20977687074829932
a443c4fd489c,1,train,104.76306915283203,16.544570922851562,0.20810158730158734
a45c30da0c72,0,test,56.02842712402344,20.638179779052734,0.2028910286239276
a45d77edf8d9,2,train,89.79109954833984,20.59858512878418,0.24577493252848037
a476fd984005,2,train,63.71674346923828,9.835660934448242,0.24922959750661033
a47878630dc2,2,train,51.41585922241211,25.358692169189453,0.09513875623013734
a484bdf85b4c,0,train,91.52758026123047,15.728378295898438,0.2078104308390023
a49b0b4484ea,2,train,56.64672088623047,19.377656936645508,0.09415716917714034
a4b8de38eac1,3,train,82.53219604492188,21.059049606323242,0.4528098924584498
a4d41c495666,2,validation,55.47804260253906,19.539403915405273,0.09640708353001914
a4d4b69f7404,3,train,70.95457458496094,12.594684600830078,0.16707596438489947
a4ee03ecff60,0,train,113.74363708496094,13.128031730651855,0.2072417233560091
a505981d1cab,2,train,69.9737319946289,10.598752975463867,0.25490754182039244
a528be013a04,0,test,82.18006896972656,20.746109008789062,0.21078730158730163
a53d6d2472a6,0,test,94.17147827148438,19.875944137573242,0.20855691609977323
a56729de89e9,2,test,110.23193359375,11.209235191345215,0.2058004535147392
a5a2a7003d60,1,train,97.0058364868164,14.011002540588379,0.16656215666676844
a5bb85afc6e8,0,train,115.47225952148438,18.245737075805664,0.20899954648526076
a5c9a8c726b2,4,train,91.58290100097656,19.327272415161133,0.21018049886621315
a61723fc38c2,0,train,99.54669189453125,17.928672790527344,0.2091392290249433
a627eb8c08c5,0,train,100.7453842163086,16.210573196411133,0.5242509933063679
a62e995f167c,0,train,81.1479721069336,13.16219425201416,0.52532958984375
a62ea0043aa7,2,train,90.08930969238281,13.07834529876709,0.1665828997161779
a6356a3c5d11,0,train,67.77201843261719,25.914226531982422,0.017436293539917824
a64273801bde,2,train,94.7080307006836,19.562700271606445,0.08839670957179602
a646c084928c,0,test,92.10547637939453,13.973931312561035,0.20922811791383222
a654b25124c3,0,train,97.62789154052734,18.693517684936523,0.20848344671201813
a664d2055886,2,train,105.35125732421875,14.344380378723145,0.16598302026429024
a66c3165876f,2,train,69.15594482421875,12.943811416625977,0.16571526802880943
a673193cd5a9,0,train,105.16926574707031,18.929115295410156,0.20792925170068022
a6731dd737af,0,validation,61.07684326171875,20.477863311767578,0.2118893424036281
a688f20f8895,2,train,100.94349670410156,9.803053855895996,0.25614611865764814
a6b6d27c1b32,0,train,114.04534912109375,16.789352416992188,0.5251216888427734
a6c9e96a10d7,2,train,84.59758758544922,22.777263641357422,0.010774739583333304
a6d45de20e4d,4,train,93.09901428222656,13.845577239990234,0.25335561774461024
a70d0f12a641,0,train,108.13370513916016,19.387975692749023,0.2083501133786848
a721efb1e049,2,train,101.56468200683594,13.760176658630371,0.2537022285575866
a73c3d516c59,0,validation,65.65667724609375,19.932388305664062,0.2026663166728313
a73d012c4c38,0,train,111.06985473632812,17.95621109008789,0.20999274376417232
a76132e79688,0,validation,101.71382141113281,17.023252487182617,0.2081142857142857
a763661f98a5,3,train,108.46708679199219,14.225057601928711,0.25685768256097785
a7673ac44509,0,train,49.10036087036133,21.500030517578125,0.0950185739793784
a76b69e443ce,4,validation,51.55372619628906,21.87103843688965,0.09437622057014938
a77dbec966d4,1,train,82.8122787475586,21.698762893676758,0.10562362155497285
a77eb914b383,0,train,82.47856140136719,51.174888610839844,0.20494724240652584
a790a3b36390,2,train,64.97893524169922,13.206674575805664,0.16717562639240702
a7b03e58a6e1,0,test,86.38456726074219,18.42683982849121,0.20911655328798184
a7b7dc8788b9,2,validation,107.76375579833984,14.204825401306152,0.25332708531313475
a7c10ca6c117,0,train,95.00567626953125,22.992151260375977,0.2091383219954649
a7ec056502e7,1,validation,86.8730239868164,15.764102935791016,0.28038774919293985
a804cef3e51f,2,test,91.51326751708984,12.100672721862793,0.25462414635623376
a80dab8eddf4,3,train,103.96133422851562,15.899935722351074,0.16585832354197816
a81b06f50612,4,train,64.54196166992188,25.313962936401367,0.27728200858418584
a821b6ecef33,0,train,83.67381286621094,21.515005111694336,0.5246586565804807
a8263d248523,0,train,42.194183349609375,23.426530838012695,0.09535188731522715
a82a12ad3fb1,0,train,52.622501373291016,18.638839721679688,0.2028273933811393
a85cda5f725d,0,test,94.37699890136719,13.67214298248291,0.20895873015873012
a86128b601a7,0,test,108.97190856933594,19.183618545532227,0.2071383219954649
a8652b2de23f,2,train,96.0377426147461,26.219036102294922,0.16205710013122954
a86c6283fd78,2,test,100.93682098388672,21.236812591552734,0.16433978926969206
a879c3569552,2,train,102.86095428466797,15.719266891479492,0.25402234496990705
a87f53bc984a,2,train,132.9668731689453,16.898160934448242,0.25317656217973805
a88365134c3c,0,test,102.19690704345703,22.249481201171875,0.20930975056689338
a8854768549f,0,validation,98.16658782958984,25.790388107299805,0.5255616505940754
a88f68b0b114,2,train,94.04314422607422,9.018680572509766,0.24812879441760993
a8a6588c8eb7,0,train,113.05406188964844,28.276079177856445,0.5245389938354492
a8aed92940fb,0,train,87.00352478027344,18.30752944946289,0.5240063953419003
a8b3c0961d42,0,train,46.90623092651367,15.388335227966309,0.20299045869078447
a8b637abd96b,0,validation,89.27771759033203,16.46202850341797,0.16616088595233014
a8c54e2a4b79,1,train,119.34114074707031,15.566506385803223,0.253544572316321
a8c950a99107,1,validation,64.32830810546875,10.616617202758789,0.16705236022522663
a8c9fcdbc0be,0,validation,59.718074798583984,17.05451202392578,0.09501995538455954
a8dea22ef903,0,train,101.88742065429688,23.138887405395508,0.2087510204081633
a8e08e7fe016,2,test,75.6416244506836,20.553133010864258,0.16679080706198313
a8eb35b3bcd2,2,train,106.9100570678711,15.03878116607666,0.1660497795037691
a93f1ea3ff4a,2,train,134.01858520507812,12.774923324584961,0.2532368296625487
a94da3d3b5c0,0,test,60.47736358642578,15.348878860473633,0.52562681833903
a95858e052d6,1,train,117.57949829101562,12.504648208618164,0.25331922433711596
a95d9d61ddd4,0,train,85.3549575805664,17.24830436706543,0.20887981859410432
a963ac561580,0,train,83.16910552978516,21.843029022216797,0.21004716553287983
a96ff96bbae5,0,train,104.44453430175781,14.388014793395996,0.2066539682539682
a987aa7aac37,0,train,104.85179138183594,17.154401779174805,0.20798004535147396
a9a28c37c8c4,2,train,97.92534637451172,17.091135025024414,0.25392000670803283
a9a3225cf4b5,0,train,110.61186218261719,19.609996795654297,0.2111972789115646
a9b3177f01c0,0,train,95.09623718261719,29.373729705810547,0.5250026846118052
a9bc2f892cb3,0,train,58.733428955078125,17.40972328186035,0.20286716540788197
a9c7b83caf81,2,validation,54.72548294067383,25.770755767822266,0.0155007475375466
a9d0c900b6a9,2,test,62.905818939208984,22.78717613220215,0.09524058552634695
a9dc80cba9a4,0,train,46.6922492980957,18.592449188232422,0.08083923916938873
a9e3d186cd1b,0,train,82.8531723022461,19.63726806640625,0.5245492835069383
aa0afc41ed19,2,validation,80.1795425415039,10.380929946899414,0.1665335455641347
aa10a4b2e709,0,train,98.8650894165039,19.602684020996094,0.2088643990929705
aa31bc6b8f4d,2,train,114.81067657470703,13.820707321166992,0.2528576103564574
aa4407aab872,0,validation,106.7756576538086,17.73480796813965,0.20758367346938777
aa5ce75edcf5,2,train,60.198455810546875,12.969675064086914,0.16688784638508258
aa60813e1a8d,0,train,56.86369323730469,20.18893814086914,0.09518217182154454
aa6242f9e08c,0,train,142.08102416992188,29.11503791809082,0.5241460800170898
aa6673241154,4,train,86.26568603515625,12.721745491027832,0.16701278153324994
aa841de1ee82,2,train,84.123291015625,27.88910675048828,0.09361960521808044
aa8a1e814811,0,train,106.77690887451172,19.82111930847168,0.2091981859410431
aa94cc4bfd84,0,train,93.12443542480469,17.125904083251953,0.20996553287981856
aa9b8f05f4bf,2,train,90.78701782226562,12.210966110229492,0.1664748928037355
aa9cfe639ef1,2,test,85.32661437988281,12.415553092956543,0.24861555649633493
aaaadb174012,0,train,114.44847869873047,13.781574249267578,0.20672108843537418
aabd867043cf,0,train,108.14654541015625,13.941713333129883,0.20671020408163265
aad0c0ee9268,2,validation,110.4276351928711,21.317752838134766,0.2087274376417233
aae8f9f3ef8c,3,test,115.21714782714844,15.350835800170898,0.25297858204296864
aafb0c944f14,0,test,102.38333892822266,17.877954483032227,0.20884263038548756
aafe980edd0c,0,validation,94.07856750488281,16.361570358276367,0.20914648526077095
ab03d50bba2f,0,train,84.41768646240234,23.659671783447266,0.5244630177815754
ab1c20a94f3f,4,test,117.13232421875,23.541507720947266,0.2060117913832199
ab32db41c409,0,test,88.13629150390625,29.568801879882812,0.08756806380671067
ab3c505b624f,0,test,104.49595642089844,19.674699783325195,0.5239964523352145
ab653b8554c0,0,train,116.12484741210938,14.532413482666016,0.20878458049886617
ab686895533e,0,train,111.8404769897461,18.213163375854492,0.2079673469387755
ab724603ee93,0,train,70.22343444824219,21.382658004760742,0.5256729125976562
ab78a66dee6a,0,train,111.77023315429688,15.1426362991333,0.20644172335600908
ab7991df166b,0,train,51.03514862060547,17.52239418029785,0.20296460687340168
ab88081e5654,0,train,57.80613327026367,16.068790435791016,0.5257609685262044
aba3063c5413,3,train,77.85486602783203,18.640687942504883,0.16632802247688228
ababe19ed448,1,train,79.83765411376953,25.768291473388672,0.08198935765448456
abbb8791785e,0,train,102.34795379638672,21.745615005493164,0.20911292517006808
abdb365cacbc,1,validation,90.84808349609375,11.388117790222168,0.16646511734366898
abe940882578,0,train,102.70686340332031,13.633932113647461,0.2086095238095238
abf09c44d5f4,2,test,91.45591735839844,15.062708854675293,0.254480756330706
abf0f56c6f12,2,train,108.88825988769531,11.628413200378418,0.25571958792181415
ac0a48ccbf70,0,train,57.34918212890625,17.3754940032959,0.2027518265303282
ac1667fac512,0,test,91.99903869628906,16.93207359313965,0.20860861678004539
ac17cc18a994,0,train,106.02753448486328,14.03567123413086,0.20898321995464852
ac2c814949f9,2,validation,107.22173309326172,11.23974609375,0.25376598980751675
ac5b5dddf91b,2,train,78.09391021728516,19.83990478515625,0.16692623294778286
ac720570dd0f,2,train,47.61809158325195,24.708023071289062,0.1079970729997648
ac81fc200162,0,train,55.6197509765625,22.494722366333008,0.09440226992499368
aca88f566228,2,test,76.30305480957031,12.505098342895508,0.25429005487543554
acc9f29538c4,2,train,105.56027221679688,12.013009071350098,0.2534591205955242
ace2281f00c4,0,train,97.75814819335938,20.50135040283203,0.5244191487630208
ace287a5c991,0,validation,69.388916015625,28.17255401611328,0.20270608869957407
acf976efd7ce,0,train,102.82987213134766,18.943307876586914,0.20797641723356008
ad029ba7fa8b,0,train,127.61116790771484,22.335235595703125,0.5232447610297772
ad12cde115ab,0,train,73.84513854980469,19.5972900390625,0.5250631968180339
ad1aa75d5630,0,train,111.19905853271484,15.142640113830566,0.5251264572143555
ad1f7445b1a8,1,test,95.46215057373047,15.137335777282715,0.16639335116122933
ad20080452de,0,train,96.18000793457031,16.449235916137695,0.20952018140589568
ad2f0b9d059c,3,test,96.9434585571289,17.163837432861328,0.010651041666666639
ad312ca98202,0,validation,101.07841491699219,18.50266456604004,0.20870022675736966
ad3fc5076852,1,train,78.25961303710938,11.933882713317871,0.16619617297891176
ad570b850a4f,2,train,62.23867416381836,20.191516876220703,0.09536885886459545
ad6b07d5c338,0,train,101.86063385009766,21.095102310180664,0.5249439875284831
ad93d88c87ea,0,train,100.64005279541016,15.17606258392334,0.20739954648526082
ad944bd56bb6,0,test,97.15287780761719,25.31892204284668,0.524571418762207
adb56cecafaf,3,train,82.26156616210938,18.298622131347656,0.1663697470015565
add1d681d712,2,test,91.83597564697266,20.95450782775879,0.010680338541666612
addf66a50f42,0,train,115.65705108642578,16.680156707763672,0.2081097505668934
ae1344610ebe,2,train,86.00312042236328,20.35407066345215,0.28508269843909795
ae20112e7a1e,0,train,57.90279769897461,19.693376541137695,0.20280353016509367
ae2c3f6312ef,0,train,112.90911865234375,17.9874210357666,0.20809433106575959
ae2e888905ba,0,validation,102.41471862792969,15.91703987121582,0.5243031183878581
ae49cc60f251,0,train,100.57430267333984,18.99932861328125,0.20751927437641726
ae57c8630249,0,train,111.04349517822266,22.278732299804688,0.2089578231292517
ae58ccb5905e,0,train,95.34007263183594,19.93096351623535,0.20818866213151932
ae5d31979f19,0,test,78.00035858154297,16.24875831604004,0.1669979991302225
ae61e19fb766,0,train,109.71588897705078,31.01453971862793,0.524497667948405
ae8424cdb029,2,validation,76.72738647460938,27.44961929321289,0.017823086990636394
ae8472f8d310,1,train,116.60358428955078,17.874954223632812,0.1659186452833643
ae94ce412de9,0,train,81.64872741699219,37.85675811767578,0.002941801005031497
ae975c43bd8b,0,train,105.87776184082031,17.718658447265625,0.20930702947845803
aea59ebec445,3,train,83.95929718017578,15.386242866516113,0.2539176775299532
aeab0a63bcaf,0,train,109.55912780761719,13.135664939880371,0.5246671040852864
aeb6f4fd2eed,0,validation,95.93626403808594,29.66013526916504,0.5247233708699544
aebe87a423c8,0,validation,109.69086456298828,23.539592742919922,0.5233998719340739
aec51513cf45,0,train,82.64596557617188,18.16807746887207,0.5244995684735099
aeccef0bdc26,0,train,90.62592315673828,18.09722137451172,0.20940680272108847
aed4e743c230,2,test,66.44914245605469,15.528477668762207,0.16723261017181923
aeed1f251ceb,4,train,84.15235137939453,11.774897575378418,0.2538609038142621
aef9016557ca,2,test,96.05648040771484,13.244386672973633,0.010553385416666616
af133a85ea0c,1,train,79.27986907958984,14.372529029846191,0.16687711722159493
af345c68e836,0,test,103.97315979003906,14.549490928649902,0.20763265306122447
af3b0115aad1,3,test,94.5368423461914,16.370588302612305,0.16642625392925814
af5a0bc4e1fa,0,train,61.12594985961914,18.949857711791992,0.20269813429422545
af6166d57f13,0,train,96.11380004882812,19.041805267333984,0.5252869923909504
af6a1508cd95,0,train,85.34571838378906,36.859928131103516,0.002767743952208135
af7a36454670,0,validation,109.64473724365234,13.337199211120605,0.20819410430839003
af828dab3ffc,2,train,101.05609893798828,9.216301918029785,0.25392437391693223
af831c158744,2,test,97.235595703125,16.63254165649414,0.25496071258874164
af87d48ffe01,0,train,104.89066314697266,21.558218002319336,0.5252014795939128
af8aa32beee4,2,train,111.95592498779297,14.7785062789917,0.16651709418012028
afc345cc9145,0,train,77.48546600341797,26.135587692260742,0.09332733935047122
afc744fad65e,0,train,111.0240478515625,18.601451873779297,0.20860589569161003
b019a49787c1,3,train,69.13780975341797,24.624588012695312,0.4533912605438465
b033ab4fb723,2,validation,93.43931579589844,21.941877365112305,0.2849004575484885
b05922e7abd3,0,train,106.12969207763672,15.67933177947998,0.20791473922902493
b0619ca93a5f,0,train,103.92976379394531,17.82281494140625,0.2077759637188209
b06dabab4f09,2,train,54.58823013305664,16.806894302368164,0.28644481382978726
b07bc463b718,1,train,56.57828903198242,21.100732803344727,0.07848295661756233
b085caa513a8,0,train,58.00835418701172,15.856825828552246,0.2029208576439847
b086c7cd3868,0,train,97.64722442626953,17.26207160949707,0.2090312925170068
b09101adb478,0,train,92.39824676513672,20.574932098388672,0.20961179138321995
b0acd3593310,0,train,64.36077880859375,26.356739044189453,0.09486622472225859
b0b3b16fc305,0,test,81.87286376953125,16.691774368286133,0.20940408163265312
b0c9a492e068,0,train,45.87312316894531,15.152257919311523,0.09547877924829451
b0cc9f8d06e4,2,train,60.979129791259766,9.322298049926758,0.2483151508460627
b0d35981708b,2,train,113.22642517089844,11.667563438415527,0.2538638152868615
b0d6417bad3e,2,train,76.31369018554688,17.006982803344727,0.16654308259834594
b0eeae01b8ab,2,train,85.79443359375,18.08465576171875,0.010677083333333282
b0f0fa677d5f,0,train,105.25096893310547,19.207149505615234,0.20955646258503402
b0f8613305a3,0,test,69.5333023071289,8.869887351989746,0.16726384395886107
b10fca20c885,0,train,94.81624603271484,14.61513900756836,0.208021768707483
b1197f2cc9b3,1,test,71.849365234375,13.840707778930664,0.16688093203527943
b11dcdcbc8c8,0,train,73.62542724609375,27.439895629882812,0.0016002592305494057
b13d72ceea26,2,train,105.28507232666016,16.65637969970703,0.28500997340425527
b16dd4483ca5,0,train,109.63848876953125,25.47044563293457,0.5247157414754231
b17f0b81dab3,1,train,68.79006958007812,10.223881721496582,0.16665728858302564
b191ba0a2b12,3,train,42.70706558227539,10.746210098266602,0.09521769366905952
b1b3e7d0a5f3,4,train,76.25991821289062,14.96510124206543,0.16675265892513813
b1c6f0997e27,0,validation,102.24275970458984,15.367990493774414,0.20910294784580497
b1f4122fd36a,2,test,87.04310607910156,10.5467529296875,0.16662295525986515
b200c23b299b,0,train,93.95539855957031,14.747343063354492,0.2081786848072562
b21abe5d9722,0,validation,107.0555191040039,15.603150367736816,0.5236762875199357
b22354b5f94b,1,train,114.26377868652344,14.179581642150879,0.1656027310251167
b22cc1bf0b8a,0,test,111.0158462524414,22.24104118347168,0.21065487528344673
b2748ac28fc1,2,train,95.61143493652344,20.32471466064453,0.2788845831848482
b294927b14b0,0,validation,106.23480987548828,16.32331085205078,0.20758276643990925
b2aaa81cc8f0,2,validation,76.29165649414062,18.645092010498047,0.2613583776595745
b2b79b37d314,0,train,103.23773956298828,14.852790832519531,0.2078394557823129
b2b7ccd34cbd,0,train,92.89564514160156,14.443929672241211,0.20877913832199546
b2ffa3e18559,3,train,67.98707580566406,15.184075355529785,0.1674195360423597
b310bd564329,3,train,103.69743347167969,16.867700576782227,0.16560964537491984
b351ae99413a,0,train,92.58493041992188,17.346097946166992,0.20752925170068026
b35cad8fe2d7,0,train,83.13256072998047,25.73101234436035,0.01398337261786542
b37aae3c8fe1,4,train,86.3105697631836,12.253807067871094,0.1667912839136937
b3819a805dca,4,train,107.37032318115234,32.3778190612793,0.0805523015789067
b3a994760537,0,test,100.11937713623047,15.313291549682617,0.207849433106576
b3c0c3330278,2,test,81.54339599609375,17.560955047607422,0.25631527521568187
b3d12069e1c5,2,train,54.193092346191406,21.824275970458984,0.09422347662583497
b3d135bd3bb5,3,train,104.92962646484375,18.230226516723633,0.16608101329081093
b3f31c371e59,0,validation,97.34363555908203,18.053688049316406,0.20820045351473926
b402b18d99a5,2,train,107.78315734863281,9.496929168701172,0.16599780266731767
b402daa0864c,2,train,77.42431640625,9.821982383728027,0.25386308741871166
b43440c6ebe4,0,test,64.37472534179688,19.462265014648438,0.09048499951848166
b460ca9fa26f,0,test,105.57334899902344,14.234368324279785,0.2084816326530612
b468ebf5cb11,2,train,108.50637817382812,13.639875411987305,0.25389715164812643
b46b09a45f39,0,train,106.57347106933594,21.234176635742188,0.20886530612244902
b498b84d383f,2,train,86.61693572998047,15.180323600769043,0.24551809368094324
b49b2fac2514,4,train,82.89545440673828,15.162569999694824,0.24913972671981666
b4b04d81acbb,0,train,66.94175720214844,14.261099815368652,0.21144943310657593
b4e15102cd7a,0,validation,60.46261978149414,20.539188385009766,0.009678914073440237
b4f41b5bf0ef,1,validation,73.88947296142578,12.640482902526855,0.1664675016022218
b50b30aa6e6c,1,validation,118.59728240966797,11.66850471496582,0.2545088520412917
b5204c0decc7,0,train,103.38741302490234,21.39929962158203,0.20912018140589572
b532dedd928c,0,train,107.62349700927734,17.065811157226562,0.5247726440429688
b549af91bd30,0,train,99.84205627441406,12.6625337600708,0.2082866213151927
b553e7909535,0,test,115.07316589355469,21.829544067382812,0.20887981859410432
b55d2ddb3e75,4,test,98.25224304199219,11.473621368408203,0.25341268260756145
b56340f472d2,1,train,71.1424560546875,15.382367134094238,0.1664369830927458
b574d229ec4c,2,test,130.03762817382812,19.580982208251953,0.2560054945310899
b576c5269ad1,1,train,74.94322204589844,13.211654663085938,0.16669615199743648
b5834ee64541,3,train,100.42491149902344,15.289202690124512,0.16591936056093015
b598bc9753c2,0,train,118.12699127197266,15.251535415649414,0.20787845804988658
b5a3ca5c0a80,0,test,107.7967758178711,20.029308319091797,0.2086684807256236
b5b913358b32,0,test,99.73239135742188,18.05791664123535,0.20781405895691607
b5bf7b84fc66,0,train,100.1657485961914,13.63136100769043,0.20767437641723352
b5c80d0ed0ff,2,train,96.70355224609375,16.4663143157959,0.2092616780045351
b5e6ae31493c,0,train,110.61509704589844,14.570358276367188,0.20896417233560094
b60dbf9f0744,2,train,76.0411148071289,11.264591217041016,0.16666563348796049
b6304c545f95,2,test,29.48524284362793,10.227899551391602,0.09662613492302807
b640e3bdff75,1,validation,78.37120819091797,13.747096061706543,0.16684135334330275
b64e1eef3d63,0,train,82.84194946289062,14.539241790771484,0.5246016184488933
b65ff67743b2,2,train,103.69033813476562,9.434815406799316,0.2535717945851268
b665041e1633,2,test,35.58146667480469,12.591727256774902,0.09633446108621069
b66f23ffa730,0,validation,96.57453155517578,20.1192684173584,0.21002902494331066
b67ae80f7eba,0,validation,51.647117614746094,18.84201431274414,0.20280551876643083
b69c224edd6e,0,train,77.7654037475586,35.74374771118164,0.0899993369255131
b6a0e348a01e,1,test,81.78782653808594,40.62690734863281,0.046156101942966155
b6bf847fbcb2,0,train,108.83956909179688,15.062518119812012,0.20902222222222222
b6bfe9db60e5,3,train,88.89761352539062,14.30317211151123,0.1664229159672842
b6d9974443ce,0,test,103.37651062011719,27.629478454589844,0.5247481664021809
b6fd109b1bc9,0,train,45.36817169189453,17.87693977355957,0.09248330078479605
b70cb31b9abb,4,validation,95.4192886352539,13.06222915649414,0.25356684508170757
b70e7c26f51e,0,validation,103.77307891845703,22.771448135375977,0.20888526077097502
b71428739d4e,1,train,94.46118927001953,15.063413619995117,0.2088834467120182
b7278b4f2448,1,train,69.0879898071289,13.616766929626465,0.2818466972109257
b72a86d61959,0,train,109.75735473632812,21.069360733032227,0.20799818594104313
b72f59b85f7c,0,train,90.2197036743164,20.031646728515625,0.5252434412638347
b73d0bcd3d33,0,validation,56.658912658691406,12.482017517089844,0.5256668774584083
b746a6681ba9,2,train,90.9665756225586,14.082463264465332,0.25398551484152276
b74de20d73de,0,train,113.40669250488281,22.81159210205078,0.5247866312662761
b759cbef90c5,0,test,103.29387664794922,14.986054420471191,0.2083011337868481
b762c29cf2f3,2,train,92.67243957519531,13.603693962097168,0.16677936262092963
b77b88926843,0,train,99.6756362915039,17.800914764404297,0.20882176870748304
b77b8a1f09f1,4,validation,112.59402465820312,14.032312393188477,0.1658247054963835
b7983cb3f270,0,train,98.10519409179688,14.047300338745117,0.20756825396825396
b7a1bb106051,0,train,95.2266845703125,17.736177444458008,0.20866938775510202
b7aca95b97b9,0,train,55.9519157409668,22.521516799926758,0.20283335918515066
b7bd4a6627b6,0,train,109.37183380126953,22.407909393310547,0.20927709750566892
b7ce561a7328,0,train,99.28492736816406,19.616546630859375,0.20880453514739228
b7e0f95353f2,3,train,99.18228912353516,10.653631210327148,0.2533467377531816
b7f0bc7d399e,0,train,75.18778991699219,22.49249839782715,0.06842810299125535
b8297a2291f5,0,train,100.05026245117188,16.998624801635742,0.20820045351473926
b82d5f1f1145,2,train,77.42851257324219,15.304130554199219,0.2848659556323051
b82dfa63a75f,0,test,119.7522201538086,22.509986877441406,0.5240691502888997
b835b6e31a59,0,train,99.47086334228516,15.541434288024902,0.20721360544217682
b83a6eca125f,2,train,89.82405090332031,12.817785263061523,0.25373629278700127
b842b43cb7fb,0,train,91.60169982910156,19.31102752685547,0.5248661041259766
b86fb2d5be1a,0,test,76.61837768554688,25.033451080322266,0.05552538391223416
b87f9c59748b,4,test,94.94390869140625,21.674745559692383,0.08766495951298758
b89938407ee6,2,validation,83.85416412353516,34.90107727050781,0.09435332871286195
b8ac328009e0,2,train,108.77489471435547,11.615914344787598,0.26419747340425537
b8dab47a260e,0,validation,103.2455825805664,18.06494903564453,0.2088943310657596
b8e20c076b03,0,train,97.48759460449219,32.98207473754883,0.04021507294608728
b8e9a8f4617d,0,test,107.53850555419922,21.203125,0.20884353741496597
b8f1b30877db,2,train,65.61334228515625,9.899736404418945,0.16717872592852567
b8fb9f55cd6d,2,train,104.05886840820312,12.558527946472168,0.2539083608176347
b90bc89ce8d8,4,train,66.29589080810547,11.387632369995117,0.24887342178686844
b927a9238434,2,train,104.51118469238281,10.264042854309082,0.25348590614344013
b92eacd1392a,0,train,111.82090759277344,16.656688690185547,0.20670839002267571
b94c58d063bf,1,train,58.594974517822266,19.355907440185547,0.10063813025624668
b9519abce0c1,0,train,123.70576477050781,27.652917861938477,0.5229245962144985
b95d4dd8e5e2,2,train,118.28147888183594,15.824737548828125,0.2553528879479009
b960142a8de7,3,train,72.01606750488281,22.150476455688477,0.45321523372666717
b963a11638f2,0,train,44.79704666137695,10.197952270507812,0.20293875505601888
b96b518596b3,4,train,88.7313461303711,15.956497192382812,0.2828360337969562
b98f77098b9d,2,train,58.91788101196289,21.237260818481445,0.009291133904735127
b99794a0beed,2,validation,136.01426696777344,16.597732543945312,0.2518345188849759
b99afe7137fb,4,train,69.64088439941406,20.702472686767578,0.09260368037915234
b99c825b93c5,2,test,81.47340393066406,17.573719024658203,0.25477379604785066
b9b6ee2b9453,2,train,83.83413696289062,21.70708465576172,0.09157562470445901
b9b99dad668d,1,train,87.30892181396484,10.97867488861084,0.16642315439313948
b9bc81fcb075,0,validation,99.05171966552734,17.321212768554688,0.20788752834467117
b9c7c5182075,0,train,102.78690338134766,20.905553817749023,0.2090213151927438
b9d0b83d70c3,0,validation,86.88472747802734,14.29852294921875,0.5242867881304363
b9fe7da14a32,0,train,59.2656135559082,19.585771560668945,0.20283534778648782
ba0107fb1bfd,0,train,108.00604248046875,18.439496994018555,0.2075401360544218
ba08cee68c71,4,train,73.54171752929688,15.630839347839355,0.16663964506973483
ba25f947f4ec,2,train,130.1913299560547,15.255487442016602,0.24985806571077196
ba2ea9182090,0,test,92.09246063232422,15.682138442993164,0.20883174603174604
ba4d2c4b3039,4,test,68.36869049072266,13.439475059509277,0.24872572804461246
ba4e62c11cc0,0,train,103.10133361816406,18.896686553955078,0.20918185941043088
ba735b286d62,4,validation,78.54986572265625,11.328873634338379,0.1666870918149358
baaca2f7e1f0,0,train,102.51268005371094,11.190492630004883,0.20902403628117916
bab776139279,0,train,94.90665435791016,11.74206829071045,0.5243040720621746
bac1744955c2,0,train,84.4996109008789,18.905237197875977,0.21023764172335602
bacfa2b8e706,0,train,84.90676879882812,16.268850326538086,0.20993469387755104
bb08949dd70a,0,train,49.725101470947266,18.93016815185547,0.20292284624532186
bb11db08584a,1,train,87.9564208984375,20.533588409423828,0.1666260547959838
bb2f89488ecd,0,train,99.6019058227539,19.026512145996094,0.20995555555555556
bb45257258cc,1,train,97.99222564697266,14.730451583862305,0.1656532773064363
bb733062f494,2,train,123.44807434082031,13.251681327819824,0.253221981152291
bb752b179751,0,validation,103.92900848388672,19.392356872558594,0.20920181405895688
bb783d8e496f,1,train,120.91600799560547,13.356837272644043,0.1665297307504502
bb7e0a2544cd,3,validation,66.7888412475586,14.736930847167969,0.26514228723404254
bb85097857fa,0,train,115.77584075927734,24.301259994506836,0.5245704650878906
bb9a3d835a94,1,train,72.25891876220703,17.964757919311523,0.16715869815668205
bba38f2294a3,4,train,97.73426055908203,20.103708267211914,0.16635877941221355
bc23f74e14dd,2,train,35.709205627441406,14.094012260437012,0.09723632132589632
bc34ed91c9bc,4,test,82.79141235351562,13.023468971252441,0.24936805326189904
bc34f52c37c7,0,train,118.84153747558594,16.959857940673828,0.5248533884684246
bc73ce76ec43,1,train,95.25588989257812,17.06728744506836,0.20869387755102042
bc7bf19b84e3,0,validation,103.70571899414062,15.312935829162598,0.2076380952380953
bc8c6a778cde,0,train,95.97599029541016,18.51589012145996,0.5245492835069383
bc92a61a1f9c,0,validation,120.39151763916016,15.913208961486816,0.20842448979591832
bca2bdc15fc5,2,validation,60.30887222290039,20.958890914916992,0.09391463389605204
bcb0498ed2c1,0,train,46.44430160522461,14.409013748168945,0.09421084663560741
bcc762618e7d,2,train,125.37010955810547,21.560054779052734,0.28454305308340966
bcd503c726ba,4,train,88.9865493774414,17.41452407836914,0.16656811731315047
bcdc8db5423b,2,train,83.40499877929688,11.771105766296387,0.2539664446959957
bd06028eb7dd,0,train,96.7861557006836,16.110315322875977,0.20798095238095238
bd269a1f0e4d,1,validation,73.17323303222656,17.000370025634766,0.16682752464369643
bd34a0639575,0,train,100.9811782836914,17.798057556152344,0.2085551020408163
bd375ba756b1,0,train,90.05677795410156,18.20797348022461,0.5254383087158203
bd500a73beae,0,train,107.35726928710938,16.12110137939453,0.206962358276644
bd9904495ccd,4,train,113.16114807128906,11.8325777053833,0.25333712989360313
bda7ff3b1562,2,test,75.62615203857422,11.221559524536133,0.2448341404976926
bda8c973b09d,2,train,106.55351257324219,10.606789588928223,0.2540309338140757
bda91b76095b,0,train,94.69925689697266,35.335445404052734,0.09073071258913123
bdb98063fe84,2,validation,66.51802062988281,23.351871490478516,0.09201816192594725
bdc6c60e9133,0,train,107.87989807128906,18.052152633666992,0.5245742797851562
bde1063a5dd7,0,validation,80.53711700439453,28.797584533691406,0.003184730973314398
bdf47b9f10c4,0,train,106.63871002197266,19.038585662841797,0.20830204081632653
bdff5d8bddf8,4,validation,94.3750991821289,9.288351058959961,0.2534958051502786
be197b663520,0,train,91.49771881103516,22.543466567993164,0.20972879818594103
be21d8b60e2a,2,train,85.3466567993164,15.188339233398438,0.20997369614512473
be3a7d9e981e,0,validation,71.53256225585938,17.454912185668945,0.5258502960205078
be521870a0ea,0,train,53.4232063293457,19.503267288208008,0.2031077861696754
be68322c7223,2,test,113.67851257324219,22.655881881713867,0.2533435351333222
be6cbf6e5b10,0,test,102.1843032836914,13.950952529907227,0.5251633326212566
be7bc89f5fec,2,validation,81.96105194091797,16.00090217590332,0.010628255208333326
be7f791a7877,0,train,99.66703796386719,14.57819938659668,0.5244204203287761
be8697eb2078,0,validation,109.56210327148438,20.96648406982422,0.2083201814058957
beb00fa6e7c9,0,validation,62.28456115722656,19.22132682800293,0.030839870668900038
beb2ad14fd2d,0,train,48.0745849609375,17.094161987304688,0.016543116418513693
bebb3f167654,1,test,92.4523696899414,13.651453971862793,0.1661143929105503
bebfbd907cac,0,test,116.86859130859375,19.953243255615234,0.20751201814058962
bec0acd539b2,3,train,68.97017669677734,10.541764259338379,0.25406674492705017
bed8296c8dfe,0,train,92.56278991699219,25.122053146362305,0.5246489842732747
beeca5f14618,0,train,53.56011199951172,19.638561248779297,0.2028273933811393
bf18ff30a8f6,1,train,80.4569320678711,12.744507789611816,0.16685613574633018
bf1b7e21e774,2,train,96.82278442382812,17.13169288635254,0.2847566995643912
bf6cbccacf39,0,train,64.44609069824219,29.894227981567383,0.5248555281128571
bf7047dc683c,2,train,73.1554183959961,14.667032241821289,0.16640741828669092
bf7221a016b5,0,train,95.58159637451172,33.37068176269531,0.007288688422877332
bf7b4eae7ad0,0,train,96.22352600097656,16.649015426635742,0.2078884353741497
bf8092e4001d,3,train,100.09644317626953,25.728931427001953,0.4527717029875179
bf811911acf9,0,train,104.16734313964844,15.829424858093262,0.20765986394557823
bf87aedf2489,0,validation,103.43818664550781,21.437164306640625,0.2080308390022676
bf9cba745efc,2,train,97.48851776123047,13.990453720092773,0.20904943310657598
bfa30ebf63a8,0,train,115.17798614501953,19.46703338623047,0.20794195011337868
bfaa0080ab61,2,train,84.04531860351562,10.600852966308594,0.16632730719931643
bfb578c0e8d8,0,train,62.440643310546875,25.017824172973633,0.03838747389144204
bfd5c0e55420,2,train,114.47994995117188,10.930368423461914,0.25328763485941086
bfda2fd0533a,2,validation,75.37245178222656,12.935514450073242,0.16672190198980685
bfdee9be1f1d,4,train,51.47459411621094,20.514034271240234,0.09523940146476306
bfe467b7e997,2,test,98.31982421875,9.843010902404785,0.25320858837833304
bff51afc76d4,0,train,70.02433013916016,34.45214080810547,0.036599343556257935
bffca6eeb2bf,0,train,97.28277587890625,15.586233139038086,0.20998911564625855
c013e869acce,0,test,118.08568572998047,18.755373001098633,0.5245018005371094
c01eae4b4939,4,train,77.2826156616211,16.180490493774414,0.2789233148687741
c0202976c670,2,validation,83.99494934082031,10.407719612121582,0.2480774722677912
c06024f05a16,0,train,112.90863037109375,23.286014556884766,0.20902040816326528
c096131ad065,0,validation,88.75143432617188,15.330678939819336,0.20946848072562363
c0968d41eb93,1,test,95.67941284179688,13.159854888916016,0.16655285805841247
c0a0828e01b4,3,train,87.04415893554688,10.812686920166016,0.25427113030353854
c0a117de7d0a,0,train,98.3410415649414,32.38117218017578,0.5245847702026367
c0e15e8e2b46,1,train,65.65753173828125,27.262540817260742,0.0006537993378727958
c0f15fe3b4b7,1,validation,85.62686920166016,18.390792846679688,0.2805235147995975
c102db7634d8,1,train,97.87565612792969,18.523807525634766,0.2824974386319805
c12e9ca420a5,0,train,92.69183349609375,21.250770568847656,0.5247716903686523
c1437a7a52c9,0,test,86.9965591430664,52.396202087402344,0.015795184184726252
c1799a6f5c65,4,train,116.44278717041016,16.701740264892578,0.16626722388378556
c1819db0aece,0,train,92.21240234375,16.30276107788086,0.2075510204081633
c1896142a20a,4,train,67.44422149658203,18.483911514282227,0.03131112717926532
c18a006f7f1d,0,train,101.85523986816406,19.55986785888672,0.20967981859410434
c1e6fa1ad314,1,train,63.19660186767578,13.258217811584473,0.16671164967802976
c1ebe785503a,1,train,83.55536651611328,10.987595558166504,0.16660745757927187
c21eb81de9fc,0,train,80.3250503540039,18.828357696533203,0.5245393405002525
c23ff6dcf15e,0,train,96.41522216796875,21.558242797851562,0.524470329284668
c24bcf7a1bc4,0,train,100.99179077148438,17.759654998779297,0.20924444444444446
c252da9b41d8,2,validation,107.0562973022461,17.545286178588867,0.25367733546686044
c25e02b39c01,0,train,94.36035919189453,20.03296661376953,0.2091102040816326
c261b1aaa828,2,train,95.43843078613281,12.089021682739258,0.16651113353373825
c26f98f58350,0,train,97.68619537353516,27.269956588745117,0.5250002543131511
c280730cc211,2,validation,70.84859466552734,10.908761978149414,0.16643722151860108
c2a58b2cfd0b,0,train,103.27432250976562,14.82381820678711,0.2074875283446712
c2f3281cf528,0,test,110.9288330078125,16.27678680419922,0.2072907029478458
c31651ea04c6,3,test,59.67961883544922,17.964935302734375,0.09601338305339491
c334f8688b77,0,train,93.71411895751953,20.87643814086914,0.20953197278911562
c365c598ad4e,0,train,97.02259826660156,14.176304817199707,0.2082866213151927
c373b73a80c8,0,train,97.59050750732422,18.728967666625977,0.5244401295979817
c3789c1dab96,0,test,92.47904205322266,15.710271835327148,0.5243384917652019
c38dec54a9f7,0,train,105.25577545166016,21.308713912963867,0.2077569160997732
c3a82acb7d7a,3,train,83.65740203857422,14.368456840515137,0.2539181142508432
c3aa424eff9a,0,test,81.31037902832031,13.813151359558105,0.5249722798665364
c3acf47700ea,2,train,78.94943237304688,18.65995216369629,0.24501661925260354
c3b15bf9b4bc,0,validation,110.5087661743164,23.12867546081543,0.5232861836751301
c3c8fdda50c0,0,test,110.05882263183594,16.032529830932617,0.20823401360544214
c3cd0200df79,3,train,96.95769500732422,52.45235061645508,0.0013948245457544584
c3d12a23f451,4,validation,63.282936096191406,13.162952423095703,0.0934858062591074
c3e02d4a1798,2,test,103.65786743164062,16.904373168945312,0.2541989257830697
c406325360b1,2,test,93.93380737304688,17.262508392333984,0.2069378684807256
c40976189f22,1,train,96.66543579101562,15.884489059448242,0.16655452703939944
c446985355f1,0,test,68.63536071777344,15.390707969665527,0.21031201814058953
c48ae5da188e,2,train,93.00386810302734,16.663558959960938,0.24897834707094224
c4a8f2fcf6e8,1,train,102.50542449951172,14.448588371276855,0.16615087206640833
c4aef0d88d1b,0,validation,97.64448547363281,18.065147399902344,0.20833287981859405
c4e8b1ec8893,2,validation,101.42872619628906,19.050662994384766,0.210085260770975
c52bb7343387,2,validation,105.05400848388672,16.20619010925293,0.2529146752194086
c5431b81cbc9,2,train,84.18158721923828,30.437591552734375,0.09399199258619573
c561bcd519e9,2,train,66.7381362915039,21.486433029174805,0.16750441564683982
c56293f53191,0,train,102.3055191040039,17.45469856262207,0.2080453514739229
c568e5245ea5,2,validation,77.61886596679688,13.618393898010254,0.16700634403515735
c56e65f74187,1,train,43.710182189941406,20.699047088623047,0.040468462125027416
c57c164bca05,0,train,60.05880355834961,12.305749893188477,0.09341298647170171
c58971bcebb2,0,train,48.52585220336914,19.62598419189453,0.09262440145686934
c58e5c0c5b33,0,validation,105.11537170410156,18.121957778930664,0.2083845804988662
c597ef460944,0,train,78.57928466796875,30.424415588378906,0.0010930861854745455
c5a0e84e955d,0,train,50.47096252441406,11.84743881225586,0.52593994140625
c5a6f432a1ec,0,train,95.86507415771484,20.958248138427734,0.524662633783155
c5a9ebef1517,3,test,67.55303192138672,23.823366165161133,0.09488516970759997
c5ad60521f8c,2,train,69.07486724853516,14.708721160888672,0.26455718085106383
c5b58cc992af,0,train,90.11559295654297,12.837752342224121,0.5242151984822995
c5ba9e455d5e,3,train,49.88224411010742,12.417882919311523,0.2552818480164719
c5bec7f1e5f3,0,test,98.22724151611328,17.375835418701172,0.21011065759637193
c5e238aa18be,4,train,84.82144165039062,18.44752311706543,0.16655929555650506
c613db1cab27,2,train,91.30192565917969,10.083968162536621,0.2536060043881715
c6229222bf22,0,train,105.84488677978516,16.386695861816406,0.20808435374149659
c62cef02efa2,0,train,99.0250244140625,18.949277877807617,0.20896054421768706
c639d837f5e4,0,train,111.03009796142578,16.154138565063477,0.5249230066935222
c64c0966b4cf,0,validation,105.28898620605469,14.76970100402832,0.2068498866213152
c67117c6ab3b,3,train,132.40142822265625,16.135961532592773,0.16581779114658035
c6916bc42016,0,train,97.06526947021484,21.546375274658203,0.2093251700680272
c6a145742708,4,train,95.06268310546875,15.04409122467041,0.24483106116870346
c6a2975228af,2,train,57.2244758605957,12.188009262084961,0.09325353284507898
c6a8f8f998a2,0,train,106.89106750488281,16.384502410888672,0.2086485260770975
c6c2bad91f23,2,train,131.96737670898438,14.717947006225586,0.2531711759554288
c6d4e4a3bd4c,0,train,96.23745727539062,16.726198196411133,0.2090893424036281
c6e1e9fbf39b,2,train,88.138671875,14.664192199707031,0.16658742980742824
c6f5b5b5be41,0,test,90.95561981201172,20.159162521362305,0.20954739229024943
c704bd669f36,0,train,90.23716735839844,18.471025466918945,0.20937233560090707
c70d09370109,2,train,100.59979248046875,16.44390106201172,0.20909569160997732
c739ff9580d3,1,train,87.85760498046875,10.481317520141602,0.16677888576921907
c73c5f6ef664,2,train,83.33940887451172,9.807397842407227,0.2537856422475637
c755a0c4edcc,0,train,109.45430755615234,25.581951141357422,0.5249204635620117
c76664770c07,3,train,71.27581787109375,20.900205612182617,0.09246001424031403
c7b622ec8104,1,train,80.07654571533203,12.234392166137695,0.16644032105471973
c7c0470bcf87,2,test,54.003177642822266,33.62605667114258,0.09756549044620177
c7c3d363bc86,0,train,89.4026870727539,29.95730209350586,0.00378366879113623
c7d0deb71576,0,train,75.11968994140625,14.681870460510254,0.21149297052154192
c7e827fc7f41,2,train,108.4200668334961,20.191783905029297,0.16636807802056952
c80b0f27541a,0,train,51.97768020629883,25.374610900878906,0.094514953119055
c80f79579fed,2,train,107.41265106201172,14.311102867126465,0.2535352556040025
c81c6911f5e0,0,test,108.3843002319336,15.835929870605469,0.20827392290249436
c85b79d70079,0,test,61.665077209472656,15.238779067993164,0.057073939120289574
c87493ed320c,2,test,76.72274017333984,11.745209693908691,0.2544605215961392
c8823cdaf7fa,2,train,83.50581359863281,12.520828247070312,0.25391651294091344
c8905b8d5cf1,2,train,46.5559196472168,14.881976127624512,0.09554252123022422
c8a3eb9a5b52,2,train,97.38121795654297,15.136374473571777,0.25331427483369673
c8fc0df22999,1,train,92.0753173828125,13.105287551879883,0.16650564973906679
c90c6b94cf40,0,validation,91.86293029785156,22.085365295410156,0.525104103279999
c947bb6cf9f6,0,validation,110.880859375,16.04793930053711,0.5245154698689778
c9485c38fdd5,1,train,71.16822814941406,14.863247871398926,0.16708240188299206
c94f37085d0f,0,test,112.13294219970703,17.012706756591797,0.20860589569161003
c96f743915b5,1,train,88.29806518554688,9.542835235595703,0.1666119876705222
c97472ef2c66,0,train,72.80110168457031,15.675419807434082,0.5248296762954743
c98f623d08d1,0,train,103.61444091796875,19.089406967163086,0.20885079365079362
c9c563864ab1,0,train,114.02794647216797,30.447290420532227,0.5243148803710938
c9d42d7534e0,2,train,84.19996643066406,13.765501022338867,0.16667016357921083
c9e697117f3f,0,train,94.7170639038086,15.282977104187012,0.20819863945578232
c9ea9d5eab65,3,train,83.23942565917969,13.109732627868652,0.16670402005066076
ca05f7e7801b,0,train,108.29100799560547,18.606847763061523,0.20779319727891155
ca0f1a17c8e5,2,validation,74.335205078125,14.193506240844727,0.26493882978723404
ca1036496659,1,train,60.47438049316406,12.912069320678711,0.28524503437806314
ca2b54b95ade,0,validation,123.89894104003906,18.5501766204834,0.20756190476190473
ca30a97e9d13,1,train,53.924747467041016,19.289432525634766,0.08525697293866719
ca360bec5851,2,train,107.80644989013672,17.764469146728516,0.2535889722734641
ca63fe4f4b52,1,train,101.07511138916016,13.117427825927734,0.16627127712332535
ca7140ecf389,1,validation,90.49102783203125,20.88810920715332,0.16681941816461687
ca7570c5925c,2,train,75.97965240478516,11.901250839233398,0.16651208723715938
ca7f5caddf96,2,train,51.52760314941406,22.051414489746094,0.09551311703422571
ca891d37a43c,2,test,81.07278442382812,16.841236114501953,0.2648058510638298
ca9c912ebad7,2,train,90.76498413085938,8.120560646057129,0.2535650981981479
cab3dfa7962d,1,train,77.60576629638672,12.813800811767578,0.16656096453749203
cac80797770f,2,train,64.78153991699219,23.165668487548828,0.10644575498134712
cad5b1a82e60,0,train,81.91449737548828,19.44613265991211,0.5248069763183594
cadde4030858,0,test,107.190673828125,17.2288761138916,0.20783129251700683
cae33655ca00,0,test,114.1235122680664,22.94349479675293,0.21030204081632653
cae51154e1ce,1,train,39.25111389160156,8.40365982055664,0.10886242467394891
caec68f11c86,2,validation,94.19420623779297,15.682040214538574,0.20957732426303854
cb02bb47fdc5,0,test,100.09022521972656,18.53790855407715,0.1659074392681661
cb0cc98d7e35,0,test,73.92913055419922,7.253108501434326,0.16686829546494952
cb2201c226d6,0,train,91.41097259521484,13.749900817871094,0.20882358276643986
cb28adab4e8a,0,test,98.81494903564453,17.41117286682129,0.5245691695203096
cb2f3c5d71a7,1,train,103.07559967041016,16.54936981201172,0.2081832199546485
cb39761f0712,0,train,103.44550323486328,17.058563232421875,0.20833650793650793
cb547e723a16,4,train,69.6708755493164,12.911201477050781,0.16691860332041386
cb602182cde3,2,train,82.82044982910156,16.837474822998047,0.010647786458333308
cb68fce07789,0,train,103.8515396118164,18.27411460876465,0.20884263038548756
cb75210abebe,2,train,131.02732849121094,14.105072975158691,0.25234490003167687
cbc23af521f3,0,train,98.22095489501953,17.14742088317871,0.5245974858601887
cbc2e57447c2,2,train,89.57856750488281,11.590154647827148,0.2536125552015205
cbd0870aa933,4,validation,81.35106658935547,14.737809181213379,0.1664317377239296
cbe633765ea7,0,validation,113.87216186523438,11.317938804626465,0.20790113378684805
cbf0394039f8,2,train,81.34973907470703,13.068413734436035,0.16678556169316694
cc1eebed9276,2,train,98.5392837524414,13.620800018310547,0.1661868743705558
cc3d2e961768,4,validation,67.05894470214844,14.889095306396484,0.25426894669908884
cc671a73e1cb,0,train,108.64286041259766,18.875940322875977,0.20797460317460315
cc839823755b,2,train,75.37757873535156,11.340381622314453,0.24850686758794105
cc9270f06b65,1,train,72.54339599609375,24.10232162475586,0.09267650016655804
cc964bf04dbc,0,validation,96.3707504272461,19.59589385986328,0.20982403628117918
cca626a0e19a,2,validation,89.67174530029297,21.1740665435791,0.2846837147416956
ccd34029493d,2,train,82.71771240234375,9.414134979248047,0.25402845906236604
ccd6dcb2f568,0,validation,35.16468048095703,16.325746536254883,0.527361551920573
ccea49708830,0,train,116.64450073242188,26.055171966552734,0.5244700113932292
cd01672507c9,0,validation,64.45511627197266,34.831336975097656,0.037792680289163605
cd01f4f83336,0,train,100.54259490966797,25.820974349975586,0.524879773457845
cd1c98ec48b1,0,train,103.56403350830078,14.984980583190918,0.20930612244897961
cd29c88c9e36,2,train,142.35340881347656,10.989762306213379,0.2524399596120521
cd314653a4d8,0,train,110.04059600830078,25.496225357055664,0.5250368118286133
cd3fd04d72f5,2,train,65.78199005126953,13.534550666809082,0.26504720744680854
cd45bfa07d41,1,train,106.44264221191406,12.109786987304688,0.2536406509121062
cd48cfab4e44,0,test,65.15296936035156,21.056718826293945,0.09444982973194427
cd54d022e37d,4,train,98.84091186523438,13.682300567626953,0.25380121862597127
cd563556cb57,0,train,51.122901916503906,18.853967666625977,0.20289699442793907
cd5714db652d,1,train,94.35449981689453,13.783740043640137,0.16645295762504964
cd66754e1b3b,0,train,88.5993881225586,15.760679244995117,0.5241714492528825
cd8da43e3069,0,train,88.8700942993164,20.54452896118164,0.21058866213151928
cd941e5bc659,0,test,89.10798645019531,15.993535041809082,0.2093895691609977
cd972e5639e0,4,train,74.13504791259766,28.494848251342773,0.09254546401794717
cd9e2190c73f,2,train,93.0671157836914,15.419210433959961,0.16627270767845703
ce207b69ff37,3,test,96.74994659423828,15.093751907348633,0.25378098389140435
ce6f33a81ad5,0,train,97.32809448242188,17.34756851196289,0.20935238095238096
ce754234d760,0,train,64.1485366821289,15.681624412536621,0.21151746031746033
ce887b196c23,2,train,82.26011657714844,13.480039596557617,0.2642985372340425
ce8d2efd9d4f,0,train,94.46205139160156,16.568769454956055,0.20910113378684803
ceaa5803d780,2,train,90.40475463867188,12.345020294189453,0.25381475697355915
ceb32a193eff,0,test,88.86290740966797,30.44003677368164,0.013463400077152077
ceb601fe8dba,2,test,64.03890228271484,19.132558822631836,0.2516524062738741
cec299c2a2d5,0,validation,56.78204345703125,21.430709838867188,0.05919893497607409
cf0575534cec,1,test,78.1998062133789,13.479317665100098,0.16690835100863677
cf0824f53dd9,2,validation,100.18539428710938,15.385866165161133,0.1664164784691916
cf1b9d26d38d,4,train,90.12838745117188,14.697683334350586,0.2483357937552121
cf603a9ef2d5,1,train,78.26618957519531,16.3254337310791,0.1663099021118809
cf6551521a35,0,train,95.29328918457031,12.764398574829102,0.5248400370279949
cf8ae5501bd6,0,test,96.87045288085938,15.51840591430664,0.2088843537414966
cf8f1bc7a215,0,train,77.9499282836914,17.841190338134766,0.5243205943531677
cfb17a7cc8d4,0,test,80.64405822753906,13.507868766784668,0.2088444444444445
cfd1bd0fcbb4,1,train,44.9228630065918,20.538949966430664,0.2030441509268871
cfdbaef73a8b,0,train,57.913108825683594,25.633298873901367,0.20270807730091123
cfed7c1172ec,0,validation,106.83892822265625,15.72010612487793,0.20738140589569165
cff262ed8f4c,0,train,94.14990997314453,34.02134704589844,0.06418857049034354
cffc50047828,0,train,110.41619110107422,22.77747917175293,0.5235669144463933
d02b79fc3200,0,train,98.04215240478516,18.042076110839844,0.2097469387755102
d06ccd0cf4b8,1,train,47.95845031738281,13.293435096740723,0.09616908715166883
d0926ed2c8e5,0,train,107.87458801269531,18.34012222290039,0.20797551020408167
d0b132d2c7ec,4,train,101.51107788085938,16.591726303100586,0.20828480725623588
d0d59ed675b5,1,validation,78.98255157470703,9.752087593078613,0.16670139736625267
d0ffa0425ef1,3,test,83.7784194946289,15.374493598937988,0.16649587427900026
d10d315f123f,2,train,87.39321899414062,18.462932586669922,0.16662677007354965
d10ef306996b,4,validation,111.34681701660156,15.25393009185791,0.2532087339519631
d141728fa392,2,train,86.81314849853516,12.46981143951416,0.24777615422374455
d15ca3469b87,2,validation,58.145938873291016,16.7160587310791,0.094625465533546
d160ebef4117,0,train,56.0739860534668,20.678131103515625,0.20270410009823692
d16398c971e9,3,train,69.64765167236328,20.222007751464844,0.277162947551568
d16e39b9d6f0,0,train,71.04402923583984,16.60678482055664,0.5249989827473958
d16e59a2b33a,0,train,99.57278442382812,18.103137969970703,0.20842539682539685
d18aea8238a0,2,test,88.879638671875,22.961536407470703,0.07912886221154292
d18b1d8ac4de,2,test,97.55427551269531,16.14606475830078,0.16637236968596458
d18e5b68f6d2,2,train,84.06695556640625,20.367441177368164,0.09338654242966282
d18f6431ebce,0,train,96.66395568847656,17.76641273498535,0.20884081632653062
d1a24527a15d,4,train,71.8305892944336,13.290380477905273,0.16721592036194954
d1a60c3b9fe5,0,train,122.12895965576172,13.992667198181152,0.20678458049886617
d1afdb8cf70d,0,test,97.580810546875,18.131933212280273,0.20730158730158732
d1b279cc02ae,0,train,103.21356964111328,17.970197677612305,0.20918004535147394
d1ca85af57c9,0,validation,110.97028350830078,17.107027053833008,0.2082068027210885
d1cf31577a59,0,train,65.3216323852539,25.73268699645996,0.0933107624882975
d1f1ea894da1,2,validation,119.68595886230469,24.127912521362305,0.2842988856765737
d1f7ea924a01,0,train,103.15009307861328,19.746950149536133,0.5245040257771809
d1fa0f744620,0,validation,110.80603790283203,21.198143005371094,0.524004618326823
d1fb4efb117c,2,validation,93.99232482910156,11.76233196258545,0.16636497848445087
d25b8a8ad3c4,2,train,36.06829833984375,7.593141555786133,0.09545095380107449
d264396d8d1a,2,test,80.0640640258789,22.785198211669922,0.16707858706930756
d26bb2ed6e71,0,validation,100.8797836303711,17.495033264160156,0.5248448053995769
d26bc6e1230d,0,train,108.08236694335938,16.218042373657227,0.20757732426303854
d271d3a2b552,4,test,105.91143035888672,18.197172164916992,0.1662681775872067
d27ac9e54901,0,test,98.13677978515625,22.422136306762695,0.20901224489795922
d28bd830c171,2,validation,90.84939575195312,9.760821342468262,0.25386003037248217
d2901144070c,4,train,85.69081115722656,14.458745956420898,0.16687973990600302
d29096bd94aa,2,test,87.06697845458984,19.158411026000977,0.16642530022583701
d29b37d110f3,0,validation,106.09843444824219,19.32827377319336,0.5234177693461082
d2afca74cbc3,0,train,93.32030487060547,16.55754280090332,0.5244180358186873
d2c2f02bb313,4,train,80.56694793701172,17.871225357055664,0.16641457106234936
d2c5fb82fe5f,0,test,122.92135620117188,18.744483947753906,0.5241641998291016
d2c6b99ef62c,2,train,80.52063751220703,13.747486114501953,0.24860255488504746
d2cd47ed2c1d,0,train,92.66869354248047,16.93873405456543,0.5244717280547899
d2d523e9f669,0,validation,106.4990234375,22.716989517211914,0.5245243708292644
d2dc86021c67,0,train,99.91548919677734,16.12404441833496,0.20994920634920633
d2fb715b0c41,0,validation,90.00238800048828,19.678579330444336,0.21020952380952385
d2ffe9287dc7,3,test,92.811767578125,13.945956230163574,0.25357863654573576
d30d079e6f9a,0,train,104.2444076538086,17.203655242919922,0.20981859410430836
d332d7b8a26e,0,train,116.77401733398438,19.243064880371094,0.20784852607709747
d364423ec6f9,2,train,113.09180450439453,15.176865577697754,0.2541008091564648
d38cf0f4a9af,0,validation,105.83901977539062,15.317781448364258,0.20761995464852612
d39752cb6e57,0,train,98.72795867919922,16.526805877685547,0.20923809523809522
d3be5346684b,2,validation,58.86273193359375,16.544452667236328,0.09399376867857145
d3d578fe433f,2,train,104.9714126586914,15.602459907531738,0.2536658351500922
d3de0d313d61,1,train,56.45394515991211,24.063209533691406,0.0024973832238996962
d3dfd0a2dee6,0,train,93.71186828613281,24.20012092590332,0.5255845387776692
d3e56584a481,0,train,73.27127838134766,13.265031814575195,0.5246168959524009
d3e884109b45,3,train,72.28338623046875,25.736526489257812,0.09419762461458792
d41b33fcb94f,2,validation,104.26890563964844,19.486003875732422,0.010693359375000044
d436c06f0490,0,train,94.30172729492188,16.68700408935547,0.20934149659863943
d4583e9525dc,0,train,31.74532699584961,10.800381660461426,0.5295356114705403
d473f6fafba0,2,train,60.33154296875,18.7208309173584,0.07593544811994701
d48178e4a49b,4,train,93.44698333740234,18.027477264404297,0.24555299274281994
d4bc001f7224,0,train,46.21363830566406,13.764121055603027,0.5271520614624023
d4be0403e6ab,2,train,75.3313217163086,17.71416664123535,0.21047619047619048
d4f32b9c07df,1,train,90.33786010742188,14.73352336883545,0.16624290444654688
d516f77d4516,0,train,79.87542724609375,18.351430892944336,0.524701754252116
d51b3fe0fa1b,4,train,52.21103286743164,13.728866577148438,0.2911682180851064
d51e5d7484ea,0,validation,95.0550765991211,15.911253929138184,0.2087519274376417
d56d32a1d62d,0,test,100.45723724365234,16.2502384185791,0.5249404907226562
d57d1be1bbd1,0,test,79.24397277832031,32.68492126464844,0.004431350477492546
d5a39339ff3d,2,train,90.92355346679688,12.241405487060547,0.25398100205899343
d5ad3362424c,0,train,67.5077896118164,22.851654052734375,0.09322037912073167
d5b4705ac2ee,1,train,105.13731384277344,18.063522338867188,0.2093895691609977
d5c63a8d9e94,0,train,104.0389404296875,15.859797477722168,0.20847891156462584
d6130f2ec903,0,test,48.14138412475586,16.086755752563477,0.20295267526537886
d6228d951958,2,train,77.42108154296875,10.753849029541016,0.2486713265658046
d6283ded6aea,2,train,95.9765396118164,9.11737060546875,0.2535652437717778
d659d7fd5ccf,4,train,93.67035675048828,9.467947959899902,0.2536792279240502
d667af5742f6,0,train,116.30904388427734,18.034685134887695,0.20814149659863945
d66b6f333dc7,1,train,94.63240051269531,12.450550079345703,0.25325735554437545
d66ccb75ada1,1,test,66.83820343017578,29.027732849121094,0.1008421835358605
d67374d3fa2a,2,train,89.27006530761719,15.990941047668457,0.2096136054421769
d6803e467592,0,test,98.64483642578125,17.17452621459961,0.20986848072562359
d69698f838db,0,test,97.235107421875,16.571001052856445,0.20897052154195006
d6b109c82067,0,validation,103.02285766601562,15.444328308105469,0.2084036281179138
d6dbb0820ea5,0,train,99.21684265136719,16.241962432861328,0.20836099773242633
d6df4fe492ec,0,validation,85.2293930053711,16.185901641845703,0.20905487528344668
d6e26fe51dce,1,train,112.86346435546875,9.316462516784668,0.2532381398252185
d6f36ec5564a,0,train,100.27050018310547,35.86840057373047,0.5245030721028645
d6f6bdfd8011,0,train,106.03736877441406,14.142127990722656,0.20741587301587305
d7078e8b0349,0,train,97.51709747314453,14.890085220336914,0.5251210530598958
d74ccc796517,0,train,109.32782745361328,13.812455177307129,0.2088598639455782
d774692d9919,0,train,95.0905532836914,17.706768035888672,0.20798095238095238
d78b7401096f,0,train,61.04384231567383,20.51161766052246,0.09431247858821967
d7a01fca9838,0,test,82.57330322265625,20.304859161376953,0.5249191633556454
d7ab5c040294,0,test,103.96771240234375,18.639699935913086,0.5238791248563235
d7ac4a0c9760,0,train,109.205078125,16.191165924072266,0.20823492063492066
d7bc00091cfc,0,train,101.36577606201172,24.42133331298828,0.207859410430839
d7bc62d60e8c,0,test,79.97285461425781,29.926713943481445,0.010149973240208165
d7e5fe5245e0,0,test,87.30284881591797,10.523280143737793,0.16679557557908875
d803598dabda,4,train,89.4224853515625,12.452730178833008,0.264529920212766
d807c53c1399,0,validation,103.76651763916016,20.652572631835938,0.2089333333333333
d81338217fc5,2,train,42.26786422729492,12.61942195892334,0.09551962937293679
d838d5b9f571,0,train,112.98383331298828,16.376541137695312,0.2079918367346939
d83c3efade75,2,train,107.0421142578125,11.841695785522461,0.2539866794305625
d83d0695e215,2,train,111.16299438476562,11.898551940917969,0.26022101570797695
d8404680bba6,2,train,66.82503509521484,39.391021728515625,0.09411158280616283
d844a7252f4e,0,validation,139.30873107910156,14.583504676818848,0.2524517510760803
d85588ff2ebd,1,train,88.87393951416016,12.731192588806152,0.16652758491775266
d85a842d20bd,2,train,71.67682647705078,17.9163761138916,0.24480916371811412
d85d052900b4,1,train,70.92247772216797,14.91960334777832,0.16685017509994815
d865997a6280,0,validation,92.5203628540039,30.467002868652344,0.525698979695638
d866c26d76f0,0,validation,122.70000457763672,31.39933967590332,0.5241880416870117
d868acdccb5b,3,validation,126.659423828125,14.064129829406738,0.16607672162541587
d871895742b1,0,validation,64.17105865478516,22.449081420898438,0.0939939660221688
d881c04f01fe,0,train,79.61195373535156,17.482255935668945,0.2090503401360544
d88806d9ece9,2,train,91.04413604736328,10.546311378479004,0.25408508720442735
d88c4843aec3,0,test,102.07267761230469,18.002275466918945,0.2077560090702948
d8cdb7d7283a,2,train,88.90038299560547,12.09196949005127,0.16620356418042548
d8da9de62743,0,validation,102.34070587158203,16.260574340820312,0.2080507936507936
d911dd40c63b,0,train,95.65198516845703,20.081445693969727,0.21014693877551016
d91273efb92a,2,train,112.15571594238281,14.353703498840332,0.25485924776864743
d91635f380b4,0,train,37.799312591552734,6.821469783782959,0.526934305826823
d9311f7497cb,2,test,74.73234558105469,12.050251007080078,0.24513272136041564
d93b61dc8f64,0,train,66.29838562011719,35.43339538574219,0.09475117340502959
d94e10f42861,2,train,100.1144790649414,12.987581253051758,0.2533835678815659
d952dbfb0fe4,2,test,79.06725311279297,20.17314338684082,0.16668613811151467
d95959798b57,2,train,94.54033660888672,23.76453399658203,0.16654141361735897
d968a983d4d2,2,train,74.22343444824219,33.02959060668945,0.09418736274752804
d97911a32918,0,test,112.38751220703125,11.934911727905273,0.2066004535147392
d990a3f0cbdb,2,train,70.29032135009766,20.83368682861328,0.1669586588641011
d99b0f7dd9b9,0,train,105.31897735595703,15.73939037322998,0.20780317460317466
d99dd99be001,0,test,99.2781982421875,18.831335067749023,0.20968435374149663
d9a475dfe59a,2,train,121.7813491821289,13.725638389587402,0.16582756660664688
d9ad2a0ec026,0,train,103.09312438964844,11.651015281677246,0.20977777777777773
d9ba044671e1,4,train,95.52091217041016,12.907051086425781,0.2537096528127154
d9bbdc33db83,2,validation,109.1568832397461,31.639766693115234,0.01074869791666666
d9c9b9786da3,0,validation,95.83121490478516,18.70013999938965,0.2079229024943311
d9d2631f043c,0,train,66.06462097167969,22.3812198638916,0.09399791289411485
d9e58e4d8689,0,train,90.91068267822266,13.410099029541016,0.166782223731193
da0a83f074f3,0,test,81.59492492675781,24.01340103149414,0.5242052554756138
da1fb35f5df9,1,train,88.10261535644531,11.213371276855469,0.1667810316019166
da2bdf4236ac,0,train,104.29127502441406,34.69927978515625,0.5238552616402778
da3a2275c850,0,test,108.43170166015625,15.264415740966797,0.2093052154195011
da44f80b422b,2,train,97.77095794677734,17.136558532714844,0.25363380895149723
da6389d129aa,0,validation,67.01810455322266,14.588521003723145,0.16712984862819302
da6bbb76d562,0,validation,72.08799743652344,18.46206283569336,0.09361960521808044
da8900ac7f29,2,train,104.97838592529297,14.224937438964844,0.253757837684238
da9262d9f5d9,0,train,102.19142150878906,13.566147804260254,0.20866485260770973
da949aa67a4f,0,validation,117.60166931152344,13.913361549377441,0.524863878885905
da9574d35b82,0,train,74.42072296142578,32.575714111328125,0.0017983922022439813
da9fe02dead3,0,test,60.67241287231445,14.377402305603027,0.21175056689342409
daad7b617f21,0,test,60.698116302490234,16.37700653076172,0.20270410009823692
dad71ba27a9b,4,train,63.0614128112793,13.947957992553711,0.16718492500076299
daeaa5d8cf70,2,train,105.35693359375,32.461029052734375,0.010556640624999947
daff5427c9b2,0,train,113.86389923095703,24.706642150878906,0.5242335001627605
db3cd58aa315,0,train,93.98252868652344,20.859121322631836,0.5246572494506836
db49cdf1ea64,2,train,71.18231964111328,13.792274475097656,0.16670282792138436
db4ed1e07aa3,1,train,70.10707092285156,31.42782974243164,0.07379604618155922
db52626d450c,0,train,100.01636505126953,16.98128318786621,0.2079238095238095
db6207e62c7b,0,test,102.8622817993164,20.985933303833008,0.5246082941691081
db690e2d02f8,1,train,98.21418762207031,14.798396110534668,0.20905215419501133
dbb2c63f6f08,3,train,97.63695526123047,28.834392547607422,0.010846354166666683
dbd062558b81,1,test,91.83528137207031,10.665936470031738,0.24839726628577263
dbee04ae6426,2,validation,58.41477966308594,22.689701080322266,0.09584051006215533
dbfd238b3468,3,train,50.92447280883789,18.362051010131836,0.09555495387685442
dc0eea0b68a7,0,test,82.9776611328125,28.308834075927734,0.0722445429467724
dc0f6e5b489b,0,train,86.10186767578125,18.39751434326172,0.5248165130615234
dc6fa1b38b83,2,train,81.30376434326172,22.287019729614258,0.09085620282501305
dcc6c0ad5cad,0,train,44.01754379272461,11.865509033203125,0.09517921166758492
dccdf750c962,0,train,96.8931655883789,16.662214279174805,0.2078938775510204
dce73d90c00c,0,train,105.8963851928711,18.13502311706543,0.20756916099773237
dcf109df1a2b,0,train,100.95219421386719,15.39203929901123,0.5246273676554363
dd02d60bef14,0,train,103.58036041259766,26.77601432800293,0.5249385833740234
dd110d2b8c21,2,validation,124.51824951171875,16.33845329284668,0.2501251933217806
dd19428c3d29,1,test,75.17170715332031,9.881548881530762,0.16651113353373825
dd285d9e97fe,0,validation,112.7159194946289,22.71468162536621,0.20946122448979587
dd3176bacfe2,0,train,55.973453521728516,22.208110809326172,0.20280750736776798
dd3dad6ca78f,3,validation,61.931156158447266,10.292564392089844,0.1671896935178686
dd90c321d7bc,0,train,89.35415649414062,12.823759078979492,0.5249223709106445
ddb222ff7c1d,0,train,93.82051849365234,22.4182071685791,0.5252316792805989
dde43aa22ae6,2,train,97.32721710205078,10.896808624267578,0.16598826563310642
de16416220de,4,train,76.74592590332031,17.451129913330078,0.24944959845549985
de18071c36e6,0,train,86.53251647949219,19.918649673461914,0.5244776938588014
de2eb5c8aa83,0,train,43.73316192626953,12.247267723083496,0.5273488362630208
de38adaae009,0,train,59.90157699584961,20.48183822631836,0.01261420273976066
de4cdabbce6d,0,train,108.0835952758789,19.665477752685547,0.5239302317301433
de50dfa745f8,2,train,45.440162658691406,21.038448333740234,0.09454238387908043
de55ed25e0e8,0,train,95.944091796875,20.60377311706543,0.20922630385487528
de57c9e9fa93,0,train,89.8548583984375,38.68585968017578,0.09423894820864054
de6210f88536,0,train,104.20669555664062,17.494733810424805,0.20877006802721088
de730033c683,0,validation,54.687931060791016,22.630292892456055,0.013285170970599003
de778495a1cd,2,train,132.62928771972656,12.97698974609375,0.25264507285669036
dea7538bb91a,0,train,58.18681716918945,16.082250595092773,0.20271006590224827
dec5595e6154,0,train,94.85987854003906,15.427077293395996,0.20915646258503406
dee1031a76ae,0,train,67.82112884521484,29.625627517700195,0.20310579756833824
dee31065f8fe,0,train,95.6731948852539,18.146499633789062,0.20826757369614513
dee687c6e88a,2,train,105.28450775146484,18.33489418029785,0.2545685372295824
df0886f1e76b,0,train,106.87532806396484,19.987308502197266,0.5244652430216472
df3adfd6ba36,2,test,43.62306594848633,19.764793395996094,0.09583360303624966
df4aec4a0eaf,4,train,86.7161865234375,11.847273826599121,0.2483012368410008
df5ce3ea7820,2,validation,100.92683410644531,11.452767372131348,0.25594173328115977
df6d13d04da1,0,validation,110.02507019042969,18.024118423461914,0.208995918367347
df8365d6ac33,2,test,99.13628387451172,13.042062759399414,0.2537483753982894
df841a0440d8,2,validation,72.28357696533203,12.071840286254883,0.16644008262886445
df84e7113003,4,train,98.85553741455078,12.477828025817871,0.25354515461084093
df9cb3729eb1,0,train,84.9955062866211,15.414580345153809,0.5249379475911458
dfc7ec7db0e0,0,train,98.36003112792969,20.047260284423828,0.21024852607709754
dfea19863428,0,validation,49.91904830932617,16.46088981628418,0.20281148457044218
e019b3e0f33d,4,validation,107.93708801269531,15.488652229309082,0.26433909574468084
e01b7bac822b,0,train,64.03624725341797,16.238605499267578,0.21022857142857143
e0313be77035,0,validation,108.2943115234375,31.381092071533203,0.5246772766113281
e03a74e7d74f,0,train,39.98066329956055,15.735751152038574,0.5267346700032551
e03e70bc8bba,2,train,77.76312255859375,13.567739486694336,0.167039962080752
e04f3c6619a3,0,train,101.48057556152344,16.066251754760742,0.2103192743764173
e067b06fd655,0,train,92.363037109375,18.06969451904297,0.20908208616780044
e06cccc08c59,0,validation,102.94166564941406,23.13645362854004,0.20828934240362806
e06d3d4733f0,2,train,125.36376190185547,16.17723274230957,0.2531464284383327
e07045d7c5f7,1,train,87.71998596191406,14.021188735961914,0.16696962645344404
e0863b353093,2,train,105.6093521118164,10.629934310913086,0.2532548807926659
e087bd4b88f2,0,train,101.92861938476562,19.17167854309082,0.525271733601888
e0b5a982a018,3,test,93.6426010131836,10.72999382019043,0.16633684423352768
e0d229db881a,0,train,97.96519470214844,16.49033546447754,0.2088199546485261
e10190a9d52f,2,train,78.98279571533203,15.281147003173828,0.24772141059727126
e12b67835e03,2,train,100.65747833251953,19.747819900512695,0.20982312925170066
e12df54e0d1e,0,test,95.64507293701172,14.440491676330566,0.2065115646258503
e12f9f19d1be,0,train,94.28559112548828,13.517021179199219,0.5240441787673058
e13412678eff,3,train,67.4271011352539,13.796914100646973,0.1667874691000092
e135d7ba9a0e,0,test,112.29493713378906,17.452592849731445,0.20766167800453517
e1418d28d668,2,train,31.800769805908203,7.961294651031494,0.09611166016485295
e150935f66a6,2,train,92.7855453491211,17.237934112548828,0.20944399092970523
e160a3b19911,0,validation,85.24638366699219,21.22608184814453,0.5242748565224136
e16af45285e5,0,train,97.18004608154297,15.310225486755371,0.207869387755102
e16fc934069f,2,train,100.77278137207031,17.133512496948242,0.25395130503847807
e17507a4a1f5,2,train,101.9661865234375,12.65833568572998,0.16662271683400987
e1900014dabf,3,train,95.64635467529297,20.9118709564209,0.16651590205084388
e19936582c61,3,train,99.5135498046875,15.965973854064941,0.25354661034714066
e1ab92228e60,0,validation,88.88095092773438,10.272098541259766,0.16660125850703456
e1b8acb1cea1,0,validation,99.02577209472656,22.634925842285156,0.21017142857142856
e1c02f6c3362,0,test,90.9758071899414,20.403751373291016,0.5250883102416992
e1dc02a3dc2a,0,train,101.52440643310547,18.863208770751953,0.20802993197278907
e1e490773462,2,test,79.43391418457031,9.882735252380371,0.24622291787178674
e2161692a0b4,2,train,45.24972915649414,18.262826919555664,0.09331253858067323
e2265c383348,0,test,79.78543090820312,19.624414443969727,0.5247024058098977
e229aca862c7,2,train,102.13131713867188,14.406744956970215,0.25323493720535895
e23add229074,4,test,124.70327758789062,15.257695198059082,0.25244054190657206
e246cd89e1cc,0,train,86.3047103881836,13.826746940612793,0.2083210884353741
e251bdf05b85,0,train,48.20967483520508,20.542146682739258,0.20325693126996058
e25ccfe38e44,1,train,49.02143859863281,19.400991439819336,0.20316346700711518
e265c870f9b3,2,train,94.3366928100586,9.323092460632324,0.2454599285778153
e26bcae6c67b,0,train,50.0032844543457,16.74443244934082,0.09450607265717625
e26d8718ca58,1,train,47.4860954284668,20.223283767700195,0.20338022455286298
e2856afe62c5,2,validation,107.8624496459961,10.879308700561523,0.16620427945799132
e29e54ff921e,0,train,94.88114166259766,15.63969612121582,0.20882721088435374
e2a233493b90,1,train,69.27302551269531,16.48476219177246,0.16695031395916626
e2a47a74e6e1,2,train,69.83889770507812,15.340523719787598,0.16679438344981234
e2c39ed0c941,0,test,106.13621520996094,15.236973762512207,0.20927800453514744
e2ec22b3d07e,0,test,47.64872741699219,19.805458068847656,0.20315948980444098
e30a890600e1,0,train,52.07136535644531,17.24228286743164,0.20300040169747013
e31c42a8652b,2,test,85.77474212646484,25.800947189331055,0.010846354166666683
e322acd46152,0,train,48.145790100097656,14.730314254760742,0.5261573791503906
e32a359be36d,3,train,49.528465270996094,23.836904525756836,0.09484945051648763
e32dc722eca5,4,train,106.80449676513672,16.551605224609375,0.253060394423016
e33766353db2,0,train,95.63961791992188,24.938505172729492,0.5240402015646315
e34fa07bd64d,2,train,98.20220184326172,25.286985397338867,0.2849163815098038
e387311a840e,2,train,69.5386962890625,9.91112232208252,0.16659529786065252
e38f3a65b02b,1,train,75.95405578613281,22.732807159423828,0.28251070402901224
e3a7671f787b,2,test,116.42195129394531,13.593544960021973,0.24693618170504494
e3ab63dc9a60,4,test,105.11580657958984,13.743010520935059,0.16589051103244112
e3b47ed5b511,0,train,106.79637145996094,15.794999122619629,0.2076390022675737
e3cd96cb094c,0,test,91.36412048339844,19.28172492980957,0.5249786376953125
e3e490babc0c,2,train,110.76715850830078,13.715258598327637,0.1662452887050997
e3ec668f6fad,4,train,85.26400756835938,21.390527725219727,0.2491600274813005
e4210e7fe587,3,train,58.87966537475586,20.532367706298828,0.008526427465176734
e42d9a94a66d,0,train,63.396240234375,20.26841926574707,0.038680331789843314
e4730ddde408,4,train,118.60127258300781,17.491239547729492,0.25308485079285226
e47452069ea1,0,train,81.1712646484375,20.896387100219727,0.5248095194498699
e47770a2e5d1,0,test,52.85012435913086,19.85356903076172,0.09507304081223467
e499434242cc,2,train,91.8432846069336,12.60224437713623,0.2536421066484059
e4a44f9158dc,0,validation,97.35874938964844,15.675887107849121,0.20898412698412694
e4ae1ee6aada,0,train,119.76306915283203,14.387603759765625,0.20676734693877552
e4b0df29b96f,0,train,106.77967834472656,12.514138221740723,0.20675011337868476
e4c799738a19,0,test,106.21281433105469,13.088250160217285,0.2076780045351474
e4d3d437b0a8,0,test,101.48292541503906,16.525985717773438,0.20906848072562356
e4dcca36ceb4,0,train,97.8802719116211,15.778315544128418,0.20913197278911566
e4f12411fd85,4,test,66.12934875488281,12.882366180419922,0.45307082423891054
e50b0174690d,0,validation,98.38673400878906,14.432153701782227,0.20832743764172335
e5197d77ec68,0,test,60.89393615722656,30.28260040283203,0.202793587158408
e529c5757d64,0,train,78.11550903320312,15.894118309020996,0.5255157437567861
e52ed5c29c5e,3,train,106.70795440673828,10.659769058227539,0.2560644518512307
e540d2e35d15,2,train,72.41771697998047,16.952415466308594,0.16662080942716762
e55188915f9d,1,train,95.45951843261719,15.854065895080566,0.16610628643147074
e580676516b0,1,train,77.26812744140625,36.605003356933594,0.07484019115490215
e582e56e7942,0,train,102.01544952392578,20.13825035095215,0.20952471655328797
e594c19e2e1d,0,train,89.34844970703125,15.656657218933105,0.20949024943310657
e599151ca14b,2,train,90.33094024658203,21.454044342041016,0.1662755687887204
e59c5f345bb0,0,validation,97.12264251708984,19.405033111572266,0.20857233560090704
e5d56f4f359b,2,train,111.6919174194336,15.84135913848877,0.25301584889224293
e5de79795c1d,0,train,50.23539352416992,20.820594787597656,0.20354130126117098
e5f332efcbc7,0,validation,44.34049987792969,23.562410354614258,0.5274365743001301
e5f73f2855c0,0,train,104.97925567626953,16.335941314697266,0.20867029478458055
e60e4edb3ca9,0,train,102.30390930175781,18.53697395324707,0.20814693877551016
e62490b7d0e9,4,train,78.22332763671875,11.325465202331543,0.2542564273669108
e632e38fd2d4,0,validation,64.92652130126953,32.20523452758789,0.023280426830519785
e6552b7432b3,0,train,101.73249816894531,16.752517700195312,0.209231746031746
e65a2ff90494,2,train,56.399024963378906,6.0056586265563965,0.16722498054445023
e65f94ad9be3,2,test,60.60300827026367,15.641032218933105,0.09405159035258193
e663c6627a95,2,train,91.89818572998047,19.637508392333984,0.16582518234809407
e66855a5c583,0,train,98.42153930664062,17.240568161010742,0.20705850340136056
e66ad813a508,0,train,86.256103515625,19.067344665527344,0.20966077097505664
e68746d426b2,0,train,55.04343795776367,24.071975708007812,0.2028492679958478
e68bdd36e589,0,train,62.058067321777344,26.37660789489746,0.015285840360081071
e69b48516577,0,train,47.136863708496094,13.528807640075684,0.0950404791186793
e6a58edc5b42,2,train,124.8661880493164,13.38286304473877,0.25305457147781696
e6a5e4718873,0,train,105.67152404785156,17.87354278564453,0.2090458049886621
e6a6acf7fca1,2,train,111.59114837646484,10.4135160446167,0.253822326802318
e6f0ce5bf282,2,train,115.58340454101562,14.119612693786621,0.2531956323252651
e724866f5084,2,validation,91.74110412597656,12.68055534362793,0.25432732172470973
e7291472109b,0,validation,60.49909591674805,20.615646362304688,0.21185215419501136
e756495c11cb,2,test,80.31608581542969,14.224370956420898,0.16681989501632744
e7578d8dba72,0,train,97.15290069580078,29.56561851501465,0.5240958824020714
e77a93c3d9a9,0,train,70.96569061279297,27.861236572265625,0.09449896828767324
e79e10907295,0,validation,123.38236236572266,15.527308464050293,0.20786757369614517
e7a372a1c3a4,2,train,92.08895111083984,10.785560607910156,0.16673859179967654
e7b5dd5bab1f,0,validation,92.75652313232422,21.926559448242188,0.2090947845804989
e7d2c2c3b30f,4,train,85.97965240478516,18.11296844482422,0.16639072847682124
e7defafeb957,2,test,90.06808471679688,13.013993263244629,0.24833978547797575
e7fc93ac5b6d,2,train,57.62123489379883,22.193206787109375,0.011535917324083989
e811f39a1243,2,train,96.35331726074219,17.054977416992188,0.45199814416933815
e81f4a2fbbdc,0,test,97.6460952758789,27.066539764404297,0.08912471010225553
e821c1b6417a,4,train,31.32430648803711,10.86526107788086,0.09691030970314785
e82232a3c28b,0,train,97.29830932617188,18.912565231323242,0.20819501133786844
e83d315d8f98,2,validation,46.93010330200195,16.608043670654297,0.0962269088256793
e85d410d6836,2,train,90.8756332397461,25.870235443115234,0.01049479166666667
e868c3da340b,2,validation,114.43563079833984,12.691116333007812,0.2546435076490208
e893e86dde94,0,train,97.99412536621094,16.893051147460938,0.20913106575963714
e8ddfc9709ce,0,train,98.36434173583984,18.342212677001953,0.20870839002267572
e8e44b3160e3,0,train,105.0799331665039,18.90970230102539,0.20765986394557823
e907d23cce3d,0,validation,90.98661804199219,18.41187858581543,0.5255012512207031
e9129ce55fd7,2,test,59.64330291748047,26.259422302246094,0.0946009949274802
e9286ddf6ffe,1,train,90.68212890625,14.973411560058594,0.28140116001802784
e933923aab15,0,train,105.08010864257812,17.33304786682129,0.20885260770975056
e93394175a19,3,train,109.35633850097656,13.71627426147461,0.25702218076285244
e96099b961b4,2,train,73.82528686523438,12.874717712402344,0.1667481288338878
e966850247f4,0,train,102.09796905517578,14.594903945922852,0.20899954648526076
e9678824215d,0,train,108.22023010253906,15.92436408996582,0.20765986394557823
e96bd80a8a53,1,train,102.75292205810547,10.771326065063477,0.16636235580004277
e97ecf4355cb,0,train,101.25582885742188,17.56797218322754,0.5254058837890625
e9ab8413e771,4,train,56.63533401489258,21.422853469848633,0.09466947315574514
e9ce5bf645ab,0,train,107.03823852539062,15.519207954406738,0.20793560090702945
e9f3c85a2a02,0,train,98.78206634521484,16.048017501831055,0.2079238095238095
e9f82b5bbaf4,2,train,94.1517333984375,17.05744743347168,0.16654332102420122
e9faf0296643,0,train,93.25376892089844,47.3812370300293,0.00467250435339972
e9ff9352ccb3,1,train,88.51246643066406,15.475457191467285,0.2822475251027168
ea1d045f9fea,2,train,77.92402648925781,13.78022289276123,0.24491192206697332
ea4ce9516144,0,train,119.91075897216797,28.25351333618164,0.5245288213094075
ea4dcb055139,2,train,40.73836898803711,13.832043647766113,0.0953947108758425
ea588d1e5d96,2,validation,102.74748229980469,10.671384811401367,0.25450113663890284
ea5c42a78979,0,test,109.21703338623047,18.873376846313477,0.2042131519274376
ea68b58a6e8f,0,test,100.05401611328125,17.858795166015625,0.20770975056689345
ea6a53e54d0f,0,train,51.642887115478516,21.873458862304688,0.2030998317643269
ea7e21bab610,0,train,104.96473693847656,21.300676345825195,0.20893151927437636
ea9c41e1ced0,0,train,101.27552795410156,19.134014129638672,0.20864489795918373
eaa0dfbd5024,4,test,82.49626922607422,9.628116607666016,0.16694244590594198
eabc7c716255,0,train,53.19819259643555,15.926958084106445,0.20290097163061327
eabf421f94d0,0,validation,103.32559967041016,17.277557373046875,0.20840090702947844
ead23cc922ed,1,test,87.52168273925781,11.734912872314453,0.16604524941251875
eadfc8809ec8,2,train,91.77749633789062,12.426518440246582,0.25386876479028075
eae70f527755,0,validation,108.3521728515625,16.780141830444336,0.2059972789115646
eae901557a84,2,test,54.459835052490234,19.639381408691406,0.08497516628171509
eb050765b323,0,validation,97.3381576538086,17.84174156188965,0.20938684807256236
eb175669d789,0,train,50.0508918762207,18.305789947509766,0.20302426491351577
eb1ad14dd281,2,train,72.51876068115234,11.888191223144531,0.2495342229780898
eb1d37b71fd1,4,validation,104.15917205810547,15.778251647949219,0.1661983188116093
eb32a815f78c,2,train,77.28598022460938,22.58980941772461,0.07681796868709678
eb6b1f1c09db,0,test,106.70565032958984,13.997427940368652,0.2539945404065813
eba3acc42197,1,test,105.83798217773438,10.119599342346191,0.2531228455102763
ebd96d853918,0,train,99.54480743408203,19.691247940063477,0.2080698412698413
ebe0175e530c,4,test,98.84510803222656,17.64178466796875,0.16612869846186717
ebf4b22240f4,0,train,109.01465606689453,18.964204788208008,0.20871564625850336
ec01f0862669,0,test,103.11222839355469,16.58240509033203,0.20818956916099773
ec0c9f817b03,0,train,94.71479034423828,12.329073905944824,0.20725895691609975
ec363f48867b,0,test,77.00100708007812,28.79728126525879,0.007000566770811512
ec4649213ccf,1,train,101.73536682128906,12.69707202911377,0.16612893688772246
ec57cc20d776,0,train,112.80830383300781,21.1911678314209,0.5234973133995935
ec6659926105,0,validation,104.00593566894531,18.46986198425293,0.20806893424036277
ec6f1797a25a,0,train,101.63385772705078,18.297910690307617,0.20742494331065764
ecad6845f630,0,validation,96.85295867919922,46.413455963134766,0.029625615514680015
ecb4500285ed,0,train,72.32074737548828,14.911888122558594,0.5246407591684465
ed246ae1ed08,4,train,109.43475341796875,14.8025484085083,0.16658456869716487
ed2c06fcc573,2,train,91.60041046142578,12.621850967407227,0.16682609408856475
ed2c52c14493,0,train,94.50521087646484,19.793384552001953,0.21027845804988665
ed2ef440d22c,0,test,50.54810333251953,13.641792297363281,0.20290296023195042
ed3ce1674761,0,train,100.35655212402344,24.287817001342773,0.19930702947845802
ed648b9bcd95,0,train,50.71956253051758,10.729667663574219,0.20281148457044218
ed6704e3b72e,3,train,89.30425262451172,13.45566463470459,0.16686138111514637
ed6bd9293a89,0,test,98.44322967529297,21.796297073364258,0.21004807256235825
ed88faaa325a,2,train,98.55897521972656,9.564934730529785,0.25365579056962384
eda1d75cbcf0,0,train,105.79203033447266,18.462675094604492,0.208075283446712
eda29a9d78f3,0,train,87.19683074951172,18.033397674560547,0.20941405895691612
edceb0657d77,0,train,98.68318176269531,26.5870418548584,0.5240600875780028
ee02294cc3d9,2,test,109.68534088134766,13.652498245239258,0.2547880622635884
ee059945b08a,2,train,63.56344985961914,15.522168159484863,0.09442121491033495
ee1ec90b980f,4,train,91.29017639160156,14.984691619873047,0.16692718665120398
ee36ca728641,0,train,82.53715515136719,21.36802864074707,0.5252768198649089
ee3f5cf52188,0,train,104.19145202636719,19.734872817993164,0.5244499842325847
ee3fe7809e6a,0,train,96.30059814453125,16.909475326538086,0.5245910441350181
ee6e39319b39,2,train,83.34142303466797,17.264062881469727,0.24880065838334775
ee74c3b177e0,2,train,67.94178009033203,14.170880317687988,0.09387950673573164
ee77763a6afb,0,train,83.60101318359375,16.233165740966797,0.5248463948567708
ee78ce914066,1,train,65.92366790771484,19.108694076538086,0.16664059877315596
eeaea2c5ff34,0,train,85.34375,22.417818069458008,0.524471918741862
eeb231c3ef1f,1,train,102.56767272949219,11.75560188293457,0.1664000270851772
eebd1e195952,0,train,97.95975494384766,23.650354385375977,0.5241754264555567
eed4afc8ec83,1,train,100.439453125,20.546560287475586,0.20895328798185941
eedae6b28f96,0,test,72.09092712402344,33.531864166259766,0.014117960951227748
ef247f28004f,0,train,102.5361328125,18.12982749938965,0.5241282780965169
ef26625121b3,4,train,87.27399444580078,12.648480415344238,0.1671517838068789
ef4121e9bb67,0,validation,101.27232360839844,16.237165451049805,0.20774512471655326
ef476be214d4,0,train,89.4990463256836,27.9173526763916,0.524266902117065
ef48780f5d5f,0,train,102.8178482055664,22.04590606689453,0.2073451247165533
ef5155990874,0,train,118.0945053100586,20.125200271606445,0.20916643990929706
ef7a4ed8d5d1,2,test,71.39456939697266,21.333738327026367,0.09449581079011637
ef7eb85b75fc,0,validation,96.77710723876953,16.907865524291992,0.20820861678004532
ef8109305128,1,train,82.86038208007812,15.935514450073242,0.16634948080385759
ef81cd8854cb,0,train,96.53641510009766,18.538450241088867,0.20870476190476195
ef8c39eb9157,0,train,81.5816650390625,16.56833267211914,0.5256834030151367
ef99c499d665,0,train,105.45942687988281,19.43085289001465,0.21012607709750564
efff2f1a35f5,2,train,85.5624008178711,13.243680953979492,0.16618353640858186
f002ce614c59,0,train,66.92984771728516,33.057098388671875,0.09309901280838884
f0098e9d4aee,4,validation,82.93299865722656,11.716779708862305,0.16663296914578696
f00ce9b9d6f4,0,validation,110.80109405517578,14.651200294494629,0.20840997732426303
f02057c41256,0,train,71.37120056152344,26.27195167541504,0.06896862710427476
f025f33b2c9b,4,train,129.5400390625,14.046274185180664,0.2551180776827473
f0267c42907c,0,test,109.5639877319336,22.38265037536621,0.5247526168823242
f02956bd7c50,0,train,78.6902847290039,18.62091827392578,0.525739351908366
f02babb3a023,0,test,102.55633544921875,16.597558975219727,0.2074975056689342
f0546a45ef10,0,train,106.63850402832031,14.637970924377441,0.20797097505668938
f06e7a9df795,0,train,52.421356201171875,19.552854537963867,0.013605064941831002
f0800723bc63,2,train,80.79354858398438,16.436826705932617,0.16651518677327803
f080a22008be,3,train,94.85861206054688,17.93498992919922,0.16619402714621423
f0860c21533b,0,validation,66.61808776855469,24.60089683532715,0.0930640829916658
f092febbf5c0,3,validation,96.7174072265625,13.443748474121094,0.16664798997466967
f09cfc6a4dbd,0,train,102.71006774902344,16.020408630371094,0.2084925170068027
f09fd9433dff,0,train,97.8431167602539,15.936441421508789,0.20864489795918373
f0a2dc580009,0,validation,95.87916564941406,18.43874740600586,0.5240680419833514
f0c0f7b5e820,2,test,80.81782531738281,19.35855484008789,0.1669157422101505
f0c13be90519,1,validation,60.83934783935547,21.613353729248047,0.0010922968110853581
f0e1201b5c1f,0,test,86.78102111816406,19.231422424316406,0.5244637736494414
f18abfa690ab,2,train,79.40872955322266,21.37657928466797,0.010475260416666687
f1979147aad4,0,train,58.691993713378906,30.024755477905273,0.09478452447297414
f1a761c68559,2,test,70.01596069335938,12.449442863464355,0.26497805851063827
f1d719c97838,0,train,94.0434341430664,20.836362838745117,0.20779773242630384
f1dc26c4bfa3,4,train,97.91117095947266,13.709477424621582,0.25485284252892837
f2094a20b275,2,test,90.7861328125,11.529984474182129,0.2539035568878454
f233638e0e90,0,train,48.41577911376953,19.41517448425293,0.20310579756833824
f252046c0fe6,0,validation,121.2149887084961,20.996381759643555,0.20830657596371882
f26b02ead915,0,train,105.22163391113281,26.446956634521484,0.5247131983439128
f298b7d05958,0,train,93.87203216552734,19.592971801757812,0.21018412698412703
f2c0b41acd05,0,validation,74.79133605957031,21.99182891845703,0.5246524810791016
f2d2a0c92034,4,train,90.36141967773438,11.0245943069458,0.25368912693088863
f2ee81781411,2,train,132.02236938476562,13.604225158691406,0.2557144928447649
f2f569a64949,0,test,106.61317443847656,17.085229873657227,0.5247694651285808
f30f203ef51e,2,test,133.08175659179688,14.355001449584961,0.25256689981739244
f35d80bb1a22,0,test,113.36309051513672,15.529273986816406,0.20873378684807253
f361060eda3e,0,train,102.92730712890625,15.907584190368652,0.20838185941043086
f366fb1cc475,0,test,106.97901153564453,16.887521743774414,0.20795102040816327
f36cb007a1ef,0,train,90.21979522705078,13.913198471069336,0.20851882086167806
f3a268d2726d,2,train,58.506526947021484,12.809171676635742,0.09256144884932893
f3a4751af42e,0,train,90.6866455078125,19.145063400268555,0.2103056689342404
f3a88d3026dc,2,test,98.80110931396484,18.285560607910156,0.20846621315192748
f3b27ac2d371,0,train,103.3395767211914,20.048152923583984,0.2078394557823129
f3b6b7ca1eb1,2,train,87.88114166259766,10.902295112609863,0.1664813303018281
f3bb996b45ce,0,train,106.10728454589844,14.005819320678711,0.20821859410430843
f3cd489acbee,2,train,118.1917495727539,13.821566581726074,0.25544692851286643
f42b693a9414,0,train,75.52571105957031,18.748363494873047,0.5249083836873372
f431f2e119d7,0,validation,102.93058776855469,23.810420989990234,0.524431546529134
f451eee2b66b,0,validation,98.27960968017578,14.75174617767334,0.209437641723356
f45f1485c940,2,train,79.6287612915039,11.482287406921387,0.16621548547318954
f460608cf4cc,2,train,104.10688018798828,18.6417179107666,0.2543232456630704
f47a2a4a0411,1,train,90.76202392578125,12.435246467590332,0.25406528919075033
f481f76a6b75,1,train,81.34634399414062,13.66655158996582,0.16657932332834868
f48241b0c995,0,train,105.61262512207031,14.560737609863281,0.5252377192179363
f4874247ede6,0,test,100.10381317138672,22.499897003173828,0.5240242927539345
f4c7ae514c54,0,train,115.09838104248047,15.268560409545898,0.5248867670694988
f4d3169b468a,0,train,105.76481628417969,20.617881774902344,0.2071492063492063
f4de9620e3f2,0,train,63.56172561645508,23.328580856323242,0.01808910615980408
f4df3d86688d,0,validation,108.89503479003906,17.57855224609375,0.20755918367346937
f4e68b61f480,0,train,57.9372673034668,20.961164474487305,0.016382084043112477
f4ea2a2cfbb9,0,validation,92.0247573852539,17.51325035095215,0.20918458049886623
f531232ecb55,0,train,105.97113800048828,19.917795181274414,0.20996916099773244
f549294e12e1,4,train,101.77388000488281,12.438224792480469,0.24622599720077587
f55e1d2a19e4,1,train,95.79043579101562,15.036652565002441,0.16607314523758665
f5650eb52640,1,train,87.91445922851562,14.330159187316895,0.16676267281105994
f56ff0440ed1,0,validation,71.09822845458984,32.56703186035156,0.013686370503920853
f5733f77273d,0,train,70.32556915283203,17.595108032226562,0.21208888888888888
f576e45d1da2,3,test,92.4454345703125,13.260663032531738,0.24477472085312468
f57cf3b6f48e,0,test,92.23019409179688,17.43385124206543,0.5253610610961914
f580566e27f5,0,train,56.12977600097656,23.58267593383789,0.2028870514212534
f583a722434c,2,test,38.64728546142578,19.986312866210938,0.09585136396000715
f58cdfa968be,0,train,91.1546401977539,21.284387588500977,0.5247974395751953
f58d37d48e42,4,validation,75.00626373291016,16.199167251586914,0.24940660189887387
f58f0b2fd718,0,train,113.93372344970703,18.28349494934082,0.2080108843537415
f5a8c6426a71,3,test,105.2341537475586,13.020432472229004,0.16604524941251875
f5c953bee7cd,0,train,120.15819549560547,18.478912353515625,0.2074240362811791
f5e6226bd2e0,4,train,83.16681671142578,13.536993026733398,0.1670297097689749
f5e9a307288c,2,train,104.1285629272461,11.33740234375,0.2535257933180539
f61bf44c677c,2,train,86.9472885131836,11.77738094329834,0.24915478121709678
f62b8a076833,0,train,81.84358978271484,20.111331939697266,0.5256398518880208
f633c474e8b8,0,validation,109.79450988769531,18.400239944458008,0.20750839002267574
f64214bed40e,3,train,45.717491149902344,18.79427719116211,0.09546101832453702
f64b6e85f1c9,0,train,97.35496520996094,19.795347213745117,0.20867029478458055
f66c4ee86629,0,validation,46.59465026855469,20.434661865234375,0.026972330848909043
f68690db78d3,0,train,118.71864318847656,14.068562507629395,0.5246124267578125
f69400b316a7,2,train,74.81420135498047,13.407574653625488,0.1666944830164495
f69835dc7c50,4,train,67.70347595214844,14.03122329711914,0.16664560571611686
f6d760566a51,0,train,107.20231628417969,17.262718200683594,0.20914467120181401
f6f433f3306f,3,validation,56.13862609863281,29.274303436279297,0.09444923770115232
f6f7dba7104d,1,train,116.6735610961914,12.29968547821045,0.1665106566820277
f7116e7b2f4e,0,train,100.24584197998047,15.946859359741211,0.2077324263038549
f71333204618,0,train,55.85932540893555,17.973711013793945,0.028523056836534777
f71aca5a7dc3,0,train,47.67071533203125,18.55916976928711,0.5263830820719402
f71bea807c96,0,train,91.50064849853516,15.84721565246582,0.20840090702947844
f72adcac5638,4,validation,90.07161712646484,22.782896041870117,0.08759371847436037
f72ef9ceeaa8,1,train,47.595787048339844,11.243951797485352,0.09605975879876161
f7508f14dd7b,0,train,83.86981964111328,19.3622989654541,0.5251121520996094
f762c272c522,1,test,78.1885757446289,10.969279289245605,0.2485734723334836
f7735b6d47f7,0,validation,113.09432220458984,17.676288604736328,0.20880362811791386
f7defe70afc3,0,train,66.15840148925781,18.139911651611328,0.09332201107334392
f7e9fa75c7c1,0,train,93.16119384765625,18.957290649414062,0.20972970521541945
f7fec8935126,1,train,126.06019592285156,15.8344087600708,0.1657155064546647
f80118bbda18,2,train,54.807525634765625,12.451422691345215,0.16791045487838374
f819c65b803c,0,train,46.89774703979492,17.608261108398438,0.5276724497477214
f8372e80f731,2,train,118.18639373779297,15.427969932556152,0.2518487851007136
f850cb51fdba,4,train,94.48792266845703,17.099084854125977,0.1663339831232643
f85c78201a50,0,train,96.73948669433594,18.84954071044922,0.20920000000000005
f85fd4fac887,0,train,69.66983795166016,31.060178756713867,0.024203994865908962
f86d1c404acb,0,train,123.18338012695312,36.07951736450195,0.522932550619847
f8cf7ed8ef00,4,test,86.40272521972656,13.787103652954102,0.16655643444624169
f8d62557ad0c,0,train,55.734928131103516,14.339616775512695,0.2027677353410252
f8f5942b690e,0,test,62.80192947387695,17.670074462890625,0.20279955296241936
f8fc411092c7,2,train,91.00022888183594,16.094411849975586,0.2555223356531947
f901d460517c,3,train,73.33560180664062,18.44483184814453,0.24502836632245095
f90f8931a9bc,0,test,98.95433807373047,21.9456787109375,0.20915646258503406
f9156aeffc5e,3,train,62.49494552612305,28.132572174072266,0.4533063555805652
f91cfa82b9d4,0,train,92.7613525390625,17.362407684326172,0.5240362243619572
f952ad2e4356,0,train,94.97418212890625,18.162254333496094,0.5239964523352145
f994a3b07935,0,train,118.48163604736328,18.612852096557617,0.20776961451247167
f999c6921e6d,2,train,68.78826904296875,15.622504234313965,0.16684731398968478
f9aa35187bf3,2,train,99.07787322998047,12.853898048400879,0.2089333333333333
f9d52509c571,0,validation,92.8992691040039,15.894956588745117,0.20815782312925168
f9d8ff3e6592,0,validation,112.87359619140625,17.096384048461914,0.5248435338338215
f9e779a13204,2,train,82.50592803955078,17.65667152404785,0.16686424222540974
fa0c87bd75ce,0,train,43.530540466308594,20.508216857910156,0.09562895772584401
fa3e544a7401,2,train,72.5517807006836,27.8708553314209,0.09351481576791132
fa573163dd8b,0,train,115.00682830810547,15.930333137512207,0.2058195011337869
fa59221cf464,4,validation,67.19536590576172,11.954638481140137,0.4530109644635427
fa6f3d8bb1d5,0,train,87.69246673583984,17.249080657958984,0.20992562358276645
fa748b57262b,2,test,101.15160369873047,15.648775100708008,0.24410605026559784
fa7fa797c650,0,train,99.73432922363281,14.369256973266602,0.2084526077097506
fa9bece586fc,0,train,47.9982795715332,16.956979751586914,0.017255329461188795
fa9f1bc03f21,0,train,91.22602844238281,19.63914680480957,0.2100798185941043
fac399455195,2,train,81.0713882446289,12.254166603088379,0.2487174024514196
fb1b8771c70a,0,train,96.12688446044922,17.029617309570312,0.2094766439909297
fb61230b99dd,3,test,75.30884552001953,23.27201271057129,0.2850260799099765
fb696a8e055a,4,train,94.31483459472656,18.51108741760254,0.28456959301893536
fb6b8200b7f8,1,train,81.83036041259766,10.314095497131348,0.16691025841547902
fb767cea406c,0,train,45.86888885498047,10.019455909729004,0.20298250428543585
fb88783de055,0,train,99.20358276367188,16.570480346679688,0.20918004535147394
fb88d23fc5fe,0,train,104.98465728759766,21.154647827148438,0.20934603174603172
fba493e17448,2,train,79.50053405761719,17.02106475830078,0.16656430249946597
fbcbc81cf9be,0,train,105.60102844238281,16.397722244262695,0.2080698412698413
fbdc796290d4,0,test,113.55690002441406,19.457429885864258,0.20758276643990925
fbfa925506f6,0,train,84.36547088623047,19.998554229736328,0.5242867881304363
fc1b1841eadf,2,train,114.44035339355469,14.793121337890625,0.2515487578493302
fc4c2d35c6f8,2,train,80.2115707397461,9.959918975830078,0.25407329574039916
fc4d69128e7c,2,train,67.70891571044922,37.85944366455078,0.09378655790140078
fc603cbedb41,2,validation,132.34339904785156,12.681877136230469,0.2528168497400637
fc782722a50c,0,train,93.92961120605469,23.41710090637207,0.2101242630385487
fc898dfeb24f,0,train,63.646305084228516,20.535213470458984,0.5257193247477214
fc8fce67fbf8,0,train,61.40277099609375,18.05136489868164,0.5260969797770183
fca1a8738b8a,0,train,111.27670288085938,16.428682327270508,0.2069133786848073
fca931da5c5e,1,train,74.34791564941406,11.143616676330566,0.16710076067384871
fcc32dffd24d,0,train,77.91595458984375,24.03757095336914,0.09406619377878256
fcc55ae641ae,2,test,112.82303619384766,11.585143089294434,0.24583047449950635
fce73678f650,0,train,106.74520111083984,14.047687530517578,0.2084272108843538
fce93caa4758,4,train,99.27337646484375,18.073646545410156,0.16570716154972986
fd079d2e93a2,0,train,96.79952239990234,18.84490394592285,0.20840000000000003
fd0a70082e7c,0,train,69.863525390625,19.166187286376953,0.21097868480725623
fd48cf452e9d,2,train,71.0768051147461,23.653484344482422,0.0942637347196853
fd4c946c52bf,0,train,54.9864501953125,16.32520294189453,0.21190204081632658
fd62bd0db4f1,1,validation,75.86933898925781,24.417570114135742,0.08649629072974507
fd87b6b2e664,0,test,106.08859252929688,17.000577926635742,0.20932154195011343
fdbc252813b1,0,train,92.15223693847656,18.80080795288086,0.5242430389010193
fdc685055659,0,train,100.87335968017578,16.324398040771484,0.20815963718820862
fdd18ccbbdc5,1,validation,62.56521224975586,11.402950286865234,0.16719946897793514
fdd534271f3d,4,test,114.7302017211914,19.925622940063477,0.1662018951994385
fe06dad6851c,0,train,87.638916015625,14.194063186645508,0.5243511199951172
fe0e2dee1834,0,train,100.3537826538086,24.52890968322754,0.5253302256266277
fe2df69676cf,1,validation,80.00328063964844,17.963623046875,0.28509773773589575
fe37f4492920,2,train,112.18716430664062,15.87748908996582,0.166039527191992
fe3b0e50be78,0,train,47.14916229248047,23.54826545715332,0.20340806497158292
fe3f62695b2d,0,validation,104.14228820800781,15.866604804992676,0.20887346938775508
fe674c2f73f5,1,validation,80.40957641601562,13.43127727508545,0.16575985366374701
febfb20dc311,0,train,107.72882080078125,18.460693359375,0.20742040816326535
fecf4c5ae84b,1,validation,121.9769287109375,12.721635818481445,0.16568331896420174
fed5bb685832,0,train,94.51049041748047,17.106475830078125,0.20943038548752835
fefded6bf135,0,train,63.87099075317383,21.516372680664062,0.09527038440954005
ff03f74667df,0,train,94.09880065917969,15.286460876464844,0.5242795944213867
ff1e940105f9,0,validation,122.58948516845703,13.872873306274414,0.20827755102040812
ff344e5c9341,2,train,130.47103881835938,12.685168266296387,0.25316564415748966
ff4832d55461,0,test,49.98088073730469,17.312761306762695,0.5262374877929688
ff4955e76894,0,validation,83.05220031738281,15.409955024719238,0.1668001056703391
ff4cd992667b,0,validation,63.6048698425293,29.0197811126709,0.09453330607360444
ff59d44a70a7,0,test,95.17636108398438,20.244977951049805,0.2088843537414966
ff631653374e,0,train,93.48729705810547,17.609086990356445,0.2093551020408163
ff77e8e5b5f3,2,train,95.7050552368164,21.176429748535156,0.16620642529068885
ff8a0b45c789,4,train,101.49059295654297,26.916053771972656,0.2845700353511941
ffa47f6a7bf4,2,train,68.86199951171875,10.204071998596191,0.24595638484039495
ffc04fed30e6,0,train,44.13410949707031,12.587054252624512,0.52637513478597
ffcf7b45f213,2,train,93.34838104248047,16.04469108581543,0.2541095435742635
ffd97f8cd5aa,0,train,106.07205200195312,19.973373413085938,0.2080018140589569
ffec9a18a3ce,2,test,32.42792510986328,13.663726806640625,0.09751299704931848
