id_code,diagnosis,experimental_split,source_path,processed_path
000c1434d8d7,2,train,raw/train_images/000c1434d8d7.png,processed/geometric_384/train/000c1434d8d7.png
001639a390f0,4,test,raw/train_images/001639a390f0.png,processed/geometric_384/test/001639a390f0.png
0024cdab0c1e,1,validation,raw/train_images/0024cdab0c1e.png,processed/geometric_384/validation/0024cdab0c1e.png
002c21358ce6,0,train,raw/train_images/002c21358ce6.png,processed/geometric_384/train/002c21358ce6.png
005b95c28852,0,test,raw/train_images/005b95c28852.png,processed/geometric_384/test/005b95c28852.png
0083ee8054ee,4,validation,raw/train_images/0083ee8054ee.png,processed/geometric_384/validation/0083ee8054ee.png
0097f532ac9f,0,train,raw/train_images/0097f532ac9f.png,processed/geometric_384/train/0097f532ac9f.png
00a8624548a9,2,validation,raw/train_images/00a8624548a9.png,processed/geometric_384/validation/00a8624548a9.png
00b74780d31d,2,validation,raw/train_images/00b74780d31d.png,processed/geometric_384/validation/00b74780d31d.png
00cb6555d108,1,train,raw/train_images/00cb6555d108.png,processed/geometric_384/train/00cb6555d108.png
00cc2b75cddd,0,train,raw/train_images/00cc2b75cddd.png,processed/geometric_384/train/00cc2b75cddd.png
00e4ddff966a,2,train,raw/train_images/00e4ddff966a.png,processed/geometric_384/train/00e4ddff966a.png
00f6c1be5a33,0,train,raw/train_images/00f6c1be5a33.png,processed/geometric_384/train/00f6c1be5a33.png
0104b032c141,3,train,raw/train_images/0104b032c141.png,processed/geometric_384/train/0104b032c141.png
0124dffecf29,1,test,raw/train_images/0124dffecf29.png,processed/geometric_384/test/0124dffecf29.png
0125fbd2e791,0,train,raw/train_images/0125fbd2e791.png,processed/geometric_384/train/0125fbd2e791.png
012a242ac6ff,2,train,raw/train_images/012a242ac6ff.png,processed/geometric_384/train/012a242ac6ff.png
014508ccb9cb,0,train,raw/train_images/014508ccb9cb.png,processed/geometric_384/train/014508ccb9cb.png
0151781fe50b,0,train,raw/train_images/0151781fe50b.png,processed/geometric_384/train/0151781fe50b.png
0161338f53cc,2,train,raw/train_images/0161338f53cc.png,processed/geometric_384/train/0161338f53cc.png
0180bfa26c0b,2,train,raw/train_images/0180bfa26c0b.png,processed/geometric_384/train/0180bfa26c0b.png
0182152c50de,0,train,raw/train_images/0182152c50de.png,processed/geometric_384/train/0182152c50de.png
01b3aed3ed4c,1,validation,raw/train_images/01b3aed3ed4c.png,processed/geometric_384/validation/01b3aed3ed4c.png
01c7808d901d,2,train,raw/train_images/01c7808d901d.png,processed/geometric_384/train/01c7808d901d.png
01d9477b1171,0,train,raw/train_images/01d9477b1171.png,processed/geometric_384/train/01d9477b1171.png
01eb826f6467,2,train,raw/train_images/01eb826f6467.png,processed/geometric_384/train/01eb826f6467.png
01f7bb8be950,0,train,raw/train_images/01f7bb8be950.png,processed/geometric_384/train/01f7bb8be950.png
0212dd31f623,0,validation,raw/train_images/0212dd31f623.png,processed/geometric_384/validation/0212dd31f623.png
022f820027b8,0,train,raw/train_images/022f820027b8.png,processed/geometric_384/train/022f820027b8.png
0231642cf1c2,0,test,raw/train_images/0231642cf1c2.png,processed/geometric_384/test/0231642cf1c2.png
0232dfea7547,0,test,raw/train_images/0232dfea7547.png,processed/geometric_384/test/0232dfea7547.png
02358b47ea89,0,train,raw/train_images/02358b47ea89.png,processed/geometric_384/train/02358b47ea89.png
025a169a0bb0,2,test,raw/train_images/025a169a0bb0.png,processed/geometric_384/test/025a169a0bb0.png
02685f13cefd,4,train,raw/train_images/02685f13cefd.png,processed/geometric_384/train/02685f13cefd.png
026dcd9af143,2,validation,raw/train_images/026dcd9af143.png,processed/geometric_384/validation/026dcd9af143.png
02cd34a85b24,0,validation,raw/train_images/02cd34a85b24.png,processed/geometric_384/validation/02cd34a85b24.png
02da652c74b8,0,train,raw/train_images/02da652c74b8.png,processed/geometric_384/train/02da652c74b8.png
02dda30d3acf,4,train,raw/train_images/02dda30d3acf.png,processed/geometric_384/train/02dda30d3acf.png
0304bedad8fe,0,train,raw/train_images/0304bedad8fe.png,processed/geometric_384/train/0304bedad8fe.png
0318598cfd16,4,train,raw/train_images/0318598cfd16.png,processed/geometric_384/train/0318598cfd16.png
032d7b0b4bf6,2,validation,raw/train_images/032d7b0b4bf6.png,processed/geometric_384/validation/032d7b0b4bf6.png
033f2b43de6d,2,train,raw/train_images/033f2b43de6d.png,processed/geometric_384/train/033f2b43de6d.png
034cb07a550f,4,train,raw/train_images/034cb07a550f.png,processed/geometric_384/train/034cb07a550f.png
03676c71ed1b,2,train,raw/train_images/03676c71ed1b.png,processed/geometric_384/train/03676c71ed1b.png
0369f3efe69b,1,train,raw/train_images/0369f3efe69b.png,processed/geometric_384/train/0369f3efe69b.png
03747397839f,2,train,raw/train_images/03747397839f.png,processed/geometric_384/train/03747397839f.png
03a7f4a5786f,4,train,raw/train_images/03a7f4a5786f.png,processed/geometric_384/train/03a7f4a5786f.png
03b373718013,0,train,raw/train_images/03b373718013.png,processed/geometric_384/train/03b373718013.png
03c85870824c,3,validation,raw/train_images/03c85870824c.png,processed/geometric_384/validation/03c85870824c.png
03e25101e8e8,1,train,raw/train_images/03e25101e8e8.png,processed/geometric_384/train/03e25101e8e8.png
03fd50da928d,2,train,raw/train_images/03fd50da928d.png,processed/geometric_384/train/03fd50da928d.png
03ff7d159f10,2,train,raw/train_images/03ff7d159f10.png,processed/geometric_384/train/03ff7d159f10.png
0415fc68b176,2,train,raw/train_images/0415fc68b176.png,processed/geometric_384/train/0415fc68b176.png
041f09eec1e8,2,validation,raw/train_images/041f09eec1e8.png,processed/geometric_384/validation/041f09eec1e8.png
0423237770a7,0,test,raw/train_images/0423237770a7.png,processed/geometric_384/test/0423237770a7.png
042470a92154,3,validation,raw/train_images/042470a92154.png,processed/geometric_384/validation/042470a92154.png
04579e31e4be,0,test,raw/train_images/04579e31e4be.png,processed/geometric_384/test/04579e31e4be.png
04a6fc58dabc,2,train,raw/train_images/04a6fc58dabc.png,processed/geometric_384/train/04a6fc58dabc.png
04ac765f91a1,1,test,raw/train_images/04ac765f91a1.png,processed/geometric_384/test/04ac765f91a1.png
04aef84a2cc1,0,train,raw/train_images/04aef84a2cc1.png,processed/geometric_384/train/04aef84a2cc1.png
04d029cfb612,2,train,raw/train_images/04d029cfb612.png,processed/geometric_384/train/04d029cfb612.png
04efb1a284cc,0,train,raw/train_images/04efb1a284cc.png,processed/geometric_384/train/04efb1a284cc.png
050bb1eafa76,0,train,raw/train_images/050bb1eafa76.png,processed/geometric_384/train/050bb1eafa76.png
05113073b268,0,train,raw/train_images/05113073b268.png,processed/geometric_384/train/05113073b268.png
05195a3db5e2,0,train,raw/train_images/05195a3db5e2.png,processed/geometric_384/train/05195a3db5e2.png
0519b934f6b1,2,train,raw/train_images/0519b934f6b1.png,processed/geometric_384/train/0519b934f6b1.png
052d9a3fe55a,2,train,raw/train_images/052d9a3fe55a.png,processed/geometric_384/train/052d9a3fe55a.png
05339950962e,0,train,raw/train_images/05339950962e.png,processed/geometric_384/train/05339950962e.png
054b1b305160,0,train,raw/train_images/054b1b305160.png,processed/geometric_384/train/054b1b305160.png
0551676cc2aa,0,train,raw/train_images/0551676cc2aa.png,processed/geometric_384/train/0551676cc2aa.png
059bc89df7f4,1,train,raw/train_images/059bc89df7f4.png,processed/geometric_384/train/059bc89df7f4.png
05a5183c92d0,1,test,raw/train_images/05a5183c92d0.png,processed/geometric_384/test/05a5183c92d0.png
05b1bb2bdb81,0,validation,raw/train_images/05b1bb2bdb81.png,processed/geometric_384/validation/05b1bb2bdb81.png
05cd0178ccfe,3,train,raw/train_images/05cd0178ccfe.png,processed/geometric_384/train/05cd0178ccfe.png
05e9126dfa5c,0,train,raw/train_images/05e9126dfa5c.png,processed/geometric_384/train/05e9126dfa5c.png
06024377d573,2,train,raw/train_images/06024377d573.png,processed/geometric_384/train/06024377d573.png
060e00d1e2ab,0,train,raw/train_images/060e00d1e2ab.png,processed/geometric_384/train/060e00d1e2ab.png
064af6592ba6,2,train,raw/train_images/064af6592ba6.png,processed/geometric_384/train/064af6592ba6.png
06586082a24d,0,train,raw/train_images/06586082a24d.png,processed/geometric_384/train/06586082a24d.png
0684311afdfc,1,train,raw/train_images/0684311afdfc.png,processed/geometric_384/train/0684311afdfc.png
069f43616fab,3,train,raw/train_images/069f43616fab.png,processed/geometric_384/train/069f43616fab.png
06b71823f9cd,1,validation,raw/train_images/06b71823f9cd.png,processed/geometric_384/validation/06b71823f9cd.png
06be1092a062,0,test,raw/train_images/06be1092a062.png,processed/geometric_384/test/06be1092a062.png
07083738b75e,2,test,raw/train_images/07083738b75e.png,processed/geometric_384/test/07083738b75e.png
0709652336e2,0,train,raw/train_images/0709652336e2.png,processed/geometric_384/train/0709652336e2.png
070d4ce5fd90,0,train,raw/train_images/070d4ce5fd90.png,processed/geometric_384/train/070d4ce5fd90.png
070f67572d03,3,train,raw/train_images/070f67572d03.png,processed/geometric_384/train/070f67572d03.png
07122e268a1d,4,test,raw/train_images/07122e268a1d.png,processed/geometric_384/test/07122e268a1d.png
071435a218ec,2,train,raw/train_images/071435a218ec.png,processed/geometric_384/train/071435a218ec.png
07419eddd6be,2,validation,raw/train_images/07419eddd6be.png,processed/geometric_384/validation/07419eddd6be.png
07596907347b,0,validation,raw/train_images/07596907347b.png,processed/geometric_384/validation/07596907347b.png
0773a1c326ad,0,train,raw/train_images/0773a1c326ad.png,processed/geometric_384/train/0773a1c326ad.png
07751b94a88a,0,train,raw/train_images/07751b94a88a.png,processed/geometric_384/train/07751b94a88a.png
0790515cf5af,0,test,raw/train_images/0790515cf5af.png,processed/geometric_384/test/0790515cf5af.png
07929d32b5b3,1,test,raw/train_images/07929d32b5b3.png,processed/geometric_384/test/07929d32b5b3.png
07a0be6b347f,0,train,raw/train_images/07a0be6b347f.png,processed/geometric_384/train/07a0be6b347f.png
07a0e34c8d20,3,train,raw/train_images/07a0e34c8d20.png,processed/geometric_384/train/07a0e34c8d20.png
07a1c7073982,1,train,raw/train_images/07a1c7073982.png,processed/geometric_384/train/07a1c7073982.png
07a2b8cabf6b,0,train,raw/train_images/07a2b8cabf6b.png,processed/geometric_384/train/07a2b8cabf6b.png
07a3be30563b,2,train,raw/train_images/07a3be30563b.png,processed/geometric_384/train/07a3be30563b.png
07d8db76b301,2,train,raw/train_images/07d8db76b301.png,processed/geometric_384/train/07d8db76b301.png
07e827469099,0,train,raw/train_images/07e827469099.png,processed/geometric_384/train/07e827469099.png
07f5d7baf907,0,train,raw/train_images/07f5d7baf907.png,processed/geometric_384/train/07f5d7baf907.png
08037e4490e5,0,validation,raw/train_images/08037e4490e5.png,processed/geometric_384/validation/08037e4490e5.png
080ee76c958c,4,train,raw/train_images/080ee76c958c.png,processed/geometric_384/train/080ee76c958c.png
080f66eedfb9,4,train,raw/train_images/080f66eedfb9.png,processed/geometric_384/train/080f66eedfb9.png
084c02cf077f,0,train,raw/train_images/084c02cf077f.png,processed/geometric_384/train/084c02cf077f.png
0851d6a69589,0,train,raw/train_images/0851d6a69589.png,processed/geometric_384/train/0851d6a69589.png
086d41d17da8,1,test,raw/train_images/086d41d17da8.png,processed/geometric_384/test/086d41d17da8.png
08752092140d,2,train,raw/train_images/08752092140d.png,processed/geometric_384/train/08752092140d.png
08a3875063c3,4,test,raw/train_images/08a3875063c3.png,processed/geometric_384/test/08a3875063c3.png
08b6e3240858,0,train,raw/train_images/08b6e3240858.png,processed/geometric_384/train/08b6e3240858.png
08bef347f40d,0,train,raw/train_images/08bef347f40d.png,processed/geometric_384/train/08bef347f40d.png
08c17a2d95b7,2,train,raw/train_images/08c17a2d95b7.png,processed/geometric_384/train/08c17a2d95b7.png
08c60c647673,0,validation,raw/train_images/08c60c647673.png,processed/geometric_384/validation/08c60c647673.png
08ee569d4721,0,validation,raw/train_images/08ee569d4721.png,processed/geometric_384/validation/08ee569d4721.png
08f8838d69bb,0,train,raw/train_images/08f8838d69bb.png,processed/geometric_384/train/08f8838d69bb.png
09237bf783a4,0,train,raw/train_images/09237bf783a4.png,processed/geometric_384/train/09237bf783a4.png
0924cec998fa,0,train,raw/train_images/0924cec998fa.png,processed/geometric_384/train/0924cec998fa.png
093a42649c29,3,train,raw/train_images/093a42649c29.png,processed/geometric_384/train/093a42649c29.png
093cf723fede,0,train,raw/train_images/093cf723fede.png,processed/geometric_384/train/093cf723fede.png
094858f005ab,2,train,raw/train_images/094858f005ab.png,processed/geometric_384/train/094858f005ab.png
0953c0ac1735,2,train,raw/train_images/0953c0ac1735.png,processed/geometric_384/train/0953c0ac1735.png
096436d68d06,0,train,raw/train_images/096436d68d06.png,processed/geometric_384/train/096436d68d06.png
09662e462531,0,train,raw/train_images/09662e462531.png,processed/geometric_384/train/09662e462531.png
0981195eb9fb,4,test,raw/train_images/0981195eb9fb.png,processed/geometric_384/test/0981195eb9fb.png
099021fac3c9,0,train,raw/train_images/099021fac3c9.png,processed/geometric_384/train/099021fac3c9.png
09934421c79e,0,train,raw/train_images/09934421c79e.png,processed/geometric_384/train/09934421c79e.png
09935d72892b,1,train,raw/train_images/09935d72892b.png,processed/geometric_384/train/09935d72892b.png
09c8323c612e,0,train,raw/train_images/09c8323c612e.png,processed/geometric_384/train/09c8323c612e.png
09eeafa9656a,2,train,raw/train_images/09eeafa9656a.png,processed/geometric_384/train/09eeafa9656a.png
09f1111a388a,0,train,raw/train_images/09f1111a388a.png,processed/geometric_384/train/09f1111a388a.png
09f6ab477654,2,test,raw/train_images/09f6ab477654.png,processed/geometric_384/test/09f6ab477654.png
0a09aa7356c0,2,train,raw/train_images/0a09aa7356c0.png,processed/geometric_384/train/0a09aa7356c0.png
0a1076183736,2,train,raw/train_images/0a1076183736.png,processed/geometric_384/train/0a1076183736.png
0a3202889f4d,1,train,raw/train_images/0a3202889f4d.png,processed/geometric_384/train/0a3202889f4d.png
0a38b552372d,0,train,raw/train_images/0a38b552372d.png,processed/geometric_384/train/0a38b552372d.png
0a4e1a29ffff,0,train,raw/train_images/0a4e1a29ffff.png,processed/geometric_384/train/0a4e1a29ffff.png
0a61bddab956,1,train,raw/train_images/0a61bddab956.png,processed/geometric_384/train/0a61bddab956.png
0a74c92e287c,0,test,raw/train_images/0a74c92e287c.png,processed/geometric_384/test/0a74c92e287c.png
0a85a1e8f9e9,0,train,raw/train_images/0a85a1e8f9e9.png,processed/geometric_384/train/0a85a1e8f9e9.png
0a902c80d5da,0,validation,raw/train_images/0a902c80d5da.png,processed/geometric_384/validation/0a902c80d5da.png
0a9ec1e99ce4,2,validation,raw/train_images/0a9ec1e99ce4.png,processed/geometric_384/validation/0a9ec1e99ce4.png
0abf0c485f66,0,train,raw/train_images/0abf0c485f66.png,processed/geometric_384/train/0abf0c485f66.png
0ad7f631dedb,1,train,raw/train_images/0ad7f631dedb.png,processed/geometric_384/train/0ad7f631dedb.png
0ada12c0e78f,4,train,raw/train_images/0ada12c0e78f.png,processed/geometric_384/train/0ada12c0e78f.png
0ae2dd2e09ea,0,validation,raw/train_images/0ae2dd2e09ea.png,processed/geometric_384/validation/0ae2dd2e09ea.png
0af296d2f04a,2,train,raw/train_images/0af296d2f04a.png,processed/geometric_384/train/0af296d2f04a.png
0afbeeef0ff7,0,validation,raw/train_images/0afbeeef0ff7.png,processed/geometric_384/validation/0afbeeef0ff7.png
0afdfe5f422c,2,validation,raw/train_images/0afdfe5f422c.png,processed/geometric_384/validation/0afdfe5f422c.png
0b00f8a77510,0,validation,raw/train_images/0b00f8a77510.png,processed/geometric_384/validation/0b00f8a77510.png
0b2ea8f268cf,0,train,raw/train_images/0b2ea8f268cf.png,processed/geometric_384/train/0b2ea8f268cf.png
0b3efe669365,0,train,raw/train_images/0b3efe669365.png,processed/geometric_384/train/0b3efe669365.png
0b64a0a06f9a,0,train,raw/train_images/0b64a0a06f9a.png,processed/geometric_384/train/0b64a0a06f9a.png
0b8bdec9d869,0,train,raw/train_images/0b8bdec9d869.png,processed/geometric_384/train/0b8bdec9d869.png
0babc12807b2,0,train,raw/train_images/0babc12807b2.png,processed/geometric_384/train/0babc12807b2.png
0bf37ca3156a,4,train,raw/train_images/0bf37ca3156a.png,processed/geometric_384/train/0bf37ca3156a.png
0c2e2369dfff,2,train,raw/train_images/0c2e2369dfff.png,processed/geometric_384/train/0c2e2369dfff.png
0c38940e1f80,0,train,raw/train_images/0c38940e1f80.png,processed/geometric_384/train/0c38940e1f80.png
0c43c79e8cfb,0,validation,raw/train_images/0c43c79e8cfb.png,processed/geometric_384/validation/0c43c79e8cfb.png
0c55d58bebaf,2,train,raw/train_images/0c55d58bebaf.png,processed/geometric_384/train/0c55d58bebaf.png
0c76fd494af6,2,validation,raw/train_images/0c76fd494af6.png,processed/geometric_384/validation/0c76fd494af6.png
0c7e82daf5a0,2,validation,raw/train_images/0c7e82daf5a0.png,processed/geometric_384/validation/0c7e82daf5a0.png
0c917c372572,3,train,raw/train_images/0c917c372572.png,processed/geometric_384/train/0c917c372572.png
0ca0aee4d57e,2,train,raw/train_images/0ca0aee4d57e.png,processed/geometric_384/train/0ca0aee4d57e.png
0cae727cf119,0,train,raw/train_images/0cae727cf119.png,processed/geometric_384/train/0cae727cf119.png
0cb6b898389f,0,train,raw/train_images/0cb6b898389f.png,processed/geometric_384/train/0cb6b898389f.png
0cbcc7b23613,0,train,raw/train_images/0cbcc7b23613.png,processed/geometric_384/train/0cbcc7b23613.png
0cd31078cd08,0,train,raw/train_images/0cd31078cd08.png,processed/geometric_384/train/0cd31078cd08.png
0ce062f26edc,0,train,raw/train_images/0ce062f26edc.png,processed/geometric_384/train/0ce062f26edc.png
0ceb222f6629,4,validation,raw/train_images/0ceb222f6629.png,processed/geometric_384/validation/0ceb222f6629.png
0cecc2864b7f,0,train,raw/train_images/0cecc2864b7f.png,processed/geometric_384/train/0cecc2864b7f.png
0d0a21fd354f,2,validation,raw/train_images/0d0a21fd354f.png,processed/geometric_384/validation/0d0a21fd354f.png
0d0b8fc9ab5c,0,train,raw/train_images/0d0b8fc9ab5c.png,processed/geometric_384/train/0d0b8fc9ab5c.png
0d310aba6373,1,train,raw/train_images/0d310aba6373.png,processed/geometric_384/train/0d310aba6373.png
0d744aed4d64,0,train,raw/train_images/0d744aed4d64.png,processed/geometric_384/train/0d744aed4d64.png
0d8f60ed9280,0,validation,raw/train_images/0d8f60ed9280.png,processed/geometric_384/validation/0d8f60ed9280.png
0d9a9896f801,0,test,raw/train_images/0d9a9896f801.png,processed/geometric_384/test/0d9a9896f801.png
0da09e3ce8f1,2,train,raw/train_images/0da09e3ce8f1.png,processed/geometric_384/train/0da09e3ce8f1.png
0da321efbce6,0,train,raw/train_images/0da321efbce6.png,processed/geometric_384/train/0da321efbce6.png
0da632ca45e0,0,train,raw/train_images/0da632ca45e0.png,processed/geometric_384/train/0da632ca45e0.png
0daddc45d832,0,train,raw/train_images/0daddc45d832.png,processed/geometric_384/train/0daddc45d832.png
0db1d8dcf219,0,test,raw/train_images/0db1d8dcf219.png,processed/geometric_384/test/0db1d8dcf219.png
0dbaa09a458c,2,test,raw/train_images/0dbaa09a458c.png,processed/geometric_384/test/0dbaa09a458c.png
0dbe6c26cedc,0,train,raw/train_images/0dbe6c26cedc.png,processed/geometric_384/train/0dbe6c26cedc.png
0dc031c94225,1,train,raw/train_images/0dc031c94225.png,processed/geometric_384/train/0dc031c94225.png
0dc8d25b3f69,3,train,raw/train_images/0dc8d25b3f69.png,processed/geometric_384/train/0dc8d25b3f69.png
0dce95217626,1,train,raw/train_images/0dce95217626.png,processed/geometric_384/train/0dce95217626.png
0e0003ddd8df,0,train,raw/train_images/0e0003ddd8df.png,processed/geometric_384/train/0e0003ddd8df.png
0e0fc1d9810c,4,train,raw/train_images/0e0fc1d9810c.png,processed/geometric_384/train/0e0fc1d9810c.png
0e3572b5884a,0,train,raw/train_images/0e3572b5884a.png,processed/geometric_384/train/0e3572b5884a.png
0e43c8298fc0,0,test,raw/train_images/0e43c8298fc0.png,processed/geometric_384/test/0e43c8298fc0.png
0e75d51152fc,2,test,raw/train_images/0e75d51152fc.png,processed/geometric_384/test/0e75d51152fc.png
0e82bcacc475,4,test,raw/train_images/0e82bcacc475.png,processed/geometric_384/test/0e82bcacc475.png
0e94cd271c00,0,train,raw/train_images/0e94cd271c00.png,processed/geometric_384/train/0e94cd271c00.png
0eb52045349f,1,test,raw/train_images/0eb52045349f.png,processed/geometric_384/test/0eb52045349f.png
0eced86c9db8,0,train,raw/train_images/0eced86c9db8.png,processed/geometric_384/train/0eced86c9db8.png
0edadb2aa127,3,train,raw/train_images/0edadb2aa127.png,processed/geometric_384/train/0edadb2aa127.png
0ef4c61dc056,0,test,raw/train_images/0ef4c61dc056.png,processed/geometric_384/test/0ef4c61dc056.png
0efc93ec838b,2,validation,raw/train_images/0efc93ec838b.png,processed/geometric_384/validation/0efc93ec838b.png
0eff8eacb2f7,2,train,raw/train_images/0eff8eacb2f7.png,processed/geometric_384/train/0eff8eacb2f7.png
0f364b7d4384,0,validation,raw/train_images/0f364b7d4384.png,processed/geometric_384/validation/0f364b7d4384.png
0f495d87656a,1,train,raw/train_images/0f495d87656a.png,processed/geometric_384/train/0f495d87656a.png
0f6e645466a2,0,train,raw/train_images/0f6e645466a2.png,processed/geometric_384/train/0f6e645466a2.png
0f882877bf13,3,validation,raw/train_images/0f882877bf13.png,processed/geometric_384/validation/0f882877bf13.png
0f96c358a250,3,validation,raw/train_images/0f96c358a250.png,processed/geometric_384/validation/0f96c358a250.png
0fb1053285cf,1,train,raw/train_images/0fb1053285cf.png,processed/geometric_384/train/0fb1053285cf.png
0fb560f9adb2,2,train,raw/train_images/0fb560f9adb2.png,processed/geometric_384/train/0fb560f9adb2.png
0fbbd665431f,0,validation,raw/train_images/0fbbd665431f.png,processed/geometric_384/validation/0fbbd665431f.png
0fc6829da85b,0,train,raw/train_images/0fc6829da85b.png,processed/geometric_384/train/0fc6829da85b.png
0fcfc6301f3d,2,train,raw/train_images/0fcfc6301f3d.png,processed/geometric_384/train/0fcfc6301f3d.png
0fd16b64697e,2,train,raw/train_images/0fd16b64697e.png,processed/geometric_384/train/0fd16b64697e.png
0fe31196e0e8,0,train,raw/train_images/0fe31196e0e8.png,processed/geometric_384/train/0fe31196e0e8.png
0fffa73e2402,2,train,raw/train_images/0fffa73e2402.png,processed/geometric_384/train/0fffa73e2402.png
1002b5151b8e,0,validation,raw/train_images/1002b5151b8e.png,processed/geometric_384/validation/1002b5151b8e.png
1002f3fe38f0,0,train,raw/train_images/1002f3fe38f0.png,processed/geometric_384/train/1002f3fe38f0.png
1006345f70b7,2,validation,raw/train_images/1006345f70b7.png,processed/geometric_384/validation/1006345f70b7.png
101b9ebfc720,1,test,raw/train_images/101b9ebfc720.png,processed/geometric_384/test/101b9ebfc720.png
103abbd8b63e,0,train,raw/train_images/103abbd8b63e.png,processed/geometric_384/train/103abbd8b63e.png
103f97a2ab15,0,train,raw/train_images/103f97a2ab15.png,processed/geometric_384/train/103f97a2ab15.png
107aea0d9289,1,train,raw/train_images/107aea0d9289.png,processed/geometric_384/train/107aea0d9289.png
10a5026eb8e6,0,train,raw/train_images/10a5026eb8e6.png,processed/geometric_384/train/10a5026eb8e6.png
10bf25731c08,0,train,raw/train_images/10bf25731c08.png,processed/geometric_384/train/10bf25731c08.png
10de500cf0c5,0,train,raw/train_images/10de500cf0c5.png,processed/geometric_384/train/10de500cf0c5.png
10ecc5292ab1,2,test,raw/train_images/10ecc5292ab1.png,processed/geometric_384/test/10ecc5292ab1.png
10eefba568dd,2,train,raw/train_images/10eefba568dd.png,processed/geometric_384/train/10eefba568dd.png
10f10fd30718,0,train,raw/train_images/10f10fd30718.png,processed/geometric_384/train/10f10fd30718.png
10f36b0239fb,1,validation,raw/train_images/10f36b0239fb.png,processed/geometric_384/validation/10f36b0239fb.png
10f6ef37fe43,0,test,raw/train_images/10f6ef37fe43.png,processed/geometric_384/test/10f6ef37fe43.png
10fca1abf338,4,train,raw/train_images/10fca1abf338.png,processed/geometric_384/train/10fca1abf338.png
1116271db4ea,1,train,raw/train_images/1116271db4ea.png,processed/geometric_384/train/1116271db4ea.png
111898ab463d,1,validation,raw/train_images/111898ab463d.png,processed/geometric_384/validation/111898ab463d.png
1120f6d08d95,2,test,raw/train_images/1120f6d08d95.png,processed/geometric_384/test/1120f6d08d95.png
11242a67122d,4,test,raw/train_images/11242a67122d.png,processed/geometric_384/test/11242a67122d.png
1124ffcd76c2,2,train,raw/train_images/1124ffcd76c2.png,processed/geometric_384/train/1124ffcd76c2.png
115e42dd6a81,2,validation,raw/train_images/115e42dd6a81.png,processed/geometric_384/validation/115e42dd6a81.png
1177d583c807,2,train,raw/train_images/1177d583c807.png,processed/geometric_384/train/1177d583c807.png
11b220a397b8,0,train,raw/train_images/11b220a397b8.png,processed/geometric_384/train/11b220a397b8.png
11b5c77fbf79,2,validation,raw/train_images/11b5c77fbf79.png,processed/geometric_384/validation/11b5c77fbf79.png
11d8e5eaee5b,0,train,raw/train_images/11d8e5eaee5b.png,processed/geometric_384/train/11d8e5eaee5b.png
12025b34deb8,2,train,raw/train_images/12025b34deb8.png,processed/geometric_384/train/12025b34deb8.png
12058bbb8299,0,train,raw/train_images/12058bbb8299.png,processed/geometric_384/train/12058bbb8299.png
1269ab57c2e6,2,train,raw/train_images/1269ab57c2e6.png,processed/geometric_384/train/1269ab57c2e6.png
12a82fc7d73e,2,test,raw/train_images/12a82fc7d73e.png,processed/geometric_384/test/12a82fc7d73e.png
12ab2f6397f0,0,train,raw/train_images/12ab2f6397f0.png,processed/geometric_384/train/12ab2f6397f0.png
12ae44be0d38,0,train,raw/train_images/12ae44be0d38.png,processed/geometric_384/train/12ae44be0d38.png
12b57dac703e,0,train,raw/train_images/12b57dac703e.png,processed/geometric_384/train/12b57dac703e.png
12bc439d373a,0,train,raw/train_images/12bc439d373a.png,processed/geometric_384/train/12bc439d373a.png
12ce6a1a1f31,1,validation,raw/train_images/12ce6a1a1f31.png,processed/geometric_384/validation/12ce6a1a1f31.png
12e3f5f2cb17,1,validation,raw/train_images/12e3f5f2cb17.png,processed/geometric_384/validation/12e3f5f2cb17.png
12e6e66c80a7,2,validation,raw/train_images/12e6e66c80a7.png,processed/geometric_384/validation/12e6e66c80a7.png
12ef75375322,0,train,raw/train_images/12ef75375322.png,processed/geometric_384/train/12ef75375322.png
13063d1bc4ea,2,train,raw/train_images/13063d1bc4ea.png,processed/geometric_384/train/13063d1bc4ea.png
13073f075a56,0,test,raw/train_images/13073f075a56.png,processed/geometric_384/test/13073f075a56.png
135575dc57c9,2,test,raw/train_images/135575dc57c9.png,processed/geometric_384/test/135575dc57c9.png
13ab8db8c700,1,validation,raw/train_images/13ab8db8c700.png,processed/geometric_384/validation/13ab8db8c700.png
13c191b59ed0,0,test,raw/train_images/13c191b59ed0.png,processed/geometric_384/test/13c191b59ed0.png
13d014ccd136,0,train,raw/train_images/13d014ccd136.png,processed/geometric_384/train/13d014ccd136.png
13d411c85ffd,0,train,raw/train_images/13d411c85ffd.png,processed/geometric_384/train/13d411c85ffd.png
13d71389563f,2,train,raw/train_images/13d71389563f.png,processed/geometric_384/train/13d71389563f.png
1409ab48175a,0,train,raw/train_images/1409ab48175a.png,processed/geometric_384/train/1409ab48175a.png
1411c8ab7161,2,train,raw/train_images/1411c8ab7161.png,processed/geometric_384/train/1411c8ab7161.png
1414128bead0,2,test,raw/train_images/1414128bead0.png,processed/geometric_384/test/1414128bead0.png
141735b57ec0,2,train,raw/train_images/141735b57ec0.png,processed/geometric_384/train/141735b57ec0.png
1438288bb2e1,2,validation,raw/train_images/1438288bb2e1.png,processed/geometric_384/validation/1438288bb2e1.png
143db89c11c8,0,train,raw/train_images/143db89c11c8.png,processed/geometric_384/train/143db89c11c8.png
144a1a426137,2,train,raw/train_images/144a1a426137.png,processed/geometric_384/train/144a1a426137.png
144b01e7b993,2,test,raw/train_images/144b01e7b993.png,processed/geometric_384/test/144b01e7b993.png
14515b8f19b6,2,validation,raw/train_images/14515b8f19b6.png,processed/geometric_384/validation/14515b8f19b6.png
14c3b41d289c,0,train,raw/train_images/14c3b41d289c.png,processed/geometric_384/train/14c3b41d289c.png
14ee87d6cc42,2,train,raw/train_images/14ee87d6cc42.png,processed/geometric_384/train/14ee87d6cc42.png
1509d097b69a,0,train,raw/train_images/1509d097b69a.png,processed/geometric_384/train/1509d097b69a.png
150f92b45349,0,train,raw/train_images/150f92b45349.png,processed/geometric_384/train/150f92b45349.png
150fc7127582,0,test,raw/train_images/150fc7127582.png,processed/geometric_384/test/150fc7127582.png
152db3de8120,0,train,raw/train_images/152db3de8120.png,processed/geometric_384/train/152db3de8120.png
1541226c5d72,2,train,raw/train_images/1541226c5d72.png,processed/geometric_384/train/1541226c5d72.png
15528e740543,2,train,raw/train_images/15528e740543.png,processed/geometric_384/train/15528e740543.png
155e2df6bfcf,0,train,raw/train_images/155e2df6bfcf.png,processed/geometric_384/train/155e2df6bfcf.png
157d17349cc6,2,train,raw/train_images/157d17349cc6.png,processed/geometric_384/train/157d17349cc6.png
1594ca6c30d3,2,validation,raw/train_images/1594ca6c30d3.png,processed/geometric_384/validation/1594ca6c30d3.png
15b21c80cc31,0,train,raw/train_images/15b21c80cc31.png,processed/geometric_384/train/15b21c80cc31.png
15bed5adde74,3,validation,raw/train_images/15bed5adde74.png,processed/geometric_384/validation/15bed5adde74.png
15c24478ac72,0,test,raw/train_images/15c24478ac72.png,processed/geometric_384/test/15c24478ac72.png
15cc2aef772a,1,validation,raw/train_images/15cc2aef772a.png,processed/geometric_384/validation/15cc2aef772a.png
15cd5f52d300,2,test,raw/train_images/15cd5f52d300.png,processed/geometric_384/test/15cd5f52d300.png
15e24b73d4a7,0,train,raw/train_images/15e24b73d4a7.png,processed/geometric_384/train/15e24b73d4a7.png
15e96e848b46,4,train,raw/train_images/15e96e848b46.png,processed/geometric_384/train/15e96e848b46.png
15f440753916,3,train,raw/train_images/15f440753916.png,processed/geometric_384/train/15f440753916.png
15f8d769935c,0,validation,raw/train_images/15f8d769935c.png,processed/geometric_384/validation/15f8d769935c.png
1601c939412f,0,train,raw/train_images/1601c939412f.png,processed/geometric_384/train/1601c939412f.png
16060f05d047,0,train,raw/train_images/16060f05d047.png,processed/geometric_384/train/16060f05d047.png
1608c82a263f,0,train,raw/train_images/1608c82a263f.png,processed/geometric_384/train/1608c82a263f.png
1623e8e3adc4,3,validation,raw/train_images/1623e8e3adc4.png,processed/geometric_384/validation/1623e8e3adc4.png
1633f8291a80,0,validation,raw/train_images/1633f8291a80.png,processed/geometric_384/validation/1633f8291a80.png
1638404f385c,4,train,raw/train_images/1638404f385c.png,processed/geometric_384/train/1638404f385c.png
164cd5a3a6cd,0,train,raw/train_images/164cd5a3a6cd.png,processed/geometric_384/train/164cd5a3a6cd.png
165634a6167e,0,train,raw/train_images/165634a6167e.png,processed/geometric_384/train/165634a6167e.png
165c548185f8,0,test,raw/train_images/165c548185f8.png,processed/geometric_384/test/165c548185f8.png
165cd2070ebd,4,validation,raw/train_images/165cd2070ebd.png,processed/geometric_384/validation/165cd2070ebd.png
166068a24416,3,train,raw/train_images/166068a24416.png,processed/geometric_384/train/166068a24416.png
17188c13e635,2,train,raw/train_images/17188c13e635.png,processed/geometric_384/train/17188c13e635.png
172df1330a60,1,train,raw/train_images/172df1330a60.png,processed/geometric_384/train/172df1330a60.png
174db0854291,0,train,raw/train_images/174db0854291.png,processed/geometric_384/train/174db0854291.png
175dd560810a,2,validation,raw/train_images/175dd560810a.png,processed/geometric_384/validation/175dd560810a.png
1782142e17d9,0,validation,raw/train_images/1782142e17d9.png,processed/geometric_384/validation/1782142e17d9.png
178412895d5e,0,train,raw/train_images/178412895d5e.png,processed/geometric_384/train/178412895d5e.png
17d7d6b092f4,0,train,raw/train_images/17d7d6b092f4.png,processed/geometric_384/train/17d7d6b092f4.png
17d997fe1090,0,validation,raw/train_images/17d997fe1090.png,processed/geometric_384/validation/17d997fe1090.png
17e6116b89b3,0,train,raw/train_images/17e6116b89b3.png,processed/geometric_384/train/17e6116b89b3.png
17eb5d4ad740,2,train,raw/train_images/17eb5d4ad740.png,processed/geometric_384/train/17eb5d4ad740.png
17eff993386f,1,train,raw/train_images/17eff993386f.png,processed/geometric_384/train/17eff993386f.png
17f6c7072f61,0,train,raw/train_images/17f6c7072f61.png,processed/geometric_384/train/17f6c7072f61.png
180afe1d5ef7,2,train,raw/train_images/180afe1d5ef7.png,processed/geometric_384/train/180afe1d5ef7.png
18323d8f2470,2,validation,raw/train_images/18323d8f2470.png,processed/geometric_384/validation/18323d8f2470.png
1844a039b4ea,2,train,raw/train_images/1844a039b4ea.png,processed/geometric_384/train/1844a039b4ea.png
184a185e7447,0,train,raw/train_images/184a185e7447.png,processed/geometric_384/train/184a185e7447.png
18621b9ca978,0,train,raw/train_images/18621b9ca978.png,processed/geometric_384/train/18621b9ca978.png
1864d3411143,0,train,raw/train_images/1864d3411143.png,processed/geometric_384/train/1864d3411143.png
186c1835eec5,0,train,raw/train_images/186c1835eec5.png,processed/geometric_384/train/186c1835eec5.png
187f6ccda87a,4,validation,raw/train_images/187f6ccda87a.png,processed/geometric_384/validation/187f6ccda87a.png
188219f2d9c6,0,train,raw/train_images/188219f2d9c6.png,processed/geometric_384/train/188219f2d9c6.png
188a9323be03,2,validation,raw/train_images/188a9323be03.png,processed/geometric_384/validation/188a9323be03.png
1891698febce,0,train,raw/train_images/1891698febce.png,processed/geometric_384/train/1891698febce.png
189cbbc9e5e3,0,train,raw/train_images/189cbbc9e5e3.png,processed/geometric_384/train/189cbbc9e5e3.png
18af532e7e1e,2,validation,raw/train_images/18af532e7e1e.png,processed/geometric_384/validation/18af532e7e1e.png
18b06f56ab27,1,train,raw/train_images/18b06f56ab27.png,processed/geometric_384/train/18b06f56ab27.png
18b7e34eab8f,0,train,raw/train_images/18b7e34eab8f.png,processed/geometric_384/train/18b7e34eab8f.png
18b99159a14f,0,train,raw/train_images/18b99159a14f.png,processed/geometric_384/train/18b99159a14f.png
18cde9649e90,0,train,raw/train_images/18cde9649e90.png,processed/geometric_384/train/18cde9649e90.png
18ce0cdc473d,0,test,raw/train_images/18ce0cdc473d.png,processed/geometric_384/test/18ce0cdc473d.png
18d8fdb140b7,2,train,raw/train_images/18d8fdb140b7.png,processed/geometric_384/train/18d8fdb140b7.png
18f1f979d30d,2,train,raw/train_images/18f1f979d30d.png,processed/geometric_384/train/18f1f979d30d.png
190a309f2cc5,0,train,raw/train_images/190a309f2cc5.png,processed/geometric_384/train/190a309f2cc5.png
19113e5f45ec,2,train,raw/train_images/19113e5f45ec.png,processed/geometric_384/train/19113e5f45ec.png
191348830ddf,2,validation,raw/train_images/191348830ddf.png,processed/geometric_384/validation/191348830ddf.png
191a711852bd,3,train,raw/train_images/191a711852bd.png,processed/geometric_384/train/191a711852bd.png
191cf5668f33,0,train,raw/train_images/191cf5668f33.png,processed/geometric_384/train/191cf5668f33.png
19244004583f,3,validation,raw/train_images/19244004583f.png,processed/geometric_384/validation/19244004583f.png
1943983492e5,2,train,raw/train_images/1943983492e5.png,processed/geometric_384/train/1943983492e5.png
194814669fee,1,train,raw/train_images/194814669fee.png,processed/geometric_384/train/194814669fee.png
19545647508e,0,train,raw/train_images/19545647508e.png,processed/geometric_384/train/19545647508e.png
1968183f0e61,2,train,raw/train_images/1968183f0e61.png,processed/geometric_384/train/1968183f0e61.png
196e6a186452,2,train,raw/train_images/196e6a186452.png,processed/geometric_384/train/196e6a186452.png
19722bff5a09,1,train,raw/train_images/19722bff5a09.png,processed/geometric_384/train/19722bff5a09.png
197af0de76e2,0,train,raw/train_images/197af0de76e2.png,processed/geometric_384/train/197af0de76e2.png
19b0e3c734f5,0,test,raw/train_images/19b0e3c734f5.png,processed/geometric_384/test/19b0e3c734f5.png
19ef4d292196,4,train,raw/train_images/19ef4d292196.png,processed/geometric_384/train/19ef4d292196.png
1a03a7970337,1,train,raw/train_images/1a03a7970337.png,processed/geometric_384/train/1a03a7970337.png
1a0dbc6c0cda,0,train,raw/train_images/1a0dbc6c0cda.png,processed/geometric_384/train/1a0dbc6c0cda.png
1a19f2ef4472,0,train,raw/train_images/1a19f2ef4472.png,processed/geometric_384/train/1a19f2ef4472.png
1a1b4b2450ca,2,train,raw/train_images/1a1b4b2450ca.png,processed/geometric_384/train/1a1b4b2450ca.png
1a1e974a7dbf,0,train,raw/train_images/1a1e974a7dbf.png,processed/geometric_384/train/1a1e974a7dbf.png
1a369baf9ee6,2,train,raw/train_images/1a369baf9ee6.png,processed/geometric_384/train/1a369baf9ee6.png
1a7e3356b39c,4,train,raw/train_images/1a7e3356b39c.png,processed/geometric_384/train/1a7e3356b39c.png
1a90fad9ffa2,4,train,raw/train_images/1a90fad9ffa2.png,processed/geometric_384/train/1a90fad9ffa2.png
1ab3f1c71a5f,3,train,raw/train_images/1ab3f1c71a5f.png,processed/geometric_384/train/1ab3f1c71a5f.png
1ab8d3431ffc,0,train,raw/train_images/1ab8d3431ffc.png,processed/geometric_384/train/1ab8d3431ffc.png
1ade1e949383,2,test,raw/train_images/1ade1e949383.png,processed/geometric_384/test/1ade1e949383.png
1ae3c58759fb,0,train,raw/train_images/1ae3c58759fb.png,processed/geometric_384/train/1ae3c58759fb.png
1ae8c165fd53,2,validation,raw/train_images/1ae8c165fd53.png,processed/geometric_384/validation/1ae8c165fd53.png
1b329a127307,1,train,raw/train_images/1b329a127307.png,processed/geometric_384/train/1b329a127307.png
1b32e1d775ea,4,train,raw/train_images/1b32e1d775ea.png,processed/geometric_384/train/1b32e1d775ea.png
1b3647865779,0,train,raw/train_images/1b3647865779.png,processed/geometric_384/train/1b3647865779.png
1b398c0494d1,0,train,raw/train_images/1b398c0494d1.png,processed/geometric_384/train/1b398c0494d1.png
1b4625877527,2,validation,raw/train_images/1b4625877527.png,processed/geometric_384/validation/1b4625877527.png
1b495ac025b7,3,test,raw/train_images/1b495ac025b7.png,processed/geometric_384/test/1b495ac025b7.png
1b862fb6f65d,0,train,raw/train_images/1b862fb6f65d.png,processed/geometric_384/train/1b862fb6f65d.png
1b8701231c8f,0,train,raw/train_images/1b8701231c8f.png,processed/geometric_384/train/1b8701231c8f.png
1b8ad0afe9fb,2,train,raw/train_images/1b8ad0afe9fb.png,processed/geometric_384/train/1b8ad0afe9fb.png
1bb0ddfe753a,1,test,raw/train_images/1bb0ddfe753a.png,processed/geometric_384/test/1bb0ddfe753a.png
1bea04b2bb2d,2,train,raw/train_images/1bea04b2bb2d.png,processed/geometric_384/train/1bea04b2bb2d.png
1bf30c84bbad,4,train,raw/train_images/1bf30c84bbad.png,processed/geometric_384/train/1bf30c84bbad.png
1c0cf251b426,1,train,raw/train_images/1c0cf251b426.png,processed/geometric_384/train/1c0cf251b426.png
1c0e5dd1b14c,2,train,raw/train_images/1c0e5dd1b14c.png,processed/geometric_384/train/1c0e5dd1b14c.png
1c13a1483f4a,0,train,raw/train_images/1c13a1483f4a.png,processed/geometric_384/train/1c13a1483f4a.png
1c3a6b4449e9,1,validation,raw/train_images/1c3a6b4449e9.png,processed/geometric_384/validation/1c3a6b4449e9.png
1c47815f4a6b,0,train,raw/train_images/1c47815f4a6b.png,processed/geometric_384/train/1c47815f4a6b.png
1c4f3aa4df06,4,train,raw/train_images/1c4f3aa4df06.png,processed/geometric_384/train/1c4f3aa4df06.png
1c578b72d7b3,2,test,raw/train_images/1c578b72d7b3.png,processed/geometric_384/test/1c578b72d7b3.png
1c5ad36fb799,2,validation,raw/train_images/1c5ad36fb799.png,processed/geometric_384/validation/1c5ad36fb799.png
1c5e6cdc7ee1,2,train,raw/train_images/1c5e6cdc7ee1.png,processed/geometric_384/train/1c5e6cdc7ee1.png
1c6d119c3d70,2,train,raw/train_images/1c6d119c3d70.png,processed/geometric_384/train/1c6d119c3d70.png
1c7a013eeba7,0,train,raw/train_images/1c7a013eeba7.png,processed/geometric_384/train/1c7a013eeba7.png
1c9521878baf,3,train,raw/train_images/1c9521878baf.png,processed/geometric_384/train/1c9521878baf.png
1ca35d483772,0,validation,raw/train_images/1ca35d483772.png,processed/geometric_384/validation/1ca35d483772.png
1ca62b3e4fd3,0,train,raw/train_images/1ca62b3e4fd3.png,processed/geometric_384/train/1ca62b3e4fd3.png
1ca91751be4d,0,train,raw/train_images/1ca91751be4d.png,processed/geometric_384/train/1ca91751be4d.png
1caba2fb38f6,0,train,raw/train_images/1caba2fb38f6.png,processed/geometric_384/train/1caba2fb38f6.png
1cb6961d141c,0,validation,raw/train_images/1cb6961d141c.png,processed/geometric_384/validation/1cb6961d141c.png
1cb814ed6332,2,train,raw/train_images/1cb814ed6332.png,processed/geometric_384/train/1cb814ed6332.png
1cc58b15f466,0,validation,raw/train_images/1cc58b15f466.png,processed/geometric_384/validation/1cc58b15f466.png
1d0b93317aa8,0,train,raw/train_images/1d0b93317aa8.png,processed/geometric_384/train/1d0b93317aa8.png
1d11794057ff,1,train,raw/train_images/1d11794057ff.png,processed/geometric_384/train/1d11794057ff.png
1d14dd912671,2,train,raw/train_images/1d14dd912671.png,processed/geometric_384/train/1d14dd912671.png
1d2472849dce,0,test,raw/train_images/1d2472849dce.png,processed/geometric_384/test/1d2472849dce.png
1d29cb2f4296,0,test,raw/train_images/1d29cb2f4296.png,processed/geometric_384/test/1d29cb2f4296.png
1d37f1c8b6d8,0,train,raw/train_images/1d37f1c8b6d8.png,processed/geometric_384/train/1d37f1c8b6d8.png
1d3e9b939732,0,test,raw/train_images/1d3e9b939732.png,processed/geometric_384/test/1d3e9b939732.png
1d46f1326394,0,train,raw/train_images/1d46f1326394.png,processed/geometric_384/train/1d46f1326394.png
1d55e689cf84,2,train,raw/train_images/1d55e689cf84.png,processed/geometric_384/train/1d55e689cf84.png
1d674e2e32e0,1,train,raw/train_images/1d674e2e32e0.png,processed/geometric_384/train/1d674e2e32e0.png
1d74c4713e21,0,validation,raw/train_images/1d74c4713e21.png,processed/geometric_384/validation/1d74c4713e21.png
1da25637859b,2,validation,raw/train_images/1da25637859b.png,processed/geometric_384/validation/1da25637859b.png
1da4a17c18c9,0,validation,raw/train_images/1da4a17c18c9.png,processed/geometric_384/validation/1da4a17c18c9.png
1db0393cdbc1,0,train,raw/train_images/1db0393cdbc1.png,processed/geometric_384/train/1db0393cdbc1.png
1db18bdd43aa,2,test,raw/train_images/1db18bdd43aa.png,processed/geometric_384/test/1db18bdd43aa.png
1db6bb46c102,0,train,raw/train_images/1db6bb46c102.png,processed/geometric_384/train/1db6bb46c102.png
1dbdc32c17db,2,train,raw/train_images/1dbdc32c17db.png,processed/geometric_384/train/1dbdc32c17db.png
1dd9adcbfff4,2,test,raw/train_images/1dd9adcbfff4.png,processed/geometric_384/test/1dd9adcbfff4.png
1df0431bfa73,0,train,raw/train_images/1df0431bfa73.png,processed/geometric_384/train/1df0431bfa73.png
1df0a4c23c95,0,train,raw/train_images/1df0a4c23c95.png,processed/geometric_384/train/1df0a4c23c95.png
1df1530b9b8d,0,test,raw/train_images/1df1530b9b8d.png,processed/geometric_384/test/1df1530b9b8d.png
1df3e03a8f5f,1,validation,raw/train_images/1df3e03a8f5f.png,processed/geometric_384/validation/1df3e03a8f5f.png
1dfbede13143,2,train,raw/train_images/1dfbede13143.png,processed/geometric_384/train/1dfbede13143.png
1dfe599d12a9,0,train,raw/train_images/1dfe599d12a9.png,processed/geometric_384/train/1dfe599d12a9.png
1e036f2e7095,0,train,raw/train_images/1e036f2e7095.png,processed/geometric_384/train/1e036f2e7095.png
1e1fb019710d,2,train,raw/train_images/1e1fb019710d.png,processed/geometric_384/train/1e1fb019710d.png
1e4650743fa2,2,train,raw/train_images/1e4650743fa2.png,processed/geometric_384/train/1e4650743fa2.png
1e4b3b823b95,2,train,raw/train_images/1e4b3b823b95.png,processed/geometric_384/train/1e4b3b823b95.png
1e742358e0b9,0,test,raw/train_images/1e742358e0b9.png,processed/geometric_384/test/1e742358e0b9.png
1e7ccd4a1c87,0,test,raw/train_images/1e7ccd4a1c87.png,processed/geometric_384/test/1e7ccd4a1c87.png
1e8a1fdee5b9,1,train,raw/train_images/1e8a1fdee5b9.png,processed/geometric_384/train/1e8a1fdee5b9.png
1e8c31e29dd3,0,test,raw/train_images/1e8c31e29dd3.png,processed/geometric_384/test/1e8c31e29dd3.png
1e9224ccca95,4,train,raw/train_images/1e9224ccca95.png,processed/geometric_384/train/1e9224ccca95.png
1ec95179cdfe,0,validation,raw/train_images/1ec95179cdfe.png,processed/geometric_384/validation/1ec95179cdfe.png
1ee1eb7943db,2,validation,raw/train_images/1ee1eb7943db.png,processed/geometric_384/validation/1ee1eb7943db.png
1ee355480567,0,train,raw/train_images/1ee355480567.png,processed/geometric_384/train/1ee355480567.png
1eee55494271,0,test,raw/train_images/1eee55494271.png,processed/geometric_384/test/1eee55494271.png
1efa5d443707,4,train,raw/train_images/1efa5d443707.png,processed/geometric_384/train/1efa5d443707.png
1f0e223b8055,2,train,raw/train_images/1f0e223b8055.png,processed/geometric_384/train/1f0e223b8055.png
1f15ca672675,0,test,raw/train_images/1f15ca672675.png,processed/geometric_384/test/1f15ca672675.png
1f31701dd61b,0,train,raw/train_images/1f31701dd61b.png,processed/geometric_384/train/1f31701dd61b.png
1f3f32efaf20,0,validation,raw/train_images/1f3f32efaf20.png,processed/geometric_384/validation/1f3f32efaf20.png
1f4bf8e28b41,2,train,raw/train_images/1f4bf8e28b41.png,processed/geometric_384/train/1f4bf8e28b41.png
1f4fb37e0854,0,train,raw/train_images/1f4fb37e0854.png,processed/geometric_384/train/1f4fb37e0854.png
1f543a86c4d4,2,train,raw/train_images/1f543a86c4d4.png,processed/geometric_384/train/1f543a86c4d4.png
1f5496352859,0,train,raw/train_images/1f5496352859.png,processed/geometric_384/train/1f5496352859.png
1f63d44d9e3c,2,train,raw/train_images/1f63d44d9e3c.png,processed/geometric_384/train/1f63d44d9e3c.png
1f9ccda4ddf2,0,train,raw/train_images/1f9ccda4ddf2.png,processed/geometric_384/train/1f9ccda4ddf2.png
1faf8664816c,0,train,raw/train_images/1faf8664816c.png,processed/geometric_384/train/1faf8664816c.png
1fb455685328,0,train,raw/train_images/1fb455685328.png,processed/geometric_384/train/1fb455685328.png
1fd5d860d4d7,4,train,raw/train_images/1fd5d860d4d7.png,processed/geometric_384/train/1fd5d860d4d7.png
1fddd7c98fd2,0,train,raw/train_images/1fddd7c98fd2.png,processed/geometric_384/train/1fddd7c98fd2.png
1ffaa51a6245,2,validation,raw/train_images/1ffaa51a6245.png,processed/geometric_384/validation/1ffaa51a6245.png
200d947f75db,1,train,raw/train_images/200d947f75db.png,processed/geometric_384/train/200d947f75db.png
2017cd92c63d,4,train,raw/train_images/2017cd92c63d.png,processed/geometric_384/train/2017cd92c63d.png
201f6e10c108,0,validation,raw/train_images/201f6e10c108.png,processed/geometric_384/validation/201f6e10c108.png
201f882365d3,0,test,raw/train_images/201f882365d3.png,processed/geometric_384/test/201f882365d3.png
203275daf46d,2,train,raw/train_images/203275daf46d.png,processed/geometric_384/train/203275daf46d.png
20404ec7b518,2,test,raw/train_images/20404ec7b518.png,processed/geometric_384/test/20404ec7b518.png
20688cb25704,2,train,raw/train_images/20688cb25704.png,processed/geometric_384/train/20688cb25704.png
207a580de0ea,2,train,raw/train_images/207a580de0ea.png,processed/geometric_384/train/207a580de0ea.png
207dd0487264,0,train,raw/train_images/207dd0487264.png,processed/geometric_384/train/207dd0487264.png
20c883d3bd38,2,train,raw/train_images/20c883d3bd38.png,processed/geometric_384/train/20c883d3bd38.png
20d5fdd450ae,4,train,raw/train_images/20d5fdd450ae.png,processed/geometric_384/train/20d5fdd450ae.png
20f86e068276,0,train,raw/train_images/20f86e068276.png,processed/geometric_384/train/20f86e068276.png
21037f5c7790,0,test,raw/train_images/21037f5c7790.png,processed/geometric_384/test/21037f5c7790.png
210bfe0127c6,0,train,raw/train_images/210bfe0127c6.png,processed/geometric_384/train/210bfe0127c6.png
211518c46162,4,train,raw/train_images/211518c46162.png,processed/geometric_384/train/211518c46162.png
2131aa3a1e6f,2,train,raw/train_images/2131aa3a1e6f.png,processed/geometric_384/train/2131aa3a1e6f.png
215d2b7c3fde,0,validation,raw/train_images/215d2b7c3fde.png,processed/geometric_384/validation/215d2b7c3fde.png
217dad18a5ed,2,train,raw/train_images/217dad18a5ed.png,processed/geometric_384/train/217dad18a5ed.png
218c822a3dd9,0,train,raw/train_images/218c822a3dd9.png,processed/geometric_384/train/218c822a3dd9.png
21abd36095a1,4,train,raw/train_images/21abd36095a1.png,processed/geometric_384/train/21abd36095a1.png
21d18b022429,4,test,raw/train_images/21d18b022429.png,processed/geometric_384/test/21d18b022429.png
22098b1fe461,1,train,raw/train_images/22098b1fe461.png,processed/geometric_384/train/22098b1fe461.png
2209daf71aab,0,train,raw/train_images/2209daf71aab.png,processed/geometric_384/train/2209daf71aab.png
2221cf5c7935,0,train,raw/train_images/2221cf5c7935.png,processed/geometric_384/train/2221cf5c7935.png
222d0ac042b4,2,train,raw/train_images/222d0ac042b4.png,processed/geometric_384/train/222d0ac042b4.png
222f3ee3a1e8,4,train,raw/train_images/222f3ee3a1e8.png,processed/geometric_384/train/222f3ee3a1e8.png
22325552a4e3,1,train,raw/train_images/22325552a4e3.png,processed/geometric_384/train/22325552a4e3.png
2241b7e90782,2,train,raw/train_images/2241b7e90782.png,processed/geometric_384/train/2241b7e90782.png
22449af52060,0,train,raw/train_images/22449af52060.png,processed/geometric_384/train/22449af52060.png
224bb938e2dd,2,train,raw/train_images/224bb938e2dd.png,processed/geometric_384/train/224bb938e2dd.png
224c14366e11,0,train,raw/train_images/224c14366e11.png,processed/geometric_384/train/224c14366e11.png
226c6ceb9185,0,train,raw/train_images/226c6ceb9185.png,processed/geometric_384/train/226c6ceb9185.png
22895c89792f,4,test,raw/train_images/22895c89792f.png,processed/geometric_384/test/22895c89792f.png
22a6da005395,1,train,raw/train_images/22a6da005395.png,processed/geometric_384/train/22a6da005395.png
22ce8ef69357,2,train,raw/train_images/22ce8ef69357.png,processed/geometric_384/train/22ce8ef69357.png
22d843b2bbd1,0,train,raw/train_images/22d843b2bbd1.png,processed/geometric_384/train/22d843b2bbd1.png
23148a40ecb0,2,train,raw/train_images/23148a40ecb0.png,processed/geometric_384/train/23148a40ecb0.png
23175b7ef453,2,test,raw/train_images/23175b7ef453.png,processed/geometric_384/test/23175b7ef453.png
232549883508,2,train,raw/train_images/232549883508.png,processed/geometric_384/train/232549883508.png
233d948e2544,0,train,raw/train_images/233d948e2544.png,processed/geometric_384/train/233d948e2544.png
234399352d36,2,train,raw/train_images/234399352d36.png,processed/geometric_384/train/234399352d36.png
236f56771ec6,2,train,raw/train_images/236f56771ec6.png,processed/geometric_384/train/236f56771ec6.png
2376e5415458,2,train,raw/train_images/2376e5415458.png,processed/geometric_384/train/2376e5415458.png
237aa50edc34,0,test,raw/train_images/237aa50edc34.png,processed/geometric_384/test/237aa50edc34.png
237c078d00fc,3,validation,raw/train_images/237c078d00fc.png,processed/geometric_384/validation/237c078d00fc.png
2399d68d407f,0,train,raw/train_images/2399d68d407f.png,processed/geometric_384/train/2399d68d407f.png
239f2c348ea4,2,test,raw/train_images/239f2c348ea4.png,processed/geometric_384/test/239f2c348ea4.png
23d7ca170bdb,2,train,raw/train_images/23d7ca170bdb.png,processed/geometric_384/train/23d7ca170bdb.png
23fca0693e2a,2,train,raw/train_images/23fca0693e2a.png,processed/geometric_384/train/23fca0693e2a.png
2408799a09b2,0,train,raw/train_images/2408799a09b2.png,processed/geometric_384/train/2408799a09b2.png
240b25a7debe,0,train,raw/train_images/240b25a7debe.png,processed/geometric_384/train/240b25a7debe.png
242fc19be06f,0,train,raw/train_images/242fc19be06f.png,processed/geometric_384/train/242fc19be06f.png
2463bb04ebc3,2,test,raw/train_images/2463bb04ebc3.png,processed/geometric_384/test/2463bb04ebc3.png
246e4506824a,2,train,raw/train_images/246e4506824a.png,processed/geometric_384/train/246e4506824a.png
247ac63e5510,4,train,raw/train_images/247ac63e5510.png,processed/geometric_384/train/247ac63e5510.png
247e98aba610,4,test,raw/train_images/247e98aba610.png,processed/geometric_384/test/247e98aba610.png
248139c423c4,1,train,raw/train_images/248139c423c4.png,processed/geometric_384/train/248139c423c4.png
248dec89b3a2,0,train,raw/train_images/248dec89b3a2.png,processed/geometric_384/train/248dec89b3a2.png
24b87f744598,3,train,raw/train_images/24b87f744598.png,processed/geometric_384/train/24b87f744598.png
24b943fe725e,1,train,raw/train_images/24b943fe725e.png,processed/geometric_384/train/24b943fe725e.png
24de56d433cd,0,train,raw/train_images/24de56d433cd.png,processed/geometric_384/train/24de56d433cd.png
24f271c87e73,0,train,raw/train_images/24f271c87e73.png,processed/geometric_384/train/24f271c87e73.png
24f3e70f0419,0,train,raw/train_images/24f3e70f0419.png,processed/geometric_384/train/24f3e70f0419.png
25002fe43f92,2,validation,raw/train_images/25002fe43f92.png,processed/geometric_384/validation/25002fe43f92.png
252305189b3a,0,train,raw/train_images/252305189b3a.png,processed/geometric_384/train/252305189b3a.png
2532613a584a,2,test,raw/train_images/2532613a584a.png,processed/geometric_384/test/2532613a584a.png
253e96488cfb,0,train,raw/train_images/253e96488cfb.png,processed/geometric_384/train/253e96488cfb.png
254052cf3e48,4,train,raw/train_images/254052cf3e48.png,processed/geometric_384/train/254052cf3e48.png
2585bbc91909,0,test,raw/train_images/2585bbc91909.png,processed/geometric_384/test/2585bbc91909.png
259d30f693b6,1,validation,raw/train_images/259d30f693b6.png,processed/geometric_384/validation/259d30f693b6.png
25a0a1e41afd,0,train,raw/train_images/25a0a1e41afd.png,processed/geometric_384/train/25a0a1e41afd.png
25b0e72705a8,3,validation,raw/train_images/25b0e72705a8.png,processed/geometric_384/validation/25b0e72705a8.png
25b4080f598b,0,train,raw/train_images/25b4080f598b.png,processed/geometric_384/train/25b4080f598b.png
25d069089c5e,4,train,raw/train_images/25d069089c5e.png,processed/geometric_384/train/25d069089c5e.png
25dc1b41ed9c,2,train,raw/train_images/25dc1b41ed9c.png,processed/geometric_384/train/25dc1b41ed9c.png
25e9fd872182,1,test,raw/train_images/25e9fd872182.png,processed/geometric_384/test/25e9fd872182.png
2608e1dac5b1,2,test,raw/train_images/2608e1dac5b1.png,processed/geometric_384/test/2608e1dac5b1.png
260a455692b5,0,train,raw/train_images/260a455692b5.png,processed/geometric_384/train/260a455692b5.png
261c6bd63bff,2,train,raw/train_images/261c6bd63bff.png,processed/geometric_384/train/261c6bd63bff.png
2628305cbb29,4,train,raw/train_images/2628305cbb29.png,processed/geometric_384/train/2628305cbb29.png
262ad704319c,4,test,raw/train_images/262ad704319c.png,processed/geometric_384/test/262ad704319c.png
263d8851e33b,0,train,raw/train_images/263d8851e33b.png,processed/geometric_384/train/263d8851e33b.png
26453eb7e989,2,train,raw/train_images/26453eb7e989.png,processed/geometric_384/train/26453eb7e989.png
26463a5fb949,4,test,raw/train_images/26463a5fb949.png,processed/geometric_384/test/26463a5fb949.png
2665f72e2dd3,3,train,raw/train_images/2665f72e2dd3.png,processed/geometric_384/train/2665f72e2dd3.png
266fbefa58fb,0,test,raw/train_images/266fbefa58fb.png,processed/geometric_384/test/266fbefa58fb.png
2682e6da9050,0,train,raw/train_images/2682e6da9050.png,processed/geometric_384/train/2682e6da9050.png
26999ebc21de,2,train,raw/train_images/26999ebc21de.png,processed/geometric_384/train/26999ebc21de.png
269b44e628eb,3,train,raw/train_images/269b44e628eb.png,processed/geometric_384/train/269b44e628eb.png
269f0792f11f,2,validation,raw/train_images/269f0792f11f.png,processed/geometric_384/validation/269f0792f11f.png
26cd40b57ad1,0,validation,raw/train_images/26cd40b57ad1.png,processed/geometric_384/validation/26cd40b57ad1.png
26d60db3bbfd,0,train,raw/train_images/26d60db3bbfd.png,processed/geometric_384/train/26d60db3bbfd.png
26d9576e8043,0,validation,raw/train_images/26d9576e8043.png,processed/geometric_384/validation/26d9576e8043.png
26e231747848,2,train,raw/train_images/26e231747848.png,processed/geometric_384/train/26e231747848.png
26fc2358a38d,0,train,raw/train_images/26fc2358a38d.png,processed/geometric_384/train/26fc2358a38d.png
2700754f71e9,2,test,raw/train_images/2700754f71e9.png,processed/geometric_384/test/2700754f71e9.png
272d9c043c81,2,validation,raw/train_images/272d9c043c81.png,processed/geometric_384/validation/272d9c043c81.png
2735be026d44,2,train,raw/train_images/2735be026d44.png,processed/geometric_384/train/2735be026d44.png
274f4de2a59d,0,test,raw/train_images/274f4de2a59d.png,processed/geometric_384/test/274f4de2a59d.png
274f5029189b,1,train,raw/train_images/274f5029189b.png,processed/geometric_384/train/274f5029189b.png
276b14f72328,0,train,raw/train_images/276b14f72328.png,processed/geometric_384/train/276b14f72328.png
2776d70724d3,2,train,raw/train_images/2776d70724d3.png,processed/geometric_384/train/2776d70724d3.png
27933cdbe0cc,0,train,raw/train_images/27933cdbe0cc.png,processed/geometric_384/train/27933cdbe0cc.png
27b68863349f,2,train,raw/train_images/27b68863349f.png,processed/geometric_384/train/27b68863349f.png
27bab1432f61,2,train,raw/train_images/27bab1432f61.png,processed/geometric_384/train/27bab1432f61.png
27e2be850a99,4,validation,raw/train_images/27e2be850a99.png,processed/geometric_384/validation/27e2be850a99.png
27e4c800a449,1,train,raw/train_images/27e4c800a449.png,processed/geometric_384/train/27e4c800a449.png
27f82ada84ac,0,validation,raw/train_images/27f82ada84ac.png,processed/geometric_384/validation/27f82ada84ac.png
27fca9f12b3c,2,train,raw/train_images/27fca9f12b3c.png,processed/geometric_384/train/27fca9f12b3c.png
281d7b7c7676,4,train,raw/train_images/281d7b7c7676.png,processed/geometric_384/train/281d7b7c7676.png
2821998fc002,0,train,raw/train_images/2821998fc002.png,processed/geometric_384/train/2821998fc002.png
282bc792d23a,2,test,raw/train_images/282bc792d23a.png,processed/geometric_384/test/282bc792d23a.png
283c3aeba594,0,train,raw/train_images/283c3aeba594.png,processed/geometric_384/train/283c3aeba594.png
28503940d10b,0,train,raw/train_images/28503940d10b.png,processed/geometric_384/train/28503940d10b.png
286e9981dd9b,0,train,raw/train_images/286e9981dd9b.png,processed/geometric_384/train/286e9981dd9b.png
28751f290ba3,0,validation,raw/train_images/28751f290ba3.png,processed/geometric_384/validation/28751f290ba3.png
28824d12d31d,2,validation,raw/train_images/28824d12d31d.png,processed/geometric_384/validation/28824d12d31d.png
289a47dcbb82,0,train,raw/train_images/289a47dcbb82.png,processed/geometric_384/train/289a47dcbb82.png
28a4d00927b7,2,train,raw/train_images/28a4d00927b7.png,processed/geometric_384/train/28a4d00927b7.png
28dc010a0780,0,train,raw/train_images/28dc010a0780.png,processed/geometric_384/train/28dc010a0780.png
28f73575e1f2,0,train,raw/train_images/28f73575e1f2.png,processed/geometric_384/train/28f73575e1f2.png
28f93cad89c5,2,train,raw/train_images/28f93cad89c5.png,processed/geometric_384/train/28f93cad89c5.png
28f98cfe3858,1,validation,raw/train_images/28f98cfe3858.png,processed/geometric_384/validation/28f98cfe3858.png
290ecdba359f,2,train,raw/train_images/290ecdba359f.png,processed/geometric_384/train/290ecdba359f.png
29192375ab1b,0,train,raw/train_images/29192375ab1b.png,processed/geometric_384/train/29192375ab1b.png
291e2ff3d834,2,test,raw/train_images/291e2ff3d834.png,processed/geometric_384/test/291e2ff3d834.png
291f581d365e,0,train,raw/train_images/291f581d365e.png,processed/geometric_384/train/291f581d365e.png
2923971566fe,0,validation,raw/train_images/2923971566fe.png,processed/geometric_384/validation/2923971566fe.png
2927665214e1,0,train,raw/train_images/2927665214e1.png,processed/geometric_384/train/2927665214e1.png
29580bed2f7d,2,train,raw/train_images/29580bed2f7d.png,processed/geometric_384/train/29580bed2f7d.png
295fdc964f6e,2,train,raw/train_images/295fdc964f6e.png,processed/geometric_384/train/295fdc964f6e.png
2967e578939f,2,train,raw/train_images/2967e578939f.png,processed/geometric_384/train/2967e578939f.png
2974c6ad1d58,0,train,raw/train_images/2974c6ad1d58.png,processed/geometric_384/train/2974c6ad1d58.png
299086c6d1b5,3,train,raw/train_images/299086c6d1b5.png,processed/geometric_384/train/299086c6d1b5.png
2994f17f58a5,1,train,raw/train_images/2994f17f58a5.png,processed/geometric_384/train/2994f17f58a5.png
29a13e666266,0,test,raw/train_images/29a13e666266.png,processed/geometric_384/test/29a13e666266.png
29b52f64d2db,1,train,raw/train_images/29b52f64d2db.png,processed/geometric_384/train/29b52f64d2db.png
29bc0e721cfe,4,validation,raw/train_images/29bc0e721cfe.png,processed/geometric_384/validation/29bc0e721cfe.png
29d059522fa1,0,train,raw/train_images/29d059522fa1.png,processed/geometric_384/train/29d059522fa1.png
29f44aea93a4,2,train,raw/train_images/29f44aea93a4.png,processed/geometric_384/train/29f44aea93a4.png
29f9e1ac9507,0,train,raw/train_images/29f9e1ac9507.png,processed/geometric_384/train/29f9e1ac9507.png
2a08ed6bbcbc,1,train,raw/train_images/2a08ed6bbcbc.png,processed/geometric_384/train/2a08ed6bbcbc.png
2a099b247b10,2,train,raw/train_images/2a099b247b10.png,processed/geometric_384/train/2a099b247b10.png
2a2274bcb00a,0,train,raw/train_images/2a2274bcb00a.png,processed/geometric_384/train/2a2274bcb00a.png
2a2a6435f7f3,0,train,raw/train_images/2a2a6435f7f3.png,processed/geometric_384/train/2a2a6435f7f3.png
2a3378bcfbcc,2,train,raw/train_images/2a3378bcfbcc.png,processed/geometric_384/train/2a3378bcfbcc.png
2a3a1ed1c285,2,train,raw/train_images/2a3a1ed1c285.png,processed/geometric_384/train/2a3a1ed1c285.png
2a4520f1f9a3,0,train,raw/train_images/2a4520f1f9a3.png,processed/geometric_384/train/2a4520f1f9a3.png
2a47e5b21791,2,train,raw/train_images/2a47e5b21791.png,processed/geometric_384/train/2a47e5b21791.png
2a5a8b744f08,2,train,raw/train_images/2a5a8b744f08.png,processed/geometric_384/train/2a5a8b744f08.png
2a7373eeb352,0,validation,raw/train_images/2a7373eeb352.png,processed/geometric_384/validation/2a7373eeb352.png
2a8a9e957a6c,1,train,raw/train_images/2a8a9e957a6c.png,processed/geometric_384/train/2a8a9e957a6c.png
2a93334f663a,0,test,raw/train_images/2a93334f663a.png,processed/geometric_384/test/2a93334f663a.png
2af1bf226f51,2,validation,raw/train_images/2af1bf226f51.png,processed/geometric_384/validation/2af1bf226f51.png
2b074afdf626,2,train,raw/train_images/2b074afdf626.png,processed/geometric_384/train/2b074afdf626.png
2b07790a2422,2,train,raw/train_images/2b07790a2422.png,processed/geometric_384/train/2b07790a2422.png
2b10f138e67d,0,train,raw/train_images/2b10f138e67d.png,processed/geometric_384/train/2b10f138e67d.png
2b2f5a0f880d,0,train,raw/train_images/2b2f5a0f880d.png,processed/geometric_384/train/2b2f5a0f880d.png
2b3a4a81d748,0,test,raw/train_images/2b3a4a81d748.png,processed/geometric_384/test/2b3a4a81d748.png
2b48daf24be0,3,validation,raw/train_images/2b48daf24be0.png,processed/geometric_384/validation/2b48daf24be0.png
2b4c7b5f1f1e,0,train,raw/train_images/2b4c7b5f1f1e.png,processed/geometric_384/train/2b4c7b5f1f1e.png
2b5bb6d33959,0,train,raw/train_images/2b5bb6d33959.png,processed/geometric_384/train/2b5bb6d33959.png
2b88cb6e31cd,2,train,raw/train_images/2b88cb6e31cd.png,processed/geometric_384/train/2b88cb6e31cd.png
2ba0b0d9bda2,2,train,raw/train_images/2ba0b0d9bda2.png,processed/geometric_384/train/2ba0b0d9bda2.png
2bb063318cf1,3,test,raw/train_images/2bb063318cf1.png,processed/geometric_384/test/2bb063318cf1.png
2bb3c492d6d3,0,train,raw/train_images/2bb3c492d6d3.png,processed/geometric_384/train/2bb3c492d6d3.png
2bbcfdc477db,4,train,raw/train_images/2bbcfdc477db.png,processed/geometric_384/train/2bbcfdc477db.png
2bbd1f99ecc3,3,train,raw/train_images/2bbd1f99ecc3.png,processed/geometric_384/train/2bbd1f99ecc3.png
2bd4d4fbed5c,2,train,raw/train_images/2bd4d4fbed5c.png,processed/geometric_384/train/2bd4d4fbed5c.png
2c1d5be654dd,2,train,raw/train_images/2c1d5be654dd.png,processed/geometric_384/train/2c1d5be654dd.png
2c77bf969079,0,train,raw/train_images/2c77bf969079.png,processed/geometric_384/train/2c77bf969079.png
2c8101f14723,0,train,raw/train_images/2c8101f14723.png,processed/geometric_384/train/2c8101f14723.png
2c827005b8f8,0,validation,raw/train_images/2c827005b8f8.png,processed/geometric_384/validation/2c827005b8f8.png
2c9dfc270f1b,0,train,raw/train_images/2c9dfc270f1b.png,processed/geometric_384/train/2c9dfc270f1b.png
2cacdb0dffae,0,train,raw/train_images/2cacdb0dffae.png,processed/geometric_384/train/2cacdb0dffae.png
2cbfc6182ba2,2,train,raw/train_images/2cbfc6182ba2.png,processed/geometric_384/train/2cbfc6182ba2.png
2cceb07ff706,2,train,raw/train_images/2cceb07ff706.png,processed/geometric_384/train/2cceb07ff706.png
2cdcc910778d,0,test,raw/train_images/2cdcc910778d.png,processed/geometric_384/test/2cdcc910778d.png
2cef97083e6f,2,train,raw/train_images/2cef97083e6f.png,processed/geometric_384/train/2cef97083e6f.png
2cf18033da31,0,validation,raw/train_images/2cf18033da31.png,processed/geometric_384/validation/2cf18033da31.png
2cfe8703f265,0,train,raw/train_images/2cfe8703f265.png,processed/geometric_384/train/2cfe8703f265.png
2d04cead4d3a,0,train,raw/train_images/2d04cead4d3a.png,processed/geometric_384/train/2d04cead4d3a.png
2d07162a13b1,0,train,raw/train_images/2d07162a13b1.png,processed/geometric_384/train/2d07162a13b1.png
2d3f4094c08a,0,test,raw/train_images/2d3f4094c08a.png,processed/geometric_384/test/2d3f4094c08a.png
2d552318eb07,2,train,raw/train_images/2d552318eb07.png,processed/geometric_384/train/2d552318eb07.png
2d558de2cabe,0,train,raw/train_images/2d558de2cabe.png,processed/geometric_384/train/2d558de2cabe.png
2d7666b8884f,1,train,raw/train_images/2d7666b8884f.png,processed/geometric_384/train/2d7666b8884f.png
2d870833c0c9,2,train,raw/train_images/2d870833c0c9.png,processed/geometric_384/train/2d870833c0c9.png
2d9d97a6e713,1,train,raw/train_images/2d9d97a6e713.png,processed/geometric_384/train/2d9d97a6e713.png
2da82d14e1b7,0,test,raw/train_images/2da82d14e1b7.png,processed/geometric_384/test/2da82d14e1b7.png
2db0cd3e30da,0,validation,raw/train_images/2db0cd3e30da.png,processed/geometric_384/validation/2db0cd3e30da.png
2dc647e00ad3,0,train,raw/train_images/2dc647e00ad3.png,processed/geometric_384/train/2dc647e00ad3.png
2dd28ac497d2,0,train,raw/train_images/2dd28ac497d2.png,processed/geometric_384/train/2dd28ac497d2.png
2e26762daed5,2,train,raw/train_images/2e26762daed5.png,processed/geometric_384/train/2e26762daed5.png
2e79041ef722,2,train,raw/train_images/2e79041ef722.png,processed/geometric_384/train/2e79041ef722.png
2eba4279e503,0,train,raw/train_images/2eba4279e503.png,processed/geometric_384/train/2eba4279e503.png
2ecbc2e3f239,1,train,raw/train_images/2ecbc2e3f239.png,processed/geometric_384/train/2ecbc2e3f239.png
2ef10194e80d,0,train,raw/train_images/2ef10194e80d.png,processed/geometric_384/train/2ef10194e80d.png
2ef4a04aed1b,0,train,raw/train_images/2ef4a04aed1b.png,processed/geometric_384/train/2ef4a04aed1b.png
2ef955d6d9ff,0,train,raw/train_images/2ef955d6d9ff.png,processed/geometric_384/train/2ef955d6d9ff.png
2f143453bb71,0,validation,raw/train_images/2f143453bb71.png,processed/geometric_384/validation/2f143453bb71.png
2f2e1949ad56,1,train,raw/train_images/2f2e1949ad56.png,processed/geometric_384/train/2f2e1949ad56.png
2f42e20db938,3,train,raw/train_images/2f42e20db938.png,processed/geometric_384/train/2f42e20db938.png
2f4e81787d9b,1,validation,raw/train_images/2f4e81787d9b.png,processed/geometric_384/validation/2f4e81787d9b.png
2f5c9cdfb333,2,train,raw/train_images/2f5c9cdfb333.png,processed/geometric_384/train/2f5c9cdfb333.png
2f7fbdcc9a4b,0,train,raw/train_images/2f7fbdcc9a4b.png,processed/geometric_384/train/2f7fbdcc9a4b.png
2f81ee5f2926,0,train,raw/train_images/2f81ee5f2926.png,processed/geometric_384/train/2f81ee5f2926.png
2f8d14a7d390,0,train,raw/train_images/2f8d14a7d390.png,processed/geometric_384/train/2f8d14a7d390.png
2f9b66784109,2,train,raw/train_images/2f9b66784109.png,processed/geometric_384/train/2f9b66784109.png
2fb3a8606a77,2,train,raw/train_images/2fb3a8606a77.png,processed/geometric_384/train/2fb3a8606a77.png
2fde69f20585,4,train,raw/train_images/2fde69f20585.png,processed/geometric_384/train/2fde69f20585.png
2fdfb80ea53c,0,validation,raw/train_images/2fdfb80ea53c.png,processed/geometric_384/validation/2fdfb80ea53c.png
2fdffb6160a6,2,validation,raw/train_images/2fdffb6160a6.png,processed/geometric_384/validation/2fdffb6160a6.png
2fe06bedb2c4,4,train,raw/train_images/2fe06bedb2c4.png,processed/geometric_384/train/2fe06bedb2c4.png
2fefb720869a,0,validation,raw/train_images/2fefb720869a.png,processed/geometric_384/validation/2fefb720869a.png
300305ce82d2,2,validation,raw/train_images/300305ce82d2.png,processed/geometric_384/validation/300305ce82d2.png
30263a7d5609,0,train,raw/train_images/30263a7d5609.png,processed/geometric_384/train/30263a7d5609.png
302bcdb635ff,2,train,raw/train_images/302bcdb635ff.png,processed/geometric_384/train/302bcdb635ff.png
306c841af3fc,0,train,raw/train_images/306c841af3fc.png,processed/geometric_384/train/306c841af3fc.png
3079490a4b9c,0,train,raw/train_images/3079490a4b9c.png,processed/geometric_384/train/3079490a4b9c.png
308f7fce6f0d,2,test,raw/train_images/308f7fce6f0d.png,processed/geometric_384/test/308f7fce6f0d.png
30941b65348b,1,train,raw/train_images/30941b65348b.png,processed/geometric_384/train/30941b65348b.png
30db694bee42,0,train,raw/train_images/30db694bee42.png,processed/geometric_384/train/30db694bee42.png
310c27067ac0,2,train,raw/train_images/310c27067ac0.png,processed/geometric_384/train/310c27067ac0.png
312694ea8e6a,4,train,raw/train_images/312694ea8e6a.png,processed/geometric_384/train/312694ea8e6a.png
3128eb593012,2,train,raw/train_images/3128eb593012.png,processed/geometric_384/train/3128eb593012.png
3132556f5352,0,train,raw/train_images/3132556f5352.png,processed/geometric_384/train/3132556f5352.png
31360e44ac64,0,validation,raw/train_images/31360e44ac64.png,processed/geometric_384/validation/31360e44ac64.png
31452ad8808c,2,train,raw/train_images/31452ad8808c.png,processed/geometric_384/train/31452ad8808c.png
314862758acf,2,train,raw/train_images/314862758acf.png,processed/geometric_384/train/314862758acf.png
315c1a0d87fd,0,test,raw/train_images/315c1a0d87fd.png,processed/geometric_384/test/315c1a0d87fd.png
31616ff6b53b,3,train,raw/train_images/31616ff6b53b.png,processed/geometric_384/train/31616ff6b53b.png
3178559fbf57,0,train,raw/train_images/3178559fbf57.png,processed/geometric_384/train/3178559fbf57.png
318eb706a134,0,test,raw/train_images/318eb706a134.png,processed/geometric_384/test/318eb706a134.png
31b5d6fb0256,2,validation,raw/train_images/31b5d6fb0256.png,processed/geometric_384/validation/31b5d6fb0256.png
31cb39681f6a,1,train,raw/train_images/31cb39681f6a.png,processed/geometric_384/train/31cb39681f6a.png
3206171db5be,4,validation,raw/train_images/3206171db5be.png,processed/geometric_384/validation/3206171db5be.png
3218a6d8eb2c,3,validation,raw/train_images/3218a6d8eb2c.png,processed/geometric_384/validation/3218a6d8eb2c.png
3232b34cbe99,0,train,raw/train_images/3232b34cbe99.png,processed/geometric_384/train/3232b34cbe99.png
3246f07e65b4,2,train,raw/train_images/3246f07e65b4.png,processed/geometric_384/train/3246f07e65b4.png
3254e48c8aa0,0,train,raw/train_images/3254e48c8aa0.png,processed/geometric_384/train/3254e48c8aa0.png
3286073a976e,0,train,raw/train_images/3286073a976e.png,processed/geometric_384/train/3286073a976e.png
328d141ed3aa,0,train,raw/train_images/328d141ed3aa.png,processed/geometric_384/train/328d141ed3aa.png
32a3eb37ff40,2,test,raw/train_images/32a3eb37ff40.png,processed/geometric_384/test/32a3eb37ff40.png
32d7d360d891,0,train,raw/train_images/32d7d360d891.png,processed/geometric_384/train/32d7d360d891.png
32ed318235b8,0,train,raw/train_images/32ed318235b8.png,processed/geometric_384/train/32ed318235b8.png
331121c65e88,0,validation,raw/train_images/331121c65e88.png,processed/geometric_384/validation/331121c65e88.png
331b87d1b9d1,2,train,raw/train_images/331b87d1b9d1.png,processed/geometric_384/train/331b87d1b9d1.png
3323fd59782e,0,train,raw/train_images/3323fd59782e.png,processed/geometric_384/train/3323fd59782e.png
3325b1fe55d2,0,train,raw/train_images/3325b1fe55d2.png,processed/geometric_384/train/3325b1fe55d2.png
33596a635b53,0,train,raw/train_images/33596a635b53.png,processed/geometric_384/train/33596a635b53.png
338326891d84,0,train,raw/train_images/338326891d84.png,processed/geometric_384/train/338326891d84.png
33b893e18eb3,1,train,raw/train_images/33b893e18eb3.png,processed/geometric_384/train/33b893e18eb3.png
33b91def2035,0,train,raw/train_images/33b91def2035.png,processed/geometric_384/train/33b91def2035.png
33b978734eab,0,test,raw/train_images/33b978734eab.png,processed/geometric_384/test/33b978734eab.png
33d72035c27a,0,train,raw/train_images/33d72035c27a.png,processed/geometric_384/train/33d72035c27a.png
33e7bf536fc5,0,train,raw/train_images/33e7bf536fc5.png,processed/geometric_384/train/33e7bf536fc5.png
33e8e26a75d4,2,train,raw/train_images/33e8e26a75d4.png,processed/geometric_384/train/33e8e26a75d4.png
33ffddea8c6e,1,train,raw/train_images/33ffddea8c6e.png,processed/geometric_384/train/33ffddea8c6e.png
3402124408ea,2,train,raw/train_images/3402124408ea.png,processed/geometric_384/train/3402124408ea.png
3428230bf1bd,2,train,raw/train_images/3428230bf1bd.png,processed/geometric_384/train/3428230bf1bd.png
342edf9b889d,0,train,raw/train_images/342edf9b889d.png,processed/geometric_384/train/342edf9b889d.png
345b1f0abbba,0,train,raw/train_images/345b1f0abbba.png,processed/geometric_384/train/345b1f0abbba.png
3461dc601cc2,1,train,raw/train_images/3461dc601cc2.png,processed/geometric_384/train/3461dc601cc2.png
34723fae6475,2,train,raw/train_images/34723fae6475.png,processed/geometric_384/train/34723fae6475.png
348598d01e18,0,train,raw/train_images/348598d01e18.png,processed/geometric_384/train/348598d01e18.png
3486f7096276,0,train,raw/train_images/3486f7096276.png,processed/geometric_384/train/3486f7096276.png
349f3c0ac83e,2,train,raw/train_images/349f3c0ac83e.png,processed/geometric_384/train/349f3c0ac83e.png
34a7dbd3f05c,0,test,raw/train_images/34a7dbd3f05c.png,processed/geometric_384/test/34a7dbd3f05c.png
34acae864963,0,train,raw/train_images/34acae864963.png,processed/geometric_384/train/34acae864963.png
351e842842a2,0,train,raw/train_images/351e842842a2.png,processed/geometric_384/train/351e842842a2.png
352e4a939242,3,test,raw/train_images/352e4a939242.png,processed/geometric_384/test/352e4a939242.png
35362d43e753,0,train,raw/train_images/35362d43e753.png,processed/geometric_384/train/35362d43e753.png
354b8911d6ed,2,train,raw/train_images/354b8911d6ed.png,processed/geometric_384/train/354b8911d6ed.png
356304d15a5c,0,train,raw/train_images/356304d15a5c.png,processed/geometric_384/train/356304d15a5c.png
35777eb7859d,0,validation,raw/train_images/35777eb7859d.png,processed/geometric_384/validation/35777eb7859d.png
357f02a779d7,0,test,raw/train_images/357f02a779d7.png,processed/geometric_384/test/357f02a779d7.png
3580a545016d,0,train,raw/train_images/3580a545016d.png,processed/geometric_384/train/3580a545016d.png
358d2224de73,1,test,raw/train_images/358d2224de73.png,processed/geometric_384/test/358d2224de73.png
3599029efeb3,0,train,raw/train_images/3599029efeb3.png,processed/geometric_384/train/3599029efeb3.png
359bab5d784b,0,train,raw/train_images/359bab5d784b.png,processed/geometric_384/train/359bab5d784b.png
35ac70c0d08f,0,train,raw/train_images/35ac70c0d08f.png,processed/geometric_384/train/35ac70c0d08f.png
35beb47fe159,0,train,raw/train_images/35beb47fe159.png,processed/geometric_384/train/35beb47fe159.png
35cd9832fc0a,0,train,raw/train_images/35cd9832fc0a.png,processed/geometric_384/train/35cd9832fc0a.png
35d6c4c50072,1,train,raw/train_images/35d6c4c50072.png,processed/geometric_384/train/35d6c4c50072.png
35df2bc6ae95,0,train,raw/train_images/35df2bc6ae95.png,processed/geometric_384/train/35df2bc6ae95.png
3601dac9bed7,0,train,raw/train_images/3601dac9bed7.png,processed/geometric_384/train/3601dac9bed7.png
36041171f441,1,train,raw/train_images/36041171f441.png,processed/geometric_384/train/36041171f441.png
360832d84ce0,0,train,raw/train_images/360832d84ce0.png,processed/geometric_384/train/360832d84ce0.png
362c4a96cebb,2,validation,raw/train_images/362c4a96cebb.png,processed/geometric_384/validation/362c4a96cebb.png
365f8c01d994,1,validation,raw/train_images/365f8c01d994.png,processed/geometric_384/validation/365f8c01d994.png
36677b70b1ef,1,test,raw/train_images/36677b70b1ef.png,processed/geometric_384/test/36677b70b1ef.png
367c7049929c,2,test,raw/train_images/367c7049929c.png,processed/geometric_384/test/367c7049929c.png
36865bbc64d6,3,train,raw/train_images/36865bbc64d6.png,processed/geometric_384/train/36865bbc64d6.png
369229040a34,0,train,raw/train_images/369229040a34.png,processed/geometric_384/train/369229040a34.png
3694e8c8e09a,0,validation,raw/train_images/3694e8c8e09a.png,processed/geometric_384/validation/3694e8c8e09a.png
36a1e3c780a0,2,train,raw/train_images/36a1e3c780a0.png,processed/geometric_384/train/36a1e3c780a0.png
36b5b3c9fb32,3,validation,raw/train_images/36b5b3c9fb32.png,processed/geometric_384/validation/36b5b3c9fb32.png
36e4b704b905,0,validation,raw/train_images/36e4b704b905.png,processed/geometric_384/validation/36e4b704b905.png
370f575adb23,0,train,raw/train_images/370f575adb23.png,processed/geometric_384/train/370f575adb23.png
3710ff45299c,0,train,raw/train_images/3710ff45299c.png,processed/geometric_384/train/3710ff45299c.png
3730c322d35b,0,train,raw/train_images/3730c322d35b.png,processed/geometric_384/train/3730c322d35b.png
3732de8b416f,0,train,raw/train_images/3732de8b416f.png,processed/geometric_384/train/3732de8b416f.png
374535e0adb8,4,train,raw/train_images/374535e0adb8.png,processed/geometric_384/train/374535e0adb8.png
3748349334f6,2,test,raw/train_images/3748349334f6.png,processed/geometric_384/test/3748349334f6.png
378963f9df22,4,train,raw/train_images/378963f9df22.png,processed/geometric_384/train/378963f9df22.png
3796af4d987a,4,train,raw/train_images/3796af4d987a.png,processed/geometric_384/train/3796af4d987a.png
37c4dfe03aba,4,train,raw/train_images/37c4dfe03aba.png,processed/geometric_384/train/37c4dfe03aba.png
37c523296d42,0,train,raw/train_images/37c523296d42.png,processed/geometric_384/train/37c523296d42.png
37de05ef12a5,2,validation,raw/train_images/37de05ef12a5.png,processed/geometric_384/validation/37de05ef12a5.png
38055d8b9f08,3,test,raw/train_images/38055d8b9f08.png,processed/geometric_384/test/38055d8b9f08.png
3810040096cb,4,test,raw/train_images/3810040096cb.png,processed/geometric_384/test/3810040096cb.png
3823acc4e464,0,train,raw/train_images/3823acc4e464.png,processed/geometric_384/train/3823acc4e464.png
382752f6694a,1,validation,raw/train_images/382752f6694a.png,processed/geometric_384/validation/382752f6694a.png
38373431d996,0,train,raw/train_images/38373431d996.png,processed/geometric_384/train/38373431d996.png
383e72af1955,3,test,raw/train_images/383e72af1955.png,processed/geometric_384/test/383e72af1955.png
384631079d1e,1,train,raw/train_images/384631079d1e.png,processed/geometric_384/train/384631079d1e.png
38487e1a5b1f,2,train,raw/train_images/38487e1a5b1f.png,processed/geometric_384/train/38487e1a5b1f.png
384db24ebbd7,0,train,raw/train_images/384db24ebbd7.png,processed/geometric_384/train/384db24ebbd7.png
384e6c915722,0,train,raw/train_images/384e6c915722.png,processed/geometric_384/train/384e6c915722.png
387138ddf43d,0,train,raw/train_images/387138ddf43d.png,processed/geometric_384/train/387138ddf43d.png
388279491b5d,0,train,raw/train_images/388279491b5d.png,processed/geometric_384/train/388279491b5d.png
388f12e8df0b,2,train,raw/train_images/388f12e8df0b.png,processed/geometric_384/train/388f12e8df0b.png
389552047476,0,validation,raw/train_images/389552047476.png,processed/geometric_384/validation/389552047476.png
38b9bb961847,1,train,raw/train_images/38b9bb961847.png,processed/geometric_384/train/38b9bb961847.png
38c7153457e2,0,train,raw/train_images/38c7153457e2.png,processed/geometric_384/train/38c7153457e2.png
38e0e28d35d3,1,train,raw/train_images/38e0e28d35d3.png,processed/geometric_384/train/38e0e28d35d3.png
38e111cac46f,2,train,raw/train_images/38e111cac46f.png,processed/geometric_384/train/38e111cac46f.png
38f1901f214a,0,train,raw/train_images/38f1901f214a.png,processed/geometric_384/train/38f1901f214a.png
3908b3cfd620,0,train,raw/train_images/3908b3cfd620.png,processed/geometric_384/train/3908b3cfd620.png
39134907127a,2,train,raw/train_images/39134907127a.png,processed/geometric_384/train/39134907127a.png
393fa5a023a5,0,train,raw/train_images/393fa5a023a5.png,processed/geometric_384/train/393fa5a023a5.png
39923b29988a,2,test,raw/train_images/39923b29988a.png,processed/geometric_384/test/39923b29988a.png
39aa3cd93c50,3,train,raw/train_images/39aa3cd93c50.png,processed/geometric_384/train/39aa3cd93c50.png
39b5b05d6cd9,2,train,raw/train_images/39b5b05d6cd9.png,processed/geometric_384/train/39b5b05d6cd9.png
39f8935185e6,0,validation,raw/train_images/39f8935185e6.png,processed/geometric_384/validation/39f8935185e6.png
39fd8ef3a45c,0,train,raw/train_images/39fd8ef3a45c.png,processed/geometric_384/train/39fd8ef3a45c.png
3a122851e526,2,validation,raw/train_images/3a122851e526.png,processed/geometric_384/validation/3a122851e526.png
3a1d3ce00f0c,2,train,raw/train_images/3a1d3ce00f0c.png,processed/geometric_384/train/3a1d3ce00f0c.png
3a1ecf5e2839,4,validation,raw/train_images/3a1ecf5e2839.png,processed/geometric_384/validation/3a1ecf5e2839.png
3a4cfea0a766,0,train,raw/train_images/3a4cfea0a766.png,processed/geometric_384/train/3a4cfea0a766.png
3a61e690f4bb,2,test,raw/train_images/3a61e690f4bb.png,processed/geometric_384/test/3a61e690f4bb.png
3a643599f852,0,validation,raw/train_images/3a643599f852.png,processed/geometric_384/validation/3a643599f852.png
3a6e9730b298,4,train,raw/train_images/3a6e9730b298.png,processed/geometric_384/train/3a6e9730b298.png
3aa2b1ce6700,2,validation,raw/train_images/3aa2b1ce6700.png,processed/geometric_384/validation/3aa2b1ce6700.png
3abac0961bfd,0,train,raw/train_images/3abac0961bfd.png,processed/geometric_384/train/3abac0961bfd.png
3ac3fbfca7d4,4,train,raw/train_images/3ac3fbfca7d4.png,processed/geometric_384/train/3ac3fbfca7d4.png
3ac92ac3d65a,0,train,raw/train_images/3ac92ac3d65a.png,processed/geometric_384/train/3ac92ac3d65a.png
3af9aaa880e9,0,test,raw/train_images/3af9aaa880e9.png,processed/geometric_384/test/3af9aaa880e9.png
3b0190bbe615,0,test,raw/train_images/3b0190bbe615.png,processed/geometric_384/test/3b0190bbe615.png
3b10191dfd25,0,train,raw/train_images/3b10191dfd25.png,processed/geometric_384/train/3b10191dfd25.png
3b185ac445d0,4,train,raw/train_images/3b185ac445d0.png,processed/geometric_384/train/3b185ac445d0.png
3b232b394e4f,4,train,raw/train_images/3b232b394e4f.png,processed/geometric_384/train/3b232b394e4f.png
3b2b91590590,0,train,raw/train_images/3b2b91590590.png,processed/geometric_384/train/3b2b91590590.png
3b4a5fcbe5e0,4,train,raw/train_images/3b4a5fcbe5e0.png,processed/geometric_384/train/3b4a5fcbe5e0.png
3b58b02c89ed,2,train,raw/train_images/3b58b02c89ed.png,processed/geometric_384/train/3b58b02c89ed.png
3b5dffe159b6,0,train,raw/train_images/3b5dffe159b6.png,processed/geometric_384/train/3b5dffe159b6.png
3b73a3a4a734,1,test,raw/train_images/3b73a3a4a734.png,processed/geometric_384/test/3b73a3a4a734.png
3b9817a39adf,0,train,raw/train_images/3b9817a39adf.png,processed/geometric_384/train/3b9817a39adf.png
3b9c1f42c2f2,2,train,raw/train_images/3b9c1f42c2f2.png,processed/geometric_384/train/3b9c1f42c2f2.png
3bf2deaa5ef0,0,test,raw/train_images/3bf2deaa5ef0.png,processed/geometric_384/test/3bf2deaa5ef0.png
3bf3085ac167,0,test,raw/train_images/3bf3085ac167.png,processed/geometric_384/test/3bf3085ac167.png
3c1efa38d0da,2,train,raw/train_images/3c1efa38d0da.png,processed/geometric_384/train/3c1efa38d0da.png
3c28fd846b43,0,validation,raw/train_images/3c28fd846b43.png,processed/geometric_384/validation/3c28fd846b43.png
3c311c9109b0,2,validation,raw/train_images/3c311c9109b0.png,processed/geometric_384/validation/3c311c9109b0.png
3c326543fff6,0,test,raw/train_images/3c326543fff6.png,processed/geometric_384/test/3c326543fff6.png
3c42512c81e0,0,validation,raw/train_images/3c42512c81e0.png,processed/geometric_384/validation/3c42512c81e0.png
3c726de3ee90,1,train,raw/train_images/3c726de3ee90.png,processed/geometric_384/train/3c726de3ee90.png
3c72f580d4ba,1,test,raw/train_images/3c72f580d4ba.png,processed/geometric_384/test/3c72f580d4ba.png
3c78bfca247b,4,train,raw/train_images/3c78bfca247b.png,processed/geometric_384/train/3c78bfca247b.png
3c9529918097,0,train,raw/train_images/3c9529918097.png,processed/geometric_384/train/3c9529918097.png
3ca12e02dd4e,0,train,raw/train_images/3ca12e02dd4e.png,processed/geometric_384/train/3ca12e02dd4e.png
3ca8be3b40d6,0,test,raw/train_images/3ca8be3b40d6.png,processed/geometric_384/test/3ca8be3b40d6.png
3cab32dd6ef9,0,test,raw/train_images/3cab32dd6ef9.png,processed/geometric_384/test/3cab32dd6ef9.png
3ccf96c1dd6d,4,train,raw/train_images/3ccf96c1dd6d.png,processed/geometric_384/train/3ccf96c1dd6d.png
3cd9713c0ecb,0,train,raw/train_images/3cd9713c0ecb.png,processed/geometric_384/train/3cd9713c0ecb.png
3cdda8b3df19,2,train,raw/train_images/3cdda8b3df19.png,processed/geometric_384/train/3cdda8b3df19.png
3cdef7c591cc,0,validation,raw/train_images/3cdef7c591cc.png,processed/geometric_384/validation/3cdef7c591cc.png
3ce2f8a77a32,0,train,raw/train_images/3ce2f8a77a32.png,processed/geometric_384/train/3ce2f8a77a32.png
3d2ecffe0386,0,train,raw/train_images/3d2ecffe0386.png,processed/geometric_384/train/3d2ecffe0386.png
3d3e288d490e,2,train,raw/train_images/3d3e288d490e.png,processed/geometric_384/train/3d3e288d490e.png
3d663a6a50a3,2,train,raw/train_images/3d663a6a50a3.png,processed/geometric_384/train/3d663a6a50a3.png
3dbc90c7ee7d,1,train,raw/train_images/3dbc90c7ee7d.png,processed/geometric_384/train/3dbc90c7ee7d.png
3de8ad4151e1,1,train,raw/train_images/3de8ad4151e1.png,processed/geometric_384/train/3de8ad4151e1.png
3dec415b188a,0,test,raw/train_images/3dec415b188a.png,processed/geometric_384/test/3dec415b188a.png
3dfc50108072,2,validation,raw/train_images/3dfc50108072.png,processed/geometric_384/validation/3dfc50108072.png
3e1f8fecb06f,2,train,raw/train_images/3e1f8fecb06f.png,processed/geometric_384/train/3e1f8fecb06f.png
3e3a3955b9c5,3,train,raw/train_images/3e3a3955b9c5.png,processed/geometric_384/train/3e3a3955b9c5.png
3e61703b5ab2,0,train,raw/train_images/3e61703b5ab2.png,processed/geometric_384/train/3e61703b5ab2.png
3e6bfc4d5c65,2,train,raw/train_images/3e6bfc4d5c65.png,processed/geometric_384/train/3e6bfc4d5c65.png
3ee17aa12e46,1,test,raw/train_images/3ee17aa12e46.png,processed/geometric_384/test/3ee17aa12e46.png
3f0d3629d69e,0,train,raw/train_images/3f0d3629d69e.png,processed/geometric_384/train/3f0d3629d69e.png
3f3de2a6b0f5,2,test,raw/train_images/3f3de2a6b0f5.png,processed/geometric_384/test/3f3de2a6b0f5.png
3f44d749cd0b,0,test,raw/train_images/3f44d749cd0b.png,processed/geometric_384/test/3f44d749cd0b.png
3f47f83217b5,2,train,raw/train_images/3f47f83217b5.png,processed/geometric_384/train/3f47f83217b5.png
3f49f8d100e9,3,train,raw/train_images/3f49f8d100e9.png,processed/geometric_384/train/3f49f8d100e9.png
3f5b4c2948e8,2,train,raw/train_images/3f5b4c2948e8.png,processed/geometric_384/train/3f5b4c2948e8.png
3f6bccf21ce8,0,test,raw/train_images/3f6bccf21ce8.png,processed/geometric_384/test/3f6bccf21ce8.png
3f6c627e2ff2,0,train,raw/train_images/3f6c627e2ff2.png,processed/geometric_384/train/3f6c627e2ff2.png
3f73c91b7e32,1,train,raw/train_images/3f73c91b7e32.png,processed/geometric_384/train/3f73c91b7e32.png
3f752fcccec0,4,train,raw/train_images/3f752fcccec0.png,processed/geometric_384/train/3f752fcccec0.png
3f82631e9080,0,train,raw/train_images/3f82631e9080.png,processed/geometric_384/train/3f82631e9080.png
3f8d5c940ba4,2,train,raw/train_images/3f8d5c940ba4.png,processed/geometric_384/train/3f8d5c940ba4.png
3f98be586fe3,0,train,raw/train_images/3f98be586fe3.png,processed/geometric_384/train/3f98be586fe3.png
3fa4f4d77177,3,train,raw/train_images/3fa4f4d77177.png,processed/geometric_384/train/3fa4f4d77177.png
3fc219927a97,2,validation,raw/train_images/3fc219927a97.png,processed/geometric_384/validation/3fc219927a97.png
3fd45879afe6,0,train,raw/train_images/3fd45879afe6.png,processed/geometric_384/train/3fd45879afe6.png
3fd7df6099e3,2,train,raw/train_images/3fd7df6099e3.png,processed/geometric_384/train/3fd7df6099e3.png
3fe282197c1c,0,test,raw/train_images/3fe282197c1c.png,processed/geometric_384/test/3fe282197c1c.png
3ffa14d60b24,2,train,raw/train_images/3ffa14d60b24.png,processed/geometric_384/train/3ffa14d60b24.png
40140a925c43,2,train,raw/train_images/40140a925c43.png,processed/geometric_384/train/40140a925c43.png
401fdfd0db07,0,train,raw/train_images/401fdfd0db07.png,processed/geometric_384/train/401fdfd0db07.png
4029d70e9d8a,1,train,raw/train_images/4029d70e9d8a.png,processed/geometric_384/train/4029d70e9d8a.png
4036471a1bb7,0,train,raw/train_images/4036471a1bb7.png,processed/geometric_384/train/4036471a1bb7.png
404ede327e98,0,train,raw/train_images/404ede327e98.png,processed/geometric_384/train/404ede327e98.png
405085b53d7b,0,train,raw/train_images/405085b53d7b.png,processed/geometric_384/train/405085b53d7b.png
40527a5e95dd,2,train,raw/train_images/40527a5e95dd.png,processed/geometric_384/train/40527a5e95dd.png
405b4f78658f,3,train,raw/train_images/405b4f78658f.png,processed/geometric_384/train/405b4f78658f.png
408ea9d5e082,4,train,raw/train_images/408ea9d5e082.png,processed/geometric_384/train/408ea9d5e082.png
40c24aded50c,0,train,raw/train_images/40c24aded50c.png,processed/geometric_384/train/40c24aded50c.png
40dd4e6e4444,0,train,raw/train_images/40dd4e6e4444.png,processed/geometric_384/train/40dd4e6e4444.png
40e9b5630438,1,test,raw/train_images/40e9b5630438.png,processed/geometric_384/test/40e9b5630438.png
41345cec5957,0,train,raw/train_images/41345cec5957.png,processed/geometric_384/train/41345cec5957.png
4134b290f5f3,0,validation,raw/train_images/4134b290f5f3.png,processed/geometric_384/validation/4134b290f5f3.png
4145dcb25053,0,train,raw/train_images/4145dcb25053.png,processed/geometric_384/train/4145dcb25053.png
4158c340fa49,0,validation,raw/train_images/4158c340fa49.png,processed/geometric_384/validation/4158c340fa49.png
415d5c5e785f,0,validation,raw/train_images/415d5c5e785f.png,processed/geometric_384/validation/415d5c5e785f.png
415f2d2bd2a1,0,test,raw/train_images/415f2d2bd2a1.png,processed/geometric_384/test/415f2d2bd2a1.png
417f408ee8e0,2,train,raw/train_images/417f408ee8e0.png,processed/geometric_384/train/417f408ee8e0.png
4189d4e631ec,2,train,raw/train_images/4189d4e631ec.png,processed/geometric_384/train/4189d4e631ec.png
419406328dcd,2,train,raw/train_images/419406328dcd.png,processed/geometric_384/train/419406328dcd.png
41960d5f58c2,0,train,raw/train_images/41960d5f58c2.png,processed/geometric_384/train/41960d5f58c2.png
41ab357d103f,0,train,raw/train_images/41ab357d103f.png,processed/geometric_384/train/41ab357d103f.png
4205e9deb058,0,train,raw/train_images/4205e9deb058.png,processed/geometric_384/train/4205e9deb058.png
4210809074c1,0,train,raw/train_images/4210809074c1.png,processed/geometric_384/train/4210809074c1.png
423abbaa5fad,2,test,raw/train_images/423abbaa5fad.png,processed/geometric_384/test/423abbaa5fad.png
4242c0d87f57,2,train,raw/train_images/4242c0d87f57.png,processed/geometric_384/train/4242c0d87f57.png
4246ed634f25,2,train,raw/train_images/4246ed634f25.png,processed/geometric_384/train/4246ed634f25.png
4276b82e4489,0,train,raw/train_images/4276b82e4489.png,processed/geometric_384/train/4276b82e4489.png
4289af3afbd2,2,train,raw/train_images/4289af3afbd2.png,processed/geometric_384/train/4289af3afbd2.png
4294a14c656a,3,train,raw/train_images/4294a14c656a.png,processed/geometric_384/train/4294a14c656a.png
42a67337fa8e,2,train,raw/train_images/42a67337fa8e.png,processed/geometric_384/train/42a67337fa8e.png
42af7282349b,0,validation,raw/train_images/42af7282349b.png,processed/geometric_384/validation/42af7282349b.png
42b08dca9b2f,2,test,raw/train_images/42b08dca9b2f.png,processed/geometric_384/test/42b08dca9b2f.png
42b93b574f23,2,train,raw/train_images/42b93b574f23.png,processed/geometric_384/train/42b93b574f23.png
42b9c1977681,0,train,raw/train_images/42b9c1977681.png,processed/geometric_384/train/42b9c1977681.png
42c65af5ab16,0,train,raw/train_images/42c65af5ab16.png,processed/geometric_384/train/42c65af5ab16.png
42cc993f23a9,3,test,raw/train_images/42cc993f23a9.png,processed/geometric_384/test/42cc993f23a9.png
4318b6adeb97,0,train,raw/train_images/4318b6adeb97.png,processed/geometric_384/train/4318b6adeb97.png
4350a1b2f3cb,0,validation,raw/train_images/4350a1b2f3cb.png,processed/geometric_384/validation/4350a1b2f3cb.png
435414ccccf7,0,train,raw/train_images/435414ccccf7.png,processed/geometric_384/train/435414ccccf7.png
4360a112db10,3,train,raw/train_images/4360a112db10.png,processed/geometric_384/train/4360a112db10.png
436e1793d240,2,train,raw/train_images/436e1793d240.png,processed/geometric_384/train/436e1793d240.png
436e7a7af761,0,train,raw/train_images/436e7a7af761.png,processed/geometric_384/train/436e7a7af761.png
436fa3fd145a,0,validation,raw/train_images/436fa3fd145a.png,processed/geometric_384/validation/436fa3fd145a.png
437900a99871,2,train,raw/train_images/437900a99871.png,processed/geometric_384/train/437900a99871.png
437cbec4a3f8,2,test,raw/train_images/437cbec4a3f8.png,processed/geometric_384/test/437cbec4a3f8.png
43823561c3f0,0,train,raw/train_images/43823561c3f0.png,processed/geometric_384/train/43823561c3f0.png
4384fa687afa,2,test,raw/train_images/4384fa687afa.png,processed/geometric_384/test/4384fa687afa.png
4393c5bc576a,1,train,raw/train_images/4393c5bc576a.png,processed/geometric_384/train/4393c5bc576a.png
43bc7c066dfb,0,train,raw/train_images/43bc7c066dfb.png,processed/geometric_384/train/43bc7c066dfb.png
43ddd0ab0cc4,2,train,raw/train_images/43ddd0ab0cc4.png,processed/geometric_384/train/43ddd0ab0cc4.png
43e9c66eb0f3,0,train,raw/train_images/43e9c66eb0f3.png,processed/geometric_384/train/43e9c66eb0f3.png
43f22d1be8dd,0,validation,raw/train_images/43f22d1be8dd.png,processed/geometric_384/validation/43f22d1be8dd.png
43fb6eda9b97,2,validation,raw/train_images/43fb6eda9b97.png,processed/geometric_384/validation/43fb6eda9b97.png
4403538fb50f,0,train,raw/train_images/4403538fb50f.png,processed/geometric_384/train/4403538fb50f.png
4409965eb2a4,0,train,raw/train_images/4409965eb2a4.png,processed/geometric_384/train/4409965eb2a4.png
441117562359,2,train,raw/train_images/441117562359.png,processed/geometric_384/train/441117562359.png
441848e0f308,0,train,raw/train_images/441848e0f308.png,processed/geometric_384/train/441848e0f308.png
441affbe99aa,2,train,raw/train_images/441affbe99aa.png,processed/geometric_384/train/441affbe99aa.png
44271f3cb18f,0,train,raw/train_images/44271f3cb18f.png,processed/geometric_384/train/44271f3cb18f.png
445a8a6da55c,0,train,raw/train_images/445a8a6da55c.png,processed/geometric_384/train/445a8a6da55c.png
4462fba1d2a1,4,train,raw/train_images/4462fba1d2a1.png,processed/geometric_384/train/4462fba1d2a1.png
4464bb62bf20,0,test,raw/train_images/4464bb62bf20.png,processed/geometric_384/test/4464bb62bf20.png
4478b870e549,2,train,raw/train_images/4478b870e549.png,processed/geometric_384/train/4478b870e549.png
44855f666225,2,train,raw/train_images/44855f666225.png,processed/geometric_384/train/44855f666225.png
44878f34e31f,0,train,raw/train_images/44878f34e31f.png,processed/geometric_384/train/44878f34e31f.png
4489d421e5aa,2,train,raw/train_images/4489d421e5aa.png,processed/geometric_384/train/4489d421e5aa.png
44976c3b11a6,0,train,raw/train_images/44976c3b11a6.png,processed/geometric_384/train/44976c3b11a6.png
44a4d04162cc,0,train,raw/train_images/44a4d04162cc.png,processed/geometric_384/train/44a4d04162cc.png
44a86263117b,0,train,raw/train_images/44a86263117b.png,processed/geometric_384/train/44a86263117b.png
44c869174e3a,2,train,raw/train_images/44c869174e3a.png,processed/geometric_384/train/44c869174e3a.png
44e0d56e9d42,2,train,raw/train_images/44e0d56e9d42.png,processed/geometric_384/train/44e0d56e9d42.png
44e951e45dca,2,train,raw/train_images/44e951e45dca.png,processed/geometric_384/train/44e951e45dca.png
44ecf3f4efa5,4,train,raw/train_images/44ecf3f4efa5.png,processed/geometric_384/train/44ecf3f4efa5.png
44f4ae58990e,2,train,raw/train_images/44f4ae58990e.png,processed/geometric_384/train/44f4ae58990e.png
44f7f3ef9d50,0,train,raw/train_images/44f7f3ef9d50.png,processed/geometric_384/train/44f7f3ef9d50.png
4528fbbd43a3,0,validation,raw/train_images/4528fbbd43a3.png,processed/geometric_384/validation/4528fbbd43a3.png
45369821d6a3,0,train,raw/train_images/45369821d6a3.png,processed/geometric_384/train/45369821d6a3.png
453a1e2754b2,2,train,raw/train_images/453a1e2754b2.png,processed/geometric_384/train/453a1e2754b2.png
453d553b0a94,2,test,raw/train_images/453d553b0a94.png,processed/geometric_384/test/453d553b0a94.png
454792eb6e05,0,train,raw/train_images/454792eb6e05.png,processed/geometric_384/train/454792eb6e05.png
454a944eb557,0,train,raw/train_images/454a944eb557.png,processed/geometric_384/train/454a944eb557.png
4554062fa836,0,train,raw/train_images/4554062fa836.png,processed/geometric_384/train/4554062fa836.png
45693d027798,0,train,raw/train_images/45693d027798.png,processed/geometric_384/train/45693d027798.png
457c7c927e27,3,validation,raw/train_images/457c7c927e27.png,processed/geometric_384/validation/457c7c927e27.png
45ae04cfde5d,2,train,raw/train_images/45ae04cfde5d.png,processed/geometric_384/train/45ae04cfde5d.png
45c39ab9e797,2,train,raw/train_images/45c39ab9e797.png,processed/geometric_384/train/45c39ab9e797.png
45e4b7eada54,1,train,raw/train_images/45e4b7eada54.png,processed/geometric_384/train/45e4b7eada54.png
460893cd86e3,2,test,raw/train_images/460893cd86e3.png,processed/geometric_384/test/460893cd86e3.png
461fa5292fda,0,train,raw/train_images/461fa5292fda.png,processed/geometric_384/train/461fa5292fda.png
462937ece243,0,train,raw/train_images/462937ece243.png,processed/geometric_384/train/462937ece243.png
465c618f7b23,2,train,raw/train_images/465c618f7b23.png,processed/geometric_384/train/465c618f7b23.png
4661006f3ba6,1,train,raw/train_images/4661006f3ba6.png,processed/geometric_384/train/4661006f3ba6.png
467b7d9d811c,2,train,raw/train_images/467b7d9d811c.png,processed/geometric_384/train/467b7d9d811c.png
4689b739d240,4,test,raw/train_images/4689b739d240.png,processed/geometric_384/test/4689b739d240.png
46923eea9a4e,2,train,raw/train_images/46923eea9a4e.png,processed/geometric_384/train/46923eea9a4e.png
46acc506fa61,0,test,raw/train_images/46acc506fa61.png,processed/geometric_384/test/46acc506fa61.png
46c1548d730e,2,train,raw/train_images/46c1548d730e.png,processed/geometric_384/train/46c1548d730e.png
46d3316c4857,4,train,raw/train_images/46d3316c4857.png,processed/geometric_384/train/46d3316c4857.png
46f56c38051f,2,train,raw/train_images/46f56c38051f.png,processed/geometric_384/train/46f56c38051f.png
4704dbb59536,0,train,raw/train_images/4704dbb59536.png,processed/geometric_384/train/4704dbb59536.png
4731e708ede3,0,train,raw/train_images/4731e708ede3.png,processed/geometric_384/train/4731e708ede3.png
475300735b7f,0,train,raw/train_images/475300735b7f.png,processed/geometric_384/train/475300735b7f.png
47536db39f00,0,test,raw/train_images/47536db39f00.png,processed/geometric_384/test/47536db39f00.png
475c7ded0f7a,2,train,raw/train_images/475c7ded0f7a.png,processed/geometric_384/train/475c7ded0f7a.png
478fc46eaa49,0,validation,raw/train_images/478fc46eaa49.png,processed/geometric_384/validation/478fc46eaa49.png
47b756014447,2,test,raw/train_images/47b756014447.png,processed/geometric_384/test/47b756014447.png
47d1603a555b,1,train,raw/train_images/47d1603a555b.png,processed/geometric_384/train/47d1603a555b.png
47e51065b819,2,test,raw/train_images/47e51065b819.png,processed/geometric_384/test/47e51065b819.png
4818672273af,2,train,raw/train_images/4818672273af.png,processed/geometric_384/train/4818672273af.png
482088e6be44,0,train,raw/train_images/482088e6be44.png,processed/geometric_384/train/482088e6be44.png
4826d10030b3,0,train,raw/train_images/4826d10030b3.png,processed/geometric_384/train/4826d10030b3.png
484dbeb9bf2a,0,test,raw/train_images/484dbeb9bf2a.png,processed/geometric_384/test/484dbeb9bf2a.png
48543037d0b3,2,train,raw/train_images/48543037d0b3.png,processed/geometric_384/train/48543037d0b3.png
4860f7813654,0,train,raw/train_images/4860f7813654.png,processed/geometric_384/train/4860f7813654.png
486e852a3b4d,0,train,raw/train_images/486e852a3b4d.png,processed/geometric_384/train/486e852a3b4d.png
48a45619d1a3,0,test,raw/train_images/48a45619d1a3.png,processed/geometric_384/test/48a45619d1a3.png
48afe8c47454,2,train,raw/train_images/48afe8c47454.png,processed/geometric_384/train/48afe8c47454.png
48c49f662f7d,2,train,raw/train_images/48c49f662f7d.png,processed/geometric_384/train/48c49f662f7d.png
48c72dec46e5,2,test,raw/train_images/48c72dec46e5.png,processed/geometric_384/test/48c72dec46e5.png
48fda42bd5d4,2,train,raw/train_images/48fda42bd5d4.png,processed/geometric_384/train/48fda42bd5d4.png
4926dea289f8,0,train,raw/train_images/4926dea289f8.png,processed/geometric_384/train/4926dea289f8.png
4927945ecfed,0,train,raw/train_images/4927945ecfed.png,processed/geometric_384/train/4927945ecfed.png
49386d603494,1,validation,raw/train_images/49386d603494.png,processed/geometric_384/validation/49386d603494.png
493d99f030e2,0,train,raw/train_images/493d99f030e2.png,processed/geometric_384/train/493d99f030e2.png
49419f8d5cb4,2,train,raw/train_images/49419f8d5cb4.png,processed/geometric_384/train/49419f8d5cb4.png
494fc9c745a3,1,train,raw/train_images/494fc9c745a3.png,processed/geometric_384/train/494fc9c745a3.png
495106ae3b68,0,train,raw/train_images/495106ae3b68.png,processed/geometric_384/train/495106ae3b68.png
495255c7492f,1,train,raw/train_images/495255c7492f.png,processed/geometric_384/train/495255c7492f.png
4958bfcc9f38,0,train,raw/train_images/4958bfcc9f38.png,processed/geometric_384/train/4958bfcc9f38.png
496155f71d0a,0,validation,raw/train_images/496155f71d0a.png,processed/geometric_384/validation/496155f71d0a.png
4982378d72f9,0,train,raw/train_images/4982378d72f9.png,processed/geometric_384/train/4982378d72f9.png
498f143c0374,3,train,raw/train_images/498f143c0374.png,processed/geometric_384/train/498f143c0374.png
499c8df39222,4,train,raw/train_images/499c8df39222.png,processed/geometric_384/train/499c8df39222.png
49a4765f8822,2,train,raw/train_images/49a4765f8822.png,processed/geometric_384/train/49a4765f8822.png
49c5e7f6b8d2,1,train,raw/train_images/49c5e7f6b8d2.png,processed/geometric_384/train/49c5e7f6b8d2.png
49d69c4c6290,2,validation,raw/train_images/49d69c4c6290.png,processed/geometric_384/validation/49d69c4c6290.png
49e4b95ee2dc,0,test,raw/train_images/49e4b95ee2dc.png,processed/geometric_384/test/49e4b95ee2dc.png
49eb73968c44,0,train,raw/train_images/49eb73968c44.png,processed/geometric_384/train/49eb73968c44.png
4a05f81b3aba,0,train,raw/train_images/4a05f81b3aba.png,processed/geometric_384/train/4a05f81b3aba.png
4a0890b08532,2,train,raw/train_images/4a0890b08532.png,processed/geometric_384/train/4a0890b08532.png
4a0bba3b7d83,2,validation,raw/train_images/4a0bba3b7d83.png,processed/geometric_384/validation/4a0bba3b7d83.png
4a1afe4044f4,0,train,raw/train_images/4a1afe4044f4.png,processed/geometric_384/train/4a1afe4044f4.png
4a213b405ee4,1,train,raw/train_images/4a213b405ee4.png,processed/geometric_384/train/4a213b405ee4.png
4a3da369b227,4,train,raw/train_images/4a3da369b227.png,processed/geometric_384/train/4a3da369b227.png
4a4cb731f91a,0,train,raw/train_images/4a4cb731f91a.png,processed/geometric_384/train/4a4cb731f91a.png
4a558a1cd243,2,validation,raw/train_images/4a558a1cd243.png,processed/geometric_384/validation/4a558a1cd243.png
4a589edaea60,0,train,raw/train_images/4a589edaea60.png,processed/geometric_384/train/4a589edaea60.png
4a5a6efc0bef,0,train,raw/train_images/4a5a6efc0bef.png,processed/geometric_384/train/4a5a6efc0bef.png
4a693dd3921a,4,test,raw/train_images/4a693dd3921a.png,processed/geometric_384/test/4a693dd3921a.png
4a7dc013e802,4,test,raw/train_images/4a7dc013e802.png,processed/geometric_384/test/4a7dc013e802.png
4a96c28f3f07,0,train,raw/train_images/4a96c28f3f07.png,processed/geometric_384/train/4a96c28f3f07.png
4aa07d720638,1,train,raw/train_images/4aa07d720638.png,processed/geometric_384/train/4aa07d720638.png
4aa3d771c5e4,0,train,raw/train_images/4aa3d771c5e4.png,processed/geometric_384/train/4aa3d771c5e4.png
4ab8c0cece7f,0,train,raw/train_images/4ab8c0cece7f.png,processed/geometric_384/train/4ab8c0cece7f.png
4abca30b676b,4,train,raw/train_images/4abca30b676b.png,processed/geometric_384/train/4abca30b676b.png
4ad6109706e8,2,train,raw/train_images/4ad6109706e8.png,processed/geometric_384/train/4ad6109706e8.png
4ad8d3ec8789,0,test,raw/train_images/4ad8d3ec8789.png,processed/geometric_384/test/4ad8d3ec8789.png
4b1001050f1d,2,test,raw/train_images/4b1001050f1d.png,processed/geometric_384/test/4b1001050f1d.png
4b237b958555,0,train,raw/train_images/4b237b958555.png,processed/geometric_384/train/4b237b958555.png
4b422b48d0d4,2,train,raw/train_images/4b422b48d0d4.png,processed/geometric_384/train/4b422b48d0d4.png
4b5ffea77373,2,validation,raw/train_images/4b5ffea77373.png,processed/geometric_384/validation/4b5ffea77373.png
4b618537d52f,3,train,raw/train_images/4b618537d52f.png,processed/geometric_384/train/4b618537d52f.png
4b6895d0cf8d,0,train,raw/train_images/4b6895d0cf8d.png,processed/geometric_384/train/4b6895d0cf8d.png
4b6cb0bcfd44,0,train,raw/train_images/4b6cb0bcfd44.png,processed/geometric_384/train/4b6cb0bcfd44.png
4bcee3cbe232,0,validation,raw/train_images/4bcee3cbe232.png,processed/geometric_384/validation/4bcee3cbe232.png
4bd5d0b30198,0,train,raw/train_images/4bd5d0b30198.png,processed/geometric_384/train/4bd5d0b30198.png
4bd941611343,4,train,raw/train_images/4bd941611343.png,processed/geometric_384/train/4bd941611343.png
4beeca5cc859,0,train,raw/train_images/4beeca5cc859.png,processed/geometric_384/train/4beeca5cc859.png
4c129470cec4,1,train,raw/train_images/4c129470cec4.png,processed/geometric_384/train/4c129470cec4.png
4c17e85686f0,0,train,raw/train_images/4c17e85686f0.png,processed/geometric_384/train/4c17e85686f0.png
4c389d033cb0,0,test,raw/train_images/4c389d033cb0.png,processed/geometric_384/test/4c389d033cb0.png
4c3c1ed09771,1,train,raw/train_images/4c3c1ed09771.png,processed/geometric_384/train/4c3c1ed09771.png
4c52922f3bfd,2,train,raw/train_images/4c52922f3bfd.png,processed/geometric_384/train/4c52922f3bfd.png
4c53cc97ea13,0,train,raw/train_images/4c53cc97ea13.png,processed/geometric_384/train/4c53cc97ea13.png
4c570172778b,3,train,raw/train_images/4c570172778b.png,processed/geometric_384/train/4c570172778b.png
4c5ab774a381,0,train,raw/train_images/4c5ab774a381.png,processed/geometric_384/train/4c5ab774a381.png
4c60b10a3a6a,3,train,raw/train_images/4c60b10a3a6a.png,processed/geometric_384/train/4c60b10a3a6a.png
4c60f6fcea75,0,train,raw/train_images/4c60f6fcea75.png,processed/geometric_384/train/4c60f6fcea75.png
4c635a01593d,0,train,raw/train_images/4c635a01593d.png,processed/geometric_384/train/4c635a01593d.png
4c6c5a1bf5ab,0,train,raw/train_images/4c6c5a1bf5ab.png,processed/geometric_384/train/4c6c5a1bf5ab.png
4c78d9d18da9,2,train,raw/train_images/4c78d9d18da9.png,processed/geometric_384/train/4c78d9d18da9.png
4c9f0fdaaef7,3,validation,raw/train_images/4c9f0fdaaef7.png,processed/geometric_384/validation/4c9f0fdaaef7.png
4cae247d9909,1,test,raw/train_images/4cae247d9909.png,processed/geometric_384/test/4cae247d9909.png
4ccee4db09b6,0,train,raw/train_images/4ccee4db09b6.png,processed/geometric_384/train/4ccee4db09b6.png
4cddfc22b0ad,0,train,raw/train_images/4cddfc22b0ad.png,processed/geometric_384/train/4cddfc22b0ad.png
4cde86044ad1,0,train,raw/train_images/4cde86044ad1.png,processed/geometric_384/train/4cde86044ad1.png
4ce74e5eb51d,2,validation,raw/train_images/4ce74e5eb51d.png,processed/geometric_384/validation/4ce74e5eb51d.png
4cf4d528c08e,0,train,raw/train_images/4cf4d528c08e.png,processed/geometric_384/train/4cf4d528c08e.png
4cfd22ae43d4,0,test,raw/train_images/4cfd22ae43d4.png,processed/geometric_384/test/4cfd22ae43d4.png
4d009cebabc9,2,train,raw/train_images/4d009cebabc9.png,processed/geometric_384/train/4d009cebabc9.png
4d167ca69ea8,0,train,raw/train_images/4d167ca69ea8.png,processed/geometric_384/train/4d167ca69ea8.png
4d17559ac1e2,0,train,raw/train_images/4d17559ac1e2.png,processed/geometric_384/train/4d17559ac1e2.png
4d1cf360b2d7,2,train,raw/train_images/4d1cf360b2d7.png,processed/geometric_384/train/4d1cf360b2d7.png
4d1e7def7624,0,train,raw/train_images/4d1e7def7624.png,processed/geometric_384/train/4d1e7def7624.png
4d21ce39c905,2,validation,raw/train_images/4d21ce39c905.png,processed/geometric_384/validation/4d21ce39c905.png
4d3de40ced3a,0,train,raw/train_images/4d3de40ced3a.png,processed/geometric_384/train/4d3de40ced3a.png
4d47300e3ddb,3,train,raw/train_images/4d47300e3ddb.png,processed/geometric_384/train/4d47300e3ddb.png
4d7d6928534a,1,train,raw/train_images/4d7d6928534a.png,processed/geometric_384/train/4d7d6928534a.png
4da2961e62fe,1,validation,raw/train_images/4da2961e62fe.png,processed/geometric_384/validation/4da2961e62fe.png
4da6e2089d57,2,validation,raw/train_images/4da6e2089d57.png,processed/geometric_384/validation/4da6e2089d57.png
4dbce359d0e1,2,train,raw/train_images/4dbce359d0e1.png,processed/geometric_384/train/4dbce359d0e1.png
4dc2211a1c31,4,train,raw/train_images/4dc2211a1c31.png,processed/geometric_384/train/4dc2211a1c31.png
4dd14c380696,0,train,raw/train_images/4dd14c380696.png,processed/geometric_384/train/4dd14c380696.png
4dd4a4bf2421,0,test,raw/train_images/4dd4a4bf2421.png,processed/geometric_384/test/4dd4a4bf2421.png
4dd5d5ccddcf,1,test,raw/train_images/4dd5d5ccddcf.png,processed/geometric_384/test/4dd5d5ccddcf.png
4dd71fc7f22b,4,train,raw/train_images/4dd71fc7f22b.png,processed/geometric_384/train/4dd71fc7f22b.png
4dd7b322f342,0,validation,raw/train_images/4dd7b322f342.png,processed/geometric_384/validation/4dd7b322f342.png
4dd9d29eae5d,1,train,raw/train_images/4dd9d29eae5d.png,processed/geometric_384/train/4dd9d29eae5d.png
4df6a81b476e,3,train,raw/train_images/4df6a81b476e.png,processed/geometric_384/train/4df6a81b476e.png
4e0656629d02,1,train,raw/train_images/4e0656629d02.png,processed/geometric_384/train/4e0656629d02.png
4e1e252317b5,0,test,raw/train_images/4e1e252317b5.png,processed/geometric_384/test/4e1e252317b5.png
4e231670b48c,0,train,raw/train_images/4e231670b48c.png,processed/geometric_384/train/4e231670b48c.png
4e43d05cc2ef,2,train,raw/train_images/4e43d05cc2ef.png,processed/geometric_384/train/4e43d05cc2ef.png
4e4a6224a04e,0,train,raw/train_images/4e4a6224a04e.png,processed/geometric_384/train/4e4a6224a04e.png
4e54ccfd49b2,0,validation,raw/train_images/4e54ccfd49b2.png,processed/geometric_384/validation/4e54ccfd49b2.png
4e6071b73120,1,train,raw/train_images/4e6071b73120.png,processed/geometric_384/train/4e6071b73120.png
4e7694eebb91,2,train,raw/train_images/4e7694eebb91.png,processed/geometric_384/train/4e7694eebb91.png
4e82c3c8d31f,1,train,raw/train_images/4e82c3c8d31f.png,processed/geometric_384/train/4e82c3c8d31f.png
4e8585a96739,0,train,raw/train_images/4e8585a96739.png,processed/geometric_384/train/4e8585a96739.png
4e85aa647534,0,validation,raw/train_images/4e85aa647534.png,processed/geometric_384/validation/4e85aa647534.png
4eabad7948cf,0,validation,raw/train_images/4eabad7948cf.png,processed/geometric_384/validation/4eabad7948cf.png
4eaf2f81819d,0,train,raw/train_images/4eaf2f81819d.png,processed/geometric_384/train/4eaf2f81819d.png
4ec7796df40e,0,train,raw/train_images/4ec7796df40e.png,processed/geometric_384/train/4ec7796df40e.png
4ecd1fdd1435,1,test,raw/train_images/4ecd1fdd1435.png,processed/geometric_384/test/4ecd1fdd1435.png
4ed31cc07366,2,train,raw/train_images/4ed31cc07366.png,processed/geometric_384/train/4ed31cc07366.png
4ee1ad981a6d,2,train,raw/train_images/4ee1ad981a6d.png,processed/geometric_384/train/4ee1ad981a6d.png
4ef0b485a7da,2,train,raw/train_images/4ef0b485a7da.png,processed/geometric_384/train/4ef0b485a7da.png
4ef16a53d899,0,train,raw/train_images/4ef16a53d899.png,processed/geometric_384/train/4ef16a53d899.png
4ef7144e24ff,1,train,raw/train_images/4ef7144e24ff.png,processed/geometric_384/train/4ef7144e24ff.png
4f0866b90c27,3,train,raw/train_images/4f0866b90c27.png,processed/geometric_384/train/4f0866b90c27.png
4f20f9a9a65b,2,train,raw/train_images/4f20f9a9a65b.png,processed/geometric_384/train/4f20f9a9a65b.png
4f46d7ee61ed,2,train,raw/train_images/4f46d7ee61ed.png,processed/geometric_384/train/4f46d7ee61ed.png
4f5dd7660b17,0,test,raw/train_images/4f5dd7660b17.png,processed/geometric_384/test/4f5dd7660b17.png
4f60129e9a5b,2,test,raw/train_images/4f60129e9a5b.png,processed/geometric_384/test/4f60129e9a5b.png
4f6abc40c72d,0,train,raw/train_images/4f6abc40c72d.png,processed/geometric_384/train/4f6abc40c72d.png
4f7755e74a9e,1,train,raw/train_images/4f7755e74a9e.png,processed/geometric_384/train/4f7755e74a9e.png
4fa26d065ad3,1,train,raw/train_images/4fa26d065ad3.png,processed/geometric_384/train/4fa26d065ad3.png
4faf4063db8c,0,validation,raw/train_images/4faf4063db8c.png,processed/geometric_384/validation/4faf4063db8c.png
4fd5ec0dca09,0,train,raw/train_images/4fd5ec0dca09.png,processed/geometric_384/train/4fd5ec0dca09.png
4fef9ed8a4c5,3,test,raw/train_images/4fef9ed8a4c5.png,processed/geometric_384/test/4fef9ed8a4c5.png
4ffa38550c95,0,test,raw/train_images/4ffa38550c95.png,processed/geometric_384/test/4ffa38550c95.png
500aad15b7c8,0,train,raw/train_images/500aad15b7c8.png,processed/geometric_384/train/500aad15b7c8.png
501c319f7a9f,0,train,raw/train_images/501c319f7a9f.png,processed/geometric_384/train/501c319f7a9f.png
504a69096fcb,0,train,raw/train_images/504a69096fcb.png,processed/geometric_384/train/504a69096fcb.png
5056fa7d505f,0,train,raw/train_images/5056fa7d505f.png,processed/geometric_384/train/5056fa7d505f.png
5069feccd866,0,validation,raw/train_images/5069feccd866.png,processed/geometric_384/validation/5069feccd866.png
5077cdb88aed,0,train,raw/train_images/5077cdb88aed.png,processed/geometric_384/train/5077cdb88aed.png
5078caaf1f57,0,train,raw/train_images/5078caaf1f57.png,processed/geometric_384/train/5078caaf1f57.png
50840c36f0b4,1,train,raw/train_images/50840c36f0b4.png,processed/geometric_384/train/50840c36f0b4.png
5090917a2676,1,test,raw/train_images/5090917a2676.png,processed/geometric_384/test/5090917a2676.png
50915e2329a1,0,train,raw/train_images/50915e2329a1.png,processed/geometric_384/train/50915e2329a1.png
50916d67bb51,0,validation,raw/train_images/50916d67bb51.png,processed/geometric_384/validation/50916d67bb51.png
50a2aef380c8,3,train,raw/train_images/50a2aef380c8.png,processed/geometric_384/train/50a2aef380c8.png
50d8249f7bc9,0,train,raw/train_images/50d8249f7bc9.png,processed/geometric_384/train/50d8249f7bc9.png
50d8a8fb7737,2,train,raw/train_images/50d8a8fb7737.png,processed/geometric_384/train/50d8a8fb7737.png
50ddd7d976df,0,validation,raw/train_images/50ddd7d976df.png,processed/geometric_384/validation/50ddd7d976df.png
50f5201fd18a,0,train,raw/train_images/50f5201fd18a.png,processed/geometric_384/train/50f5201fd18a.png
51030843fde2,2,train,raw/train_images/51030843fde2.png,processed/geometric_384/train/51030843fde2.png
510aa0a898fa,2,train,raw/train_images/510aa0a898fa.png,processed/geometric_384/train/510aa0a898fa.png
511fd66b2df8,0,validation,raw/train_images/511fd66b2df8.png,processed/geometric_384/validation/511fd66b2df8.png
51269b77d312,3,train,raw/train_images/51269b77d312.png,processed/geometric_384/train/51269b77d312.png
513b0a4651fa,1,train,raw/train_images/513b0a4651fa.png,processed/geometric_384/train/513b0a4651fa.png
51405d042000,2,train,raw/train_images/51405d042000.png,processed/geometric_384/train/51405d042000.png
5152bf091152,2,train,raw/train_images/5152bf091152.png,processed/geometric_384/train/5152bf091152.png
5173d54fc214,2,train,raw/train_images/5173d54fc214.png,processed/geometric_384/train/5173d54fc214.png
5188a8afa879,2,train,raw/train_images/5188a8afa879.png,processed/geometric_384/train/5188a8afa879.png
518e880613de,4,train,raw/train_images/518e880613de.png,processed/geometric_384/train/518e880613de.png
519c6e8f78dc,0,train,raw/train_images/519c6e8f78dc.png,processed/geometric_384/train/519c6e8f78dc.png
51a078d6d43a,0,train,raw/train_images/51a078d6d43a.png,processed/geometric_384/train/51a078d6d43a.png
51a1d162e223,4,train,raw/train_images/51a1d162e223.png,processed/geometric_384/train/51a1d162e223.png
51aa3361294c,0,test,raw/train_images/51aa3361294c.png,processed/geometric_384/test/51aa3361294c.png
51af8a689511,0,train,raw/train_images/51af8a689511.png,processed/geometric_384/train/51af8a689511.png
51af8c112682,4,train,raw/train_images/51af8c112682.png,processed/geometric_384/train/51af8c112682.png
51cd8d2057fa,0,train,raw/train_images/51cd8d2057fa.png,processed/geometric_384/train/51cd8d2057fa.png
51cfeccaf40d,2,train,raw/train_images/51cfeccaf40d.png,processed/geometric_384/train/51cfeccaf40d.png
51d0034d177d,2,train,raw/train_images/51d0034d177d.png,processed/geometric_384/train/51d0034d177d.png
51d574513bcb,2,validation,raw/train_images/51d574513bcb.png,processed/geometric_384/validation/51d574513bcb.png
51d780864365,2,train,raw/train_images/51d780864365.png,processed/geometric_384/train/51d780864365.png
51da6aebba8f,3,train,raw/train_images/51da6aebba8f.png,processed/geometric_384/train/51da6aebba8f.png
51e656e5a541,0,train,raw/train_images/51e656e5a541.png,processed/geometric_384/train/51e656e5a541.png
521b5377a727,0,train,raw/train_images/521b5377a727.png,processed/geometric_384/train/521b5377a727.png
52230bbef30e,2,validation,raw/train_images/52230bbef30e.png,processed/geometric_384/validation/52230bbef30e.png
523b3f0fc646,1,validation,raw/train_images/523b3f0fc646.png,processed/geometric_384/validation/523b3f0fc646.png
523d0c2cb4d6,2,validation,raw/train_images/523d0c2cb4d6.png,processed/geometric_384/validation/523d0c2cb4d6.png
523ff163211b,2,train,raw/train_images/523ff163211b.png,processed/geometric_384/train/523ff163211b.png
524f240e0c90,2,validation,raw/train_images/524f240e0c90.png,processed/geometric_384/validation/524f240e0c90.png
5257cb536da2,0,validation,raw/train_images/5257cb536da2.png,processed/geometric_384/validation/5257cb536da2.png
525acfea47e8,2,train,raw/train_images/525acfea47e8.png,processed/geometric_384/train/525acfea47e8.png
525d0dd8dc45,0,train,raw/train_images/525d0dd8dc45.png,processed/geometric_384/train/525d0dd8dc45.png
5264a54e1830,0,train,raw/train_images/5264a54e1830.png,processed/geometric_384/train/5264a54e1830.png
5265dc9acdf8,2,train,raw/train_images/5265dc9acdf8.png,processed/geometric_384/train/5265dc9acdf8.png
527bea76116c,2,train,raw/train_images/527bea76116c.png,processed/geometric_384/train/527bea76116c.png
52886bed8a07,2,validation,raw/train_images/52886bed8a07.png,processed/geometric_384/validation/52886bed8a07.png
5288f7441f64,0,train,raw/train_images/5288f7441f64.png,processed/geometric_384/train/5288f7441f64.png
5293576816aa,0,train,raw/train_images/5293576816aa.png,processed/geometric_384/train/5293576816aa.png
529906ff9dfa,0,validation,raw/train_images/529906ff9dfa.png,processed/geometric_384/validation/529906ff9dfa.png
5299a532f0e0,0,validation,raw/train_images/5299a532f0e0.png,processed/geometric_384/validation/5299a532f0e0.png
52ae917fcea4,1,test,raw/train_images/52ae917fcea4.png,processed/geometric_384/test/52ae917fcea4.png
52dbec057cc8,2,train,raw/train_images/52dbec057cc8.png,processed/geometric_384/train/52dbec057cc8.png
52ddde91a349,0,validation,raw/train_images/52ddde91a349.png,processed/geometric_384/validation/52ddde91a349.png
52edbe29d655,0,train,raw/train_images/52edbe29d655.png,processed/geometric_384/train/52edbe29d655.png
530d78467615,2,train,raw/train_images/530d78467615.png,processed/geometric_384/train/530d78467615.png
531b39880c32,1,train,raw/train_images/531b39880c32.png,processed/geometric_384/train/531b39880c32.png
5321ab64f9ea,0,train,raw/train_images/5321ab64f9ea.png,processed/geometric_384/train/5321ab64f9ea.png
53273d664cd8,0,train,raw/train_images/53273d664cd8.png,processed/geometric_384/train/53273d664cd8.png
5327f88a1919,2,test,raw/train_images/5327f88a1919.png,processed/geometric_384/test/5327f88a1919.png
53327edb9e4d,0,test,raw/train_images/53327edb9e4d.png,processed/geometric_384/test/53327edb9e4d.png
5347b4c8e9b3,1,train,raw/train_images/5347b4c8e9b3.png,processed/geometric_384/train/5347b4c8e9b3.png
535682537302,0,train,raw/train_images/535682537302.png,processed/geometric_384/train/535682537302.png
53704c80f0d8,1,test,raw/train_images/53704c80f0d8.png,processed/geometric_384/test/53704c80f0d8.png
537e50fdf22e,3,train,raw/train_images/537e50fdf22e.png,processed/geometric_384/train/537e50fdf22e.png
537e5c578f40,0,validation,raw/train_images/537e5c578f40.png,processed/geometric_384/validation/537e5c578f40.png
53c874dbc594,0,train,raw/train_images/53c874dbc594.png,processed/geometric_384/train/53c874dbc594.png
53ddae6a619e,0,train,raw/train_images/53ddae6a619e.png,processed/geometric_384/train/53ddae6a619e.png
53f6c1c65c04,1,test,raw/train_images/53f6c1c65c04.png,processed/geometric_384/test/53f6c1c65c04.png
54038e56131d,0,train,raw/train_images/54038e56131d.png,processed/geometric_384/train/54038e56131d.png
540e4973829e,0,test,raw/train_images/540e4973829e.png,processed/geometric_384/test/540e4973829e.png
541db13517e2,2,validation,raw/train_images/541db13517e2.png,processed/geometric_384/validation/541db13517e2.png
542964865b1e,0,test,raw/train_images/542964865b1e.png,processed/geometric_384/test/542964865b1e.png
54334705a34d,0,test,raw/train_images/54334705a34d.png,processed/geometric_384/test/54334705a34d.png
5445255635f0,0,test,raw/train_images/5445255635f0.png,processed/geometric_384/test/5445255635f0.png
545df1bbcd61,1,train,raw/train_images/545df1bbcd61.png,processed/geometric_384/train/545df1bbcd61.png
547b37da9223,2,train,raw/train_images/547b37da9223.png,processed/geometric_384/train/547b37da9223.png
5486da4273d7,2,train,raw/train_images/5486da4273d7.png,processed/geometric_384/train/5486da4273d7.png
549381330191,0,train,raw/train_images/549381330191.png,processed/geometric_384/train/549381330191.png
54b322c66d01,0,validation,raw/train_images/54b322c66d01.png,processed/geometric_384/validation/54b322c66d01.png
54bbe3da103e,2,train,raw/train_images/54bbe3da103e.png,processed/geometric_384/train/54bbe3da103e.png
54bdcdecd8f3,0,train,raw/train_images/54bdcdecd8f3.png,processed/geometric_384/train/54bdcdecd8f3.png
54cab3596214,2,train,raw/train_images/54cab3596214.png,processed/geometric_384/train/54cab3596214.png
54dc6e8107cd,2,train,raw/train_images/54dc6e8107cd.png,processed/geometric_384/train/54dc6e8107cd.png
54f57cf26126,0,train,raw/train_images/54f57cf26126.png,processed/geometric_384/train/54f57cf26126.png
55034b1dbff2,2,train,raw/train_images/55034b1dbff2.png,processed/geometric_384/train/55034b1dbff2.png
55092c0071eb,2,validation,raw/train_images/55092c0071eb.png,processed/geometric_384/validation/55092c0071eb.png
5511f114e7ee,0,train,raw/train_images/5511f114e7ee.png,processed/geometric_384/train/5511f114e7ee.png
5548a7961a3e,1,train,raw/train_images/5548a7961a3e.png,processed/geometric_384/train/5548a7961a3e.png
555d0bef3c5b,0,train,raw/train_images/555d0bef3c5b.png,processed/geometric_384/train/555d0bef3c5b.png
55968f0e63c4,0,train,raw/train_images/55968f0e63c4.png,processed/geometric_384/train/55968f0e63c4.png
55eac26bd383,1,validation,raw/train_images/55eac26bd383.png,processed/geometric_384/validation/55eac26bd383.png
55eb405ec71e,4,validation,raw/train_images/55eb405ec71e.png,processed/geometric_384/validation/55eb405ec71e.png
55f7f018c61c,0,train,raw/train_images/55f7f018c61c.png,processed/geometric_384/train/55f7f018c61c.png
55fd453001cc,2,validation,raw/train_images/55fd453001cc.png,processed/geometric_384/validation/55fd453001cc.png
5633ced07d8e,1,test,raw/train_images/5633ced07d8e.png,processed/geometric_384/test/5633ced07d8e.png
565f3404f9b2,0,train,raw/train_images/565f3404f9b2.png,processed/geometric_384/train/565f3404f9b2.png
5671eb95512b,1,validation,raw/train_images/5671eb95512b.png,processed/geometric_384/validation/5671eb95512b.png
568455854a11,0,train,raw/train_images/568455854a11.png,processed/geometric_384/train/568455854a11.png
56e56aa08362,2,validation,raw/train_images/56e56aa08362.png,processed/geometric_384/validation/56e56aa08362.png
5712e2aa73a2,1,train,raw/train_images/5712e2aa73a2.png,processed/geometric_384/train/5712e2aa73a2.png
571bbdbf585e,0,train,raw/train_images/571bbdbf585e.png,processed/geometric_384/train/571bbdbf585e.png
5723d0ec895e,2,test,raw/train_images/5723d0ec895e.png,processed/geometric_384/test/5723d0ec895e.png
5728b8aa98ef,0,test,raw/train_images/5728b8aa98ef.png,processed/geometric_384/test/5728b8aa98ef.png
573ea80a53be,0,train,raw/train_images/573ea80a53be.png,processed/geometric_384/train/573ea80a53be.png
57469423a012,2,test,raw/train_images/57469423a012.png,processed/geometric_384/test/57469423a012.png
57760be09c03,2,train,raw/train_images/57760be09c03.png,processed/geometric_384/train/57760be09c03.png
5777ef74c9ec,1,train,raw/train_images/5777ef74c9ec.png,processed/geometric_384/train/5777ef74c9ec.png
578109578b46,1,validation,raw/train_images/578109578b46.png,processed/geometric_384/validation/578109578b46.png
57a5e4274275,0,train,raw/train_images/57a5e4274275.png,processed/geometric_384/train/57a5e4274275.png
57a5f1015504,2,train,raw/train_images/57a5f1015504.png,processed/geometric_384/train/57a5f1015504.png
57a710de68a4,0,train,raw/train_images/57a710de68a4.png,processed/geometric_384/train/57a710de68a4.png
57ce57a8cfb0,2,train,raw/train_images/57ce57a8cfb0.png,processed/geometric_384/train/57ce57a8cfb0.png
57db4781e7ec,0,train,raw/train_images/57db4781e7ec.png,processed/geometric_384/train/57db4781e7ec.png
57f5ad4b5b29,0,train,raw/train_images/57f5ad4b5b29.png,processed/geometric_384/train/57f5ad4b5b29.png
57f933d3d7c7,2,train,raw/train_images/57f933d3d7c7.png,processed/geometric_384/train/57f933d3d7c7.png
58059e73d2d4,0,validation,raw/train_images/58059e73d2d4.png,processed/geometric_384/validation/58059e73d2d4.png
5814cbd2e9bf,0,train,raw/train_images/5814cbd2e9bf.png,processed/geometric_384/train/5814cbd2e9bf.png
58184d6fd087,1,validation,raw/train_images/58184d6fd087.png,processed/geometric_384/validation/58184d6fd087.png
582115961a3d,1,train,raw/train_images/582115961a3d.png,processed/geometric_384/train/582115961a3d.png
582f739b8f62,2,train,raw/train_images/582f739b8f62.png,processed/geometric_384/train/582f739b8f62.png
58529a8638d0,2,train,raw/train_images/58529a8638d0.png,processed/geometric_384/train/58529a8638d0.png
586f5c56081e,0,train,raw/train_images/586f5c56081e.png,processed/geometric_384/train/586f5c56081e.png
587146a55885,1,train,raw/train_images/587146a55885.png,processed/geometric_384/train/587146a55885.png
5879285f9d8d,1,train,raw/train_images/5879285f9d8d.png,processed/geometric_384/train/5879285f9d8d.png
5889a0c75cac,0,train,raw/train_images/5889a0c75cac.png,processed/geometric_384/train/5889a0c75cac.png
58a9e0d7f7af,0,validation,raw/train_images/58a9e0d7f7af.png,processed/geometric_384/validation/58a9e0d7f7af.png
58af2c054ced,0,train,raw/train_images/58af2c054ced.png,processed/geometric_384/train/58af2c054ced.png
58b866484a05,4,train,raw/train_images/58b866484a05.png,processed/geometric_384/train/58b866484a05.png
58c12863f33d,0,train,raw/train_images/58c12863f33d.png,processed/geometric_384/train/58c12863f33d.png
58ccba7eec9c,1,validation,raw/train_images/58ccba7eec9c.png,processed/geometric_384/validation/58ccba7eec9c.png
58eb3809f456,0,validation,raw/train_images/58eb3809f456.png,processed/geometric_384/validation/58eb3809f456.png
58f07741ee3b,0,train,raw/train_images/58f07741ee3b.png,processed/geometric_384/train/58f07741ee3b.png
5905a9b06a73,2,validation,raw/train_images/5905a9b06a73.png,processed/geometric_384/validation/5905a9b06a73.png
594f69b503ad,2,test,raw/train_images/594f69b503ad.png,processed/geometric_384/test/594f69b503ad.png
596f4fdb0004,0,test,raw/train_images/596f4fdb0004.png,processed/geometric_384/test/596f4fdb0004.png
598b8f5b3822,0,train,raw/train_images/598b8f5b3822.png,processed/geometric_384/train/598b8f5b3822.png
59928f999ae7,0,train,raw/train_images/59928f999ae7.png,processed/geometric_384/train/59928f999ae7.png
599498e9e4bc,0,train,raw/train_images/599498e9e4bc.png,processed/geometric_384/train/599498e9e4bc.png
5995321563b7,0,train,raw/train_images/5995321563b7.png,processed/geometric_384/train/5995321563b7.png
599b89048034,2,train,raw/train_images/599b89048034.png,processed/geometric_384/train/599b89048034.png
59bd19c1c5bb,0,train,raw/train_images/59bd19c1c5bb.png,processed/geometric_384/train/59bd19c1c5bb.png
59e5212f7139,1,train,raw/train_images/59e5212f7139.png,processed/geometric_384/train/59e5212f7139.png
59ee65760535,2,train,raw/train_images/59ee65760535.png,processed/geometric_384/train/59ee65760535.png
59f3f70abddd,2,train,raw/train_images/59f3f70abddd.png,processed/geometric_384/train/59f3f70abddd.png
59fee5bc3479,4,train,raw/train_images/59fee5bc3479.png,processed/geometric_384/train/59fee5bc3479.png
5a03fe3ed15c,2,train,raw/train_images/5a03fe3ed15c.png,processed/geometric_384/train/5a03fe3ed15c.png
5a091e8cd95c,1,train,raw/train_images/5a091e8cd95c.png,processed/geometric_384/train/5a091e8cd95c.png
5a0fe0ee4301,0,train,raw/train_images/5a0fe0ee4301.png,processed/geometric_384/train/5a0fe0ee4301.png
5a11d21c2828,2,train,raw/train_images/5a11d21c2828.png,processed/geometric_384/train/5a11d21c2828.png
5a179c123fd8,0,train,raw/train_images/5a179c123fd8.png,processed/geometric_384/train/5a179c123fd8.png
5a27b9b2a9c1,0,test,raw/train_images/5a27b9b2a9c1.png,processed/geometric_384/test/5a27b9b2a9c1.png
5a2c27b95c7c,2,train,raw/train_images/5a2c27b95c7c.png,processed/geometric_384/train/5a2c27b95c7c.png
5a444c32cd9a,0,train,raw/train_images/5a444c32cd9a.png,processed/geometric_384/train/5a444c32cd9a.png
5a5d3798c357,2,train,raw/train_images/5a5d3798c357.png,processed/geometric_384/train/5a5d3798c357.png
5a93c0f783c4,0,train,raw/train_images/5a93c0f783c4.png,processed/geometric_384/train/5a93c0f783c4.png
5ac7a414560e,0,train,raw/train_images/5ac7a414560e.png,processed/geometric_384/train/5ac7a414560e.png
5ad3dabeb2cd,0,train,raw/train_images/5ad3dabeb2cd.png,processed/geometric_384/train/5ad3dabeb2cd.png
5b068765e846,1,train,raw/train_images/5b068765e846.png,processed/geometric_384/train/5b068765e846.png
5b0e53f53ef3,1,train,raw/train_images/5b0e53f53ef3.png,processed/geometric_384/train/5b0e53f53ef3.png
5b1c4cefeb24,0,train,raw/train_images/5b1c4cefeb24.png,processed/geometric_384/train/5b1c4cefeb24.png
5b2648ad455e,0,train,raw/train_images/5b2648ad455e.png,processed/geometric_384/train/5b2648ad455e.png
5b301a6d1ac7,2,train,raw/train_images/5b301a6d1ac7.png,processed/geometric_384/train/5b301a6d1ac7.png
5b32ece9c627,0,train,raw/train_images/5b32ece9c627.png,processed/geometric_384/train/5b32ece9c627.png
5b3d41626ec5,0,test,raw/train_images/5b3d41626ec5.png,processed/geometric_384/test/5b3d41626ec5.png
5b3e7197ac1c,3,train,raw/train_images/5b3e7197ac1c.png,processed/geometric_384/train/5b3e7197ac1c.png
5b47043942f4,0,train,raw/train_images/5b47043942f4.png,processed/geometric_384/train/5b47043942f4.png
5b5b80a3edee,4,train,raw/train_images/5b5b80a3edee.png,processed/geometric_384/train/5b5b80a3edee.png
5b644a403e1f,2,train,raw/train_images/5b644a403e1f.png,processed/geometric_384/train/5b644a403e1f.png
5b72ff04333d,1,train,raw/train_images/5b72ff04333d.png,processed/geometric_384/train/5b72ff04333d.png
5b76117c4bcb,4,train,raw/train_images/5b76117c4bcb.png,processed/geometric_384/train/5b76117c4bcb.png
5b804948e35f,1,train,raw/train_images/5b804948e35f.png,processed/geometric_384/train/5b804948e35f.png
5b994ff78547,0,train,raw/train_images/5b994ff78547.png,processed/geometric_384/train/5b994ff78547.png
5ba156a35ff2,0,train,raw/train_images/5ba156a35ff2.png,processed/geometric_384/train/5ba156a35ff2.png
5baed382f062,0,test,raw/train_images/5baed382f062.png,processed/geometric_384/test/5baed382f062.png
5bda2ed09e62,4,test,raw/train_images/5bda2ed09e62.png,processed/geometric_384/test/5bda2ed09e62.png
5bea250d8bf5,0,train,raw/train_images/5bea250d8bf5.png,processed/geometric_384/train/5bea250d8bf5.png
5bf3357a2823,0,train,raw/train_images/5bf3357a2823.png,processed/geometric_384/train/5bf3357a2823.png
5bf6f2958e53,0,validation,raw/train_images/5bf6f2958e53.png,processed/geometric_384/validation/5bf6f2958e53.png
5c6194562ed2,2,train,raw/train_images/5c6194562ed2.png,processed/geometric_384/train/5c6194562ed2.png
5c7ab966a3ee,4,train,raw/train_images/5c7ab966a3ee.png,processed/geometric_384/train/5c7ab966a3ee.png
5c817060c0ed,0,train,raw/train_images/5c817060c0ed.png,processed/geometric_384/train/5c817060c0ed.png
5c8482926a08,2,train,raw/train_images/5c8482926a08.png,processed/geometric_384/train/5c8482926a08.png
5c85d22bd0de,0,train,raw/train_images/5c85d22bd0de.png,processed/geometric_384/train/5c85d22bd0de.png
5ca73d28f17f,0,validation,raw/train_images/5ca73d28f17f.png,processed/geometric_384/validation/5ca73d28f17f.png
5ca779ace6e7,0,train,raw/train_images/5ca779ace6e7.png,processed/geometric_384/train/5ca779ace6e7.png
5cab3ef4b31c,1,test,raw/train_images/5cab3ef4b31c.png,processed/geometric_384/test/5cab3ef4b31c.png
5cbe88914a72,0,train,raw/train_images/5cbe88914a72.png,processed/geometric_384/train/5cbe88914a72.png
5cc6dea19614,2,test,raw/train_images/5cc6dea19614.png,processed/geometric_384/test/5cc6dea19614.png
5cde55f745af,2,train,raw/train_images/5cde55f745af.png,processed/geometric_384/train/5cde55f745af.png
5ce5eeaf757a,0,validation,raw/train_images/5ce5eeaf757a.png,processed/geometric_384/validation/5ce5eeaf757a.png
5cf9127f251a,2,test,raw/train_images/5cf9127f251a.png,processed/geometric_384/test/5cf9127f251a.png
5d024177e214,2,train,raw/train_images/5d024177e214.png,processed/geometric_384/train/5d024177e214.png
5d3c8c1f57da,0,train,raw/train_images/5d3c8c1f57da.png,processed/geometric_384/train/5d3c8c1f57da.png
5d4e5fd34d91,0,train,raw/train_images/5d4e5fd34d91.png,processed/geometric_384/train/5d4e5fd34d91.png
5d5b5da5f939,0,train,raw/train_images/5d5b5da5f939.png,processed/geometric_384/train/5d5b5da5f939.png
5d6239c0fd39,0,train,raw/train_images/5d6239c0fd39.png,processed/geometric_384/train/5d6239c0fd39.png
5d74f98d62be,4,train,raw/train_images/5d74f98d62be.png,processed/geometric_384/train/5d74f98d62be.png
5d9c841eb245,0,train,raw/train_images/5d9c841eb245.png,processed/geometric_384/train/5d9c841eb245.png
5db2e3a4594a,0,test,raw/train_images/5db2e3a4594a.png,processed/geometric_384/test/5db2e3a4594a.png
5db895d3f1fc,0,train,raw/train_images/5db895d3f1fc.png,processed/geometric_384/train/5db895d3f1fc.png
5dc23e440de3,2,test,raw/train_images/5dc23e440de3.png,processed/geometric_384/test/5dc23e440de3.png
5dd2e26fc244,4,train,raw/train_images/5dd2e26fc244.png,processed/geometric_384/train/5dd2e26fc244.png
5de4615a5161,0,train,raw/train_images/5de4615a5161.png,processed/geometric_384/train/5de4615a5161.png
5e18af29d812,2,train,raw/train_images/5e18af29d812.png,processed/geometric_384/train/5e18af29d812.png
5e505e25cd3e,0,train,raw/train_images/5e505e25cd3e.png,processed/geometric_384/train/5e505e25cd3e.png
5e5275ddee29,0,train,raw/train_images/5e5275ddee29.png,processed/geometric_384/train/5e5275ddee29.png
5e52c9fe676f,2,train,raw/train_images/5e52c9fe676f.png,processed/geometric_384/train/5e52c9fe676f.png
5e7630f8438e,2,test,raw/train_images/5e7630f8438e.png,processed/geometric_384/test/5e7630f8438e.png
5e7cc6ab4ac4,2,train,raw/train_images/5e7cc6ab4ac4.png,processed/geometric_384/train/5e7cc6ab4ac4.png
5e97cb2b0888,0,test,raw/train_images/5e97cb2b0888.png,processed/geometric_384/test/5e97cb2b0888.png
5ea9e447bb62,0,validation,raw/train_images/5ea9e447bb62.png,processed/geometric_384/validation/5ea9e447bb62.png
5ead17e894ae,0,train,raw/train_images/5ead17e894ae.png,processed/geometric_384/train/5ead17e894ae.png
5eb8fb1aad41,0,train,raw/train_images/5eb8fb1aad41.png,processed/geometric_384/train/5eb8fb1aad41.png
5ed6dc419e4d,2,train,raw/train_images/5ed6dc419e4d.png,processed/geometric_384/train/5ed6dc419e4d.png
5efa24b03d5e,1,train,raw/train_images/5efa24b03d5e.png,processed/geometric_384/train/5efa24b03d5e.png
5f13e8a07344,3,train,raw/train_images/5f13e8a07344.png,processed/geometric_384/train/5f13e8a07344.png
5f4a8c074bd5,0,train,raw/train_images/5f4a8c074bd5.png,processed/geometric_384/train/5f4a8c074bd5.png
5f51192841f7,0,train,raw/train_images/5f51192841f7.png,processed/geometric_384/train/5f51192841f7.png
5f6db235c04d,0,train,raw/train_images/5f6db235c04d.png,processed/geometric_384/train/5f6db235c04d.png
5f70ad48a525,2,train,raw/train_images/5f70ad48a525.png,processed/geometric_384/train/5f70ad48a525.png
5fcff7280019,0,train,raw/train_images/5fcff7280019.png,processed/geometric_384/train/5fcff7280019.png
6028a575dc27,1,train,raw/train_images/6028a575dc27.png,processed/geometric_384/train/6028a575dc27.png
6061f5b7378d,3,train,raw/train_images/6061f5b7378d.png,processed/geometric_384/train/6061f5b7378d.png
606daaf0bfc7,0,validation,raw/train_images/606daaf0bfc7.png,processed/geometric_384/validation/606daaf0bfc7.png
6089fa333013,3,train,raw/train_images/6089fa333013.png,processed/geometric_384/train/6089fa333013.png
609be3ca5ddf,0,test,raw/train_images/609be3ca5ddf.png,processed/geometric_384/test/609be3ca5ddf.png
60aa4e649abf,0,test,raw/train_images/60aa4e649abf.png,processed/geometric_384/test/60aa4e649abf.png
60e269e3e188,2,test,raw/train_images/60e269e3e188.png,processed/geometric_384/test/60e269e3e188.png
60edda7b4871,0,train,raw/train_images/60edda7b4871.png,processed/geometric_384/train/60edda7b4871.png
60eeae3ba23d,2,train,raw/train_images/60eeae3ba23d.png,processed/geometric_384/train/60eeae3ba23d.png
6107a2e9f60e,0,train,raw/train_images/6107a2e9f60e.png,processed/geometric_384/train/6107a2e9f60e.png
6110ecb3bb1c,0,test,raw/train_images/6110ecb3bb1c.png,processed/geometric_384/test/6110ecb3bb1c.png
612f2df37a1d,4,train,raw/train_images/612f2df37a1d.png,processed/geometric_384/train/612f2df37a1d.png
613028ede6a0,4,train,raw/train_images/613028ede6a0.png,processed/geometric_384/train/613028ede6a0.png
613bacb35c05,1,train,raw/train_images/613bacb35c05.png,processed/geometric_384/train/613bacb35c05.png
6155cf375354,0,test,raw/train_images/6155cf375354.png,processed/geometric_384/test/6155cf375354.png
6180920bc224,0,test,raw/train_images/6180920bc224.png,processed/geometric_384/test/6180920bc224.png
6181aa9f75f4,3,train,raw/train_images/6181aa9f75f4.png,processed/geometric_384/train/6181aa9f75f4.png
6194e0fff071,4,validation,raw/train_images/6194e0fff071.png,processed/geometric_384/validation/6194e0fff071.png
61a62b1dcc36,0,test,raw/train_images/61a62b1dcc36.png,processed/geometric_384/test/61a62b1dcc36.png
61ac9b0dc6b9,2,train,raw/train_images/61ac9b0dc6b9.png,processed/geometric_384/train/61ac9b0dc6b9.png
61bbc11fe503,4,train,raw/train_images/61bbc11fe503.png,processed/geometric_384/train/61bbc11fe503.png
61bbe8db6f3a,1,test,raw/train_images/61bbe8db6f3a.png,processed/geometric_384/test/61bbe8db6f3a.png
61c2fbd16e38,2,train,raw/train_images/61c2fbd16e38.png,processed/geometric_384/train/61c2fbd16e38.png
61c667663f2f,0,train,raw/train_images/61c667663f2f.png,processed/geometric_384/train/61c667663f2f.png
61d9c88a3a4b,0,train,raw/train_images/61d9c88a3a4b.png,processed/geometric_384/train/61d9c88a3a4b.png
61da799bf0aa,0,train,raw/train_images/61da799bf0aa.png,processed/geometric_384/train/61da799bf0aa.png
61e301bd3c25,4,train,raw/train_images/61e301bd3c25.png,processed/geometric_384/train/61e301bd3c25.png
61f403fdb434,4,validation,raw/train_images/61f403fdb434.png,processed/geometric_384/validation/61f403fdb434.png
62318d514160,4,train,raw/train_images/62318d514160.png,processed/geometric_384/train/62318d514160.png
624fb7317106,2,train,raw/train_images/624fb7317106.png,processed/geometric_384/train/624fb7317106.png
628b581aa905,0,validation,raw/train_images/628b581aa905.png,processed/geometric_384/validation/628b581aa905.png
6294b378d09f,0,train,raw/train_images/6294b378d09f.png,processed/geometric_384/train/6294b378d09f.png
6298468d7d75,1,train,raw/train_images/6298468d7d75.png,processed/geometric_384/train/6298468d7d75.png
62ab144d5cee,2,train,raw/train_images/62ab144d5cee.png,processed/geometric_384/train/62ab144d5cee.png
62b4be2799ca,0,train,raw/train_images/62b4be2799ca.png,processed/geometric_384/train/62b4be2799ca.png
62b826899151,0,train,raw/train_images/62b826899151.png,processed/geometric_384/train/62b826899151.png
62cc7ddb53b6,2,train,raw/train_images/62cc7ddb53b6.png,processed/geometric_384/train/62cc7ddb53b6.png
62e6f814c8f5,2,train,raw/train_images/62e6f814c8f5.png,processed/geometric_384/train/62e6f814c8f5.png
62ecdc90dd42,2,train,raw/train_images/62ecdc90dd42.png,processed/geometric_384/train/62ecdc90dd42.png
6324d77cf926,0,train,raw/train_images/6324d77cf926.png,processed/geometric_384/train/6324d77cf926.png
63363410389a,1,train,raw/train_images/63363410389a.png,processed/geometric_384/train/63363410389a.png
633fe9dbaf39,0,train,raw/train_images/633fe9dbaf39.png,processed/geometric_384/train/633fe9dbaf39.png
6363b360aefb,2,train,raw/train_images/6363b360aefb.png,processed/geometric_384/train/6363b360aefb.png
6377e23928f6,1,test,raw/train_images/6377e23928f6.png,processed/geometric_384/test/6377e23928f6.png
639915f58a2f,0,validation,raw/train_images/639915f58a2f.png,processed/geometric_384/validation/639915f58a2f.png
63b4d030b016,4,validation,raw/train_images/63b4d030b016.png,processed/geometric_384/validation/63b4d030b016.png
63b71347e95d,0,train,raw/train_images/63b71347e95d.png,processed/geometric_384/train/63b71347e95d.png
63c0eafd6aa9,0,validation,raw/train_images/63c0eafd6aa9.png,processed/geometric_384/validation/63c0eafd6aa9.png
63c3c571b8ee,2,train,raw/train_images/63c3c571b8ee.png,processed/geometric_384/train/63c3c571b8ee.png
63c7b0265775,0,train,raw/train_images/63c7b0265775.png,processed/geometric_384/train/63c7b0265775.png
63d217b059b6,2,train,raw/train_images/63d217b059b6.png,processed/geometric_384/train/63d217b059b6.png
63e041a757eb,0,train,raw/train_images/63e041a757eb.png,processed/geometric_384/train/63e041a757eb.png
64678182d8a8,1,train,raw/train_images/64678182d8a8.png,processed/geometric_384/train/64678182d8a8.png
64a13949e879,2,train,raw/train_images/64a13949e879.png,processed/geometric_384/train/64a13949e879.png
64ac539f58cb,0,test,raw/train_images/64ac539f58cb.png,processed/geometric_384/test/64ac539f58cb.png
64b9206afb3f,0,train,raw/train_images/64b9206afb3f.png,processed/geometric_384/train/64b9206afb3f.png
64bad93fde3f,4,train,raw/train_images/64bad93fde3f.png,processed/geometric_384/train/64bad93fde3f.png
64c6c6ee0d98,0,train,raw/train_images/64c6c6ee0d98.png,processed/geometric_384/train/64c6c6ee0d98.png
64eb5a79dfdd,1,train,raw/train_images/64eb5a79dfdd.png,processed/geometric_384/train/64eb5a79dfdd.png
64fedbf97473,4,test,raw/train_images/64fedbf97473.png,processed/geometric_384/test/64fedbf97473.png
650104ede84c,0,train,raw/train_images/650104ede84c.png,processed/geometric_384/train/650104ede84c.png
6504b703c429,0,train,raw/train_images/6504b703c429.png,processed/geometric_384/train/6504b703c429.png
650fbed3fdca,2,validation,raw/train_images/650fbed3fdca.png,processed/geometric_384/validation/650fbed3fdca.png
6531070bf03c,2,train,raw/train_images/6531070bf03c.png,processed/geometric_384/train/6531070bf03c.png
653534ded339,2,train,raw/train_images/653534ded339.png,processed/geometric_384/train/653534ded339.png
655cafb4c932,1,train,raw/train_images/655cafb4c932.png,processed/geometric_384/train/655cafb4c932.png
657859f893d9,2,validation,raw/train_images/657859f893d9.png,processed/geometric_384/validation/657859f893d9.png
658ad9f09f5d,0,train,raw/train_images/658ad9f09f5d.png,processed/geometric_384/train/658ad9f09f5d.png
65a3b13ad9a0,0,validation,raw/train_images/65a3b13ad9a0.png,processed/geometric_384/validation/65a3b13ad9a0.png
65a7fe9482fe,0,train,raw/train_images/65a7fe9482fe.png,processed/geometric_384/train/65a7fe9482fe.png
65cf00be6fb4,0,train,raw/train_images/65cf00be6fb4.png,processed/geometric_384/train/65cf00be6fb4.png
65dda202653d,0,train,raw/train_images/65dda202653d.png,processed/geometric_384/train/65dda202653d.png
65e120143825,4,train,raw/train_images/65e120143825.png,processed/geometric_384/train/65e120143825.png
65e51e18242b,1,test,raw/train_images/65e51e18242b.png,processed/geometric_384/test/65e51e18242b.png
65e530ee2e79,2,train,raw/train_images/65e530ee2e79.png,processed/geometric_384/train/65e530ee2e79.png
65e6f1bd9875,0,validation,raw/train_images/65e6f1bd9875.png,processed/geometric_384/validation/65e6f1bd9875.png
65f5d2a6eb7e,0,train,raw/train_images/65f5d2a6eb7e.png,processed/geometric_384/train/65f5d2a6eb7e.png
65f69234c8a7,0,train,raw/train_images/65f69234c8a7.png,processed/geometric_384/train/65f69234c8a7.png
6630f8675a97,4,train,raw/train_images/6630f8675a97.png,processed/geometric_384/train/6630f8675a97.png
66366a90d1ef,0,train,raw/train_images/66366a90d1ef.png,processed/geometric_384/train/66366a90d1ef.png
66375b3c64db,4,test,raw/train_images/66375b3c64db.png,processed/geometric_384/test/66375b3c64db.png
66393d8c60ba,0,train,raw/train_images/66393d8c60ba.png,processed/geometric_384/train/66393d8c60ba.png
663a923d5398,2,train,raw/train_images/663a923d5398.png,processed/geometric_384/train/663a923d5398.png
66460ecab347,0,train,raw/train_images/66460ecab347.png,processed/geometric_384/train/66460ecab347.png
664b1f9a2087,4,validation,raw/train_images/664b1f9a2087.png,processed/geometric_384/validation/664b1f9a2087.png
6653ad026901,0,train,raw/train_images/6653ad026901.png,processed/geometric_384/train/6653ad026901.png
665ce639a331,1,train,raw/train_images/665ce639a331.png,processed/geometric_384/train/665ce639a331.png
6666c4f18396,2,validation,raw/train_images/6666c4f18396.png,processed/geometric_384/validation/6666c4f18396.png
668a319c2d23,0,train,raw/train_images/668a319c2d23.png,processed/geometric_384/train/668a319c2d23.png
668e853258cd,2,validation,raw/train_images/668e853258cd.png,processed/geometric_384/validation/668e853258cd.png
66a0bf258013,4,test,raw/train_images/66a0bf258013.png,processed/geometric_384/test/66a0bf258013.png
66b88a4bc474,0,test,raw/train_images/66b88a4bc474.png,processed/geometric_384/test/66b88a4bc474.png
66bae1ba227f,2,train,raw/train_images/66bae1ba227f.png,processed/geometric_384/train/66bae1ba227f.png
66bfec8d6bcd,0,train,raw/train_images/66bfec8d6bcd.png,processed/geometric_384/train/66bfec8d6bcd.png
66cd9c28e636,1,train,raw/train_images/66cd9c28e636.png,processed/geometric_384/train/66cd9c28e636.png
66d2ca47aa44,2,train,raw/train_images/66d2ca47aa44.png,processed/geometric_384/train/66d2ca47aa44.png
6733544ae7a6,2,train,raw/train_images/6733544ae7a6.png,processed/geometric_384/train/6733544ae7a6.png
6735931000ec,3,train,raw/train_images/6735931000ec.png,processed/geometric_384/train/6735931000ec.png
674057ab250c,2,train,raw/train_images/674057ab250c.png,processed/geometric_384/train/674057ab250c.png
675de69373f8,0,test,raw/train_images/675de69373f8.png,processed/geometric_384/test/675de69373f8.png
6762b2b48ea5,1,train,raw/train_images/6762b2b48ea5.png,processed/geometric_384/train/6762b2b48ea5.png
677f087cd697,1,train,raw/train_images/677f087cd697.png,processed/geometric_384/train/677f087cd697.png
67844c46bc61,2,train,raw/train_images/67844c46bc61.png,processed/geometric_384/train/67844c46bc61.png
67c03349bb31,2,train,raw/train_images/67c03349bb31.png,processed/geometric_384/train/67c03349bb31.png
67d8f94f04e0,0,train,raw/train_images/67d8f94f04e0.png,processed/geometric_384/train/67d8f94f04e0.png
67ed8cc78b97,0,train,raw/train_images/67ed8cc78b97.png,processed/geometric_384/train/67ed8cc78b97.png
67f5d89da548,1,train,raw/train_images/67f5d89da548.png,processed/geometric_384/train/67f5d89da548.png
6810410187a0,2,train,raw/train_images/6810410187a0.png,processed/geometric_384/train/6810410187a0.png
681c3c115684,2,train,raw/train_images/681c3c115684.png,processed/geometric_384/train/681c3c115684.png
682312e82ee3,0,test,raw/train_images/682312e82ee3.png,processed/geometric_384/test/682312e82ee3.png
683023cda6a5,0,validation,raw/train_images/683023cda6a5.png,processed/geometric_384/validation/683023cda6a5.png
68332fdcaa70,1,validation,raw/train_images/68332fdcaa70.png,processed/geometric_384/validation/68332fdcaa70.png
684dd88a0d49,0,train,raw/train_images/684dd88a0d49.png,processed/geometric_384/train/684dd88a0d49.png
6852f4531591,0,train,raw/train_images/6852f4531591.png,processed/geometric_384/train/6852f4531591.png
686ed1dbae20,2,train,raw/train_images/686ed1dbae20.png,processed/geometric_384/train/686ed1dbae20.png
687759336b0d,3,validation,raw/train_images/687759336b0d.png,processed/geometric_384/validation/687759336b0d.png
6889bc64ab09,2,train,raw/train_images/6889bc64ab09.png,processed/geometric_384/train/6889bc64ab09.png
68987fb159ab,0,train,raw/train_images/68987fb159ab.png,processed/geometric_384/train/68987fb159ab.png
68ddb15a74de,0,train,raw/train_images/68ddb15a74de.png,processed/geometric_384/train/68ddb15a74de.png
691eeb59b4cb,0,train,raw/train_images/691eeb59b4cb.png,processed/geometric_384/train/691eeb59b4cb.png
692e946b1f85,0,train,raw/train_images/692e946b1f85.png,processed/geometric_384/train/692e946b1f85.png
69591ebb198d,2,validation,raw/train_images/69591ebb198d.png,processed/geometric_384/validation/69591ebb198d.png
6966abf40b8c,0,train,raw/train_images/6966abf40b8c.png,processed/geometric_384/train/6966abf40b8c.png
697538183db5,3,train,raw/train_images/697538183db5.png,processed/geometric_384/train/697538183db5.png
6987804eb464,2,train,raw/train_images/6987804eb464.png,processed/geometric_384/train/6987804eb464.png
698d6e422a80,2,train,raw/train_images/698d6e422a80.png,processed/geometric_384/train/698d6e422a80.png
69b3a00927fc,0,train,raw/train_images/69b3a00927fc.png,processed/geometric_384/train/69b3a00927fc.png
69c4cbb630de,0,train,raw/train_images/69c4cbb630de.png,processed/geometric_384/train/69c4cbb630de.png
69df7ade0575,2,test,raw/train_images/69df7ade0575.png,processed/geometric_384/test/69df7ade0575.png
69f43381317b,0,train,raw/train_images/69f43381317b.png,processed/geometric_384/train/69f43381317b.png
69fff98cb32a,4,test,raw/train_images/69fff98cb32a.png,processed/geometric_384/test/69fff98cb32a.png
6a244e855d0e,3,train,raw/train_images/6a244e855d0e.png,processed/geometric_384/train/6a244e855d0e.png
6a2642131e4a,0,test,raw/train_images/6a2642131e4a.png,processed/geometric_384/test/6a2642131e4a.png
6a2c3f4ef329,0,test,raw/train_images/6a2c3f4ef329.png,processed/geometric_384/test/6a2c3f4ef329.png
6a57a3db3eff,0,train,raw/train_images/6a57a3db3eff.png,processed/geometric_384/train/6a57a3db3eff.png
6a905a7202d2,0,train,raw/train_images/6a905a7202d2.png,processed/geometric_384/train/6a905a7202d2.png
6a91eb157f47,2,train,raw/train_images/6a91eb157f47.png,processed/geometric_384/train/6a91eb157f47.png
6af071b0ac6e,0,test,raw/train_images/6af071b0ac6e.png,processed/geometric_384/test/6af071b0ac6e.png
6b07971c3bf6,1,train,raw/train_images/6b07971c3bf6.png,processed/geometric_384/train/6b07971c3bf6.png
6b128e648646,3,train,raw/train_images/6b128e648646.png,processed/geometric_384/train/6b128e648646.png
6b30767595d8,0,train,raw/train_images/6b30767595d8.png,processed/geometric_384/train/6b30767595d8.png
6b3860e8f64f,0,train,raw/train_images/6b3860e8f64f.png,processed/geometric_384/train/6b3860e8f64f.png
6b664ed2a938,0,train,raw/train_images/6b664ed2a938.png,processed/geometric_384/train/6b664ed2a938.png
6b66b0e86f7e,0,train,raw/train_images/6b66b0e86f7e.png,processed/geometric_384/train/6b66b0e86f7e.png
6b7cf869622a,2,validation,raw/train_images/6b7cf869622a.png,processed/geometric_384/validation/6b7cf869622a.png
6b869f37cdf3,2,train,raw/train_images/6b869f37cdf3.png,processed/geometric_384/train/6b869f37cdf3.png
6b91e99c9408,0,train,raw/train_images/6b91e99c9408.png,processed/geometric_384/train/6b91e99c9408.png
6ba5ed791444,2,train,raw/train_images/6ba5ed791444.png,processed/geometric_384/train/6ba5ed791444.png
6baafa56895c,3,test,raw/train_images/6baafa56895c.png,processed/geometric_384/test/6baafa56895c.png
6bb30ec3231a,0,train,raw/train_images/6bb30ec3231a.png,processed/geometric_384/train/6bb30ec3231a.png
6bcce181be65,0,test,raw/train_images/6bcce181be65.png,processed/geometric_384/test/6bcce181be65.png
6bf26b777e3a,0,train,raw/train_images/6bf26b777e3a.png,processed/geometric_384/train/6bf26b777e3a.png
6bf2a81a5d91,0,train,raw/train_images/6bf2a81a5d91.png,processed/geometric_384/train/6bf2a81a5d91.png
6c00dd8bf708,0,train,raw/train_images/6c00dd8bf708.png,processed/geometric_384/train/6c00dd8bf708.png
6c250a30593b,4,train,raw/train_images/6c250a30593b.png,processed/geometric_384/train/6c250a30593b.png
6c2555a9cae4,2,train,raw/train_images/6c2555a9cae4.png,processed/geometric_384/train/6c2555a9cae4.png
6c30dd481717,0,train,raw/train_images/6c30dd481717.png,processed/geometric_384/train/6c30dd481717.png
6c315ad3d07f,2,test,raw/train_images/6c315ad3d07f.png,processed/geometric_384/test/6c315ad3d07f.png
6c3589d7ed8d,0,train,raw/train_images/6c3589d7ed8d.png,processed/geometric_384/train/6c3589d7ed8d.png
6c3745a222da,4,validation,raw/train_images/6c3745a222da.png,processed/geometric_384/validation/6c3745a222da.png
6c4ec95dd8ba,0,train,raw/train_images/6c4ec95dd8ba.png,processed/geometric_384/train/6c4ec95dd8ba.png
6c6505a0c637,0,train,raw/train_images/6c6505a0c637.png,processed/geometric_384/train/6c6505a0c637.png
6c6efb6b1358,1,train,raw/train_images/6c6efb6b1358.png,processed/geometric_384/train/6c6efb6b1358.png
6c9c902a97de,0,train,raw/train_images/6c9c902a97de.png,processed/geometric_384/train/6c9c902a97de.png
6cb96a6fb029,0,train,raw/train_images/6cb96a6fb029.png,processed/geometric_384/train/6cb96a6fb029.png
6cbc3dad809c,2,train,raw/train_images/6cbc3dad809c.png,processed/geometric_384/train/6cbc3dad809c.png
6ccfdb031184,0,test,raw/train_images/6ccfdb031184.png,processed/geometric_384/test/6ccfdb031184.png
6cd606dc52e9,4,train,raw/train_images/6cd606dc52e9.png,processed/geometric_384/train/6cd606dc52e9.png
6cdd0f985270,1,validation,raw/train_images/6cdd0f985270.png,processed/geometric_384/validation/6cdd0f985270.png
6cee2e148520,0,train,raw/train_images/6cee2e148520.png,processed/geometric_384/train/6cee2e148520.png
6cfb7b44ef6f,4,train,raw/train_images/6cfb7b44ef6f.png,processed/geometric_384/train/6cfb7b44ef6f.png
6cffc6c6851a,0,train,raw/train_images/6cffc6c6851a.png,processed/geometric_384/train/6cffc6c6851a.png
6d0c0531083f,3,train,raw/train_images/6d0c0531083f.png,processed/geometric_384/train/6d0c0531083f.png
6d10709053ae,0,train,raw/train_images/6d10709053ae.png,processed/geometric_384/train/6d10709053ae.png
6d259b5b4c76,4,train,raw/train_images/6d259b5b4c76.png,processed/geometric_384/train/6d259b5b4c76.png
6d292ca4c9ad,1,train,raw/train_images/6d292ca4c9ad.png,processed/geometric_384/train/6d292ca4c9ad.png
6d3d1fe6c32a,2,validation,raw/train_images/6d3d1fe6c32a.png,processed/geometric_384/validation/6d3d1fe6c32a.png
6d454444f17c,2,test,raw/train_images/6d454444f17c.png,processed/geometric_384/test/6d454444f17c.png
6d4f6c9a8406,0,train,raw/train_images/6d4f6c9a8406.png,processed/geometric_384/train/6d4f6c9a8406.png
6d5a8362dd1e,0,validation,raw/train_images/6d5a8362dd1e.png,processed/geometric_384/validation/6d5a8362dd1e.png
6d6be4cfc73f,0,test,raw/train_images/6d6be4cfc73f.png,processed/geometric_384/test/6d6be4cfc73f.png
6d6fcf49e515,0,train,raw/train_images/6d6fcf49e515.png,processed/geometric_384/train/6d6fcf49e515.png
6d7d26025122,4,train,raw/train_images/6d7d26025122.png,processed/geometric_384/train/6d7d26025122.png
6d9effbcde78,0,train,raw/train_images/6d9effbcde78.png,processed/geometric_384/train/6d9effbcde78.png
6daef3e5ca22,4,train,raw/train_images/6daef3e5ca22.png,processed/geometric_384/train/6daef3e5ca22.png
6dc0281f11e3,0,validation,raw/train_images/6dc0281f11e3.png,processed/geometric_384/validation/6dc0281f11e3.png
6dc07f968794,0,test,raw/train_images/6dc07f968794.png,processed/geometric_384/test/6dc07f968794.png
6dcde47060f9,2,train,raw/train_images/6dcde47060f9.png,processed/geometric_384/train/6dcde47060f9.png
6de39b94f634,0,validation,raw/train_images/6de39b94f634.png,processed/geometric_384/validation/6de39b94f634.png
6df8b7b6e837,0,train,raw/train_images/6df8b7b6e837.png,processed/geometric_384/train/6df8b7b6e837.png
6dfd80748e72,2,train,raw/train_images/6dfd80748e72.png,processed/geometric_384/train/6dfd80748e72.png
6e018411ba4a,0,train,raw/train_images/6e018411ba4a.png,processed/geometric_384/train/6e018411ba4a.png
6e092b306fe1,2,train,raw/train_images/6e092b306fe1.png,processed/geometric_384/train/6e092b306fe1.png
6e092caa065f,0,train,raw/train_images/6e092caa065f.png,processed/geometric_384/train/6e092caa065f.png
6e0f78e188ff,0,train,raw/train_images/6e0f78e188ff.png,processed/geometric_384/train/6e0f78e188ff.png
6e1db8711879,0,train,raw/train_images/6e1db8711879.png,processed/geometric_384/train/6e1db8711879.png
6e3526053de0,0,train,raw/train_images/6e3526053de0.png,processed/geometric_384/train/6e3526053de0.png
6e44f6d04fc9,0,train,raw/train_images/6e44f6d04fc9.png,processed/geometric_384/train/6e44f6d04fc9.png
6e68e742f5bc,2,test,raw/train_images/6e68e742f5bc.png,processed/geometric_384/test/6e68e742f5bc.png
6e73acb2cf60,4,train,raw/train_images/6e73acb2cf60.png,processed/geometric_384/train/6e73acb2cf60.png
6e861bc3bd7b,0,validation,raw/train_images/6e861bc3bd7b.png,processed/geometric_384/validation/6e861bc3bd7b.png
6e92b1c5ac8e,3,train,raw/train_images/6e92b1c5ac8e.png,processed/geometric_384/train/6e92b1c5ac8e.png
6ea07d19b4ce,1,train,raw/train_images/6ea07d19b4ce.png,processed/geometric_384/train/6ea07d19b4ce.png
6efa36d59ada,3,train,raw/train_images/6efa36d59ada.png,processed/geometric_384/train/6efa36d59ada.png
6f0463c1ff18,2,train,raw/train_images/6f0463c1ff18.png,processed/geometric_384/train/6f0463c1ff18.png
6f0e5848d9ce,0,train,raw/train_images/6f0e5848d9ce.png,processed/geometric_384/train/6f0e5848d9ce.png
6f3b62e5b7f5,0,train,raw/train_images/6f3b62e5b7f5.png,processed/geometric_384/train/6f3b62e5b7f5.png
6f460f9968c7,0,train,raw/train_images/6f460f9968c7.png,processed/geometric_384/train/6f460f9968c7.png
6f4719c6bb4b,4,validation,raw/train_images/6f4719c6bb4b.png,processed/geometric_384/validation/6f4719c6bb4b.png
6f4e0538d1e4,2,train,raw/train_images/6f4e0538d1e4.png,processed/geometric_384/train/6f4e0538d1e4.png
6f689fced922,0,test,raw/train_images/6f689fced922.png,processed/geometric_384/test/6f689fced922.png
6f923b60934b,4,train,raw/train_images/6f923b60934b.png,processed/geometric_384/train/6f923b60934b.png
6fb656d506b2,3,train,raw/train_images/6fb656d506b2.png,processed/geometric_384/train/6fb656d506b2.png
6fbaaf8eb67a,0,train,raw/train_images/6fbaaf8eb67a.png,processed/geometric_384/train/6fbaaf8eb67a.png
6fe4751a3b42,0,train,raw/train_images/6fe4751a3b42.png,processed/geometric_384/train/6fe4751a3b42.png
6fe67482bfae,4,train,raw/train_images/6fe67482bfae.png,processed/geometric_384/train/6fe67482bfae.png
6fe67fd7f5d1,0,train,raw/train_images/6fe67fd7f5d1.png,processed/geometric_384/train/6fe67fd7f5d1.png
702de9dcde32,4,train,raw/train_images/702de9dcde32.png,processed/geometric_384/train/702de9dcde32.png
705f508d1e42,0,train,raw/train_images/705f508d1e42.png,processed/geometric_384/train/705f508d1e42.png
709784f7fcc2,2,train,raw/train_images/709784f7fcc2.png,processed/geometric_384/train/709784f7fcc2.png
70d0392397de,0,test,raw/train_images/70d0392397de.png,processed/geometric_384/test/70d0392397de.png
70d657f8f503,4,train,raw/train_images/70d657f8f503.png,processed/geometric_384/train/70d657f8f503.png
70ed3ec68b94,2,validation,raw/train_images/70ed3ec68b94.png,processed/geometric_384/validation/70ed3ec68b94.png
70f5caf5f305,2,train,raw/train_images/70f5caf5f305.png,processed/geometric_384/train/70f5caf5f305.png
7102f29e052e,2,train,raw/train_images/7102f29e052e.png,processed/geometric_384/train/7102f29e052e.png
710b05a96e0f,4,train,raw/train_images/710b05a96e0f.png,processed/geometric_384/train/710b05a96e0f.png
7116128c65ab,1,test,raw/train_images/7116128c65ab.png,processed/geometric_384/test/7116128c65ab.png
711d1480d2e3,2,test,raw/train_images/711d1480d2e3.png,processed/geometric_384/test/711d1480d2e3.png
7131bf4c9e6f,0,test,raw/train_images/7131bf4c9e6f.png,processed/geometric_384/test/7131bf4c9e6f.png
7179f85bfd6f,0,train,raw/train_images/7179f85bfd6f.png,processed/geometric_384/train/7179f85bfd6f.png
71a39c660432,3,test,raw/train_images/71a39c660432.png,processed/geometric_384/test/71a39c660432.png
71c1a3cdbe47,1,validation,raw/train_images/71c1a3cdbe47.png,processed/geometric_384/validation/71c1a3cdbe47.png
71c22da3d6c6,0,validation,raw/train_images/71c22da3d6c6.png,processed/geometric_384/validation/71c22da3d6c6.png
71e4130bf5c8,2,train,raw/train_images/71e4130bf5c8.png,processed/geometric_384/train/71e4130bf5c8.png
71e43b4f8ba6,0,test,raw/train_images/71e43b4f8ba6.png,processed/geometric_384/test/71e43b4f8ba6.png
71f6a6e4620a,1,train,raw/train_images/71f6a6e4620a.png,processed/geometric_384/train/71f6a6e4620a.png
720b5f62ce80,0,train,raw/train_images/720b5f62ce80.png,processed/geometric_384/train/720b5f62ce80.png
721214151233,0,train,raw/train_images/721214151233.png,processed/geometric_384/train/721214151233.png
7214fc7cbe03,0,train,raw/train_images/7214fc7cbe03.png,processed/geometric_384/train/7214fc7cbe03.png
7247a2c97f71,2,test,raw/train_images/7247a2c97f71.png,processed/geometric_384/test/7247a2c97f71.png
72595230840c,3,validation,raw/train_images/72595230840c.png,processed/geometric_384/validation/72595230840c.png
72606afaf3da,0,train,raw/train_images/72606afaf3da.png,processed/geometric_384/train/72606afaf3da.png
7269a1d84a57,0,train,raw/train_images/7269a1d84a57.png,processed/geometric_384/train/7269a1d84a57.png
726dff37edc0,0,train,raw/train_images/726dff37edc0.png,processed/geometric_384/train/726dff37edc0.png
7270367410a1,4,train,raw/train_images/7270367410a1.png,processed/geometric_384/train/7270367410a1.png
72a867980067,0,train,raw/train_images/72a867980067.png,processed/geometric_384/train/72a867980067.png
72c31aa48e2c,0,train,raw/train_images/72c31aa48e2c.png,processed/geometric_384/train/72c31aa48e2c.png
72d98188648f,4,train,raw/train_images/72d98188648f.png,processed/geometric_384/train/72d98188648f.png
731b19a460ad,2,test,raw/train_images/731b19a460ad.png,processed/geometric_384/test/731b19a460ad.png
7335a2d43ada,1,train,raw/train_images/7335a2d43ada.png,processed/geometric_384/train/7335a2d43ada.png
7347bd23ba80,0,train,raw/train_images/7347bd23ba80.png,processed/geometric_384/train/7347bd23ba80.png
7347f5133a6a,1,train,raw/train_images/7347f5133a6a.png,processed/geometric_384/train/7347f5133a6a.png
7350c50667c5,2,validation,raw/train_images/7350c50667c5.png,processed/geometric_384/validation/7350c50667c5.png
7356dd08b0ae,2,train,raw/train_images/7356dd08b0ae.png,processed/geometric_384/train/7356dd08b0ae.png
735836b1ffa6,0,train,raw/train_images/735836b1ffa6.png,processed/geometric_384/train/735836b1ffa6.png
737ef6226677,0,validation,raw/train_images/737ef6226677.png,processed/geometric_384/validation/737ef6226677.png
73881f55a3ec,1,train,raw/train_images/73881f55a3ec.png,processed/geometric_384/train/73881f55a3ec.png
73a07e2ea23e,0,test,raw/train_images/73a07e2ea23e.png,processed/geometric_384/test/73a07e2ea23e.png
73ba798fee25,0,train,raw/train_images/73ba798fee25.png,processed/geometric_384/train/73ba798fee25.png
73d40ce06a67,0,train,raw/train_images/73d40ce06a67.png,processed/geometric_384/train/73d40ce06a67.png
73e83a07a16d,2,train,raw/train_images/73e83a07a16d.png,processed/geometric_384/train/73e83a07a16d.png
73ef3c3dcbe4,0,test,raw/train_images/73ef3c3dcbe4.png,processed/geometric_384/test/73ef3c3dcbe4.png
74211a2b6dcf,0,validation,raw/train_images/74211a2b6dcf.png,processed/geometric_384/validation/74211a2b6dcf.png
7427dedafccf,1,train,raw/train_images/7427dedafccf.png,processed/geometric_384/train/7427dedafccf.png
7435e9a3e36e,0,train,raw/train_images/7435e9a3e36e.png,processed/geometric_384/train/7435e9a3e36e.png
74418f620068,2,train,raw/train_images/74418f620068.png,processed/geometric_384/train/74418f620068.png
7455e2b5fc57,2,train,raw/train_images/7455e2b5fc57.png,processed/geometric_384/train/7455e2b5fc57.png
74898f372d2b,0,test,raw/train_images/74898f372d2b.png,processed/geometric_384/test/74898f372d2b.png
74eee788edee,3,train,raw/train_images/74eee788edee.png,processed/geometric_384/train/74eee788edee.png
750e0168399d,0,train,raw/train_images/750e0168399d.png,processed/geometric_384/train/750e0168399d.png
75238d945315,0,train,raw/train_images/75238d945315.png,processed/geometric_384/train/75238d945315.png
7526c59c36d3,0,train,raw/train_images/7526c59c36d3.png,processed/geometric_384/train/7526c59c36d3.png
7526cf435753,0,train,raw/train_images/7526cf435753.png,processed/geometric_384/train/7526cf435753.png
75369248dba0,0,train,raw/train_images/75369248dba0.png,processed/geometric_384/train/75369248dba0.png
753b14c27c83,4,train,raw/train_images/753b14c27c83.png,processed/geometric_384/train/753b14c27c83.png
7550966ef777,2,validation,raw/train_images/7550966ef777.png,processed/geometric_384/validation/7550966ef777.png
7569ac24762e,0,test,raw/train_images/7569ac24762e.png,processed/geometric_384/test/7569ac24762e.png
756b0d6488bb,1,test,raw/train_images/756b0d6488bb.png,processed/geometric_384/test/756b0d6488bb.png
757572337fd0,2,train,raw/train_images/757572337fd0.png,processed/geometric_384/train/757572337fd0.png
757e39293591,0,test,raw/train_images/757e39293591.png,processed/geometric_384/test/757e39293591.png
75a071608ea6,0,train,raw/train_images/75a071608ea6.png,processed/geometric_384/train/75a071608ea6.png
75a4343b12f9,0,train,raw/train_images/75a4343b12f9.png,processed/geometric_384/train/75a4343b12f9.png
75a7bc945b7d,2,validation,raw/train_images/75a7bc945b7d.png,processed/geometric_384/validation/75a7bc945b7d.png
75c180e04f65,0,test,raw/train_images/75c180e04f65.png,processed/geometric_384/test/75c180e04f65.png
75ed83dbccce,0,train,raw/train_images/75ed83dbccce.png,processed/geometric_384/train/75ed83dbccce.png
76095c338728,0,train,raw/train_images/76095c338728.png,processed/geometric_384/train/76095c338728.png
760b6f4c6d82,2,train,raw/train_images/760b6f4c6d82.png,processed/geometric_384/train/760b6f4c6d82.png
762d6e5d5068,3,train,raw/train_images/762d6e5d5068.png,processed/geometric_384/train/762d6e5d5068.png
7635921c5efb,0,train,raw/train_images/7635921c5efb.png,processed/geometric_384/train/7635921c5efb.png
763ad1236efe,0,train,raw/train_images/763ad1236efe.png,processed/geometric_384/train/763ad1236efe.png
76516f828d88,0,train,raw/train_images/76516f828d88.png,processed/geometric_384/train/76516f828d88.png
7663aba8d762,2,test,raw/train_images/7663aba8d762.png,processed/geometric_384/test/7663aba8d762.png
767d777ee889,0,validation,raw/train_images/767d777ee889.png,processed/geometric_384/validation/767d777ee889.png
76b950c6ed5e,0,validation,raw/train_images/76b950c6ed5e.png,processed/geometric_384/validation/76b950c6ed5e.png
76bc31e0d3be,0,train,raw/train_images/76bc31e0d3be.png,processed/geometric_384/train/76bc31e0d3be.png
76be29bb30b2,1,test,raw/train_images/76be29bb30b2.png,processed/geometric_384/test/76be29bb30b2.png
76c0c7e1b6cb,2,test,raw/train_images/76c0c7e1b6cb.png,processed/geometric_384/test/76c0c7e1b6cb.png
76cab26493f1,0,train,raw/train_images/76cab26493f1.png,processed/geometric_384/train/76cab26493f1.png
76cb010f7aa0,0,train,raw/train_images/76cb010f7aa0.png,processed/geometric_384/train/76cb010f7aa0.png
76df141d966b,0,train,raw/train_images/76df141d966b.png,processed/geometric_384/train/76df141d966b.png
76e589911303,1,train,raw/train_images/76e589911303.png,processed/geometric_384/train/76e589911303.png
76e5b50f95a7,0,test,raw/train_images/76e5b50f95a7.png,processed/geometric_384/test/76e5b50f95a7.png
76e6a9238570,2,validation,raw/train_images/76e6a9238570.png,processed/geometric_384/validation/76e6a9238570.png
76f3473df8a6,0,train,raw/train_images/76f3473df8a6.png,processed/geometric_384/train/76f3473df8a6.png
76fe19ff64fb,2,test,raw/train_images/76fe19ff64fb.png,processed/geometric_384/test/76fe19ff64fb.png
772af553b8b7,3,train,raw/train_images/772af553b8b7.png,processed/geometric_384/train/772af553b8b7.png
7743f4e04a6d,2,train,raw/train_images/7743f4e04a6d.png,processed/geometric_384/train/7743f4e04a6d.png
77543f66a84a,2,train,raw/train_images/77543f66a84a.png,processed/geometric_384/train/77543f66a84a.png
77a1f1398fdb,0,validation,raw/train_images/77a1f1398fdb.png,processed/geometric_384/validation/77a1f1398fdb.png
77ab222bf85c,0,test,raw/train_images/77ab222bf85c.png,processed/geometric_384/test/77ab222bf85c.png
77acc2cafee1,0,test,raw/train_images/77acc2cafee1.png,processed/geometric_384/test/77acc2cafee1.png
77b7b71ebcc3,0,train,raw/train_images/77b7b71ebcc3.png,processed/geometric_384/train/77b7b71ebcc3.png
77baa08a1345,2,train,raw/train_images/77baa08a1345.png,processed/geometric_384/train/77baa08a1345.png
77e15f213b04,0,validation,raw/train_images/77e15f213b04.png,processed/geometric_384/validation/77e15f213b04.png
77e7c7a160c8,2,test,raw/train_images/77e7c7a160c8.png,processed/geometric_384/test/77e7c7a160c8.png
77f69c7ff324,2,train,raw/train_images/77f69c7ff324.png,processed/geometric_384/train/77f69c7ff324.png
780be525036d,0,train,raw/train_images/780be525036d.png,processed/geometric_384/train/780be525036d.png
780f9c237c56,0,train,raw/train_images/780f9c237c56.png,processed/geometric_384/train/780f9c237c56.png
780f9daaa24b,0,train,raw/train_images/780f9daaa24b.png,processed/geometric_384/train/780f9daaa24b.png
7828dd083cdc,0,train,raw/train_images/7828dd083cdc.png,processed/geometric_384/train/7828dd083cdc.png
7831ce1d895e,0,train,raw/train_images/7831ce1d895e.png,processed/geometric_384/train/7831ce1d895e.png
784d6d302f98,0,train,raw/train_images/784d6d302f98.png,processed/geometric_384/train/784d6d302f98.png
785777558f05,4,test,raw/train_images/785777558f05.png,processed/geometric_384/test/785777558f05.png
7877be80901c,2,train,raw/train_images/7877be80901c.png,processed/geometric_384/train/7877be80901c.png
788ddb0b70b7,3,train,raw/train_images/788ddb0b70b7.png,processed/geometric_384/train/788ddb0b70b7.png
78937523f7a8,0,test,raw/train_images/78937523f7a8.png,processed/geometric_384/test/78937523f7a8.png
789434d095d1,4,train,raw/train_images/789434d095d1.png,processed/geometric_384/train/789434d095d1.png
789c60cba801,0,test,raw/train_images/789c60cba801.png,processed/geometric_384/test/789c60cba801.png
789f0ec1eab8,0,train,raw/train_images/789f0ec1eab8.png,processed/geometric_384/train/789f0ec1eab8.png
78a577c3e0bf,2,train,raw/train_images/78a577c3e0bf.png,processed/geometric_384/train/78a577c3e0bf.png
78b3f819dcc5,4,train,raw/train_images/78b3f819dcc5.png,processed/geometric_384/train/78b3f819dcc5.png
78bcdffb8785,1,train,raw/train_images/78bcdffb8785.png,processed/geometric_384/train/78bcdffb8785.png
78d53c82a23e,2,train,raw/train_images/78d53c82a23e.png,processed/geometric_384/train/78d53c82a23e.png
79059d0592c4,2,validation,raw/train_images/79059d0592c4.png,processed/geometric_384/validation/79059d0592c4.png
79540be95177,2,train,raw/train_images/79540be95177.png,processed/geometric_384/train/79540be95177.png
799214e8b07c,0,train,raw/train_images/799214e8b07c.png,processed/geometric_384/train/799214e8b07c.png
799cb4c816ae,2,train,raw/train_images/799cb4c816ae.png,processed/geometric_384/train/799cb4c816ae.png
79ade634c633,0,train,raw/train_images/79ade634c633.png,processed/geometric_384/train/79ade634c633.png
79be2ff796bf,2,train,raw/train_images/79be2ff796bf.png,processed/geometric_384/train/79be2ff796bf.png
79cbae28d8b2,0,train,raw/train_images/79cbae28d8b2.png,processed/geometric_384/train/79cbae28d8b2.png
79d44db3da2d,4,train,raw/train_images/79d44db3da2d.png,processed/geometric_384/train/79d44db3da2d.png
7a06ea127e02,0,train,raw/train_images/7a06ea127e02.png,processed/geometric_384/train/7a06ea127e02.png
7a0cff4c24b2,2,validation,raw/train_images/7a0cff4c24b2.png,processed/geometric_384/validation/7a0cff4c24b2.png
7a12f49e29df,0,train,raw/train_images/7a12f49e29df.png,processed/geometric_384/train/7a12f49e29df.png
7a238a1d3cf3,4,train,raw/train_images/7a238a1d3cf3.png,processed/geometric_384/train/7a238a1d3cf3.png
7a39c91416e2,0,train,raw/train_images/7a39c91416e2.png,processed/geometric_384/train/7a39c91416e2.png
7a3ea1779b13,1,train,raw/train_images/7a3ea1779b13.png,processed/geometric_384/train/7a3ea1779b13.png
7a42443ed106,0,train,raw/train_images/7a42443ed106.png,processed/geometric_384/train/7a42443ed106.png
7a46cfa69bae,0,validation,raw/train_images/7a46cfa69bae.png,processed/geometric_384/validation/7a46cfa69bae.png
7a6495a39d87,0,test,raw/train_images/7a6495a39d87.png,processed/geometric_384/test/7a6495a39d87.png
7a6e384a0846,3,train,raw/train_images/7a6e384a0846.png,processed/geometric_384/train/7a6e384a0846.png
7a77c3eb468c,0,validation,raw/train_images/7a77c3eb468c.png,processed/geometric_384/validation/7a77c3eb468c.png
7a9f45fdf29b,0,train,raw/train_images/7a9f45fdf29b.png,processed/geometric_384/train/7a9f45fdf29b.png
7aabd768abff,0,train,raw/train_images/7aabd768abff.png,processed/geometric_384/train/7aabd768abff.png
7ad0c4975890,0,validation,raw/train_images/7ad0c4975890.png,processed/geometric_384/validation/7ad0c4975890.png
7adfb8fc0621,0,train,raw/train_images/7adfb8fc0621.png,processed/geometric_384/train/7adfb8fc0621.png
7ae69d22075a,1,test,raw/train_images/7ae69d22075a.png,processed/geometric_384/test/7ae69d22075a.png
7af4d8704032,0,train,raw/train_images/7af4d8704032.png,processed/geometric_384/train/7af4d8704032.png
7b20210d9120,1,train,raw/train_images/7b20210d9120.png,processed/geometric_384/train/7b20210d9120.png
7b211d8bd249,4,train,raw/train_images/7b211d8bd249.png,processed/geometric_384/train/7b211d8bd249.png
7b29e3783919,3,train,raw/train_images/7b29e3783919.png,processed/geometric_384/train/7b29e3783919.png
7b49041cbf17,3,validation,raw/train_images/7b49041cbf17.png,processed/geometric_384/validation/7b49041cbf17.png
7b691d9ced34,0,train,raw/train_images/7b691d9ced34.png,processed/geometric_384/train/7b691d9ced34.png
7b87b0015282,0,train,raw/train_images/7b87b0015282.png,processed/geometric_384/train/7b87b0015282.png
7b8c78b41c0d,2,train,raw/train_images/7b8c78b41c0d.png,processed/geometric_384/train/7b8c78b41c0d.png
7b9d519cbd66,0,validation,raw/train_images/7b9d519cbd66.png,processed/geometric_384/validation/7b9d519cbd66.png
7ba6b23c4b46,0,train,raw/train_images/7ba6b23c4b46.png,processed/geometric_384/train/7ba6b23c4b46.png
7bc00e58d419,0,train,raw/train_images/7bc00e58d419.png,processed/geometric_384/train/7bc00e58d419.png
7bc2e0fa3f72,2,train,raw/train_images/7bc2e0fa3f72.png,processed/geometric_384/train/7bc2e0fa3f72.png
7bc4dd99eee5,4,train,raw/train_images/7bc4dd99eee5.png,processed/geometric_384/train/7bc4dd99eee5.png
7bda86d95c5b,2,test,raw/train_images/7bda86d95c5b.png,processed/geometric_384/test/7bda86d95c5b.png
7be1b9aa78aa,0,train,raw/train_images/7be1b9aa78aa.png,processed/geometric_384/train/7be1b9aa78aa.png
7c2e852171c0,0,train,raw/train_images/7c2e852171c0.png,processed/geometric_384/train/7c2e852171c0.png
7c2f820a6425,2,train,raw/train_images/7c2f820a6425.png,processed/geometric_384/train/7c2f820a6425.png
7c3747c0b2c3,0,train,raw/train_images/7c3747c0b2c3.png,processed/geometric_384/train/7c3747c0b2c3.png
7c52fe73e748,2,train,raw/train_images/7c52fe73e748.png,processed/geometric_384/train/7c52fe73e748.png
7c629b491d1a,4,validation,raw/train_images/7c629b491d1a.png,processed/geometric_384/validation/7c629b491d1a.png
7c6594b50690,0,train,raw/train_images/7c6594b50690.png,processed/geometric_384/train/7c6594b50690.png
7c90ab025331,4,train,raw/train_images/7c90ab025331.png,processed/geometric_384/train/7c90ab025331.png
7cc4b7aabe04,4,train,raw/train_images/7cc4b7aabe04.png,processed/geometric_384/train/7cc4b7aabe04.png
7ccb267fd394,1,train,raw/train_images/7ccb267fd394.png,processed/geometric_384/train/7ccb267fd394.png
7ccf9d25dc48,0,test,raw/train_images/7ccf9d25dc48.png,processed/geometric_384/test/7ccf9d25dc48.png
7ce671f952be,0,train,raw/train_images/7ce671f952be.png,processed/geometric_384/train/7ce671f952be.png
7d0a871c45db,0,train,raw/train_images/7d0a871c45db.png,processed/geometric_384/train/7d0a871c45db.png
7d11dbc1e738,0,train,raw/train_images/7d11dbc1e738.png,processed/geometric_384/train/7d11dbc1e738.png
7d1b40fdbd86,2,train,raw/train_images/7d1b40fdbd86.png,processed/geometric_384/train/7d1b40fdbd86.png
7d1da90d3ca9,2,train,raw/train_images/7d1da90d3ca9.png,processed/geometric_384/train/7d1da90d3ca9.png
7d261f986bef,2,train,raw/train_images/7d261f986bef.png,processed/geometric_384/train/7d261f986bef.png
7d37a2939f12,2,test,raw/train_images/7d37a2939f12.png,processed/geometric_384/test/7d37a2939f12.png
7d3835e4e63a,3,validation,raw/train_images/7d3835e4e63a.png,processed/geometric_384/validation/7d3835e4e63a.png
7d48f8cdfb69,0,test,raw/train_images/7d48f8cdfb69.png,processed/geometric_384/test/7d48f8cdfb69.png
7d626a7ffe76,4,train,raw/train_images/7d626a7ffe76.png,processed/geometric_384/train/7d626a7ffe76.png
7d8f67cadc29,2,train,raw/train_images/7d8f67cadc29.png,processed/geometric_384/train/7d8f67cadc29.png
7d94a000c2d0,0,train,raw/train_images/7d94a000c2d0.png,processed/geometric_384/train/7d94a000c2d0.png
7da558d92100,0,train,raw/train_images/7da558d92100.png,processed/geometric_384/train/7da558d92100.png
7ddcfcea7369,0,train,raw/train_images/7ddcfcea7369.png,processed/geometric_384/train/7ddcfcea7369.png
7dee6bf8b9c1,2,train,raw/train_images/7dee6bf8b9c1.png,processed/geometric_384/train/7dee6bf8b9c1.png
7e0598cc88a0,4,train,raw/train_images/7e0598cc88a0.png,processed/geometric_384/train/7e0598cc88a0.png
7e160c8b611e,3,train,raw/train_images/7e160c8b611e.png,processed/geometric_384/train/7e160c8b611e.png
7e4019ac7f5a,4,test,raw/train_images/7e4019ac7f5a.png,processed/geometric_384/test/7e4019ac7f5a.png
7e5a76c4e103,0,train,raw/train_images/7e5a76c4e103.png,processed/geometric_384/train/7e5a76c4e103.png
7e6e90a93aa5,2,train,raw/train_images/7e6e90a93aa5.png,processed/geometric_384/train/7e6e90a93aa5.png
7e70344b0c25,0,test,raw/train_images/7e70344b0c25.png,processed/geometric_384/test/7e70344b0c25.png
7e77b61e1639,0,train,raw/train_images/7e77b61e1639.png,processed/geometric_384/train/7e77b61e1639.png
7e9081e95bf6,0,validation,raw/train_images/7e9081e95bf6.png,processed/geometric_384/validation/7e9081e95bf6.png
7e9458de5707,2,train,raw/train_images/7e9458de5707.png,processed/geometric_384/train/7e9458de5707.png
7e980424868e,0,train,raw/train_images/7e980424868e.png,processed/geometric_384/train/7e980424868e.png
7ea756985353,1,train,raw/train_images/7ea756985353.png,processed/geometric_384/train/7ea756985353.png
7ec0e61a7e29,0,train,raw/train_images/7ec0e61a7e29.png,processed/geometric_384/train/7ec0e61a7e29.png
7ec1ffe8220b,2,train,raw/train_images/7ec1ffe8220b.png,processed/geometric_384/train/7ec1ffe8220b.png
7ed4128b2a4e,0,train,raw/train_images/7ed4128b2a4e.png,processed/geometric_384/train/7ed4128b2a4e.png
7ee6de71c140,0,train,raw/train_images/7ee6de71c140.png,processed/geometric_384/train/7ee6de71c140.png
7eeb191ad06b,0,train,raw/train_images/7eeb191ad06b.png,processed/geometric_384/train/7eeb191ad06b.png
7eee3d1f1268,0,validation,raw/train_images/7eee3d1f1268.png,processed/geometric_384/validation/7eee3d1f1268.png
7ef5ff774a48,1,train,raw/train_images/7ef5ff774a48.png,processed/geometric_384/train/7ef5ff774a48.png
7efc91af4ae6,4,train,raw/train_images/7efc91af4ae6.png,processed/geometric_384/train/7efc91af4ae6.png
7f0ffeb0a333,0,train,raw/train_images/7f0ffeb0a333.png,processed/geometric_384/train/7f0ffeb0a333.png
7f1f3269f546,0,train,raw/train_images/7f1f3269f546.png,processed/geometric_384/train/7f1f3269f546.png
7f2123bc89a3,0,train,raw/train_images/7f2123bc89a3.png,processed/geometric_384/train/7f2123bc89a3.png
7f2cce721e19,0,train,raw/train_images/7f2cce721e19.png,processed/geometric_384/train/7f2cce721e19.png
7f39c36469b5,0,train,raw/train_images/7f39c36469b5.png,processed/geometric_384/train/7f39c36469b5.png
7f43becd3e83,0,test,raw/train_images/7f43becd3e83.png,processed/geometric_384/test/7f43becd3e83.png
7f60f2a083d3,1,test,raw/train_images/7f60f2a083d3.png,processed/geometric_384/test/7f60f2a083d3.png
7f6690fa390a,0,validation,raw/train_images/7f6690fa390a.png,processed/geometric_384/validation/7f6690fa390a.png
7f6ce40f306b,2,test,raw/train_images/7f6ce40f306b.png,processed/geometric_384/test/7f6ce40f306b.png
7f84284598f5,2,train,raw/train_images/7f84284598f5.png,processed/geometric_384/train/7f84284598f5.png
7fc3a8bb40de,0,test,raw/train_images/7fc3a8bb40de.png,processed/geometric_384/test/7fc3a8bb40de.png
7fdb177b8f7d,0,train,raw/train_images/7fdb177b8f7d.png,processed/geometric_384/train/7fdb177b8f7d.png
7fe7309d0b4f,0,train,raw/train_images/7fe7309d0b4f.png,processed/geometric_384/train/7fe7309d0b4f.png
8000a6b97a84,2,train,raw/train_images/8000a6b97a84.png,processed/geometric_384/train/8000a6b97a84.png
8010c931321f,0,validation,raw/train_images/8010c931321f.png,processed/geometric_384/validation/8010c931321f.png
803120c5d287,2,validation,raw/train_images/803120c5d287.png,processed/geometric_384/validation/803120c5d287.png
807135cbc438,2,validation,raw/train_images/807135cbc438.png,processed/geometric_384/validation/807135cbc438.png
80a02014b418,1,train,raw/train_images/80a02014b418.png,processed/geometric_384/train/80a02014b418.png
80b5697f2a5e,0,test,raw/train_images/80b5697f2a5e.png,processed/geometric_384/test/80b5697f2a5e.png
80b5a9519aec,2,train,raw/train_images/80b5a9519aec.png,processed/geometric_384/train/80b5a9519aec.png
80c67efc8101,0,validation,raw/train_images/80c67efc8101.png,processed/geometric_384/validation/80c67efc8101.png
80ca40196225,3,validation,raw/train_images/80ca40196225.png,processed/geometric_384/validation/80ca40196225.png
80d24897669f,1,train,raw/train_images/80d24897669f.png,processed/geometric_384/train/80d24897669f.png
80dbeb0fdc75,0,train,raw/train_images/80dbeb0fdc75.png,processed/geometric_384/train/80dbeb0fdc75.png
80e6e425f966,0,test,raw/train_images/80e6e425f966.png,processed/geometric_384/test/80e6e425f966.png
80e7cc0a0649,3,train,raw/train_images/80e7cc0a0649.png,processed/geometric_384/train/80e7cc0a0649.png
80ed04a84a16,0,train,raw/train_images/80ed04a84a16.png,processed/geometric_384/train/80ed04a84a16.png
80f6b30ece8c,0,train,raw/train_images/80f6b30ece8c.png,processed/geometric_384/train/80f6b30ece8c.png
80feb1f7ca5e,2,train,raw/train_images/80feb1f7ca5e.png,processed/geometric_384/train/80feb1f7ca5e.png
810d3779abd9,3,train,raw/train_images/810d3779abd9.png,processed/geometric_384/train/810d3779abd9.png
810ed108f5b7,0,validation,raw/train_images/810ed108f5b7.png,processed/geometric_384/validation/810ed108f5b7.png
8114d6a160df,1,validation,raw/train_images/8114d6a160df.png,processed/geometric_384/validation/8114d6a160df.png
812d5adafaf2,2,train,raw/train_images/812d5adafaf2.png,processed/geometric_384/train/812d5adafaf2.png
81371b0c01ad,0,validation,raw/train_images/81371b0c01ad.png,processed/geometric_384/validation/81371b0c01ad.png
81704925f759,0,train,raw/train_images/81704925f759.png,processed/geometric_384/train/81704925f759.png
8185ce1cdcef,0,validation,raw/train_images/8185ce1cdcef.png,processed/geometric_384/validation/8185ce1cdcef.png
81914ceb4e74,0,test,raw/train_images/81914ceb4e74.png,processed/geometric_384/test/81914ceb4e74.png
8191ae701985,0,test,raw/train_images/8191ae701985.png,processed/geometric_384/test/8191ae701985.png
81bc03e2ff2b,2,train,raw/train_images/81bc03e2ff2b.png,processed/geometric_384/train/81bc03e2ff2b.png
81d79d53ed7b,0,train,raw/train_images/81d79d53ed7b.png,processed/geometric_384/train/81d79d53ed7b.png
8201cab8322d,3,test,raw/train_images/8201cab8322d.png,processed/geometric_384/test/8201cab8322d.png
82088c6734e6,0,train,raw/train_images/82088c6734e6.png,processed/geometric_384/train/82088c6734e6.png
821789e9053f,1,train,raw/train_images/821789e9053f.png,processed/geometric_384/train/821789e9053f.png
8241e43408a8,0,train,raw/train_images/8241e43408a8.png,processed/geometric_384/train/8241e43408a8.png
8273fdb4405e,1,test,raw/train_images/8273fdb4405e.png,processed/geometric_384/test/8273fdb4405e.png
82910bba4753,2,train,raw/train_images/82910bba4753.png,processed/geometric_384/train/82910bba4753.png
82ac8463fadd,1,validation,raw/train_images/82ac8463fadd.png,processed/geometric_384/validation/82ac8463fadd.png
82bb8a01935f,4,test,raw/train_images/82bb8a01935f.png,processed/geometric_384/test/82bb8a01935f.png
82d364726a58,0,validation,raw/train_images/82d364726a58.png,processed/geometric_384/validation/82d364726a58.png
82deb07a6618,2,train,raw/train_images/82deb07a6618.png,processed/geometric_384/train/82deb07a6618.png
82e5bc01f8a4,0,train,raw/train_images/82e5bc01f8a4.png,processed/geometric_384/train/82e5bc01f8a4.png
82f2784ead76,2,train,raw/train_images/82f2784ead76.png,processed/geometric_384/train/82f2784ead76.png
83038ca49b6d,0,train,raw/train_images/83038ca49b6d.png,processed/geometric_384/train/83038ca49b6d.png
830e297965a1,0,test,raw/train_images/830e297965a1.png,processed/geometric_384/test/830e297965a1.png
8329e80c10ac,0,train,raw/train_images/8329e80c10ac.png,processed/geometric_384/train/8329e80c10ac.png
8344c783da65,0,validation,raw/train_images/8344c783da65.png,processed/geometric_384/validation/8344c783da65.png
83517eaeccb9,0,validation,raw/train_images/83517eaeccb9.png,processed/geometric_384/validation/83517eaeccb9.png
835b9f6e12ba,0,train,raw/train_images/835b9f6e12ba.png,processed/geometric_384/train/835b9f6e12ba.png
837acf120946,0,test,raw/train_images/837acf120946.png,processed/geometric_384/test/837acf120946.png
838b3e4d0bb4,0,train,raw/train_images/838b3e4d0bb4.png,processed/geometric_384/train/838b3e4d0bb4.png
838c87c63422,4,train,raw/train_images/838c87c63422.png,processed/geometric_384/train/838c87c63422.png
83a63c4a3e4a,0,train,raw/train_images/83a63c4a3e4a.png,processed/geometric_384/train/83a63c4a3e4a.png
83b61051737f,2,train,raw/train_images/83b61051737f.png,processed/geometric_384/train/83b61051737f.png
83d6e40c869f,2,train,raw/train_images/83d6e40c869f.png,processed/geometric_384/train/83d6e40c869f.png
83d81ba5959c,0,train,raw/train_images/83d81ba5959c.png,processed/geometric_384/train/83d81ba5959c.png
83df53d58f28,0,train,raw/train_images/83df53d58f28.png,processed/geometric_384/train/83df53d58f28.png
83e529e95b0e,1,train,raw/train_images/83e529e95b0e.png,processed/geometric_384/train/83e529e95b0e.png
83fda7c0500b,0,train,raw/train_images/83fda7c0500b.png,processed/geometric_384/train/83fda7c0500b.png
840527bc6628,2,train,raw/train_images/840527bc6628.png,processed/geometric_384/train/840527bc6628.png
840a06a9c690,0,train,raw/train_images/840a06a9c690.png,processed/geometric_384/train/840a06a9c690.png
8421107255ae,2,validation,raw/train_images/8421107255ae.png,processed/geometric_384/validation/8421107255ae.png
842d697884f6,2,train,raw/train_images/842d697884f6.png,processed/geometric_384/train/842d697884f6.png
8433a032b96c,0,validation,raw/train_images/8433a032b96c.png,processed/geometric_384/validation/8433a032b96c.png
8448af27ba07,0,test,raw/train_images/8448af27ba07.png,processed/geometric_384/test/8448af27ba07.png
847b04287c9c,0,train,raw/train_images/847b04287c9c.png,processed/geometric_384/train/847b04287c9c.png
848e66b9e199,0,train,raw/train_images/848e66b9e199.png,processed/geometric_384/train/848e66b9e199.png
849a91e9ab28,1,train,raw/train_images/849a91e9ab28.png,processed/geometric_384/train/849a91e9ab28.png
84a72e15b23c,1,train,raw/train_images/84a72e15b23c.png,processed/geometric_384/train/84a72e15b23c.png
84b472c49cfa,0,train,raw/train_images/84b472c49cfa.png,processed/geometric_384/train/84b472c49cfa.png
84b4da14bc23,0,train,raw/train_images/84b4da14bc23.png,processed/geometric_384/train/84b4da14bc23.png
84b79243e430,0,train,raw/train_images/84b79243e430.png,processed/geometric_384/train/84b79243e430.png
84b88e8d3bca,0,test,raw/train_images/84b88e8d3bca.png,processed/geometric_384/test/84b88e8d3bca.png
84c663f39632,4,train,raw/train_images/84c663f39632.png,processed/geometric_384/train/84c663f39632.png
84e8c62165b5,2,train,raw/train_images/84e8c62165b5.png,processed/geometric_384/train/84e8c62165b5.png
851e40a21f81,0,train,raw/train_images/851e40a21f81.png,processed/geometric_384/train/851e40a21f81.png
8543a801dce0,2,train,raw/train_images/8543a801dce0.png,processed/geometric_384/train/8543a801dce0.png
855f0a5442b6,2,train,raw/train_images/855f0a5442b6.png,processed/geometric_384/train/855f0a5442b6.png
8564b7aa3c1a,0,train,raw/train_images/8564b7aa3c1a.png,processed/geometric_384/train/8564b7aa3c1a.png
857230f64a2e,4,train,raw/train_images/857230f64a2e.png,processed/geometric_384/train/857230f64a2e.png
8596a24a14bd,4,validation,raw/train_images/8596a24a14bd.png,processed/geometric_384/validation/8596a24a14bd.png
85cbb84ac8e0,4,train,raw/train_images/85cbb84ac8e0.png,processed/geometric_384/train/85cbb84ac8e0.png
85cc6d636898,2,train,raw/train_images/85cc6d636898.png,processed/geometric_384/train/85cc6d636898.png
85f99e7e4052,0,train,raw/train_images/85f99e7e4052.png,processed/geometric_384/train/85f99e7e4052.png
85fce24084da,2,train,raw/train_images/85fce24084da.png,processed/geometric_384/train/85fce24084da.png
86410aa13b3e,0,train,raw/train_images/86410aa13b3e.png,processed/geometric_384/train/86410aa13b3e.png
8650d32f4a9e,0,train,raw/train_images/8650d32f4a9e.png,processed/geometric_384/train/8650d32f4a9e.png
8660e1864665,0,validation,raw/train_images/8660e1864665.png,processed/geometric_384/validation/8660e1864665.png
86722fcd802c,2,train,raw/train_images/86722fcd802c.png,processed/geometric_384/train/86722fcd802c.png
8676427e4625,1,train,raw/train_images/8676427e4625.png,processed/geometric_384/train/8676427e4625.png
8693ab1fd2be,0,train,raw/train_images/8693ab1fd2be.png,processed/geometric_384/train/8693ab1fd2be.png
869bbd3170cc,2,train,raw/train_images/869bbd3170cc.png,processed/geometric_384/train/869bbd3170cc.png
86d58f850a0c,0,train,raw/train_images/86d58f850a0c.png,processed/geometric_384/train/86d58f850a0c.png
86d6808f0609,3,train,raw/train_images/86d6808f0609.png,processed/geometric_384/train/86d6808f0609.png
86e7f98f73f1,2,train,raw/train_images/86e7f98f73f1.png,processed/geometric_384/train/86e7f98f73f1.png
86fbac86ed3e,2,validation,raw/train_images/86fbac86ed3e.png,processed/geometric_384/validation/86fbac86ed3e.png
870f433e8f37,0,validation,raw/train_images/870f433e8f37.png,processed/geometric_384/validation/870f433e8f37.png
870fbe6eaa68,0,train,raw/train_images/870fbe6eaa68.png,processed/geometric_384/train/870fbe6eaa68.png
8714d17bb6da,1,test,raw/train_images/8714d17bb6da.png,processed/geometric_384/test/8714d17bb6da.png
87295c5fa1cc,0,train,raw/train_images/87295c5fa1cc.png,processed/geometric_384/train/87295c5fa1cc.png
873dcc0b468f,4,test,raw/train_images/873dcc0b468f.png,processed/geometric_384/test/873dcc0b468f.png
873fe0404d6e,2,test,raw/train_images/873fe0404d6e.png,processed/geometric_384/test/873fe0404d6e.png
874f8c1929f6,0,train,raw/train_images/874f8c1929f6.png,processed/geometric_384/train/874f8c1929f6.png
875a2fc5fe23,4,validation,raw/train_images/875a2fc5fe23.png,processed/geometric_384/validation/875a2fc5fe23.png
875d2ffcbf47,0,validation,raw/train_images/875d2ffcbf47.png,processed/geometric_384/validation/875d2ffcbf47.png
876deb29f000,0,train,raw/train_images/876deb29f000.png,processed/geometric_384/train/876deb29f000.png
876e1dd12d38,2,train,raw/train_images/876e1dd12d38.png,processed/geometric_384/train/876e1dd12d38.png
87774aafe068,4,train,raw/train_images/87774aafe068.png,processed/geometric_384/train/87774aafe068.png
8785b71238d8,4,train,raw/train_images/8785b71238d8.png,processed/geometric_384/train/8785b71238d8.png
878e356c8fc9,0,train,raw/train_images/878e356c8fc9.png,processed/geometric_384/train/878e356c8fc9.png
879744b9dc65,2,train,raw/train_images/879744b9dc65.png,processed/geometric_384/train/879744b9dc65.png
87a9f4d20f07,0,train,raw/train_images/87a9f4d20f07.png,processed/geometric_384/train/87a9f4d20f07.png
87b1938994b5,2,train,raw/train_images/87b1938994b5.png,processed/geometric_384/train/87b1938994b5.png
87b671c6d4c5,0,train,raw/train_images/87b671c6d4c5.png,processed/geometric_384/train/87b671c6d4c5.png
87d46b1cc4e9,0,train,raw/train_images/87d46b1cc4e9.png,processed/geometric_384/train/87d46b1cc4e9.png
880edb2cdb69,0,train,raw/train_images/880edb2cdb69.png,processed/geometric_384/train/880edb2cdb69.png
881ec6186e68,0,train,raw/train_images/881ec6186e68.png,processed/geometric_384/train/881ec6186e68.png
882a71de424e,2,train,raw/train_images/882a71de424e.png,processed/geometric_384/train/882a71de424e.png
883c6a184f16,0,train,raw/train_images/883c6a184f16.png,processed/geometric_384/train/883c6a184f16.png
883ddb650967,0,train,raw/train_images/883ddb650967.png,processed/geometric_384/train/883ddb650967.png
8846b09384a4,0,train,raw/train_images/8846b09384a4.png,processed/geometric_384/train/8846b09384a4.png
885fa5fc5da8,0,train,raw/train_images/885fa5fc5da8.png,processed/geometric_384/train/885fa5fc5da8.png
8860c7b11530,2,train,raw/train_images/8860c7b11530.png,processed/geometric_384/train/8860c7b11530.png
8871e6a26596,2,train,raw/train_images/8871e6a26596.png,processed/geometric_384/train/8871e6a26596.png
887c26fc0e1f,4,train,raw/train_images/887c26fc0e1f.png,processed/geometric_384/train/887c26fc0e1f.png
88e4399d207c,0,train,raw/train_images/88e4399d207c.png,processed/geometric_384/train/88e4399d207c.png
88e5051f65bd,0,train,raw/train_images/88e5051f65bd.png,processed/geometric_384/train/88e5051f65bd.png
8906c9ed54a2,0,validation,raw/train_images/8906c9ed54a2.png,processed/geometric_384/validation/8906c9ed54a2.png
891329021e12,0,validation,raw/train_images/891329021e12.png,processed/geometric_384/validation/891329021e12.png
891392c9683c,2,train,raw/train_images/891392c9683c.png,processed/geometric_384/train/891392c9683c.png
894a37fc3738,0,train,raw/train_images/894a37fc3738.png,processed/geometric_384/train/894a37fc3738.png
8958a4d17b7e,3,train,raw/train_images/8958a4d17b7e.png,processed/geometric_384/train/8958a4d17b7e.png
895fe2bfc5b6,0,validation,raw/train_images/895fe2bfc5b6.png,processed/geometric_384/validation/895fe2bfc5b6.png
896ad584a841,0,train,raw/train_images/896ad584a841.png,processed/geometric_384/train/896ad584a841.png
898f0bc8acfa,0,test,raw/train_images/898f0bc8acfa.png,processed/geometric_384/test/898f0bc8acfa.png
89b044cbaf85,2,test,raw/train_images/89b044cbaf85.png,processed/geometric_384/test/89b044cbaf85.png
89b725411cee,2,validation,raw/train_images/89b725411cee.png,processed/geometric_384/validation/89b725411cee.png
89d2a7403a06,2,train,raw/train_images/89d2a7403a06.png,processed/geometric_384/train/89d2a7403a06.png
89d9c071a56f,1,validation,raw/train_images/89d9c071a56f.png,processed/geometric_384/validation/89d9c071a56f.png
89ed6a0dd53f,1,validation,raw/train_images/89ed6a0dd53f.png,processed/geometric_384/validation/89ed6a0dd53f.png
89ee1fa16f90,2,train,raw/train_images/89ee1fa16f90.png,processed/geometric_384/train/89ee1fa16f90.png
89fc080f7e83,2,test,raw/train_images/89fc080f7e83.png,processed/geometric_384/test/89fc080f7e83.png
8a01daa423f7,1,train,raw/train_images/8a01daa423f7.png,processed/geometric_384/train/8a01daa423f7.png
8a234d68b27e,3,train,raw/train_images/8a234d68b27e.png,processed/geometric_384/train/8a234d68b27e.png
8a25a080f28f,1,train,raw/train_images/8a25a080f28f.png,processed/geometric_384/train/8a25a080f28f.png
8a3eb86ae4bd,0,train,raw/train_images/8a3eb86ae4bd.png,processed/geometric_384/train/8a3eb86ae4bd.png
8a482c024fc2,0,train,raw/train_images/8a482c024fc2.png,processed/geometric_384/train/8a482c024fc2.png
8a67f1efa315,2,validation,raw/train_images/8a67f1efa315.png,processed/geometric_384/validation/8a67f1efa315.png
8a7765e785fb,0,train,raw/train_images/8a7765e785fb.png,processed/geometric_384/train/8a7765e785fb.png
8a81f62320d6,0,validation,raw/train_images/8a81f62320d6.png,processed/geometric_384/validation/8a81f62320d6.png
8a87dd2a784e,0,validation,raw/train_images/8a87dd2a784e.png,processed/geometric_384/validation/8a87dd2a784e.png
8a8a251770cd,0,train,raw/train_images/8a8a251770cd.png,processed/geometric_384/train/8a8a251770cd.png
8a9bef2fbd4e,3,train,raw/train_images/8a9bef2fbd4e.png,processed/geometric_384/train/8a9bef2fbd4e.png
8aa3c4681542,0,train,raw/train_images/8aa3c4681542.png,processed/geometric_384/train/8aa3c4681542.png
8aab201c0691,2,test,raw/train_images/8aab201c0691.png,processed/geometric_384/test/8aab201c0691.png
8ab3faa3701f,0,validation,raw/train_images/8ab3faa3701f.png,processed/geometric_384/validation/8ab3faa3701f.png
8ab8d9b3ce3f,2,train,raw/train_images/8ab8d9b3ce3f.png,processed/geometric_384/train/8ab8d9b3ce3f.png
8ac0c44bbf24,4,validation,raw/train_images/8ac0c44bbf24.png,processed/geometric_384/validation/8ac0c44bbf24.png
8acdf12f412a,0,train,raw/train_images/8acdf12f412a.png,processed/geometric_384/train/8acdf12f412a.png
8ae049175db6,4,train,raw/train_images/8ae049175db6.png,processed/geometric_384/train/8ae049175db6.png
8af50c9d0a86,0,train,raw/train_images/8af50c9d0a86.png,processed/geometric_384/train/8af50c9d0a86.png
8af6a4e5396f,4,train,raw/train_images/8af6a4e5396f.png,processed/geometric_384/train/8af6a4e5396f.png
8b079e79035f,0,validation,raw/train_images/8b079e79035f.png,processed/geometric_384/validation/8b079e79035f.png
8b26d3cd61e8,2,train,raw/train_images/8b26d3cd61e8.png,processed/geometric_384/train/8b26d3cd61e8.png
8b568d47a1fd,0,train,raw/train_images/8b568d47a1fd.png,processed/geometric_384/train/8b568d47a1fd.png
8b58f9a338e8,0,train,raw/train_images/8b58f9a338e8.png,processed/geometric_384/train/8b58f9a338e8.png
8b76c3c5cb3e,3,train,raw/train_images/8b76c3c5cb3e.png,processed/geometric_384/train/8b76c3c5cb3e.png
8b8fe3fc8950,0,train,raw/train_images/8b8fe3fc8950.png,processed/geometric_384/train/8b8fe3fc8950.png
8bad12d70368,4,validation,raw/train_images/8bad12d70368.png,processed/geometric_384/validation/8bad12d70368.png
8bbd7835e9aa,1,train,raw/train_images/8bbd7835e9aa.png,processed/geometric_384/train/8bbd7835e9aa.png
8bc6716c2238,1,train,raw/train_images/8bc6716c2238.png,processed/geometric_384/train/8bc6716c2238.png
8bdb891661a8,2,train,raw/train_images/8bdb891661a8.png,processed/geometric_384/train/8bdb891661a8.png
8be6629a6039,0,validation,raw/train_images/8be6629a6039.png,processed/geometric_384/validation/8be6629a6039.png
8bed09514c3b,4,train,raw/train_images/8bed09514c3b.png,processed/geometric_384/train/8bed09514c3b.png
8bf05909e1e1,0,validation,raw/train_images/8bf05909e1e1.png,processed/geometric_384/validation/8bf05909e1e1.png
8bf2d925dc0c,0,train,raw/train_images/8bf2d925dc0c.png,processed/geometric_384/train/8bf2d925dc0c.png
8c0d05233238,3,train,raw/train_images/8c0d05233238.png,processed/geometric_384/train/8c0d05233238.png
8c29a76fa08c,0,train,raw/train_images/8c29a76fa08c.png,processed/geometric_384/train/8c29a76fa08c.png
8c2f0f04e1ed,1,train,raw/train_images/8c2f0f04e1ed.png,processed/geometric_384/train/8c2f0f04e1ed.png
8c4ceddeb1c6,0,validation,raw/train_images/8c4ceddeb1c6.png,processed/geometric_384/validation/8c4ceddeb1c6.png
8c7c26c52a6c,4,train,raw/train_images/8c7c26c52a6c.png,processed/geometric_384/train/8c7c26c52a6c.png
8c84e96d9b01,0,train,raw/train_images/8c84e96d9b01.png,processed/geometric_384/train/8c84e96d9b01.png
8c87bd748996,2,train,raw/train_images/8c87bd748996.png,processed/geometric_384/train/8c87bd748996.png
8cb6b5b2f19c,2,train,raw/train_images/8cb6b5b2f19c.png,processed/geometric_384/train/8cb6b5b2f19c.png
8ceff4c4c860,0,validation,raw/train_images/8ceff4c4c860.png,processed/geometric_384/validation/8ceff4c4c860.png
8d13c46e7d75,0,test,raw/train_images/8d13c46e7d75.png,processed/geometric_384/test/8d13c46e7d75.png
8d3d67661620,2,train,raw/train_images/8d3d67661620.png,processed/geometric_384/train/8d3d67661620.png
8d4d14a4ab07,0,train,raw/train_images/8d4d14a4ab07.png,processed/geometric_384/train/8d4d14a4ab07.png
8d4ff745a409,0,train,raw/train_images/8d4ff745a409.png,processed/geometric_384/train/8d4ff745a409.png
8d62ba9cb22a,2,validation,raw/train_images/8d62ba9cb22a.png,processed/geometric_384/validation/8d62ba9cb22a.png
8d8aca52c07b,4,train,raw/train_images/8d8aca52c07b.png,processed/geometric_384/train/8d8aca52c07b.png
8d9516ea3587,0,train,raw/train_images/8d9516ea3587.png,processed/geometric_384/train/8d9516ea3587.png
8dafa62f9322,0,test,raw/train_images/8dafa62f9322.png,processed/geometric_384/test/8dafa62f9322.png
8db2ce991101,4,train,raw/train_images/8db2ce991101.png,processed/geometric_384/train/8db2ce991101.png
8dba09a4e5ed,2,test,raw/train_images/8dba09a4e5ed.png,processed/geometric_384/test/8dba09a4e5ed.png
8dc22e65c06f,1,train,raw/train_images/8dc22e65c06f.png,processed/geometric_384/train/8dc22e65c06f.png
8dfa629ca74e,2,train,raw/train_images/8dfa629ca74e.png,processed/geometric_384/train/8dfa629ca74e.png
8dfff47b06b7,2,train,raw/train_images/8dfff47b06b7.png,processed/geometric_384/train/8dfff47b06b7.png
8e20b8fac7c3,2,train,raw/train_images/8e20b8fac7c3.png,processed/geometric_384/train/8e20b8fac7c3.png
8e2a3978c244,0,train,raw/train_images/8e2a3978c244.png,processed/geometric_384/train/8e2a3978c244.png
8e3b79e1f1f7,2,validation,raw/train_images/8e3b79e1f1f7.png,processed/geometric_384/validation/8e3b79e1f1f7.png
8e4a354e3da2,0,test,raw/train_images/8e4a354e3da2.png,processed/geometric_384/test/8e4a354e3da2.png
8e63fc4ab532,2,train,raw/train_images/8e63fc4ab532.png,processed/geometric_384/train/8e63fc4ab532.png
8e67f2d7e0ee,0,train,raw/train_images/8e67f2d7e0ee.png,processed/geometric_384/train/8e67f2d7e0ee.png
8e6df9eedcd8,0,train,raw/train_images/8e6df9eedcd8.png,processed/geometric_384/train/8e6df9eedcd8.png
8e76054f0831,0,test,raw/train_images/8e76054f0831.png,processed/geometric_384/test/8e76054f0831.png
8e7981855125,0,validation,raw/train_images/8e7981855125.png,processed/geometric_384/validation/8e7981855125.png
8ead17dfb6a6,0,train,raw/train_images/8ead17dfb6a6.png,processed/geometric_384/train/8ead17dfb6a6.png
8ead8f37423c,0,train,raw/train_images/8ead8f37423c.png,processed/geometric_384/train/8ead8f37423c.png
8eb3337a54e9,2,train,raw/train_images/8eb3337a54e9.png,processed/geometric_384/train/8eb3337a54e9.png
8ed586c43023,0,validation,raw/train_images/8ed586c43023.png,processed/geometric_384/validation/8ed586c43023.png
8ee50c26fc13,0,train,raw/train_images/8ee50c26fc13.png,processed/geometric_384/train/8ee50c26fc13.png
8eeac97f02f0,4,validation,raw/train_images/8eeac97f02f0.png,processed/geometric_384/validation/8eeac97f02f0.png
8f06ca4642bd,0,train,raw/train_images/8f06ca4642bd.png,processed/geometric_384/train/8f06ca4642bd.png
8f10e41a2f02,0,train,raw/train_images/8f10e41a2f02.png,processed/geometric_384/train/8f10e41a2f02.png
8f14bca04b47,0,validation,raw/train_images/8f14bca04b47.png,processed/geometric_384/validation/8f14bca04b47.png
8f1e7433a95d,2,validation,raw/train_images/8f1e7433a95d.png,processed/geometric_384/validation/8f1e7433a95d.png
8f2996b8d855,1,train,raw/train_images/8f2996b8d855.png,processed/geometric_384/train/8f2996b8d855.png
8f318a978844,4,test,raw/train_images/8f318a978844.png,processed/geometric_384/test/8f318a978844.png
8f9819752ca0,0,train,raw/train_images/8f9819752ca0.png,processed/geometric_384/train/8f9819752ca0.png
8fbb2ca39911,0,train,raw/train_images/8fbb2ca39911.png,processed/geometric_384/train/8fbb2ca39911.png
8fc09fecd22f,1,test,raw/train_images/8fc09fecd22f.png,processed/geometric_384/test/8fc09fecd22f.png
8fd7ad26e691,4,validation,raw/train_images/8fd7ad26e691.png,processed/geometric_384/validation/8fd7ad26e691.png
8ff2733f6aef,2,test,raw/train_images/8ff2733f6aef.png,processed/geometric_384/test/8ff2733f6aef.png
8ff863f8874f,1,train,raw/train_images/8ff863f8874f.png,processed/geometric_384/train/8ff863f8874f.png
8ffa608170d3,0,train,raw/train_images/8ffa608170d3.png,processed/geometric_384/train/8ffa608170d3.png
901a3552fe26,0,test,raw/train_images/901a3552fe26.png,processed/geometric_384/test/901a3552fe26.png
902dc5a91a3f,0,validation,raw/train_images/902dc5a91a3f.png,processed/geometric_384/validation/902dc5a91a3f.png
9033f1493da1,2,train,raw/train_images/9033f1493da1.png,processed/geometric_384/train/9033f1493da1.png
9039cbfcbb2f,0,train,raw/train_images/9039cbfcbb2f.png,processed/geometric_384/train/9039cbfcbb2f.png
9041eb43456e,2,train,raw/train_images/9041eb43456e.png,processed/geometric_384/train/9041eb43456e.png
904b03ad5594,0,test,raw/train_images/904b03ad5594.png,processed/geometric_384/test/904b03ad5594.png
905cc86bf100,4,train,raw/train_images/905cc86bf100.png,processed/geometric_384/train/905cc86bf100.png
906d02fb822d,0,validation,raw/train_images/906d02fb822d.png,processed/geometric_384/validation/906d02fb822d.png
907aaff827e5,2,train,raw/train_images/907aaff827e5.png,processed/geometric_384/train/907aaff827e5.png
9095d43fb132,0,train,raw/train_images/9095d43fb132.png,processed/geometric_384/train/9095d43fb132.png
90960ddf4d14,0,train,raw/train_images/90960ddf4d14.png,processed/geometric_384/train/90960ddf4d14.png
90a786abe58e,0,train,raw/train_images/90a786abe58e.png,processed/geometric_384/train/90a786abe58e.png
90a9a41eec6d,0,validation,raw/train_images/90a9a41eec6d.png,processed/geometric_384/validation/90a9a41eec6d.png
90b8bf342032,3,test,raw/train_images/90b8bf342032.png,processed/geometric_384/test/90b8bf342032.png
90bde2ff8953,0,test,raw/train_images/90bde2ff8953.png,processed/geometric_384/test/90bde2ff8953.png
90c982cc2d96,1,train,raw/train_images/90c982cc2d96.png,processed/geometric_384/train/90c982cc2d96.png
910bfd38e2f5,3,test,raw/train_images/910bfd38e2f5.png,processed/geometric_384/test/910bfd38e2f5.png
9122b31414d3,0,validation,raw/train_images/9122b31414d3.png,processed/geometric_384/validation/9122b31414d3.png
912fbe06407e,0,train,raw/train_images/912fbe06407e.png,processed/geometric_384/train/912fbe06407e.png
913490237ad4,3,test,raw/train_images/913490237ad4.png,processed/geometric_384/test/913490237ad4.png
913b1890ed1e,2,train,raw/train_images/913b1890ed1e.png,processed/geometric_384/train/913b1890ed1e.png
916915f01e17,0,train,raw/train_images/916915f01e17.png,processed/geometric_384/train/916915f01e17.png
916ec976ff30,3,train,raw/train_images/916ec976ff30.png,processed/geometric_384/train/916ec976ff30.png
917f76f360b6,2,train,raw/train_images/917f76f360b6.png,processed/geometric_384/train/917f76f360b6.png
91a88d3b0358,2,train,raw/train_images/91a88d3b0358.png,processed/geometric_384/train/91a88d3b0358.png
91b7a4179ecf,0,validation,raw/train_images/91b7a4179ecf.png,processed/geometric_384/validation/91b7a4179ecf.png
91cf56d3d1af,3,train,raw/train_images/91cf56d3d1af.png,processed/geometric_384/train/91cf56d3d1af.png
91e2c2890c9f,2,validation,raw/train_images/91e2c2890c9f.png,processed/geometric_384/validation/91e2c2890c9f.png
91e82fe4e434,0,train,raw/train_images/91e82fe4e434.png,processed/geometric_384/train/91e82fe4e434.png
91e8af9ceee9,2,train,raw/train_images/91e8af9ceee9.png,processed/geometric_384/train/91e8af9ceee9.png
91f3c4c1e72b,0,train,raw/train_images/91f3c4c1e72b.png,processed/geometric_384/train/91f3c4c1e72b.png
921433215353,2,test,raw/train_images/921433215353.png,processed/geometric_384/test/921433215353.png
922586d86cd8,0,train,raw/train_images/922586d86cd8.png,processed/geometric_384/train/922586d86cd8.png
9232dc06cfdc,0,train,raw/train_images/9232dc06cfdc.png,processed/geometric_384/train/9232dc06cfdc.png
92587e494d51,0,train,raw/train_images/92587e494d51.png,processed/geometric_384/train/92587e494d51.png
9274e75dc4d5,0,train,raw/train_images/9274e75dc4d5.png,processed/geometric_384/train/9274e75dc4d5.png
9287e57326d0,0,train,raw/train_images/9287e57326d0.png,processed/geometric_384/train/9287e57326d0.png
92889b863ae6,0,train,raw/train_images/92889b863ae6.png,processed/geometric_384/train/92889b863ae6.png
929cd3867815,2,train,raw/train_images/929cd3867815.png,processed/geometric_384/train/929cd3867815.png
92d8a7c8e718,2,train,raw/train_images/92d8a7c8e718.png,processed/geometric_384/train/92d8a7c8e718.png
92d9e9f08709,1,validation,raw/train_images/92d9e9f08709.png,processed/geometric_384/validation/92d9e9f08709.png
92e3d608fd3c,0,train,raw/train_images/92e3d608fd3c.png,processed/geometric_384/train/92e3d608fd3c.png
92f313287a29,2,train,raw/train_images/92f313287a29.png,processed/geometric_384/train/92f313287a29.png
92fcf50b3562,0,test,raw/train_images/92fcf50b3562.png,processed/geometric_384/test/92fcf50b3562.png
930fee99213a,0,train,raw/train_images/930fee99213a.png,processed/geometric_384/train/930fee99213a.png
932181b93b2f,2,train,raw/train_images/932181b93b2f.png,processed/geometric_384/train/932181b93b2f.png
934104859e68,0,train,raw/train_images/934104859e68.png,processed/geometric_384/train/934104859e68.png
93421787f520,0,train,raw/train_images/93421787f520.png,processed/geometric_384/train/93421787f520.png
936299166bea,0,train,raw/train_images/936299166bea.png,processed/geometric_384/train/936299166bea.png
937bc1b924b1,0,train,raw/train_images/937bc1b924b1.png,processed/geometric_384/train/937bc1b924b1.png
93802d1e3c41,0,validation,raw/train_images/93802d1e3c41.png,processed/geometric_384/validation/93802d1e3c41.png
93a1b984de84,0,train,raw/train_images/93a1b984de84.png,processed/geometric_384/train/93a1b984de84.png
93be637084a2,1,test,raw/train_images/93be637084a2.png,processed/geometric_384/test/93be637084a2.png
93d6d20a5ee3,0,train,raw/train_images/93d6d20a5ee3.png,processed/geometric_384/train/93d6d20a5ee3.png
94076a9fb9b5,0,train,raw/train_images/94076a9fb9b5.png,processed/geometric_384/train/94076a9fb9b5.png
94111ed3d276,1,train,raw/train_images/94111ed3d276.png,processed/geometric_384/train/94111ed3d276.png
94145d1f42cf,0,validation,raw/train_images/94145d1f42cf.png,processed/geometric_384/validation/94145d1f42cf.png
941d874c8afb,0,train,raw/train_images/941d874c8afb.png,processed/geometric_384/train/941d874c8afb.png
942f544c4e15,0,train,raw/train_images/942f544c4e15.png,processed/geometric_384/train/942f544c4e15.png
944a233fbf8e,1,train,raw/train_images/944a233fbf8e.png,processed/geometric_384/train/944a233fbf8e.png
946545473380,0,validation,raw/train_images/946545473380.png,processed/geometric_384/validation/946545473380.png
949710bead24,0,train,raw/train_images/949710bead24.png,processed/geometric_384/train/949710bead24.png
94a67ec0714f,2,train,raw/train_images/94a67ec0714f.png,processed/geometric_384/train/94a67ec0714f.png
94b9ccc73bb9,0,train,raw/train_images/94b9ccc73bb9.png,processed/geometric_384/train/94b9ccc73bb9.png
94dcb491143f,2,test,raw/train_images/94dcb491143f.png,processed/geometric_384/test/94dcb491143f.png
94ef1d14597f,4,train,raw/train_images/94ef1d14597f.png,processed/geometric_384/train/94ef1d14597f.png
94f9ecf4b8d2,0,train,raw/train_images/94f9ecf4b8d2.png,processed/geometric_384/train/94f9ecf4b8d2.png
9519a590985d,0,test,raw/train_images/9519a590985d.png,processed/geometric_384/test/9519a590985d.png
956765d5f46d,0,validation,raw/train_images/956765d5f46d.png,processed/geometric_384/validation/956765d5f46d.png
9568eb7e9c08,2,train,raw/train_images/9568eb7e9c08.png,processed/geometric_384/train/9568eb7e9c08.png
958c1fa044ba,0,train,raw/train_images/958c1fa044ba.png,processed/geometric_384/train/958c1fa044ba.png
959bb2d01091,0,train,raw/train_images/959bb2d01091.png,processed/geometric_384/train/959bb2d01091.png
959dc602febc,2,train,raw/train_images/959dc602febc.png,processed/geometric_384/train/959dc602febc.png
95a4cc805c7b,1,test,raw/train_images/95a4cc805c7b.png,processed/geometric_384/test/95a4cc805c7b.png
95e732e043a1,4,train,raw/train_images/95e732e043a1.png,processed/geometric_384/train/95e732e043a1.png
962c0fc85e13,0,test,raw/train_images/962c0fc85e13.png,processed/geometric_384/test/962c0fc85e13.png
962cf85e4f6d,2,train,raw/train_images/962cf85e4f6d.png,processed/geometric_384/train/962cf85e4f6d.png
966c07831334,0,test,raw/train_images/966c07831334.png,processed/geometric_384/test/966c07831334.png
96793edb1003,0,validation,raw/train_images/96793edb1003.png,processed/geometric_384/validation/96793edb1003.png
9688c6ef5dc5,0,train,raw/train_images/9688c6ef5dc5.png,processed/geometric_384/train/9688c6ef5dc5.png
969f92a390db,0,test,raw/train_images/969f92a390db.png,processed/geometric_384/test/969f92a390db.png
96a9706b8534,1,train,raw/train_images/96a9706b8534.png,processed/geometric_384/train/96a9706b8534.png
96b5474ae604,0,test,raw/train_images/96b5474ae604.png,processed/geometric_384/test/96b5474ae604.png
96c3e3db68bc,2,train,raw/train_images/96c3e3db68bc.png,processed/geometric_384/train/96c3e3db68bc.png
96c699221180,0,train,raw/train_images/96c699221180.png,processed/geometric_384/train/96c699221180.png
96ce10a1dbd7,0,train,raw/train_images/96ce10a1dbd7.png,processed/geometric_384/train/96ce10a1dbd7.png
96d48b073f18,2,test,raw/train_images/96d48b073f18.png,processed/geometric_384/test/96d48b073f18.png
96ea316ed0ab,0,train,raw/train_images/96ea316ed0ab.png,processed/geometric_384/train/96ea316ed0ab.png
971bb98ab935,0,test,raw/train_images/971bb98ab935.png,processed/geometric_384/test/971bb98ab935.png
973b0facfa9b,0,train,raw/train_images/973b0facfa9b.png,processed/geometric_384/train/973b0facfa9b.png
974c7d7b9c64,0,train,raw/train_images/974c7d7b9c64.png,processed/geometric_384/train/974c7d7b9c64.png
975252e325e3,2,train,raw/train_images/975252e325e3.png,processed/geometric_384/train/975252e325e3.png
976082127e2a,0,test,raw/train_images/976082127e2a.png,processed/geometric_384/test/976082127e2a.png
977e1ca77653,1,validation,raw/train_images/977e1ca77653.png,processed/geometric_384/validation/977e1ca77653.png
9782c0489eca,1,train,raw/train_images/9782c0489eca.png,processed/geometric_384/train/9782c0489eca.png
9785805af1b8,2,test,raw/train_images/9785805af1b8.png,processed/geometric_384/test/9785805af1b8.png
97a235367f9d,0,train,raw/train_images/97a235367f9d.png,processed/geometric_384/train/97a235367f9d.png
97a5ad7548b7,2,test,raw/train_images/97a5ad7548b7.png,processed/geometric_384/test/97a5ad7548b7.png
97bf61736b86,2,train,raw/train_images/97bf61736b86.png,processed/geometric_384/train/97bf61736b86.png
97c6cb55866d,0,train,raw/train_images/97c6cb55866d.png,processed/geometric_384/train/97c6cb55866d.png
97d02a9b94f7,0,train,raw/train_images/97d02a9b94f7.png,processed/geometric_384/train/97d02a9b94f7.png
97da093947e8,4,train,raw/train_images/97da093947e8.png,processed/geometric_384/train/97da093947e8.png
97f290d31813,0,train,raw/train_images/97f290d31813.png,processed/geometric_384/train/97f290d31813.png
97fdee242fea,0,train,raw/train_images/97fdee242fea.png,processed/geometric_384/train/97fdee242fea.png
98277aeb96a7,0,train,raw/train_images/98277aeb96a7.png,processed/geometric_384/train/98277aeb96a7.png
9837048b85dc,2,train,raw/train_images/9837048b85dc.png,processed/geometric_384/train/9837048b85dc.png
983c98354e9c,0,train,raw/train_images/983c98354e9c.png,processed/geometric_384/train/983c98354e9c.png
98441214557f,0,train,raw/train_images/98441214557f.png,processed/geometric_384/train/98441214557f.png
9858cc2ae073,0,train,raw/train_images/9858cc2ae073.png,processed/geometric_384/train/9858cc2ae073.png
9859e2a6cc24,4,test,raw/train_images/9859e2a6cc24.png,processed/geometric_384/test/9859e2a6cc24.png
9870ce41cac4,0,test,raw/train_images/9870ce41cac4.png,processed/geometric_384/test/9870ce41cac4.png
9878db94d9f3,3,train,raw/train_images/9878db94d9f3.png,processed/geometric_384/train/9878db94d9f3.png
98d41bce73a8,0,train,raw/train_images/98d41bce73a8.png,processed/geometric_384/train/98d41bce73a8.png
98e44127872f,0,train,raw/train_images/98e44127872f.png,processed/geometric_384/train/98e44127872f.png
98f48850ebce,2,train,raw/train_images/98f48850ebce.png,processed/geometric_384/train/98f48850ebce.png
98fbe56dcc2c,1,train,raw/train_images/98fbe56dcc2c.png,processed/geometric_384/train/98fbe56dcc2c.png
9904939ab83d,2,train,raw/train_images/9904939ab83d.png,processed/geometric_384/train/9904939ab83d.png
9910c827e2fe,0,train,raw/train_images/9910c827e2fe.png,processed/geometric_384/train/9910c827e2fe.png
99132193eaa0,1,validation,raw/train_images/99132193eaa0.png,processed/geometric_384/validation/99132193eaa0.png
991a0b7a8c87,0,train,raw/train_images/991a0b7a8c87.png,processed/geometric_384/train/991a0b7a8c87.png
99240ee00485,0,train,raw/train_images/99240ee00485.png,processed/geometric_384/train/99240ee00485.png
992599744a23,0,test,raw/train_images/992599744a23.png,processed/geometric_384/test/992599744a23.png
992b9a07b25f,0,train,raw/train_images/992b9a07b25f.png,processed/geometric_384/train/992b9a07b25f.png
996f57c86ba5,3,train,raw/train_images/996f57c86ba5.png,processed/geometric_384/train/996f57c86ba5.png
996f9bba4ef0,0,train,raw/train_images/996f9bba4ef0.png,processed/geometric_384/train/996f9bba4ef0.png
9985375d709f,0,train,raw/train_images/9985375d709f.png,processed/geometric_384/train/9985375d709f.png
999115d9386b,2,train,raw/train_images/999115d9386b.png,processed/geometric_384/train/999115d9386b.png
999ad827ed35,0,train,raw/train_images/999ad827ed35.png,processed/geometric_384/train/999ad827ed35.png
99c626e58464,0,train,raw/train_images/99c626e58464.png,processed/geometric_384/train/99c626e58464.png
99c6a123ed6a,0,train,raw/train_images/99c6a123ed6a.png,processed/geometric_384/train/99c6a123ed6a.png
99e8bf998285,2,train,raw/train_images/99e8bf998285.png,processed/geometric_384/train/99e8bf998285.png
99ecdb41d5e7,1,validation,raw/train_images/99ecdb41d5e7.png,processed/geometric_384/validation/99ecdb41d5e7.png
9a1029536d78,0,test,raw/train_images/9a1029536d78.png,processed/geometric_384/test/9a1029536d78.png
9a159d4674cd,0,train,raw/train_images/9a159d4674cd.png,processed/geometric_384/train/9a159d4674cd.png
9a28d4e8aef0,2,train,raw/train_images/9a28d4e8aef0.png,processed/geometric_384/train/9a28d4e8aef0.png
9a3109657ac1,1,train,raw/train_images/9a3109657ac1.png,processed/geometric_384/train/9a3109657ac1.png
9a326446c431,0,train,raw/train_images/9a326446c431.png,processed/geometric_384/train/9a326446c431.png
9a496b1e20f9,4,test,raw/train_images/9a496b1e20f9.png,processed/geometric_384/test/9a496b1e20f9.png
9a4f370d341b,2,train,raw/train_images/9a4f370d341b.png,processed/geometric_384/train/9a4f370d341b.png
9a56cfb980ec,0,train,raw/train_images/9a56cfb980ec.png,processed/geometric_384/train/9a56cfb980ec.png
9a78c6a7b1c2,2,validation,raw/train_images/9a78c6a7b1c2.png,processed/geometric_384/validation/9a78c6a7b1c2.png
9a7bd084395e,2,validation,raw/train_images/9a7bd084395e.png,processed/geometric_384/validation/9a7bd084395e.png
9a9b21215c55,2,train,raw/train_images/9a9b21215c55.png,processed/geometric_384/train/9a9b21215c55.png
9ab18a4a957f,0,train,raw/train_images/9ab18a4a957f.png,processed/geometric_384/train/9ab18a4a957f.png
9ac2e3e9fca5,0,test,raw/train_images/9ac2e3e9fca5.png,processed/geometric_384/test/9ac2e3e9fca5.png
9ac41b9a809e,0,train,raw/train_images/9ac41b9a809e.png,processed/geometric_384/train/9ac41b9a809e.png
9ad92f1c1542,2,train,raw/train_images/9ad92f1c1542.png,processed/geometric_384/train/9ad92f1c1542.png
9ae54843c69a,0,train,raw/train_images/9ae54843c69a.png,processed/geometric_384/train/9ae54843c69a.png
9b093fe95d6b,3,train,raw/train_images/9b093fe95d6b.png,processed/geometric_384/train/9b093fe95d6b.png
9b0eb9f41da4,2,validation,raw/train_images/9b0eb9f41da4.png,processed/geometric_384/validation/9b0eb9f41da4.png
9b32e8ef0ca0,2,train,raw/train_images/9b32e8ef0ca0.png,processed/geometric_384/train/9b32e8ef0ca0.png
9b418ce42c13,2,train,raw/train_images/9b418ce42c13.png,processed/geometric_384/train/9b418ce42c13.png
9b4fc15df3c8,0,test,raw/train_images/9b4fc15df3c8.png,processed/geometric_384/test/9b4fc15df3c8.png
9b57e43b44e7,0,train,raw/train_images/9b57e43b44e7.png,processed/geometric_384/train/9b57e43b44e7.png
9b70f84400af,0,train,raw/train_images/9b70f84400af.png,processed/geometric_384/train/9b70f84400af.png
9b7b6e4db1d5,2,validation,raw/train_images/9b7b6e4db1d5.png,processed/geometric_384/validation/9b7b6e4db1d5.png
9b95d6203406,2,train,raw/train_images/9b95d6203406.png,processed/geometric_384/train/9b95d6203406.png
9ba469af2980,0,train,raw/train_images/9ba469af2980.png,processed/geometric_384/train/9ba469af2980.png
9bafbbd152d2,3,validation,raw/train_images/9bafbbd152d2.png,processed/geometric_384/validation/9bafbbd152d2.png
9bbb6c455913,0,train,raw/train_images/9bbb6c455913.png,processed/geometric_384/train/9bbb6c455913.png
9bd008aab548,0,test,raw/train_images/9bd008aab548.png,processed/geometric_384/test/9bd008aab548.png
9be0683649ff,0,validation,raw/train_images/9be0683649ff.png,processed/geometric_384/validation/9be0683649ff.png
9be71d6d7e59,0,train,raw/train_images/9be71d6d7e59.png,processed/geometric_384/train/9be71d6d7e59.png
9c088d2d1559,2,test,raw/train_images/9c088d2d1559.png,processed/geometric_384/test/9c088d2d1559.png
9c14ce27cbfc,0,train,raw/train_images/9c14ce27cbfc.png,processed/geometric_384/train/9c14ce27cbfc.png
9c514d2d5b3f,0,train,raw/train_images/9c514d2d5b3f.png,processed/geometric_384/train/9c514d2d5b3f.png
9c5dd3612f0c,2,test,raw/train_images/9c5dd3612f0c.png,processed/geometric_384/test/9c5dd3612f0c.png
9c6512166557,0,train,raw/train_images/9c6512166557.png,processed/geometric_384/train/9c6512166557.png
9c72ed6befa0,4,train,raw/train_images/9c72ed6befa0.png,processed/geometric_384/train/9c72ed6befa0.png
9c893e16c055,0,train,raw/train_images/9c893e16c055.png,processed/geometric_384/train/9c893e16c055.png
9cc6b1f9bcbd,4,train,raw/train_images/9cc6b1f9bcbd.png,processed/geometric_384/train/9cc6b1f9bcbd.png
9ce46d400cd6,0,test,raw/train_images/9ce46d400cd6.png,processed/geometric_384/test/9ce46d400cd6.png
9cedf5c7016b,2,train,raw/train_images/9cedf5c7016b.png,processed/geometric_384/train/9cedf5c7016b.png
9cf7c1349673,0,train,raw/train_images/9cf7c1349673.png,processed/geometric_384/train/9cf7c1349673.png
9d1feed37610,0,validation,raw/train_images/9d1feed37610.png,processed/geometric_384/validation/9d1feed37610.png
9d62478042b6,0,train,raw/train_images/9d62478042b6.png,processed/geometric_384/train/9d62478042b6.png
9d74428188bb,2,train,raw/train_images/9d74428188bb.png,processed/geometric_384/train/9d74428188bb.png
9d75de31f1b8,0,validation,raw/train_images/9d75de31f1b8.png,processed/geometric_384/validation/9d75de31f1b8.png
9d98a0b585f2,2,test,raw/train_images/9d98a0b585f2.png,processed/geometric_384/test/9d98a0b585f2.png
9d9bfefa809c,2,validation,raw/train_images/9d9bfefa809c.png,processed/geometric_384/validation/9d9bfefa809c.png
9da74370835a,2,validation,raw/train_images/9da74370835a.png,processed/geometric_384/validation/9da74370835a.png
9dab2e6ba44b,2,train,raw/train_images/9dab2e6ba44b.png,processed/geometric_384/train/9dab2e6ba44b.png
9de9421f17e3,0,test,raw/train_images/9de9421f17e3.png,processed/geometric_384/test/9de9421f17e3.png
9df31421cdd2,2,validation,raw/train_images/9df31421cdd2.png,processed/geometric_384/validation/9df31421cdd2.png
9e2058917304,0,validation,raw/train_images/9e2058917304.png,processed/geometric_384/validation/9e2058917304.png
9e2a8135f471,0,train,raw/train_images/9e2a8135f471.png,processed/geometric_384/train/9e2a8135f471.png
9e2ba2b979f1,0,train,raw/train_images/9e2ba2b979f1.png,processed/geometric_384/train/9e2ba2b979f1.png
9e5737f771c3,0,train,raw/train_images/9e5737f771c3.png,processed/geometric_384/train/9e5737f771c3.png
9e5ec293267c,2,train,raw/train_images/9e5ec293267c.png,processed/geometric_384/train/9e5ec293267c.png
9e7a63b2fc6a,0,train,raw/train_images/9e7a63b2fc6a.png,processed/geometric_384/train/9e7a63b2fc6a.png
9e99ae6ee7af,0,test,raw/train_images/9e99ae6ee7af.png,processed/geometric_384/test/9e99ae6ee7af.png
9eaac43744f5,2,test,raw/train_images/9eaac43744f5.png,processed/geometric_384/test/9eaac43744f5.png
9eaf735cf01f,1,train,raw/train_images/9eaf735cf01f.png,processed/geometric_384/train/9eaf735cf01f.png
9ed666e982cd,1,train,raw/train_images/9ed666e982cd.png,processed/geometric_384/train/9ed666e982cd.png
9ed6c2b25767,0,validation,raw/train_images/9ed6c2b25767.png,processed/geometric_384/validation/9ed6c2b25767.png
9f1b14dfa14c,0,validation,raw/train_images/9f1b14dfa14c.png,processed/geometric_384/validation/9f1b14dfa14c.png
9f1efb799b7b,2,train,raw/train_images/9f1efb799b7b.png,processed/geometric_384/train/9f1efb799b7b.png
9f285b3e57ed,0,train,raw/train_images/9f285b3e57ed.png,processed/geometric_384/train/9f285b3e57ed.png
9f37c98b8187,3,train,raw/train_images/9f37c98b8187.png,processed/geometric_384/train/9f37c98b8187.png
9f436886e056,2,train,raw/train_images/9f436886e056.png,processed/geometric_384/train/9f436886e056.png
9f5a8665cf2e,2,train,raw/train_images/9f5a8665cf2e.png,processed/geometric_384/train/9f5a8665cf2e.png
9f8112c710be,0,test,raw/train_images/9f8112c710be.png,processed/geometric_384/test/9f8112c710be.png
9f935fb38440,0,train,raw/train_images/9f935fb38440.png,processed/geometric_384/train/9f935fb38440.png
9fa02dfb5553,0,train,raw/train_images/9fa02dfb5553.png,processed/geometric_384/train/9fa02dfb5553.png
9faad91b6578,2,train,raw/train_images/9faad91b6578.png,processed/geometric_384/train/9faad91b6578.png
9fab29e69a6b,4,validation,raw/train_images/9fab29e69a6b.png,processed/geometric_384/validation/9fab29e69a6b.png
9fefe2b44795,3,train,raw/train_images/9fefe2b44795.png,processed/geometric_384/train/9fefe2b44795.png
a00b4cb250a7,1,test,raw/train_images/a00b4cb250a7.png,processed/geometric_384/test/a00b4cb250a7.png
a01024054596,1,train,raw/train_images/a01024054596.png,processed/geometric_384/train/a01024054596.png
a015ce4f51ad,2,train,raw/train_images/a015ce4f51ad.png,processed/geometric_384/train/a015ce4f51ad.png
a01c590c444f,2,train,raw/train_images/a01c590c444f.png,processed/geometric_384/train/a01c590c444f.png
a0267206d51e,2,test,raw/train_images/a0267206d51e.png,processed/geometric_384/test/a0267206d51e.png
a02dfd67a925,0,train,raw/train_images/a02dfd67a925.png,processed/geometric_384/train/a02dfd67a925.png
a0445785e2f7,0,train,raw/train_images/a0445785e2f7.png,processed/geometric_384/train/a0445785e2f7.png
a04fb36db784,2,validation,raw/train_images/a04fb36db784.png,processed/geometric_384/validation/a04fb36db784.png
a06a63d866b2,0,validation,raw/train_images/a06a63d866b2.png,processed/geometric_384/validation/a06a63d866b2.png
a06b353e7bed,0,train,raw/train_images/a06b353e7bed.png,processed/geometric_384/train/a06b353e7bed.png
a06e41bd2634,2,train,raw/train_images/a06e41bd2634.png,processed/geometric_384/train/a06e41bd2634.png
a06e5ac695ce,0,train,raw/train_images/a06e5ac695ce.png,processed/geometric_384/train/a06e5ac695ce.png
a07d571bf7ba,0,validation,raw/train_images/a07d571bf7ba.png,processed/geometric_384/validation/a07d571bf7ba.png
a07d9a5045cb,0,test,raw/train_images/a07d9a5045cb.png,processed/geometric_384/test/a07d9a5045cb.png
a07efb1ecfc0,0,validation,raw/train_images/a07efb1ecfc0.png,processed/geometric_384/validation/a07efb1ecfc0.png
a08a0133754a,0,train,raw/train_images/a08a0133754a.png,processed/geometric_384/train/a08a0133754a.png
a0a0cd8af5a6,2,train,raw/train_images/a0a0cd8af5a6.png,processed/geometric_384/train/a0a0cd8af5a6.png
a0adbe677508,0,train,raw/train_images/a0adbe677508.png,processed/geometric_384/train/a0adbe677508.png
a0b7ad98df57,0,train,raw/train_images/a0b7ad98df57.png,processed/geometric_384/train/a0b7ad98df57.png
a0cd7bffdaa0,4,train,raw/train_images/a0cd7bffdaa0.png,processed/geometric_384/train/a0cd7bffdaa0.png
a0d04a19cf40,2,train,raw/train_images/a0d04a19cf40.png,processed/geometric_384/train/a0d04a19cf40.png
a0e635689259,0,train,raw/train_images/a0e635689259.png,processed/geometric_384/train/a0e635689259.png
a0fd94e2ad76,0,train,raw/train_images/a0fd94e2ad76.png,processed/geometric_384/train/a0fd94e2ad76.png
a11bf2edd470,4,train,raw/train_images/a11bf2edd470.png,processed/geometric_384/train/a11bf2edd470.png
a11c62cb3f86,0,train,raw/train_images/a11c62cb3f86.png,processed/geometric_384/train/a11c62cb3f86.png
a125377fb985,2,validation,raw/train_images/a125377fb985.png,processed/geometric_384/validation/a125377fb985.png
a12ca80bb8c7,0,train,raw/train_images/a12ca80bb8c7.png,processed/geometric_384/train/a12ca80bb8c7.png
a14bbd9a583e,3,train,raw/train_images/a14bbd9a583e.png,processed/geometric_384/train/a14bbd9a583e.png
a14fcf84bfe1,3,train,raw/train_images/a14fcf84bfe1.png,processed/geometric_384/train/a14fcf84bfe1.png
a150ff5dfe07,2,train,raw/train_images/a150ff5dfe07.png,processed/geometric_384/train/a150ff5dfe07.png
a15470303941,2,train,raw/train_images/a15470303941.png,processed/geometric_384/train/a15470303941.png
a15590a7d774,2,train,raw/train_images/a15590a7d774.png,processed/geometric_384/train/a15590a7d774.png
a1822dd8d05d,0,test,raw/train_images/a1822dd8d05d.png,processed/geometric_384/test/a1822dd8d05d.png
a182b5b191de,4,train,raw/train_images/a182b5b191de.png,processed/geometric_384/train/a182b5b191de.png
a1872f9c0cba,0,validation,raw/train_images/a1872f9c0cba.png,processed/geometric_384/validation/a1872f9c0cba.png
a188c60b93fb,0,train,raw/train_images/a188c60b93fb.png,processed/geometric_384/train/a188c60b93fb.png
a19ecd0a706e,1,test,raw/train_images/a19ecd0a706e.png,processed/geometric_384/test/a19ecd0a706e.png
a1b28bcbce00,0,train,raw/train_images/a1b28bcbce00.png,processed/geometric_384/train/a1b28bcbce00.png
a1e236fbc863,0,train,raw/train_images/a1e236fbc863.png,processed/geometric_384/train/a1e236fbc863.png
a1eb88562239,0,test,raw/train_images/a1eb88562239.png,processed/geometric_384/test/a1eb88562239.png
a1edf0e66592,0,train,raw/train_images/a1edf0e66592.png,processed/geometric_384/train/a1edf0e66592.png
a1faeb4d5f10,0,train,raw/train_images/a1faeb4d5f10.png,processed/geometric_384/train/a1faeb4d5f10.png
a2163f0c2af5,0,train,raw/train_images/a2163f0c2af5.png,processed/geometric_384/train/a2163f0c2af5.png
a21b37719f9b,2,train,raw/train_images/a21b37719f9b.png,processed/geometric_384/train/a21b37719f9b.png
a247961a5cd9,0,train,raw/train_images/a247961a5cd9.png,processed/geometric_384/train/a247961a5cd9.png
a2696f444ecb,1,train,raw/train_images/a2696f444ecb.png,processed/geometric_384/train/a2696f444ecb.png
a26f50218b84,0,train,raw/train_images/a26f50218b84.png,processed/geometric_384/train/a26f50218b84.png
a2811f512c1c,0,train,raw/train_images/a2811f512c1c.png,processed/geometric_384/train/a2811f512c1c.png
a28bfb772f50,1,train,raw/train_images/a28bfb772f50.png,processed/geometric_384/train/a28bfb772f50.png
a2ad3da4c7d6,2,train,raw/train_images/a2ad3da4c7d6.png,processed/geometric_384/train/a2ad3da4c7d6.png
a2b97d98f130,0,validation,raw/train_images/a2b97d98f130.png,processed/geometric_384/validation/a2b97d98f130.png
a2b995b81692,0,train,raw/train_images/a2b995b81692.png,processed/geometric_384/train/a2b995b81692.png
a2d349f567a6,2,train,raw/train_images/a2d349f567a6.png,processed/geometric_384/train/a2d349f567a6.png
a2ddabee14e9,4,train,raw/train_images/a2ddabee14e9.png,processed/geometric_384/train/a2ddabee14e9.png
a2dff8dbc9f8,0,train,raw/train_images/a2dff8dbc9f8.png,processed/geometric_384/train/a2dff8dbc9f8.png
a30a143a53a3,0,train,raw/train_images/a30a143a53a3.png,processed/geometric_384/train/a30a143a53a3.png
a3132c8828e4,0,train,raw/train_images/a3132c8828e4.png,processed/geometric_384/train/a3132c8828e4.png
a32886cb31ab,1,train,raw/train_images/a32886cb31ab.png,processed/geometric_384/train/a32886cb31ab.png
a32b5ce3d48a,4,validation,raw/train_images/a32b5ce3d48a.png,processed/geometric_384/validation/a32b5ce3d48a.png
a3475dc3ac80,2,train,raw/train_images/a3475dc3ac80.png,processed/geometric_384/train/a3475dc3ac80.png
a34fc5376669,0,train,raw/train_images/a34fc5376669.png,processed/geometric_384/train/a34fc5376669.png
a3706ce27869,2,train,raw/train_images/a3706ce27869.png,processed/geometric_384/train/a3706ce27869.png
a3802934bad7,2,train,raw/train_images/a3802934bad7.png,processed/geometric_384/train/a3802934bad7.png
a384e688e228,0,train,raw/train_images/a384e688e228.png,processed/geometric_384/train/a384e688e228.png
a386ec9aabde,2,test,raw/train_images/a386ec9aabde.png,processed/geometric_384/test/a386ec9aabde.png
a3957df90a78,2,train,raw/train_images/a3957df90a78.png,processed/geometric_384/train/a3957df90a78.png
a3ad6c2db6f1,1,train,raw/train_images/a3ad6c2db6f1.png,processed/geometric_384/train/a3ad6c2db6f1.png
a3bd2e034614,0,test,raw/train_images/a3bd2e034614.png,processed/geometric_384/test/a3bd2e034614.png
a3d2a0c4cd17,1,train,raw/train_images/a3d2a0c4cd17.png,processed/geometric_384/train/a3d2a0c4cd17.png
a3fcf42ff56d,4,validation,raw/train_images/a3fcf42ff56d.png,processed/geometric_384/validation/a3fcf42ff56d.png
a419fcb2dfb5,0,train,raw/train_images/a419fcb2dfb5.png,processed/geometric_384/train/a419fcb2dfb5.png
a4359815f152,2,test,raw/train_images/a4359815f152.png,processed/geometric_384/test/a4359815f152.png
a44345b27804,0,train,raw/train_images/a44345b27804.png,processed/geometric_384/train/a44345b27804.png
a443c4fd489c,1,train,raw/train_images/a443c4fd489c.png,processed/geometric_384/train/a443c4fd489c.png
a45c30da0c72,0,test,raw/train_images/a45c30da0c72.png,processed/geometric_384/test/a45c30da0c72.png
a45d77edf8d9,2,train,raw/train_images/a45d77edf8d9.png,processed/geometric_384/train/a45d77edf8d9.png
a476fd984005,2,train,raw/train_images/a476fd984005.png,processed/geometric_384/train/a476fd984005.png
a47878630dc2,2,train,raw/train_images/a47878630dc2.png,processed/geometric_384/train/a47878630dc2.png
a484bdf85b4c,0,train,raw/train_images/a484bdf85b4c.png,processed/geometric_384/train/a484bdf85b4c.png
a49b0b4484ea,2,train,raw/train_images/a49b0b4484ea.png,processed/geometric_384/train/a49b0b4484ea.png
a4b8de38eac1,3,train,raw/train_images/a4b8de38eac1.png,processed/geometric_384/train/a4b8de38eac1.png
a4d41c495666,2,validation,raw/train_images/a4d41c495666.png,processed/geometric_384/validation/a4d41c495666.png
a4d4b69f7404,3,train,raw/train_images/a4d4b69f7404.png,processed/geometric_384/train/a4d4b69f7404.png
a4ee03ecff60,0,train,raw/train_images/a4ee03ecff60.png,processed/geometric_384/train/a4ee03ecff60.png
a505981d1cab,2,train,raw/train_images/a505981d1cab.png,processed/geometric_384/train/a505981d1cab.png
a528be013a04,0,test,raw/train_images/a528be013a04.png,processed/geometric_384/test/a528be013a04.png
a53d6d2472a6,0,test,raw/train_images/a53d6d2472a6.png,processed/geometric_384/test/a53d6d2472a6.png
a56729de89e9,2,test,raw/train_images/a56729de89e9.png,processed/geometric_384/test/a56729de89e9.png
a5a2a7003d60,1,train,raw/train_images/a5a2a7003d60.png,processed/geometric_384/train/a5a2a7003d60.png
a5bb85afc6e8,0,train,raw/train_images/a5bb85afc6e8.png,processed/geometric_384/train/a5bb85afc6e8.png
a5c9a8c726b2,4,train,raw/train_images/a5c9a8c726b2.png,processed/geometric_384/train/a5c9a8c726b2.png
a61723fc38c2,0,train,raw/train_images/a61723fc38c2.png,processed/geometric_384/train/a61723fc38c2.png
a627eb8c08c5,0,train,raw/train_images/a627eb8c08c5.png,processed/geometric_384/train/a627eb8c08c5.png
a62e995f167c,0,train,raw/train_images/a62e995f167c.png,processed/geometric_384/train/a62e995f167c.png
a62ea0043aa7,2,train,raw/train_images/a62ea0043aa7.png,processed/geometric_384/train/a62ea0043aa7.png
a6356a3c5d11,0,train,raw/train_images/a6356a3c5d11.png,processed/geometric_384/train/a6356a3c5d11.png
a64273801bde,2,train,raw/train_images/a64273801bde.png,processed/geometric_384/train/a64273801bde.png
a646c084928c,0,test,raw/train_images/a646c084928c.png,processed/geometric_384/test/a646c084928c.png
a654b25124c3,0,train,raw/train_images/a654b25124c3.png,processed/geometric_384/train/a654b25124c3.png
a664d2055886,2,train,raw/train_images/a664d2055886.png,processed/geometric_384/train/a664d2055886.png
a66c3165876f,2,train,raw/train_images/a66c3165876f.png,processed/geometric_384/train/a66c3165876f.png
a673193cd5a9,0,train,raw/train_images/a673193cd5a9.png,processed/geometric_384/train/a673193cd5a9.png
a6731dd737af,0,validation,raw/train_images/a6731dd737af.png,processed/geometric_384/validation/a6731dd737af.png
a688f20f8895,2,train,raw/train_images/a688f20f8895.png,processed/geometric_384/train/a688f20f8895.png
a6b6d27c1b32,0,train,raw/train_images/a6b6d27c1b32.png,processed/geometric_384/train/a6b6d27c1b32.png
a6c9e96a10d7,2,train,raw/train_images/a6c9e96a10d7.png,processed/geometric_384/train/a6c9e96a10d7.png
a6d45de20e4d,4,train,raw/train_images/a6d45de20e4d.png,processed/geometric_384/train/a6d45de20e4d.png
a70d0f12a641,0,train,raw/train_images/a70d0f12a641.png,processed/geometric_384/train/a70d0f12a641.png
a721efb1e049,2,train,raw/train_images/a721efb1e049.png,processed/geometric_384/train/a721efb1e049.png
a73c3d516c59,0,validation,raw/train_images/a73c3d516c59.png,processed/geometric_384/validation/a73c3d516c59.png
a73d012c4c38,0,train,raw/train_images/a73d012c4c38.png,processed/geometric_384/train/a73d012c4c38.png
a76132e79688,0,validation,raw/train_images/a76132e79688.png,processed/geometric_384/validation/a76132e79688.png
a763661f98a5,3,train,raw/train_images/a763661f98a5.png,processed/geometric_384/train/a763661f98a5.png
a7673ac44509,0,train,raw/train_images/a7673ac44509.png,processed/geometric_384/train/a7673ac44509.png
a76b69e443ce,4,validation,raw/train_images/a76b69e443ce.png,processed/geometric_384/validation/a76b69e443ce.png
a77dbec966d4,1,train,raw/train_images/a77dbec966d4.png,processed/geometric_384/train/a77dbec966d4.png
a77eb914b383,0,train,raw/train_images/a77eb914b383.png,processed/geometric_384/train/a77eb914b383.png
a790a3b36390,2,train,raw/train_images/a790a3b36390.png,processed/geometric_384/train/a790a3b36390.png
a7b03e58a6e1,0,test,raw/train_images/a7b03e58a6e1.png,processed/geometric_384/test/a7b03e58a6e1.png
a7b7dc8788b9,2,validation,raw/train_images/a7b7dc8788b9.png,processed/geometric_384/validation/a7b7dc8788b9.png
a7c10ca6c117,0,train,raw/train_images/a7c10ca6c117.png,processed/geometric_384/train/a7c10ca6c117.png
a7ec056502e7,1,validation,raw/train_images/a7ec056502e7.png,processed/geometric_384/validation/a7ec056502e7.png
a804cef3e51f,2,test,raw/train_images/a804cef3e51f.png,processed/geometric_384/test/a804cef3e51f.png
a80dab8eddf4,3,train,raw/train_images/a80dab8eddf4.png,processed/geometric_384/train/a80dab8eddf4.png
a81b06f50612,4,train,raw/train_images/a81b06f50612.png,processed/geometric_384/train/a81b06f50612.png
a821b6ecef33,0,train,raw/train_images/a821b6ecef33.png,processed/geometric_384/train/a821b6ecef33.png
a8263d248523,0,train,raw/train_images/a8263d248523.png,processed/geometric_384/train/a8263d248523.png
a82a12ad3fb1,0,train,raw/train_images/a82a12ad3fb1.png,processed/geometric_384/train/a82a12ad3fb1.png
a85cda5f725d,0,test,raw/train_images/a85cda5f725d.png,processed/geometric_384/test/a85cda5f725d.png
a86128b601a7,0,test,raw/train_images/a86128b601a7.png,processed/geometric_384/test/a86128b601a7.png
a8652b2de23f,2,train,raw/train_images/a8652b2de23f.png,processed/geometric_384/train/a8652b2de23f.png
a86c6283fd78,2,test,raw/train_images/a86c6283fd78.png,processed/geometric_384/test/a86c6283fd78.png
a879c3569552,2,train,raw/train_images/a879c3569552.png,processed/geometric_384/train/a879c3569552.png
a87f53bc984a,2,train,raw/train_images/a87f53bc984a.png,processed/geometric_384/train/a87f53bc984a.png
a88365134c3c,0,test,raw/train_images/a88365134c3c.png,processed/geometric_384/test/a88365134c3c.png
a8854768549f,0,validation,raw/train_images/a8854768549f.png,processed/geometric_384/validation/a8854768549f.png
a88f68b0b114,2,train,raw/train_images/a88f68b0b114.png,processed/geometric_384/train/a88f68b0b114.png
a8a6588c8eb7,0,train,raw/train_images/a8a6588c8eb7.png,processed/geometric_384/train/a8a6588c8eb7.png
a8aed92940fb,0,train,raw/train_images/a8aed92940fb.png,processed/geometric_384/train/a8aed92940fb.png
a8b3c0961d42,0,train,raw/train_images/a8b3c0961d42.png,processed/geometric_384/train/a8b3c0961d42.png
a8b637abd96b,0,validation,raw/train_images/a8b637abd96b.png,processed/geometric_384/validation/a8b637abd96b.png
a8c54e2a4b79,1,train,raw/train_images/a8c54e2a4b79.png,processed/geometric_384/train/a8c54e2a4b79.png
a8c950a99107,1,validation,raw/train_images/a8c950a99107.png,processed/geometric_384/validation/a8c950a99107.png
a8c9fcdbc0be,0,validation,raw/train_images/a8c9fcdbc0be.png,processed/geometric_384/validation/a8c9fcdbc0be.png
a8dea22ef903,0,train,raw/train_images/a8dea22ef903.png,processed/geometric_384/train/a8dea22ef903.png
a8e08e7fe016,2,test,raw/train_images/a8e08e7fe016.png,processed/geometric_384/test/a8e08e7fe016.png
a8eb35b3bcd2,2,train,raw/train_images/a8eb35b3bcd2.png,processed/geometric_384/train/a8eb35b3bcd2.png
a93f1ea3ff4a,2,train,raw/train_images/a93f1ea3ff4a.png,processed/geometric_384/train/a93f1ea3ff4a.png
a94da3d3b5c0,0,test,raw/train_images/a94da3d3b5c0.png,processed/geometric_384/test/a94da3d3b5c0.png
a95858e052d6,1,train,raw/train_images/a95858e052d6.png,processed/geometric_384/train/a95858e052d6.png
a95d9d61ddd4,0,train,raw/train_images/a95d9d61ddd4.png,processed/geometric_384/train/a95d9d61ddd4.png
a963ac561580,0,train,raw/train_images/a963ac561580.png,processed/geometric_384/train/a963ac561580.png
a96ff96bbae5,0,train,raw/train_images/a96ff96bbae5.png,processed/geometric_384/train/a96ff96bbae5.png
a987aa7aac37,0,train,raw/train_images/a987aa7aac37.png,processed/geometric_384/train/a987aa7aac37.png
a9a28c37c8c4,2,train,raw/train_images/a9a28c37c8c4.png,processed/geometric_384/train/a9a28c37c8c4.png
a9a3225cf4b5,0,train,raw/train_images/a9a3225cf4b5.png,processed/geometric_384/train/a9a3225cf4b5.png
a9b3177f01c0,0,train,raw/train_images/a9b3177f01c0.png,processed/geometric_384/train/a9b3177f01c0.png
a9bc2f892cb3,0,train,raw/train_images/a9bc2f892cb3.png,processed/geometric_384/train/a9bc2f892cb3.png
a9c7b83caf81,2,validation,raw/train_images/a9c7b83caf81.png,processed/geometric_384/validation/a9c7b83caf81.png
a9d0c900b6a9,2,test,raw/train_images/a9d0c900b6a9.png,processed/geometric_384/test/a9d0c900b6a9.png
a9dc80cba9a4,0,train,raw/train_images/a9dc80cba9a4.png,processed/geometric_384/train/a9dc80cba9a4.png
a9e3d186cd1b,0,train,raw/train_images/a9e3d186cd1b.png,processed/geometric_384/train/a9e3d186cd1b.png
aa0afc41ed19,2,validation,raw/train_images/aa0afc41ed19.png,processed/geometric_384/validation/aa0afc41ed19.png
aa10a4b2e709,0,train,raw/train_images/aa10a4b2e709.png,processed/geometric_384/train/aa10a4b2e709.png
aa31bc6b8f4d,2,train,raw/train_images/aa31bc6b8f4d.png,processed/geometric_384/train/aa31bc6b8f4d.png
aa4407aab872,0,validation,raw/train_images/aa4407aab872.png,processed/geometric_384/validation/aa4407aab872.png
aa5ce75edcf5,2,train,raw/train_images/aa5ce75edcf5.png,processed/geometric_384/train/aa5ce75edcf5.png
aa60813e1a8d,0,train,raw/train_images/aa60813e1a8d.png,processed/geometric_384/train/aa60813e1a8d.png
aa6242f9e08c,0,train,raw/train_images/aa6242f9e08c.png,processed/geometric_384/train/aa6242f9e08c.png
aa6673241154,4,train,raw/train_images/aa6673241154.png,processed/geometric_384/train/aa6673241154.png
aa841de1ee82,2,train,raw/train_images/aa841de1ee82.png,processed/geometric_384/train/aa841de1ee82.png
aa8a1e814811,0,train,raw/train_images/aa8a1e814811.png,processed/geometric_384/train/aa8a1e814811.png
aa94cc4bfd84,0,train,raw/train_images/aa94cc4bfd84.png,processed/geometric_384/train/aa94cc4bfd84.png
aa9b8f05f4bf,2,train,raw/train_images/aa9b8f05f4bf.png,processed/geometric_384/train/aa9b8f05f4bf.png
aa9cfe639ef1,2,test,raw/train_images/aa9cfe639ef1.png,processed/geometric_384/test/aa9cfe639ef1.png
aaaadb174012,0,train,raw/train_images/aaaadb174012.png,processed/geometric_384/train/aaaadb174012.png
aabd867043cf,0,train,raw/train_images/aabd867043cf.png,processed/geometric_384/train/aabd867043cf.png
aad0c0ee9268,2,validation,raw/train_images/aad0c0ee9268.png,processed/geometric_384/validation/aad0c0ee9268.png
aae8f9f3ef8c,3,test,raw/train_images/aae8f9f3ef8c.png,processed/geometric_384/test/aae8f9f3ef8c.png
aafb0c944f14,0,test,raw/train_images/aafb0c944f14.png,processed/geometric_384/test/aafb0c944f14.png
aafe980edd0c,0,validation,raw/train_images/aafe980edd0c.png,processed/geometric_384/validation/aafe980edd0c.png
ab03d50bba2f,0,train,raw/train_images/ab03d50bba2f.png,processed/geometric_384/train/ab03d50bba2f.png
ab1c20a94f3f,4,test,raw/train_images/ab1c20a94f3f.png,processed/geometric_384/test/ab1c20a94f3f.png
ab32db41c409,0,test,raw/train_images/ab32db41c409.png,processed/geometric_384/test/ab32db41c409.png
ab3c505b624f,0,test,raw/train_images/ab3c505b624f.png,processed/geometric_384/test/ab3c505b624f.png
ab653b8554c0,0,train,raw/train_images/ab653b8554c0.png,processed/geometric_384/train/ab653b8554c0.png
ab686895533e,0,train,raw/train_images/ab686895533e.png,processed/geometric_384/train/ab686895533e.png
ab724603ee93,0,train,raw/train_images/ab724603ee93.png,processed/geometric_384/train/ab724603ee93.png
ab78a66dee6a,0,train,raw/train_images/ab78a66dee6a.png,processed/geometric_384/train/ab78a66dee6a.png
ab7991df166b,0,train,raw/train_images/ab7991df166b.png,processed/geometric_384/train/ab7991df166b.png
ab88081e5654,0,train,raw/train_images/ab88081e5654.png,processed/geometric_384/train/ab88081e5654.png
aba3063c5413,3,train,raw/train_images/aba3063c5413.png,processed/geometric_384/train/aba3063c5413.png
ababe19ed448,1,train,raw/train_images/ababe19ed448.png,processed/geometric_384/train/ababe19ed448.png
abbb8791785e,0,train,raw/train_images/abbb8791785e.png,processed/geometric_384/train/abbb8791785e.png
abdb365cacbc,1,validation,raw/train_images/abdb365cacbc.png,processed/geometric_384/validation/abdb365cacbc.png
abe940882578,0,train,raw/train_images/abe940882578.png,processed/geometric_384/train/abe940882578.png
abf09c44d5f4,2,test,raw/train_images/abf09c44d5f4.png,processed/geometric_384/test/abf09c44d5f4.png
abf0f56c6f12,2,train,raw/train_images/abf0f56c6f12.png,processed/geometric_384/train/abf0f56c6f12.png
ac0a48ccbf70,0,train,raw/train_images/ac0a48ccbf70.png,processed/geometric_384/train/ac0a48ccbf70.png
ac1667fac512,0,test,raw/train_images/ac1667fac512.png,processed/geometric_384/test/ac1667fac512.png
ac17cc18a994,0,train,raw/train_images/ac17cc18a994.png,processed/geometric_384/train/ac17cc18a994.png
ac2c814949f9,2,validation,raw/train_images/ac2c814949f9.png,processed/geometric_384/validation/ac2c814949f9.png
ac5b5dddf91b,2,train,raw/train_images/ac5b5dddf91b.png,processed/geometric_384/train/ac5b5dddf91b.png
ac720570dd0f,2,train,raw/train_images/ac720570dd0f.png,processed/geometric_384/train/ac720570dd0f.png
ac81fc200162,0,train,raw/train_images/ac81fc200162.png,processed/geometric_384/train/ac81fc200162.png
aca88f566228,2,test,raw/train_images/aca88f566228.png,processed/geometric_384/test/aca88f566228.png
acc9f29538c4,2,train,raw/train_images/acc9f29538c4.png,processed/geometric_384/train/acc9f29538c4.png
ace2281f00c4,0,train,raw/train_images/ace2281f00c4.png,processed/geometric_384/train/ace2281f00c4.png
ace287a5c991,0,validation,raw/train_images/ace287a5c991.png,processed/geometric_384/validation/ace287a5c991.png
acf976efd7ce,0,train,raw/train_images/acf976efd7ce.png,processed/geometric_384/train/acf976efd7ce.png
ad029ba7fa8b,0,train,raw/train_images/ad029ba7fa8b.png,processed/geometric_384/train/ad029ba7fa8b.png
ad12cde115ab,0,train,raw/train_images/ad12cde115ab.png,processed/geometric_384/train/ad12cde115ab.png
ad1aa75d5630,0,train,raw/train_images/ad1aa75d5630.png,processed/geometric_384/train/ad1aa75d5630.png
ad1f7445b1a8,1,test,raw/train_images/ad1f7445b1a8.png,processed/geometric_384/test/ad1f7445b1a8.png
ad20080452de,0,train,raw/train_images/ad20080452de.png,processed/geometric_384/train/ad20080452de.png
ad2f0b9d059c,3,test,raw/train_images/ad2f0b9d059c.png,processed/geometric_384/test/ad2f0b9d059c.png
ad312ca98202,0,validation,raw/train_images/ad312ca98202.png,processed/geometric_384/validation/ad312ca98202.png
ad3fc5076852,1,train,raw/train_images/ad3fc5076852.png,processed/geometric_384/train/ad3fc5076852.png
ad570b850a4f,2,train,raw/train_images/ad570b850a4f.png,processed/geometric_384/train/ad570b850a4f.png
ad6b07d5c338,0,train,raw/train_images/ad6b07d5c338.png,processed/geometric_384/train/ad6b07d5c338.png
ad93d88c87ea,0,train,raw/train_images/ad93d88c87ea.png,processed/geometric_384/train/ad93d88c87ea.png
ad944bd56bb6,0,test,raw/train_images/ad944bd56bb6.png,processed/geometric_384/test/ad944bd56bb6.png
adb56cecafaf,3,train,raw/train_images/adb56cecafaf.png,processed/geometric_384/train/adb56cecafaf.png
add1d681d712,2,test,raw/train_images/add1d681d712.png,processed/geometric_384/test/add1d681d712.png
addf66a50f42,0,train,raw/train_images/addf66a50f42.png,processed/geometric_384/train/addf66a50f42.png
ae1344610ebe,2,train,raw/train_images/ae1344610ebe.png,processed/geometric_384/train/ae1344610ebe.png
ae20112e7a1e,0,train,raw/train_images/ae20112e7a1e.png,processed/geometric_384/train/ae20112e7a1e.png
ae2c3f6312ef,0,train,raw/train_images/ae2c3f6312ef.png,processed/geometric_384/train/ae2c3f6312ef.png
ae2e888905ba,0,validation,raw/train_images/ae2e888905ba.png,processed/geometric_384/validation/ae2e888905ba.png
ae49cc60f251,0,train,raw/train_images/ae49cc60f251.png,processed/geometric_384/train/ae49cc60f251.png
ae57c8630249,0,train,raw/train_images/ae57c8630249.png,processed/geometric_384/train/ae57c8630249.png
ae58ccb5905e,0,train,raw/train_images/ae58ccb5905e.png,processed/geometric_384/train/ae58ccb5905e.png
ae5d31979f19,0,test,raw/train_images/ae5d31979f19.png,processed/geometric_384/test/ae5d31979f19.png
ae61e19fb766,0,train,raw/train_images/ae61e19fb766.png,processed/geometric_384/train/ae61e19fb766.png
ae8424cdb029,2,validation,raw/train_images/ae8424cdb029.png,processed/geometric_384/validation/ae8424cdb029.png
ae8472f8d310,1,train,raw/train_images/ae8472f8d310.png,processed/geometric_384/train/ae8472f8d310.png
ae94ce412de9,0,train,raw/train_images/ae94ce412de9.png,processed/geometric_384/train/ae94ce412de9.png
ae975c43bd8b,0,train,raw/train_images/ae975c43bd8b.png,processed/geometric_384/train/ae975c43bd8b.png
aea59ebec445,3,train,raw/train_images/aea59ebec445.png,processed/geometric_384/train/aea59ebec445.png
aeab0a63bcaf,0,train,raw/train_images/aeab0a63bcaf.png,processed/geometric_384/train/aeab0a63bcaf.png
aeb6f4fd2eed,0,validation,raw/train_images/aeb6f4fd2eed.png,processed/geometric_384/validation/aeb6f4fd2eed.png
aebe87a423c8,0,validation,raw/train_images/aebe87a423c8.png,processed/geometric_384/validation/aebe87a423c8.png
aec51513cf45,0,train,raw/train_images/aec51513cf45.png,processed/geometric_384/train/aec51513cf45.png
aeccef0bdc26,0,train,raw/train_images/aeccef0bdc26.png,processed/geometric_384/train/aeccef0bdc26.png
aed4e743c230,2,test,raw/train_images/aed4e743c230.png,processed/geometric_384/test/aed4e743c230.png
aeed1f251ceb,4,train,raw/train_images/aeed1f251ceb.png,processed/geometric_384/train/aeed1f251ceb.png
aef9016557ca,2,test,raw/train_images/aef9016557ca.png,processed/geometric_384/test/aef9016557ca.png
af133a85ea0c,1,train,raw/train_images/af133a85ea0c.png,processed/geometric_384/train/af133a85ea0c.png
af345c68e836,0,test,raw/train_images/af345c68e836.png,processed/geometric_384/test/af345c68e836.png
af3b0115aad1,3,test,raw/train_images/af3b0115aad1.png,processed/geometric_384/test/af3b0115aad1.png
af5a0bc4e1fa,0,train,raw/train_images/af5a0bc4e1fa.png,processed/geometric_384/train/af5a0bc4e1fa.png
af6166d57f13,0,train,raw/train_images/af6166d57f13.png,processed/geometric_384/train/af6166d57f13.png
af6a1508cd95,0,train,raw/train_images/af6a1508cd95.png,processed/geometric_384/train/af6a1508cd95.png
af7a36454670,0,validation,raw/train_images/af7a36454670.png,processed/geometric_384/validation/af7a36454670.png
af828dab3ffc,2,train,raw/train_images/af828dab3ffc.png,processed/geometric_384/train/af828dab3ffc.png
af831c158744,2,test,raw/train_images/af831c158744.png,processed/geometric_384/test/af831c158744.png
af87d48ffe01,0,train,raw/train_images/af87d48ffe01.png,processed/geometric_384/train/af87d48ffe01.png
af8aa32beee4,2,train,raw/train_images/af8aa32beee4.png,processed/geometric_384/train/af8aa32beee4.png
afc345cc9145,0,train,raw/train_images/afc345cc9145.png,processed/geometric_384/train/afc345cc9145.png
afc744fad65e,0,train,raw/train_images/afc744fad65e.png,processed/geometric_384/train/afc744fad65e.png
b019a49787c1,3,train,raw/train_images/b019a49787c1.png,processed/geometric_384/train/b019a49787c1.png
b033ab4fb723,2,validation,raw/train_images/b033ab4fb723.png,processed/geometric_384/validation/b033ab4fb723.png
b05922e7abd3,0,train,raw/train_images/b05922e7abd3.png,processed/geometric_384/train/b05922e7abd3.png
b0619ca93a5f,0,train,raw/train_images/b0619ca93a5f.png,processed/geometric_384/train/b0619ca93a5f.png
b06dabab4f09,2,train,raw/train_images/b06dabab4f09.png,processed/geometric_384/train/b06dabab4f09.png
b07bc463b718,1,train,raw/train_images/b07bc463b718.png,processed/geometric_384/train/b07bc463b718.png
b085caa513a8,0,train,raw/train_images/b085caa513a8.png,processed/geometric_384/train/b085caa513a8.png
b086c7cd3868,0,train,raw/train_images/b086c7cd3868.png,processed/geometric_384/train/b086c7cd3868.png
b09101adb478,0,train,raw/train_images/b09101adb478.png,processed/geometric_384/train/b09101adb478.png
b0acd3593310,0,train,raw/train_images/b0acd3593310.png,processed/geometric_384/train/b0acd3593310.png
b0b3b16fc305,0,test,raw/train_images/b0b3b16fc305.png,processed/geometric_384/test/b0b3b16fc305.png
b0c9a492e068,0,train,raw/train_images/b0c9a492e068.png,processed/geometric_384/train/b0c9a492e068.png
b0cc9f8d06e4,2,train,raw/train_images/b0cc9f8d06e4.png,processed/geometric_384/train/b0cc9f8d06e4.png
b0d35981708b,2,train,raw/train_images/b0d35981708b.png,processed/geometric_384/train/b0d35981708b.png
b0d6417bad3e,2,train,raw/train_images/b0d6417bad3e.png,processed/geometric_384/train/b0d6417bad3e.png
b0eeae01b8ab,2,train,raw/train_images/b0eeae01b8ab.png,processed/geometric_384/train/b0eeae01b8ab.png
b0f0fa677d5f,0,train,raw/train_images/b0f0fa677d5f.png,processed/geometric_384/train/b0f0fa677d5f.png
b0f8613305a3,0,test,raw/train_images/b0f8613305a3.png,processed/geometric_384/test/b0f8613305a3.png
b10fca20c885,0,train,raw/train_images/b10fca20c885.png,processed/geometric_384/train/b10fca20c885.png
b1197f2cc9b3,1,test,raw/train_images/b1197f2cc9b3.png,processed/geometric_384/test/b1197f2cc9b3.png
b11dcdcbc8c8,0,train,raw/train_images/b11dcdcbc8c8.png,processed/geometric_384/train/b11dcdcbc8c8.png
b13d72ceea26,2,train,raw/train_images/b13d72ceea26.png,processed/geometric_384/train/b13d72ceea26.png
b16dd4483ca5,0,train,raw/train_images/b16dd4483ca5.png,processed/geometric_384/train/b16dd4483ca5.png
b17f0b81dab3,1,train,raw/train_images/b17f0b81dab3.png,processed/geometric_384/train/b17f0b81dab3.png
b191ba0a2b12,3,train,raw/train_images/b191ba0a2b12.png,processed/geometric_384/train/b191ba0a2b12.png
b1b3e7d0a5f3,4,train,raw/train_images/b1b3e7d0a5f3.png,processed/geometric_384/train/b1b3e7d0a5f3.png
b1c6f0997e27,0,validation,raw/train_images/b1c6f0997e27.png,processed/geometric_384/validation/b1c6f0997e27.png
b1f4122fd36a,2,test,raw/train_images/b1f4122fd36a.png,processed/geometric_384/test/b1f4122fd36a.png
b200c23b299b,0,train,raw/train_images/b200c23b299b.png,processed/geometric_384/train/b200c23b299b.png
b21abe5d9722,0,validation,raw/train_images/b21abe5d9722.png,processed/geometric_384/validation/b21abe5d9722.png
b22354b5f94b,1,train,raw/train_images/b22354b5f94b.png,processed/geometric_384/train/b22354b5f94b.png
b22cc1bf0b8a,0,test,raw/train_images/b22cc1bf0b8a.png,processed/geometric_384/test/b22cc1bf0b8a.png
b2748ac28fc1,2,train,raw/train_images/b2748ac28fc1.png,processed/geometric_384/train/b2748ac28fc1.png
b294927b14b0,0,validation,raw/train_images/b294927b14b0.png,processed/geometric_384/validation/b294927b14b0.png
b2aaa81cc8f0,2,validation,raw/train_images/b2aaa81cc8f0.png,processed/geometric_384/validation/b2aaa81cc8f0.png
b2b79b37d314,0,train,raw/train_images/b2b79b37d314.png,processed/geometric_384/train/b2b79b37d314.png
b2b7ccd34cbd,0,train,raw/train_images/b2b7ccd34cbd.png,processed/geometric_384/train/b2b7ccd34cbd.png
b2ffa3e18559,3,train,raw/train_images/b2ffa3e18559.png,processed/geometric_384/train/b2ffa3e18559.png
b310bd564329,3,train,raw/train_images/b310bd564329.png,processed/geometric_384/train/b310bd564329.png
b351ae99413a,0,train,raw/train_images/b351ae99413a.png,processed/geometric_384/train/b351ae99413a.png
b35cad8fe2d7,0,train,raw/train_images/b35cad8fe2d7.png,processed/geometric_384/train/b35cad8fe2d7.png
b37aae3c8fe1,4,train,raw/train_images/b37aae3c8fe1.png,processed/geometric_384/train/b37aae3c8fe1.png
b3819a805dca,4,train,raw/train_images/b3819a805dca.png,processed/geometric_384/train/b3819a805dca.png
b3a994760537,0,test,raw/train_images/b3a994760537.png,processed/geometric_384/test/b3a994760537.png
b3c0c3330278,2,test,raw/train_images/b3c0c3330278.png,processed/geometric_384/test/b3c0c3330278.png
b3d12069e1c5,2,train,raw/train_images/b3d12069e1c5.png,processed/geometric_384/train/b3d12069e1c5.png
b3d135bd3bb5,3,train,raw/train_images/b3d135bd3bb5.png,processed/geometric_384/train/b3d135bd3bb5.png
b3f31c371e59,0,validation,raw/train_images/b3f31c371e59.png,processed/geometric_384/validation/b3f31c371e59.png
b402b18d99a5,2,train,raw/train_images/b402b18d99a5.png,processed/geometric_384/train/b402b18d99a5.png
b402daa0864c,2,train,raw/train_images/b402daa0864c.png,processed/geometric_384/train/b402daa0864c.png
b43440c6ebe4,0,test,raw/train_images/b43440c6ebe4.png,processed/geometric_384/test/b43440c6ebe4.png
b460ca9fa26f,0,test,raw/train_images/b460ca9fa26f.png,processed/geometric_384/test/b460ca9fa26f.png
b468ebf5cb11,2,train,raw/train_images/b468ebf5cb11.png,processed/geometric_384/train/b468ebf5cb11.png
b46b09a45f39,0,train,raw/train_images/b46b09a45f39.png,processed/geometric_384/train/b46b09a45f39.png
b498b84d383f,2,train,raw/train_images/b498b84d383f.png,processed/geometric_384/train/b498b84d383f.png
b49b2fac2514,4,train,raw/train_images/b49b2fac2514.png,processed/geometric_384/train/b49b2fac2514.png
b4b04d81acbb,0,train,raw/train_images/b4b04d81acbb.png,processed/geometric_384/train/b4b04d81acbb.png
b4e15102cd7a,0,validation,raw/train_images/b4e15102cd7a.png,processed/geometric_384/validation/b4e15102cd7a.png
b4f41b5bf0ef,1,validation,raw/train_images/b4f41b5bf0ef.png,processed/geometric_384/validation/b4f41b5bf0ef.png
b50b30aa6e6c,1,validation,raw/train_images/b50b30aa6e6c.png,processed/geometric_384/validation/b50b30aa6e6c.png
b5204c0decc7,0,train,raw/train_images/b5204c0decc7.png,processed/geometric_384/train/b5204c0decc7.png
b532dedd928c,0,train,raw/train_images/b532dedd928c.png,processed/geometric_384/train/b532dedd928c.png
b549af91bd30,0,train,raw/train_images/b549af91bd30.png,processed/geometric_384/train/b549af91bd30.png
b553e7909535,0,test,raw/train_images/b553e7909535.png,processed/geometric_384/test/b553e7909535.png
b55d2ddb3e75,4,test,raw/train_images/b55d2ddb3e75.png,processed/geometric_384/test/b55d2ddb3e75.png
b56340f472d2,1,train,raw/train_images/b56340f472d2.png,processed/geometric_384/train/b56340f472d2.png
b574d229ec4c,2,test,raw/train_images/b574d229ec4c.png,processed/geometric_384/test/b574d229ec4c.png
b576c5269ad1,1,train,raw/train_images/b576c5269ad1.png,processed/geometric_384/train/b576c5269ad1.png
b5834ee64541,3,train,raw/train_images/b5834ee64541.png,processed/geometric_384/train/b5834ee64541.png
b598bc9753c2,0,train,raw/train_images/b598bc9753c2.png,processed/geometric_384/train/b598bc9753c2.png
b5a3ca5c0a80,0,test,raw/train_images/b5a3ca5c0a80.png,processed/geometric_384/test/b5a3ca5c0a80.png
b5b913358b32,0,test,raw/train_images/b5b913358b32.png,processed/geometric_384/test/b5b913358b32.png
b5bf7b84fc66,0,train,raw/train_images/b5bf7b84fc66.png,processed/geometric_384/train/b5bf7b84fc66.png
b5c80d0ed0ff,2,train,raw/train_images/b5c80d0ed0ff.png,processed/geometric_384/train/b5c80d0ed0ff.png
b5e6ae31493c,0,train,raw/train_images/b5e6ae31493c.png,processed/geometric_384/train/b5e6ae31493c.png
b60dbf9f0744,2,train,raw/train_images/b60dbf9f0744.png,processed/geometric_384/train/b60dbf9f0744.png
b6304c545f95,2,test,raw/train_images/b6304c545f95.png,processed/geometric_384/test/b6304c545f95.png
b640e3bdff75,1,validation,raw/train_images/b640e3bdff75.png,processed/geometric_384/validation/b640e3bdff75.png
b64e1eef3d63,0,train,raw/train_images/b64e1eef3d63.png,processed/geometric_384/train/b64e1eef3d63.png
b65ff67743b2,2,train,raw/train_images/b65ff67743b2.png,processed/geometric_384/train/b65ff67743b2.png
b665041e1633,2,test,raw/train_images/b665041e1633.png,processed/geometric_384/test/b665041e1633.png
b66f23ffa730,0,validation,raw/train_images/b66f23ffa730.png,processed/geometric_384/validation/b66f23ffa730.png
b67ae80f7eba,0,validation,raw/train_images/b67ae80f7eba.png,processed/geometric_384/validation/b67ae80f7eba.png
b69c224edd6e,0,train,raw/train_images/b69c224edd6e.png,processed/geometric_384/train/b69c224edd6e.png
b6a0e348a01e,1,test,raw/train_images/b6a0e348a01e.png,processed/geometric_384/test/b6a0e348a01e.png
b6bf847fbcb2,0,train,raw/train_images/b6bf847fbcb2.png,processed/geometric_384/train/b6bf847fbcb2.png
b6bfe9db60e5,3,train,raw/train_images/b6bfe9db60e5.png,processed/geometric_384/train/b6bfe9db60e5.png
b6d9974443ce,0,test,raw/train_images/b6d9974443ce.png,processed/geometric_384/test/b6d9974443ce.png
b6fd109b1bc9,0,train,raw/train_images/b6fd109b1bc9.png,processed/geometric_384/train/b6fd109b1bc9.png
b70cb31b9abb,4,validation,raw/train_images/b70cb31b9abb.png,processed/geometric_384/validation/b70cb31b9abb.png
b70e7c26f51e,0,validation,raw/train_images/b70e7c26f51e.png,processed/geometric_384/validation/b70e7c26f51e.png
b71428739d4e,1,train,raw/train_images/b71428739d4e.png,processed/geometric_384/train/b71428739d4e.png
b7278b4f2448,1,train,raw/train_images/b7278b4f2448.png,processed/geometric_384/train/b7278b4f2448.png
b72a86d61959,0,train,raw/train_images/b72a86d61959.png,processed/geometric_384/train/b72a86d61959.png
b72f59b85f7c,0,train,raw/train_images/b72f59b85f7c.png,processed/geometric_384/train/b72f59b85f7c.png
b73d0bcd3d33,0,validation,raw/train_images/b73d0bcd3d33.png,processed/geometric_384/validation/b73d0bcd3d33.png
b746a6681ba9,2,train,raw/train_images/b746a6681ba9.png,processed/geometric_384/train/b746a6681ba9.png
b74de20d73de,0,train,raw/train_images/b74de20d73de.png,processed/geometric_384/train/b74de20d73de.png
b759cbef90c5,0,test,raw/train_images/b759cbef90c5.png,processed/geometric_384/test/b759cbef90c5.png
b762c29cf2f3,2,train,raw/train_images/b762c29cf2f3.png,processed/geometric_384/train/b762c29cf2f3.png
b77b88926843,0,train,raw/train_images/b77b88926843.png,processed/geometric_384/train/b77b88926843.png
b77b8a1f09f1,4,validation,raw/train_images/b77b8a1f09f1.png,processed/geometric_384/validation/b77b8a1f09f1.png
b7983cb3f270,0,train,raw/train_images/b7983cb3f270.png,processed/geometric_384/train/b7983cb3f270.png
b7a1bb106051,0,train,raw/train_images/b7a1bb106051.png,processed/geometric_384/train/b7a1bb106051.png
b7aca95b97b9,0,train,raw/train_images/b7aca95b97b9.png,processed/geometric_384/train/b7aca95b97b9.png
b7bd4a6627b6,0,train,raw/train_images/b7bd4a6627b6.png,processed/geometric_384/train/b7bd4a6627b6.png
b7ce561a7328,0,train,raw/train_images/b7ce561a7328.png,processed/geometric_384/train/b7ce561a7328.png
b7e0f95353f2,3,train,raw/train_images/b7e0f95353f2.png,processed/geometric_384/train/b7e0f95353f2.png
b7f0bc7d399e,0,train,raw/train_images/b7f0bc7d399e.png,processed/geometric_384/train/b7f0bc7d399e.png
b8297a2291f5,0,train,raw/train_images/b8297a2291f5.png,processed/geometric_384/train/b8297a2291f5.png
b82d5f1f1145,2,train,raw/train_images/b82d5f1f1145.png,processed/geometric_384/train/b82d5f1f1145.png
b82dfa63a75f,0,test,raw/train_images/b82dfa63a75f.png,processed/geometric_384/test/b82dfa63a75f.png
b835b6e31a59,0,train,raw/train_images/b835b6e31a59.png,processed/geometric_384/train/b835b6e31a59.png
b83a6eca125f,2,train,raw/train_images/b83a6eca125f.png,processed/geometric_384/train/b83a6eca125f.png
b842b43cb7fb,0,train,raw/train_images/b842b43cb7fb.png,processed/geometric_384/train/b842b43cb7fb.png
b86fb2d5be1a,0,test,raw/train_images/b86fb2d5be1a.png,processed/geometric_384/test/b86fb2d5be1a.png
b87f9c59748b,4,test,raw/train_images/b87f9c59748b.png,processed/geometric_384/test/b87f9c59748b.png
b89938407ee6,2,validation,raw/train_images/b89938407ee6.png,processed/geometric_384/validation/b89938407ee6.png
b8ac328009e0,2,train,raw/train_images/b8ac328009e0.png,processed/geometric_384/train/b8ac328009e0.png
b8dab47a260e,0,validation,raw/train_images/b8dab47a260e.png,processed/geometric_384/validation/b8dab47a260e.png
b8e20c076b03,0,train,raw/train_images/b8e20c076b03.png,processed/geometric_384/train/b8e20c076b03.png
b8e9a8f4617d,0,test,raw/train_images/b8e9a8f4617d.png,processed/geometric_384/test/b8e9a8f4617d.png
b8f1b30877db,2,train,raw/train_images/b8f1b30877db.png,processed/geometric_384/train/b8f1b30877db.png
b8fb9f55cd6d,2,train,raw/train_images/b8fb9f55cd6d.png,processed/geometric_384/train/b8fb9f55cd6d.png
b90bc89ce8d8,4,train,raw/train_images/b90bc89ce8d8.png,processed/geometric_384/train/b90bc89ce8d8.png
b927a9238434,2,train,raw/train_images/b927a9238434.png,processed/geometric_384/train/b927a9238434.png
b92eacd1392a,0,train,raw/train_images/b92eacd1392a.png,processed/geometric_384/train/b92eacd1392a.png
b94c58d063bf,1,train,raw/train_images/b94c58d063bf.png,processed/geometric_384/train/b94c58d063bf.png
b9519abce0c1,0,train,raw/train_images/b9519abce0c1.png,processed/geometric_384/train/b9519abce0c1.png
b95d4dd8e5e2,2,train,raw/train_images/b95d4dd8e5e2.png,processed/geometric_384/train/b95d4dd8e5e2.png
b960142a8de7,3,train,raw/train_images/b960142a8de7.png,processed/geometric_384/train/b960142a8de7.png
b963a11638f2,0,train,raw/train_images/b963a11638f2.png,processed/geometric_384/train/b963a11638f2.png
b96b518596b3,4,train,raw/train_images/b96b518596b3.png,processed/geometric_384/train/b96b518596b3.png
b98f77098b9d,2,train,raw/train_images/b98f77098b9d.png,processed/geometric_384/train/b98f77098b9d.png
b99794a0beed,2,validation,raw/train_images/b99794a0beed.png,processed/geometric_384/validation/b99794a0beed.png
b99afe7137fb,4,train,raw/train_images/b99afe7137fb.png,processed/geometric_384/train/b99afe7137fb.png
b99c825b93c5,2,test,raw/train_images/b99c825b93c5.png,processed/geometric_384/test/b99c825b93c5.png
b9b6ee2b9453,2,train,raw/train_images/b9b6ee2b9453.png,processed/geometric_384/train/b9b6ee2b9453.png
b9b99dad668d,1,train,raw/train_images/b9b99dad668d.png,processed/geometric_384/train/b9b99dad668d.png
b9bc81fcb075,0,validation,raw/train_images/b9bc81fcb075.png,processed/geometric_384/validation/b9bc81fcb075.png
b9c7c5182075,0,train,raw/train_images/b9c7c5182075.png,processed/geometric_384/train/b9c7c5182075.png
b9d0b83d70c3,0,validation,raw/train_images/b9d0b83d70c3.png,processed/geometric_384/validation/b9d0b83d70c3.png
b9fe7da14a32,0,train,raw/train_images/b9fe7da14a32.png,processed/geometric_384/train/b9fe7da14a32.png
ba0107fb1bfd,0,train,raw/train_images/ba0107fb1bfd.png,processed/geometric_384/train/ba0107fb1bfd.png
ba08cee68c71,4,train,raw/train_images/ba08cee68c71.png,processed/geometric_384/train/ba08cee68c71.png
ba25f947f4ec,2,train,raw/train_images/ba25f947f4ec.png,processed/geometric_384/train/ba25f947f4ec.png
ba2ea9182090,0,test,raw/train_images/ba2ea9182090.png,processed/geometric_384/test/ba2ea9182090.png
ba4d2c4b3039,4,test,raw/train_images/ba4d2c4b3039.png,processed/geometric_384/test/ba4d2c4b3039.png
ba4e62c11cc0,0,train,raw/train_images/ba4e62c11cc0.png,processed/geometric_384/train/ba4e62c11cc0.png
ba735b286d62,4,validation,raw/train_images/ba735b286d62.png,processed/geometric_384/validation/ba735b286d62.png
baaca2f7e1f0,0,train,raw/train_images/baaca2f7e1f0.png,processed/geometric_384/train/baaca2f7e1f0.png
bab776139279,0,train,raw/train_images/bab776139279.png,processed/geometric_384/train/bab776139279.png
bac1744955c2,0,train,raw/train_images/bac1744955c2.png,processed/geometric_384/train/bac1744955c2.png
bacfa2b8e706,0,train,raw/train_images/bacfa2b8e706.png,processed/geometric_384/train/bacfa2b8e706.png
bb08949dd70a,0,train,raw/train_images/bb08949dd70a.png,processed/geometric_384/train/bb08949dd70a.png
bb11db08584a,1,train,raw/train_images/bb11db08584a.png,processed/geometric_384/train/bb11db08584a.png
bb2f89488ecd,0,train,raw/train_images/bb2f89488ecd.png,processed/geometric_384/train/bb2f89488ecd.png
bb45257258cc,1,train,raw/train_images/bb45257258cc.png,processed/geometric_384/train/bb45257258cc.png
bb733062f494,2,train,raw/train_images/bb733062f494.png,processed/geometric_384/train/bb733062f494.png
bb752b179751,0,validation,raw/train_images/bb752b179751.png,processed/geometric_384/validation/bb752b179751.png
bb783d8e496f,1,train,raw/train_images/bb783d8e496f.png,processed/geometric_384/train/bb783d8e496f.png
bb7e0a2544cd,3,validation,raw/train_images/bb7e0a2544cd.png,processed/geometric_384/validation/bb7e0a2544cd.png
bb85097857fa,0,train,raw/train_images/bb85097857fa.png,processed/geometric_384/train/bb85097857fa.png
bb9a3d835a94,1,train,raw/train_images/bb9a3d835a94.png,processed/geometric_384/train/bb9a3d835a94.png
bba38f2294a3,4,train,raw/train_images/bba38f2294a3.png,processed/geometric_384/train/bba38f2294a3.png
bc23f74e14dd,2,train,raw/train_images/bc23f74e14dd.png,processed/geometric_384/train/bc23f74e14dd.png
bc34ed91c9bc,4,test,raw/train_images/bc34ed91c9bc.png,processed/geometric_384/test/bc34ed91c9bc.png
bc34f52c37c7,0,train,raw/train_images/bc34f52c37c7.png,processed/geometric_384/train/bc34f52c37c7.png
bc73ce76ec43,1,train,raw/train_images/bc73ce76ec43.png,processed/geometric_384/train/bc73ce76ec43.png
bc7bf19b84e3,0,validation,raw/train_images/bc7bf19b84e3.png,processed/geometric_384/validation/bc7bf19b84e3.png
bc8c6a778cde,0,train,raw/train_images/bc8c6a778cde.png,processed/geometric_384/train/bc8c6a778cde.png
bc92a61a1f9c,0,validation,raw/train_images/bc92a61a1f9c.png,processed/geometric_384/validation/bc92a61a1f9c.png
bca2bdc15fc5,2,validation,raw/train_images/bca2bdc15fc5.png,processed/geometric_384/validation/bca2bdc15fc5.png
bcb0498ed2c1,0,train,raw/train_images/bcb0498ed2c1.png,processed/geometric_384/train/bcb0498ed2c1.png
bcc762618e7d,2,train,raw/train_images/bcc762618e7d.png,processed/geometric_384/train/bcc762618e7d.png
bcd503c726ba,4,train,raw/train_images/bcd503c726ba.png,processed/geometric_384/train/bcd503c726ba.png
bcdc8db5423b,2,train,raw/train_images/bcdc8db5423b.png,processed/geometric_384/train/bcdc8db5423b.png
bd06028eb7dd,0,train,raw/train_images/bd06028eb7dd.png,processed/geometric_384/train/bd06028eb7dd.png
bd269a1f0e4d,1,validation,raw/train_images/bd269a1f0e4d.png,processed/geometric_384/validation/bd269a1f0e4d.png
bd34a0639575,0,train,raw/train_images/bd34a0639575.png,processed/geometric_384/train/bd34a0639575.png
bd375ba756b1,0,train,raw/train_images/bd375ba756b1.png,processed/geometric_384/train/bd375ba756b1.png
bd500a73beae,0,train,raw/train_images/bd500a73beae.png,processed/geometric_384/train/bd500a73beae.png
bd9904495ccd,4,train,raw/train_images/bd9904495ccd.png,processed/geometric_384/train/bd9904495ccd.png
bda7ff3b1562,2,test,raw/train_images/bda7ff3b1562.png,processed/geometric_384/test/bda7ff3b1562.png
bda8c973b09d,2,train,raw/train_images/bda8c973b09d.png,processed/geometric_384/train/bda8c973b09d.png
bda91b76095b,0,train,raw/train_images/bda91b76095b.png,processed/geometric_384/train/bda91b76095b.png
bdb98063fe84,2,validation,raw/train_images/bdb98063fe84.png,processed/geometric_384/validation/bdb98063fe84.png
bdc6c60e9133,0,train,raw/train_images/bdc6c60e9133.png,processed/geometric_384/train/bdc6c60e9133.png
bde1063a5dd7,0,validation,raw/train_images/bde1063a5dd7.png,processed/geometric_384/validation/bde1063a5dd7.png
bdf47b9f10c4,0,train,raw/train_images/bdf47b9f10c4.png,processed/geometric_384/train/bdf47b9f10c4.png
bdff5d8bddf8,4,validation,raw/train_images/bdff5d8bddf8.png,processed/geometric_384/validation/bdff5d8bddf8.png
be197b663520,0,train,raw/train_images/be197b663520.png,processed/geometric_384/train/be197b663520.png
be21d8b60e2a,2,train,raw/train_images/be21d8b60e2a.png,processed/geometric_384/train/be21d8b60e2a.png
be3a7d9e981e,0,validation,raw/train_images/be3a7d9e981e.png,processed/geometric_384/validation/be3a7d9e981e.png
be521870a0ea,0,train,raw/train_images/be521870a0ea.png,processed/geometric_384/train/be521870a0ea.png
be68322c7223,2,test,raw/train_images/be68322c7223.png,processed/geometric_384/test/be68322c7223.png
be6cbf6e5b10,0,test,raw/train_images/be6cbf6e5b10.png,processed/geometric_384/test/be6cbf6e5b10.png
be7bc89f5fec,2,validation,raw/train_images/be7bc89f5fec.png,processed/geometric_384/validation/be7bc89f5fec.png
be7f791a7877,0,train,raw/train_images/be7f791a7877.png,processed/geometric_384/train/be7f791a7877.png
be8697eb2078,0,validation,raw/train_images/be8697eb2078.png,processed/geometric_384/validation/be8697eb2078.png
beb00fa6e7c9,0,validation,raw/train_images/beb00fa6e7c9.png,processed/geometric_384/validation/beb00fa6e7c9.png
beb2ad14fd2d,0,train,raw/train_images/beb2ad14fd2d.png,processed/geometric_384/train/beb2ad14fd2d.png
bebb3f167654,1,test,raw/train_images/bebb3f167654.png,processed/geometric_384/test/bebb3f167654.png
bebfbd907cac,0,test,raw/train_images/bebfbd907cac.png,processed/geometric_384/test/bebfbd907cac.png
bec0acd539b2,3,train,raw/train_images/bec0acd539b2.png,processed/geometric_384/train/bec0acd539b2.png
bed8296c8dfe,0,train,raw/train_images/bed8296c8dfe.png,processed/geometric_384/train/bed8296c8dfe.png
beeca5f14618,0,train,raw/train_images/beeca5f14618.png,processed/geometric_384/train/beeca5f14618.png
bf18ff30a8f6,1,train,raw/train_images/bf18ff30a8f6.png,processed/geometric_384/train/bf18ff30a8f6.png
bf1b7e21e774,2,train,raw/train_images/bf1b7e21e774.png,processed/geometric_384/train/bf1b7e21e774.png
bf6cbccacf39,0,train,raw/train_images/bf6cbccacf39.png,processed/geometric_384/train/bf6cbccacf39.png
bf7047dc683c,2,train,raw/train_images/bf7047dc683c.png,processed/geometric_384/train/bf7047dc683c.png
bf7221a016b5,0,train,raw/train_images/bf7221a016b5.png,processed/geometric_384/train/bf7221a016b5.png
bf7b4eae7ad0,0,train,raw/train_images/bf7b4eae7ad0.png,processed/geometric_384/train/bf7b4eae7ad0.png
bf8092e4001d,3,train,raw/train_images/bf8092e4001d.png,processed/geometric_384/train/bf8092e4001d.png
bf811911acf9,0,train,raw/train_images/bf811911acf9.png,processed/geometric_384/train/bf811911acf9.png
bf87aedf2489,0,validation,raw/train_images/bf87aedf2489.png,processed/geometric_384/validation/bf87aedf2489.png
bf9cba745efc,2,train,raw/train_images/bf9cba745efc.png,processed/geometric_384/train/bf9cba745efc.png
bfa30ebf63a8,0,train,raw/train_images/bfa30ebf63a8.png,processed/geometric_384/train/bfa30ebf63a8.png
bfaa0080ab61,2,train,raw/train_images/bfaa0080ab61.png,processed/geometric_384/train/bfaa0080ab61.png
bfb578c0e8d8,0,train,raw/train_images/bfb578c0e8d8.png,processed/geometric_384/train/bfb578c0e8d8.png
bfd5c0e55420,2,train,raw/train_images/bfd5c0e55420.png,processed/geometric_384/train/bfd5c0e55420.png
bfda2fd0533a,2,validation,raw/train_images/bfda2fd0533a.png,processed/geometric_384/validation/bfda2fd0533a.png
bfdee9be1f1d,4,train,raw/train_images/bfdee9be1f1d.png,processed/geometric_384/train/bfdee9be1f1d.png
bfe467b7e997,2,test,raw/train_images/bfe467b7e997.png,processed/geometric_384/test/bfe467b7e997.png
bff51afc76d4,0,train,raw/train_images/bff51afc76d4.png,processed/geometric_384/train/bff51afc76d4.png
bffca6eeb2bf,0,train,raw/train_images/bffca6eeb2bf.png,processed/geometric_384/train/bffca6eeb2bf.png
c013e869acce,0,test,raw/train_images/c013e869acce.png,processed/geometric_384/test/c013e869acce.png
c01eae4b4939,4,train,raw/train_images/c01eae4b4939.png,processed/geometric_384/train/c01eae4b4939.png
c0202976c670,2,validation,raw/train_images/c0202976c670.png,processed/geometric_384/validation/c0202976c670.png
c06024f05a16,0,train,raw/train_images/c06024f05a16.png,processed/geometric_384/train/c06024f05a16.png
c096131ad065,0,validation,raw/train_images/c096131ad065.png,processed/geometric_384/validation/c096131ad065.png
c0968d41eb93,1,test,raw/train_images/c0968d41eb93.png,processed/geometric_384/test/c0968d41eb93.png
c0a0828e01b4,3,train,raw/train_images/c0a0828e01b4.png,processed/geometric_384/train/c0a0828e01b4.png
c0a117de7d0a,0,train,raw/train_images/c0a117de7d0a.png,processed/geometric_384/train/c0a117de7d0a.png
c0e15e8e2b46,1,train,raw/train_images/c0e15e8e2b46.png,processed/geometric_384/train/c0e15e8e2b46.png
c0f15fe3b4b7,1,validation,raw/train_images/c0f15fe3b4b7.png,processed/geometric_384/validation/c0f15fe3b4b7.png
c102db7634d8,1,train,raw/train_images/c102db7634d8.png,processed/geometric_384/train/c102db7634d8.png
c12e9ca420a5,0,train,raw/train_images/c12e9ca420a5.png,processed/geometric_384/train/c12e9ca420a5.png
c1437a7a52c9,0,test,raw/train_images/c1437a7a52c9.png,processed/geometric_384/test/c1437a7a52c9.png
c1799a6f5c65,4,train,raw/train_images/c1799a6f5c65.png,processed/geometric_384/train/c1799a6f5c65.png
c1819db0aece,0,train,raw/train_images/c1819db0aece.png,processed/geometric_384/train/c1819db0aece.png
c1896142a20a,4,train,raw/train_images/c1896142a20a.png,processed/geometric_384/train/c1896142a20a.png
c18a006f7f1d,0,train,raw/train_images/c18a006f7f1d.png,processed/geometric_384/train/c18a006f7f1d.png
c1e6fa1ad314,1,train,raw/train_images/c1e6fa1ad314.png,processed/geometric_384/train/c1e6fa1ad314.png
c1ebe785503a,1,train,raw/train_images/c1ebe785503a.png,processed/geometric_384/train/c1ebe785503a.png
c21eb81de9fc,0,train,raw/train_images/c21eb81de9fc.png,processed/geometric_384/train/c21eb81de9fc.png
c23ff6dcf15e,0,train,raw/train_images/c23ff6dcf15e.png,processed/geometric_384/train/c23ff6dcf15e.png
c24bcf7a1bc4,0,train,raw/train_images/c24bcf7a1bc4.png,processed/geometric_384/train/c24bcf7a1bc4.png
c252da9b41d8,2,validation,raw/train_images/c252da9b41d8.png,processed/geometric_384/validation/c252da9b41d8.png
c25e02b39c01,0,train,raw/train_images/c25e02b39c01.png,processed/geometric_384/train/c25e02b39c01.png
c261b1aaa828,2,train,raw/train_images/c261b1aaa828.png,processed/geometric_384/train/c261b1aaa828.png
c26f98f58350,0,train,raw/train_images/c26f98f58350.png,processed/geometric_384/train/c26f98f58350.png
c280730cc211,2,validation,raw/train_images/c280730cc211.png,processed/geometric_384/validation/c280730cc211.png
c2a58b2cfd0b,0,train,raw/train_images/c2a58b2cfd0b.png,processed/geometric_384/train/c2a58b2cfd0b.png
c2f3281cf528,0,test,raw/train_images/c2f3281cf528.png,processed/geometric_384/test/c2f3281cf528.png
c31651ea04c6,3,test,raw/train_images/c31651ea04c6.png,processed/geometric_384/test/c31651ea04c6.png
c334f8688b77,0,train,raw/train_images/c334f8688b77.png,processed/geometric_384/train/c334f8688b77.png
c365c598ad4e,0,train,raw/train_images/c365c598ad4e.png,processed/geometric_384/train/c365c598ad4e.png
c373b73a80c8,0,train,raw/train_images/c373b73a80c8.png,processed/geometric_384/train/c373b73a80c8.png
c3789c1dab96,0,test,raw/train_images/c3789c1dab96.png,processed/geometric_384/test/c3789c1dab96.png
c38dec54a9f7,0,train,raw/train_images/c38dec54a9f7.png,processed/geometric_384/train/c38dec54a9f7.png
c3a82acb7d7a,3,train,raw/train_images/c3a82acb7d7a.png,processed/geometric_384/train/c3a82acb7d7a.png
c3aa424eff9a,0,test,raw/train_images/c3aa424eff9a.png,processed/geometric_384/test/c3aa424eff9a.png
c3acf47700ea,2,train,raw/train_images/c3acf47700ea.png,processed/geometric_384/train/c3acf47700ea.png
c3b15bf9b4bc,0,validation,raw/train_images/c3b15bf9b4bc.png,processed/geometric_384/validation/c3b15bf9b4bc.png
c3c8fdda50c0,0,test,raw/train_images/c3c8fdda50c0.png,processed/geometric_384/test/c3c8fdda50c0.png
c3cd0200df79,3,train,raw/train_images/c3cd0200df79.png,processed/geometric_384/train/c3cd0200df79.png
c3d12a23f451,4,validation,raw/train_images/c3d12a23f451.png,processed/geometric_384/validation/c3d12a23f451.png
c3e02d4a1798,2,test,raw/train_images/c3e02d4a1798.png,processed/geometric_384/test/c3e02d4a1798.png
c406325360b1,2,test,raw/train_images/c406325360b1.png,processed/geometric_384/test/c406325360b1.png
c40976189f22,1,train,raw/train_images/c40976189f22.png,processed/geometric_384/train/c40976189f22.png
c446985355f1,0,test,raw/train_images/c446985355f1.png,processed/geometric_384/test/c446985355f1.png
c48ae5da188e,2,train,raw/train_images/c48ae5da188e.png,processed/geometric_384/train/c48ae5da188e.png
c4a8f2fcf6e8,1,train,raw/train_images/c4a8f2fcf6e8.png,processed/geometric_384/train/c4a8f2fcf6e8.png
c4aef0d88d1b,0,validation,raw/train_images/c4aef0d88d1b.png,processed/geometric_384/validation/c4aef0d88d1b.png
c4e8b1ec8893,2,validation,raw/train_images/c4e8b1ec8893.png,processed/geometric_384/validation/c4e8b1ec8893.png
c52bb7343387,2,validation,raw/train_images/c52bb7343387.png,processed/geometric_384/validation/c52bb7343387.png
c5431b81cbc9,2,train,raw/train_images/c5431b81cbc9.png,processed/geometric_384/train/c5431b81cbc9.png
c561bcd519e9,2,train,raw/train_images/c561bcd519e9.png,processed/geometric_384/train/c561bcd519e9.png
c56293f53191,0,train,raw/train_images/c56293f53191.png,processed/geometric_384/train/c56293f53191.png
c568e5245ea5,2,validation,raw/train_images/c568e5245ea5.png,processed/geometric_384/validation/c568e5245ea5.png
c56e65f74187,1,train,raw/train_images/c56e65f74187.png,processed/geometric_384/train/c56e65f74187.png
c57c164bca05,0,train,raw/train_images/c57c164bca05.png,processed/geometric_384/train/c57c164bca05.png
c58971bcebb2,0,train,raw/train_images/c58971bcebb2.png,processed/geometric_384/train/c58971bcebb2.png
c58e5c0c5b33,0,validation,raw/train_images/c58e5c0c5b33.png,processed/geometric_384/validation/c58e5c0c5b33.png
c597ef460944,0,train,raw/train_images/c597ef460944.png,processed/geometric_384/train/c597ef460944.png
c5a0e84e955d,0,train,raw/train_images/c5a0e84e955d.png,processed/geometric_384/train/c5a0e84e955d.png
c5a6f432a1ec,0,train,raw/train_images/c5a6f432a1ec.png,processed/geometric_384/train/c5a6f432a1ec.png
c5a9ebef1517,3,test,raw/train_images/c5a9ebef1517.png,processed/geometric_384/test/c5a9ebef1517.png
c5ad60521f8c,2,train,raw/train_images/c5ad60521f8c.png,processed/geometric_384/train/c5ad60521f8c.png
c5b58cc992af,0,train,raw/train_images/c5b58cc992af.png,processed/geometric_384/train/c5b58cc992af.png
c5ba9e455d5e,3,train,raw/train_images/c5ba9e455d5e.png,processed/geometric_384/train/c5ba9e455d5e.png
c5bec7f1e5f3,0,test,raw/train_images/c5bec7f1e5f3.png,processed/geometric_384/test/c5bec7f1e5f3.png
c5e238aa18be,4,train,raw/train_images/c5e238aa18be.png,processed/geometric_384/train/c5e238aa18be.png
c613db1cab27,2,train,raw/train_images/c613db1cab27.png,processed/geometric_384/train/c613db1cab27.png
c6229222bf22,0,train,raw/train_images/c6229222bf22.png,processed/geometric_384/train/c6229222bf22.png
c62cef02efa2,0,train,raw/train_images/c62cef02efa2.png,processed/geometric_384/train/c62cef02efa2.png
c639d837f5e4,0,train,raw/train_images/c639d837f5e4.png,processed/geometric_384/train/c639d837f5e4.png
c64c0966b4cf,0,validation,raw/train_images/c64c0966b4cf.png,processed/geometric_384/validation/c64c0966b4cf.png
c67117c6ab3b,3,train,raw/train_images/c67117c6ab3b.png,processed/geometric_384/train/c67117c6ab3b.png
c6916bc42016,0,train,raw/train_images/c6916bc42016.png,processed/geometric_384/train/c6916bc42016.png
c6a145742708,4,train,raw/train_images/c6a145742708.png,processed/geometric_384/train/c6a145742708.png
c6a2975228af,2,train,raw/train_images/c6a2975228af.png,processed/geometric_384/train/c6a2975228af.png
c6a8f8f998a2,0,train,raw/train_images/c6a8f8f998a2.png,processed/geometric_384/train/c6a8f8f998a2.png
c6c2bad91f23,2,train,raw/train_images/c6c2bad91f23.png,processed/geometric_384/train/c6c2bad91f23.png
c6d4e4a3bd4c,0,train,raw/train_images/c6d4e4a3bd4c.png,processed/geometric_384/train/c6d4e4a3bd4c.png
c6e1e9fbf39b,2,train,raw/train_images/c6e1e9fbf39b.png,processed/geometric_384/train/c6e1e9fbf39b.png
c6f5b5b5be41,0,test,raw/train_images/c6f5b5b5be41.png,processed/geometric_384/test/c6f5b5b5be41.png
c704bd669f36,0,train,raw/train_images/c704bd669f36.png,processed/geometric_384/train/c704bd669f36.png
c70d09370109,2,train,raw/train_images/c70d09370109.png,processed/geometric_384/train/c70d09370109.png
c739ff9580d3,1,train,raw/train_images/c739ff9580d3.png,processed/geometric_384/train/c739ff9580d3.png
c73c5f6ef664,2,train,raw/train_images/c73c5f6ef664.png,processed/geometric_384/train/c73c5f6ef664.png
c755a0c4edcc,0,train,raw/train_images/c755a0c4edcc.png,processed/geometric_384/train/c755a0c4edcc.png
c76664770c07,3,train,raw/train_images/c76664770c07.png,processed/geometric_384/train/c76664770c07.png
c7b622ec8104,1,train,raw/train_images/c7b622ec8104.png,processed/geometric_384/train/c7b622ec8104.png
c7c0470bcf87,2,test,raw/train_images/c7c0470bcf87.png,processed/geometric_384/test/c7c0470bcf87.png
c7c3d363bc86,0,train,raw/train_images/c7c3d363bc86.png,processed/geometric_384/train/c7c3d363bc86.png
c7d0deb71576,0,train,raw/train_images/c7d0deb71576.png,processed/geometric_384/train/c7d0deb71576.png
c7e827fc7f41,2,train,raw/train_images/c7e827fc7f41.png,processed/geometric_384/train/c7e827fc7f41.png
c80b0f27541a,0,train,raw/train_images/c80b0f27541a.png,processed/geometric_384/train/c80b0f27541a.png
c80f79579fed,2,train,raw/train_images/c80f79579fed.png,processed/geometric_384/train/c80f79579fed.png
c81c6911f5e0,0,test,raw/train_images/c81c6911f5e0.png,processed/geometric_384/test/c81c6911f5e0.png
c85b79d70079,0,test,raw/train_images/c85b79d70079.png,processed/geometric_384/test/c85b79d70079.png
c87493ed320c,2,test,raw/train_images/c87493ed320c.png,processed/geometric_384/test/c87493ed320c.png
c8823cdaf7fa,2,train,raw/train_images/c8823cdaf7fa.png,processed/geometric_384/train/c8823cdaf7fa.png
c8905b8d5cf1,2,train,raw/train_images/c8905b8d5cf1.png,processed/geometric_384/train/c8905b8d5cf1.png
c8a3eb9a5b52,2,train,raw/train_images/c8a3eb9a5b52.png,processed/geometric_384/train/c8a3eb9a5b52.png
c8fc0df22999,1,train,raw/train_images/c8fc0df22999.png,processed/geometric_384/train/c8fc0df22999.png
c90c6b94cf40,0,validation,raw/train_images/c90c6b94cf40.png,processed/geometric_384/validation/c90c6b94cf40.png
c947bb6cf9f6,0,validation,raw/train_images/c947bb6cf9f6.png,processed/geometric_384/validation/c947bb6cf9f6.png
c9485c38fdd5,1,train,raw/train_images/c9485c38fdd5.png,processed/geometric_384/train/c9485c38fdd5.png
c94f37085d0f,0,test,raw/train_images/c94f37085d0f.png,processed/geometric_384/test/c94f37085d0f.png
c96f743915b5,1,train,raw/train_images/c96f743915b5.png,processed/geometric_384/train/c96f743915b5.png
c97472ef2c66,0,train,raw/train_images/c97472ef2c66.png,processed/geometric_384/train/c97472ef2c66.png
c98f623d08d1,0,train,raw/train_images/c98f623d08d1.png,processed/geometric_384/train/c98f623d08d1.png
c9c563864ab1,0,train,raw/train_images/c9c563864ab1.png,processed/geometric_384/train/c9c563864ab1.png
c9d42d7534e0,2,train,raw/train_images/c9d42d7534e0.png,processed/geometric_384/train/c9d42d7534e0.png
c9e697117f3f,0,train,raw/train_images/c9e697117f3f.png,processed/geometric_384/train/c9e697117f3f.png
c9ea9d5eab65,3,train,raw/train_images/c9ea9d5eab65.png,processed/geometric_384/train/c9ea9d5eab65.png
ca05f7e7801b,0,train,raw/train_images/ca05f7e7801b.png,processed/geometric_384/train/ca05f7e7801b.png
ca0f1a17c8e5,2,validation,raw/train_images/ca0f1a17c8e5.png,processed/geometric_384/validation/ca0f1a17c8e5.png
ca1036496659,1,train,raw/train_images/ca1036496659.png,processed/geometric_384/train/ca1036496659.png
ca2b54b95ade,0,validation,raw/train_images/ca2b54b95ade.png,processed/geometric_384/validation/ca2b54b95ade.png
ca30a97e9d13,1,train,raw/train_images/ca30a97e9d13.png,processed/geometric_384/train/ca30a97e9d13.png
ca360bec5851,2,train,raw/train_images/ca360bec5851.png,processed/geometric_384/train/ca360bec5851.png
ca63fe4f4b52,1,train,raw/train_images/ca63fe4f4b52.png,processed/geometric_384/train/ca63fe4f4b52.png
ca7140ecf389,1,validation,raw/train_images/ca7140ecf389.png,processed/geometric_384/validation/ca7140ecf389.png
ca7570c5925c,2,train,raw/train_images/ca7570c5925c.png,processed/geometric_384/train/ca7570c5925c.png
ca7f5caddf96,2,train,raw/train_images/ca7f5caddf96.png,processed/geometric_384/train/ca7f5caddf96.png
ca891d37a43c,2,test,raw/train_images/ca891d37a43c.png,processed/geometric_384/test/ca891d37a43c.png
ca9c912ebad7,2,train,raw/train_images/ca9c912ebad7.png,processed/geometric_384/train/ca9c912ebad7.png
cab3dfa7962d,1,train,raw/train_images/cab3dfa7962d.png,processed/geometric_384/train/cab3dfa7962d.png
cac80797770f,2,train,raw/train_images/cac80797770f.png,processed/geometric_384/train/cac80797770f.png
cad5b1a82e60,0,train,raw/train_images/cad5b1a82e60.png,processed/geometric_384/train/cad5b1a82e60.png
cadde4030858,0,test,raw/train_images/cadde4030858.png,processed/geometric_384/test/cadde4030858.png
cae33655ca00,0,test,raw/train_images/cae33655ca00.png,processed/geometric_384/test/cae33655ca00.png
cae51154e1ce,1,train,raw/train_images/cae51154e1ce.png,processed/geometric_384/train/cae51154e1ce.png
caec68f11c86,2,validation,raw/train_images/caec68f11c86.png,processed/geometric_384/validation/caec68f11c86.png
cb02bb47fdc5,0,test,raw/train_images/cb02bb47fdc5.png,processed/geometric_384/test/cb02bb47fdc5.png
cb0cc98d7e35,0,test,raw/train_images/cb0cc98d7e35.png,processed/geometric_384/test/cb0cc98d7e35.png
cb2201c226d6,0,train,raw/train_images/cb2201c226d6.png,processed/geometric_384/train/cb2201c226d6.png
cb28adab4e8a,0,test,raw/train_images/cb28adab4e8a.png,processed/geometric_384/test/cb28adab4e8a.png
cb2f3c5d71a7,1,train,raw/train_images/cb2f3c5d71a7.png,processed/geometric_384/train/cb2f3c5d71a7.png
cb39761f0712,0,train,raw/train_images/cb39761f0712.png,processed/geometric_384/train/cb39761f0712.png
cb547e723a16,4,train,raw/train_images/cb547e723a16.png,processed/geometric_384/train/cb547e723a16.png
cb602182cde3,2,train,raw/train_images/cb602182cde3.png,processed/geometric_384/train/cb602182cde3.png
cb68fce07789,0,train,raw/train_images/cb68fce07789.png,processed/geometric_384/train/cb68fce07789.png
cb75210abebe,2,train,raw/train_images/cb75210abebe.png,processed/geometric_384/train/cb75210abebe.png
cbc23af521f3,0,train,raw/train_images/cbc23af521f3.png,processed/geometric_384/train/cbc23af521f3.png
cbc2e57447c2,2,train,raw/train_images/cbc2e57447c2.png,processed/geometric_384/train/cbc2e57447c2.png
cbd0870aa933,4,validation,raw/train_images/cbd0870aa933.png,processed/geometric_384/validation/cbd0870aa933.png
cbe633765ea7,0,validation,raw/train_images/cbe633765ea7.png,processed/geometric_384/validation/cbe633765ea7.png
cbf0394039f8,2,train,raw/train_images/cbf0394039f8.png,processed/geometric_384/train/cbf0394039f8.png
cc1eebed9276,2,train,raw/train_images/cc1eebed9276.png,processed/geometric_384/train/cc1eebed9276.png
cc3d2e961768,4,validation,raw/train_images/cc3d2e961768.png,processed/geometric_384/validation/cc3d2e961768.png
cc671a73e1cb,0,train,raw/train_images/cc671a73e1cb.png,processed/geometric_384/train/cc671a73e1cb.png
cc839823755b,2,train,raw/train_images/cc839823755b.png,processed/geometric_384/train/cc839823755b.png
cc9270f06b65,1,train,raw/train_images/cc9270f06b65.png,processed/geometric_384/train/cc9270f06b65.png
cc964bf04dbc,0,validation,raw/train_images/cc964bf04dbc.png,processed/geometric_384/validation/cc964bf04dbc.png
cca626a0e19a,2,validation,raw/train_images/cca626a0e19a.png,processed/geometric_384/validation/cca626a0e19a.png
ccd34029493d,2,train,raw/train_images/ccd34029493d.png,processed/geometric_384/train/ccd34029493d.png
ccd6dcb2f568,0,validation,raw/train_images/ccd6dcb2f568.png,processed/geometric_384/validation/ccd6dcb2f568.png
ccea49708830,0,train,raw/train_images/ccea49708830.png,processed/geometric_384/train/ccea49708830.png
cd01672507c9,0,validation,raw/train_images/cd01672507c9.png,processed/geometric_384/validation/cd01672507c9.png
cd01f4f83336,0,train,raw/train_images/cd01f4f83336.png,processed/geometric_384/train/cd01f4f83336.png
cd1c98ec48b1,0,train,raw/train_images/cd1c98ec48b1.png,processed/geometric_384/train/cd1c98ec48b1.png
cd29c88c9e36,2,train,raw/train_images/cd29c88c9e36.png,processed/geometric_384/train/cd29c88c9e36.png
cd314653a4d8,0,train,raw/train_images/cd314653a4d8.png,processed/geometric_384/train/cd314653a4d8.png
cd3fd04d72f5,2,train,raw/train_images/cd3fd04d72f5.png,processed/geometric_384/train/cd3fd04d72f5.png
cd45bfa07d41,1,train,raw/train_images/cd45bfa07d41.png,processed/geometric_384/train/cd45bfa07d41.png
cd48cfab4e44,0,test,raw/train_images/cd48cfab4e44.png,processed/geometric_384/test/cd48cfab4e44.png
cd54d022e37d,4,train,raw/train_images/cd54d022e37d.png,processed/geometric_384/train/cd54d022e37d.png
cd563556cb57,0,train,raw/train_images/cd563556cb57.png,processed/geometric_384/train/cd563556cb57.png
cd5714db652d,1,train,raw/train_images/cd5714db652d.png,processed/geometric_384/train/cd5714db652d.png
cd66754e1b3b,0,train,raw/train_images/cd66754e1b3b.png,processed/geometric_384/train/cd66754e1b3b.png
cd8da43e3069,0,train,raw/train_images/cd8da43e3069.png,processed/geometric_384/train/cd8da43e3069.png
cd941e5bc659,0,test,raw/train_images/cd941e5bc659.png,processed/geometric_384/test/cd941e5bc659.png
cd972e5639e0,4,train,raw/train_images/cd972e5639e0.png,processed/geometric_384/train/cd972e5639e0.png
cd9e2190c73f,2,train,raw/train_images/cd9e2190c73f.png,processed/geometric_384/train/cd9e2190c73f.png
ce207b69ff37,3,test,raw/train_images/ce207b69ff37.png,processed/geometric_384/test/ce207b69ff37.png
ce6f33a81ad5,0,train,raw/train_images/ce6f33a81ad5.png,processed/geometric_384/train/ce6f33a81ad5.png
ce754234d760,0,train,raw/train_images/ce754234d760.png,processed/geometric_384/train/ce754234d760.png
ce887b196c23,2,train,raw/train_images/ce887b196c23.png,processed/geometric_384/train/ce887b196c23.png
ce8d2efd9d4f,0,train,raw/train_images/ce8d2efd9d4f.png,processed/geometric_384/train/ce8d2efd9d4f.png
ceaa5803d780,2,train,raw/train_images/ceaa5803d780.png,processed/geometric_384/train/ceaa5803d780.png
ceb32a193eff,0,test,raw/train_images/ceb32a193eff.png,processed/geometric_384/test/ceb32a193eff.png
ceb601fe8dba,2,test,raw/train_images/ceb601fe8dba.png,processed/geometric_384/test/ceb601fe8dba.png
cec299c2a2d5,0,validation,raw/train_images/cec299c2a2d5.png,processed/geometric_384/validation/cec299c2a2d5.png
cf0575534cec,1,test,raw/train_images/cf0575534cec.png,processed/geometric_384/test/cf0575534cec.png
cf0824f53dd9,2,validation,raw/train_images/cf0824f53dd9.png,processed/geometric_384/validation/cf0824f53dd9.png
cf1b9d26d38d,4,train,raw/train_images/cf1b9d26d38d.png,processed/geometric_384/train/cf1b9d26d38d.png
cf603a9ef2d5,1,train,raw/train_images/cf603a9ef2d5.png,processed/geometric_384/train/cf603a9ef2d5.png
cf6551521a35,0,train,raw/train_images/cf6551521a35.png,processed/geometric_384/train/cf6551521a35.png
cf8ae5501bd6,0,test,raw/train_images/cf8ae5501bd6.png,processed/geometric_384/test/cf8ae5501bd6.png
cf8f1bc7a215,0,train,raw/train_images/cf8f1bc7a215.png,processed/geometric_384/train/cf8f1bc7a215.png
cfb17a7cc8d4,0,test,raw/train_images/cfb17a7cc8d4.png,processed/geometric_384/test/cfb17a7cc8d4.png
cfd1bd0fcbb4,1,train,raw/train_images/cfd1bd0fcbb4.png,processed/geometric_384/train/cfd1bd0fcbb4.png
cfdbaef73a8b,0,train,raw/train_images/cfdbaef73a8b.png,processed/geometric_384/train/cfdbaef73a8b.png
cfed7c1172ec,0,validation,raw/train_images/cfed7c1172ec.png,processed/geometric_384/validation/cfed7c1172ec.png
cff262ed8f4c,0,train,raw/train_images/cff262ed8f4c.png,processed/geometric_384/train/cff262ed8f4c.png
cffc50047828,0,train,raw/train_images/cffc50047828.png,processed/geometric_384/train/cffc50047828.png
d02b79fc3200,0,train,raw/train_images/d02b79fc3200.png,processed/geometric_384/train/d02b79fc3200.png
d06ccd0cf4b8,1,train,raw/train_images/d06ccd0cf4b8.png,processed/geometric_384/train/d06ccd0cf4b8.png
d0926ed2c8e5,0,train,raw/train_images/d0926ed2c8e5.png,processed/geometric_384/train/d0926ed2c8e5.png
d0b132d2c7ec,4,train,raw/train_images/d0b132d2c7ec.png,processed/geometric_384/train/d0b132d2c7ec.png
d0d59ed675b5,1,validation,raw/train_images/d0d59ed675b5.png,processed/geometric_384/validation/d0d59ed675b5.png
d0ffa0425ef1,3,test,raw/train_images/d0ffa0425ef1.png,processed/geometric_384/test/d0ffa0425ef1.png
d10d315f123f,2,train,raw/train_images/d10d315f123f.png,processed/geometric_384/train/d10d315f123f.png
d10ef306996b,4,validation,raw/train_images/d10ef306996b.png,processed/geometric_384/validation/d10ef306996b.png
d141728fa392,2,train,raw/train_images/d141728fa392.png,processed/geometric_384/train/d141728fa392.png
d15ca3469b87,2,validation,raw/train_images/d15ca3469b87.png,processed/geometric_384/validation/d15ca3469b87.png
d160ebef4117,0,train,raw/train_images/d160ebef4117.png,processed/geometric_384/train/d160ebef4117.png
d16398c971e9,3,train,raw/train_images/d16398c971e9.png,processed/geometric_384/train/d16398c971e9.png
d16e39b9d6f0,0,train,raw/train_images/d16e39b9d6f0.png,processed/geometric_384/train/d16e39b9d6f0.png
d16e59a2b33a,0,train,raw/train_images/d16e59a2b33a.png,processed/geometric_384/train/d16e59a2b33a.png
d18aea8238a0,2,test,raw/train_images/d18aea8238a0.png,processed/geometric_384/test/d18aea8238a0.png
d18b1d8ac4de,2,test,raw/train_images/d18b1d8ac4de.png,processed/geometric_384/test/d18b1d8ac4de.png
d18e5b68f6d2,2,train,raw/train_images/d18e5b68f6d2.png,processed/geometric_384/train/d18e5b68f6d2.png
d18f6431ebce,0,train,raw/train_images/d18f6431ebce.png,processed/geometric_384/train/d18f6431ebce.png
d1a24527a15d,4,train,raw/train_images/d1a24527a15d.png,processed/geometric_384/train/d1a24527a15d.png
d1a60c3b9fe5,0,train,raw/train_images/d1a60c3b9fe5.png,processed/geometric_384/train/d1a60c3b9fe5.png
d1afdb8cf70d,0,test,raw/train_images/d1afdb8cf70d.png,processed/geometric_384/test/d1afdb8cf70d.png
d1b279cc02ae,0,train,raw/train_images/d1b279cc02ae.png,processed/geometric_384/train/d1b279cc02ae.png
d1ca85af57c9,0,validation,raw/train_images/d1ca85af57c9.png,processed/geometric_384/validation/d1ca85af57c9.png
d1cf31577a59,0,train,raw/train_images/d1cf31577a59.png,processed/geometric_384/train/d1cf31577a59.png
d1f1ea894da1,2,validation,raw/train_images/d1f1ea894da1.png,processed/geometric_384/validation/d1f1ea894da1.png
d1f7ea924a01,0,train,raw/train_images/d1f7ea924a01.png,processed/geometric_384/train/d1f7ea924a01.png
d1fa0f744620,0,validation,raw/train_images/d1fa0f744620.png,processed/geometric_384/validation/d1fa0f744620.png
d1fb4efb117c,2,validation,raw/train_images/d1fb4efb117c.png,processed/geometric_384/validation/d1fb4efb117c.png
d25b8a8ad3c4,2,train,raw/train_images/d25b8a8ad3c4.png,processed/geometric_384/train/d25b8a8ad3c4.png
d264396d8d1a,2,test,raw/train_images/d264396d8d1a.png,processed/geometric_384/test/d264396d8d1a.png
d26bb2ed6e71,0,validation,raw/train_images/d26bb2ed6e71.png,processed/geometric_384/validation/d26bb2ed6e71.png
d26bc6e1230d,0,train,raw/train_images/d26bc6e1230d.png,processed/geometric_384/train/d26bc6e1230d.png
d271d3a2b552,4,test,raw/train_images/d271d3a2b552.png,processed/geometric_384/test/d271d3a2b552.png
d27ac9e54901,0,test,raw/train_images/d27ac9e54901.png,processed/geometric_384/test/d27ac9e54901.png
d28bd830c171,2,validation,raw/train_images/d28bd830c171.png,processed/geometric_384/validation/d28bd830c171.png
d2901144070c,4,train,raw/train_images/d2901144070c.png,processed/geometric_384/train/d2901144070c.png
d29096bd94aa,2,test,raw/train_images/d29096bd94aa.png,processed/geometric_384/test/d29096bd94aa.png
d29b37d110f3,0,validation,raw/train_images/d29b37d110f3.png,processed/geometric_384/validation/d29b37d110f3.png
d2afca74cbc3,0,train,raw/train_images/d2afca74cbc3.png,processed/geometric_384/train/d2afca74cbc3.png
d2c2f02bb313,4,train,raw/train_images/d2c2f02bb313.png,processed/geometric_384/train/d2c2f02bb313.png
d2c5fb82fe5f,0,test,raw/train_images/d2c5fb82fe5f.png,processed/geometric_384/test/d2c5fb82fe5f.png
d2c6b99ef62c,2,train,raw/train_images/d2c6b99ef62c.png,processed/geometric_384/train/d2c6b99ef62c.png
d2cd47ed2c1d,0,train,raw/train_images/d2cd47ed2c1d.png,processed/geometric_384/train/d2cd47ed2c1d.png
d2d523e9f669,0,validation,raw/train_images/d2d523e9f669.png,processed/geometric_384/validation/d2d523e9f669.png
d2dc86021c67,0,train,raw/train_images/d2dc86021c67.png,processed/geometric_384/train/d2dc86021c67.png
d2fb715b0c41,0,validation,raw/train_images/d2fb715b0c41.png,processed/geometric_384/validation/d2fb715b0c41.png
d2ffe9287dc7,3,test,raw/train_images/d2ffe9287dc7.png,processed/geometric_384/test/d2ffe9287dc7.png
d30d079e6f9a,0,train,raw/train_images/d30d079e6f9a.png,processed/geometric_384/train/d30d079e6f9a.png
d332d7b8a26e,0,train,raw/train_images/d332d7b8a26e.png,processed/geometric_384/train/d332d7b8a26e.png
d364423ec6f9,2,train,raw/train_images/d364423ec6f9.png,processed/geometric_384/train/d364423ec6f9.png
d38cf0f4a9af,0,validation,raw/train_images/d38cf0f4a9af.png,processed/geometric_384/validation/d38cf0f4a9af.png
d39752cb6e57,0,train,raw/train_images/d39752cb6e57.png,processed/geometric_384/train/d39752cb6e57.png
d3be5346684b,2,validation,raw/train_images/d3be5346684b.png,processed/geometric_384/validation/d3be5346684b.png
d3d578fe433f,2,train,raw/train_images/d3d578fe433f.png,processed/geometric_384/train/d3d578fe433f.png
d3de0d313d61,1,train,raw/train_images/d3de0d313d61.png,processed/geometric_384/train/d3de0d313d61.png
d3dfd0a2dee6,0,train,raw/train_images/d3dfd0a2dee6.png,processed/geometric_384/train/d3dfd0a2dee6.png
d3e56584a481,0,train,raw/train_images/d3e56584a481.png,processed/geometric_384/train/d3e56584a481.png
d3e884109b45,3,train,raw/train_images/d3e884109b45.png,processed/geometric_384/train/d3e884109b45.png
d41b33fcb94f,2,validation,raw/train_images/d41b33fcb94f.png,processed/geometric_384/validation/d41b33fcb94f.png
d436c06f0490,0,train,raw/train_images/d436c06f0490.png,processed/geometric_384/train/d436c06f0490.png
d4583e9525dc,0,train,raw/train_images/d4583e9525dc.png,processed/geometric_384/train/d4583e9525dc.png
d473f6fafba0,2,train,raw/train_images/d473f6fafba0.png,processed/geometric_384/train/d473f6fafba0.png
d48178e4a49b,4,train,raw/train_images/d48178e4a49b.png,processed/geometric_384/train/d48178e4a49b.png
d4bc001f7224,0,train,raw/train_images/d4bc001f7224.png,processed/geometric_384/train/d4bc001f7224.png
d4be0403e6ab,2,train,raw/train_images/d4be0403e6ab.png,processed/geometric_384/train/d4be0403e6ab.png
d4f32b9c07df,1,train,raw/train_images/d4f32b9c07df.png,processed/geometric_384/train/d4f32b9c07df.png
d516f77d4516,0,train,raw/train_images/d516f77d4516.png,processed/geometric_384/train/d516f77d4516.png
d51b3fe0fa1b,4,train,raw/train_images/d51b3fe0fa1b.png,processed/geometric_384/train/d51b3fe0fa1b.png
d51e5d7484ea,0,validation,raw/train_images/d51e5d7484ea.png,processed/geometric_384/validation/d51e5d7484ea.png
d56d32a1d62d,0,test,raw/train_images/d56d32a1d62d.png,processed/geometric_384/test/d56d32a1d62d.png
d57d1be1bbd1,0,test,raw/train_images/d57d1be1bbd1.png,processed/geometric_384/test/d57d1be1bbd1.png
d5a39339ff3d,2,train,raw/train_images/d5a39339ff3d.png,processed/geometric_384/train/d5a39339ff3d.png
d5ad3362424c,0,train,raw/train_images/d5ad3362424c.png,processed/geometric_384/train/d5ad3362424c.png
d5b4705ac2ee,1,train,raw/train_images/d5b4705ac2ee.png,processed/geometric_384/train/d5b4705ac2ee.png
d5c63a8d9e94,0,train,raw/train_images/d5c63a8d9e94.png,processed/geometric_384/train/d5c63a8d9e94.png
d6130f2ec903,0,test,raw/train_images/d6130f2ec903.png,processed/geometric_384/test/d6130f2ec903.png
d6228d951958,2,train,raw/train_images/d6228d951958.png,processed/geometric_384/train/d6228d951958.png
d6283ded6aea,2,train,raw/train_images/d6283ded6aea.png,processed/geometric_384/train/d6283ded6aea.png
d659d7fd5ccf,4,train,raw/train_images/d659d7fd5ccf.png,processed/geometric_384/train/d659d7fd5ccf.png
d667af5742f6,0,train,raw/train_images/d667af5742f6.png,processed/geometric_384/train/d667af5742f6.png
d66b6f333dc7,1,train,raw/train_images/d66b6f333dc7.png,processed/geometric_384/train/d66b6f333dc7.png
d66ccb75ada1,1,test,raw/train_images/d66ccb75ada1.png,processed/geometric_384/test/d66ccb75ada1.png
d67374d3fa2a,2,train,raw/train_images/d67374d3fa2a.png,processed/geometric_384/train/d67374d3fa2a.png
d6803e467592,0,test,raw/train_images/d6803e467592.png,processed/geometric_384/test/d6803e467592.png
d69698f838db,0,test,raw/train_images/d69698f838db.png,processed/geometric_384/test/d69698f838db.png
d6b109c82067,0,validation,raw/train_images/d6b109c82067.png,processed/geometric_384/validation/d6b109c82067.png
d6dbb0820ea5,0,train,raw/train_images/d6dbb0820ea5.png,processed/geometric_384/train/d6dbb0820ea5.png
d6df4fe492ec,0,validation,raw/train_images/d6df4fe492ec.png,processed/geometric_384/validation/d6df4fe492ec.png
d6e26fe51dce,1,train,raw/train_images/d6e26fe51dce.png,processed/geometric_384/train/d6e26fe51dce.png
d6f36ec5564a,0,train,raw/train_images/d6f36ec5564a.png,processed/geometric_384/train/d6f36ec5564a.png
d6f6bdfd8011,0,train,raw/train_images/d6f6bdfd8011.png,processed/geometric_384/train/d6f6bdfd8011.png
d7078e8b0349,0,train,raw/train_images/d7078e8b0349.png,processed/geometric_384/train/d7078e8b0349.png
d74ccc796517,0,train,raw/train_images/d74ccc796517.png,processed/geometric_384/train/d74ccc796517.png
d774692d9919,0,train,raw/train_images/d774692d9919.png,processed/geometric_384/train/d774692d9919.png
d78b7401096f,0,train,raw/train_images/d78b7401096f.png,processed/geometric_384/train/d78b7401096f.png
d7a01fca9838,0,test,raw/train_images/d7a01fca9838.png,processed/geometric_384/test/d7a01fca9838.png
d7ab5c040294,0,test,raw/train_images/d7ab5c040294.png,processed/geometric_384/test/d7ab5c040294.png
d7ac4a0c9760,0,train,raw/train_images/d7ac4a0c9760.png,processed/geometric_384/train/d7ac4a0c9760.png
d7bc00091cfc,0,train,raw/train_images/d7bc00091cfc.png,processed/geometric_384/train/d7bc00091cfc.png
d7bc62d60e8c,0,test,raw/train_images/d7bc62d60e8c.png,processed/geometric_384/test/d7bc62d60e8c.png
d7e5fe5245e0,0,test,raw/train_images/d7e5fe5245e0.png,processed/geometric_384/test/d7e5fe5245e0.png
d803598dabda,4,train,raw/train_images/d803598dabda.png,processed/geometric_384/train/d803598dabda.png
d807c53c1399,0,validation,raw/train_images/d807c53c1399.png,processed/geometric_384/validation/d807c53c1399.png
d81338217fc5,2,train,raw/train_images/d81338217fc5.png,processed/geometric_384/train/d81338217fc5.png
d838d5b9f571,0,train,raw/train_images/d838d5b9f571.png,processed/geometric_384/train/d838d5b9f571.png
d83c3efade75,2,train,raw/train_images/d83c3efade75.png,processed/geometric_384/train/d83c3efade75.png
d83d0695e215,2,train,raw/train_images/d83d0695e215.png,processed/geometric_384/train/d83d0695e215.png
d8404680bba6,2,train,raw/train_images/d8404680bba6.png,processed/geometric_384/train/d8404680bba6.png
d844a7252f4e,0,validation,raw/train_images/d844a7252f4e.png,processed/geometric_384/validation/d844a7252f4e.png
d85588ff2ebd,1,train,raw/train_images/d85588ff2ebd.png,processed/geometric_384/train/d85588ff2ebd.png
d85a842d20bd,2,train,raw/train_images/d85a842d20bd.png,processed/geometric_384/train/d85a842d20bd.png
d85d052900b4,1,train,raw/train_images/d85d052900b4.png,processed/geometric_384/train/d85d052900b4.png
d865997a6280,0,validation,raw/train_images/d865997a6280.png,processed/geometric_384/validation/d865997a6280.png
d866c26d76f0,0,validation,raw/train_images/d866c26d76f0.png,processed/geometric_384/validation/d866c26d76f0.png
d868acdccb5b,3,validation,raw/train_images/d868acdccb5b.png,processed/geometric_384/validation/d868acdccb5b.png
d871895742b1,0,validation,raw/train_images/d871895742b1.png,processed/geometric_384/validation/d871895742b1.png
d881c04f01fe,0,train,raw/train_images/d881c04f01fe.png,processed/geometric_384/train/d881c04f01fe.png
d88806d9ece9,2,train,raw/train_images/d88806d9ece9.png,processed/geometric_384/train/d88806d9ece9.png
d88c4843aec3,0,test,raw/train_images/d88c4843aec3.png,processed/geometric_384/test/d88c4843aec3.png
d8cdb7d7283a,2,train,raw/train_images/d8cdb7d7283a.png,processed/geometric_384/train/d8cdb7d7283a.png
d8da9de62743,0,validation,raw/train_images/d8da9de62743.png,processed/geometric_384/validation/d8da9de62743.png
d911dd40c63b,0,train,raw/train_images/d911dd40c63b.png,processed/geometric_384/train/d911dd40c63b.png
d91273efb92a,2,train,raw/train_images/d91273efb92a.png,processed/geometric_384/train/d91273efb92a.png
d91635f380b4,0,train,raw/train_images/d91635f380b4.png,processed/geometric_384/train/d91635f380b4.png
d9311f7497cb,2,test,raw/train_images/d9311f7497cb.png,processed/geometric_384/test/d9311f7497cb.png
d93b61dc8f64,0,train,raw/train_images/d93b61dc8f64.png,processed/geometric_384/train/d93b61dc8f64.png
d94e10f42861,2,train,raw/train_images/d94e10f42861.png,processed/geometric_384/train/d94e10f42861.png
d952dbfb0fe4,2,test,raw/train_images/d952dbfb0fe4.png,processed/geometric_384/test/d952dbfb0fe4.png
d95959798b57,2,train,raw/train_images/d95959798b57.png,processed/geometric_384/train/d95959798b57.png
d968a983d4d2,2,train,raw/train_images/d968a983d4d2.png,processed/geometric_384/train/d968a983d4d2.png
d97911a32918,0,test,raw/train_images/d97911a32918.png,processed/geometric_384/test/d97911a32918.png
d990a3f0cbdb,2,train,raw/train_images/d990a3f0cbdb.png,processed/geometric_384/train/d990a3f0cbdb.png
d99b0f7dd9b9,0,train,raw/train_images/d99b0f7dd9b9.png,processed/geometric_384/train/d99b0f7dd9b9.png
d99dd99be001,0,test,raw/train_images/d99dd99be001.png,processed/geometric_384/test/d99dd99be001.png
d9a475dfe59a,2,train,raw/train_images/d9a475dfe59a.png,processed/geometric_384/train/d9a475dfe59a.png
d9ad2a0ec026,0,train,raw/train_images/d9ad2a0ec026.png,processed/geometric_384/train/d9ad2a0ec026.png
d9ba044671e1,4,train,raw/train_images/d9ba044671e1.png,processed/geometric_384/train/d9ba044671e1.png
d9bbdc33db83,2,validation,raw/train_images/d9bbdc33db83.png,processed/geometric_384/validation/d9bbdc33db83.png
d9c9b9786da3,0,validation,raw/train_images/d9c9b9786da3.png,processed/geometric_384/validation/d9c9b9786da3.png
d9d2631f043c,0,train,raw/train_images/d9d2631f043c.png,processed/geometric_384/train/d9d2631f043c.png
d9e58e4d8689,0,train,raw/train_images/d9e58e4d8689.png,processed/geometric_384/train/d9e58e4d8689.png
da0a83f074f3,0,test,raw/train_images/da0a83f074f3.png,processed/geometric_384/test/da0a83f074f3.png
da1fb35f5df9,1,train,raw/train_images/da1fb35f5df9.png,processed/geometric_384/train/da1fb35f5df9.png
da2bdf4236ac,0,train,raw/train_images/da2bdf4236ac.png,processed/geometric_384/train/da2bdf4236ac.png
da3a2275c850,0,test,raw/train_images/da3a2275c850.png,processed/geometric_384/test/da3a2275c850.png
da44f80b422b,2,train,raw/train_images/da44f80b422b.png,processed/geometric_384/train/da44f80b422b.png
da6389d129aa,0,validation,raw/train_images/da6389d129aa.png,processed/geometric_384/validation/da6389d129aa.png
da6bbb76d562,0,validation,raw/train_images/da6bbb76d562.png,processed/geometric_384/validation/da6bbb76d562.png
da8900ac7f29,2,train,raw/train_images/da8900ac7f29.png,processed/geometric_384/train/da8900ac7f29.png
da9262d9f5d9,0,train,raw/train_images/da9262d9f5d9.png,processed/geometric_384/train/da9262d9f5d9.png
da949aa67a4f,0,validation,raw/train_images/da949aa67a4f.png,processed/geometric_384/validation/da949aa67a4f.png
da9574d35b82,0,train,raw/train_images/da9574d35b82.png,processed/geometric_384/train/da9574d35b82.png
da9fe02dead3,0,test,raw/train_images/da9fe02dead3.png,processed/geometric_384/test/da9fe02dead3.png
daad7b617f21,0,test,raw/train_images/daad7b617f21.png,processed/geometric_384/test/daad7b617f21.png
dad71ba27a9b,4,train,raw/train_images/dad71ba27a9b.png,processed/geometric_384/train/dad71ba27a9b.png
daeaa5d8cf70,2,train,raw/train_images/daeaa5d8cf70.png,processed/geometric_384/train/daeaa5d8cf70.png
daff5427c9b2,0,train,raw/train_images/daff5427c9b2.png,processed/geometric_384/train/daff5427c9b2.png
db3cd58aa315,0,train,raw/train_images/db3cd58aa315.png,processed/geometric_384/train/db3cd58aa315.png
db49cdf1ea64,2,train,raw/train_images/db49cdf1ea64.png,processed/geometric_384/train/db49cdf1ea64.png
db4ed1e07aa3,1,train,raw/train_images/db4ed1e07aa3.png,processed/geometric_384/train/db4ed1e07aa3.png
db52626d450c,0,train,raw/train_images/db52626d450c.png,processed/geometric_384/train/db52626d450c.png
db6207e62c7b,0,test,raw/train_images/db6207e62c7b.png,processed/geometric_384/test/db6207e62c7b.png
db690e2d02f8,1,train,raw/train_images/db690e2d02f8.png,processed/geometric_384/train/db690e2d02f8.png
dbb2c63f6f08,3,train,raw/train_images/dbb2c63f6f08.png,processed/geometric_384/train/dbb2c63f6f08.png
dbd062558b81,1,test,raw/train_images/dbd062558b81.png,processed/geometric_384/test/dbd062558b81.png
dbee04ae6426,2,validation,raw/train_images/dbee04ae6426.png,processed/geometric_384/validation/dbee04ae6426.png
dbfd238b3468,3,train,raw/train_images/dbfd238b3468.png,processed/geometric_384/train/dbfd238b3468.png
dc0eea0b68a7,0,test,raw/train_images/dc0eea0b68a7.png,processed/geometric_384/test/dc0eea0b68a7.png
dc0f6e5b489b,0,train,raw/train_images/dc0f6e5b489b.png,processed/geometric_384/train/dc0f6e5b489b.png
dc6fa1b38b83,2,train,raw/train_images/dc6fa1b38b83.png,processed/geometric_384/train/dc6fa1b38b83.png
dcc6c0ad5cad,0,train,raw/train_images/dcc6c0ad5cad.png,processed/geometric_384/train/dcc6c0ad5cad.png
dccdf750c962,0,train,raw/train_images/dccdf750c962.png,processed/geometric_384/train/dccdf750c962.png
dce73d90c00c,0,train,raw/train_images/dce73d90c00c.png,processed/geometric_384/train/dce73d90c00c.png
dcf109df1a2b,0,train,raw/train_images/dcf109df1a2b.png,processed/geometric_384/train/dcf109df1a2b.png
dd02d60bef14,0,train,raw/train_images/dd02d60bef14.png,processed/geometric_384/train/dd02d60bef14.png
dd110d2b8c21,2,validation,raw/train_images/dd110d2b8c21.png,processed/geometric_384/validation/dd110d2b8c21.png
dd19428c3d29,1,test,raw/train_images/dd19428c3d29.png,processed/geometric_384/test/dd19428c3d29.png
dd285d9e97fe,0,validation,raw/train_images/dd285d9e97fe.png,processed/geometric_384/validation/dd285d9e97fe.png
dd3176bacfe2,0,train,raw/train_images/dd3176bacfe2.png,processed/geometric_384/train/dd3176bacfe2.png
dd3dad6ca78f,3,validation,raw/train_images/dd3dad6ca78f.png,processed/geometric_384/validation/dd3dad6ca78f.png
dd90c321d7bc,0,train,raw/train_images/dd90c321d7bc.png,processed/geometric_384/train/dd90c321d7bc.png
ddb222ff7c1d,0,train,raw/train_images/ddb222ff7c1d.png,processed/geometric_384/train/ddb222ff7c1d.png
dde43aa22ae6,2,train,raw/train_images/dde43aa22ae6.png,processed/geometric_384/train/dde43aa22ae6.png
de16416220de,4,train,raw/train_images/de16416220de.png,processed/geometric_384/train/de16416220de.png
de18071c36e6,0,train,raw/train_images/de18071c36e6.png,processed/geometric_384/train/de18071c36e6.png
de2eb5c8aa83,0,train,raw/train_images/de2eb5c8aa83.png,processed/geometric_384/train/de2eb5c8aa83.png
de38adaae009,0,train,raw/train_images/de38adaae009.png,processed/geometric_384/train/de38adaae009.png
de4cdabbce6d,0,train,raw/train_images/de4cdabbce6d.png,processed/geometric_384/train/de4cdabbce6d.png
de50dfa745f8,2,train,raw/train_images/de50dfa745f8.png,processed/geometric_384/train/de50dfa745f8.png
de55ed25e0e8,0,train,raw/train_images/de55ed25e0e8.png,processed/geometric_384/train/de55ed25e0e8.png
de57c9e9fa93,0,train,raw/train_images/de57c9e9fa93.png,processed/geometric_384/train/de57c9e9fa93.png
de6210f88536,0,train,raw/train_images/de6210f88536.png,processed/geometric_384/train/de6210f88536.png
de730033c683,0,validation,raw/train_images/de730033c683.png,processed/geometric_384/validation/de730033c683.png
de778495a1cd,2,train,raw/train_images/de778495a1cd.png,processed/geometric_384/train/de778495a1cd.png
dea7538bb91a,0,train,raw/train_images/dea7538bb91a.png,processed/geometric_384/train/dea7538bb91a.png
dec5595e6154,0,train,raw/train_images/dec5595e6154.png,processed/geometric_384/train/dec5595e6154.png
dee1031a76ae,0,train,raw/train_images/dee1031a76ae.png,processed/geometric_384/train/dee1031a76ae.png
dee31065f8fe,0,train,raw/train_images/dee31065f8fe.png,processed/geometric_384/train/dee31065f8fe.png
dee687c6e88a,2,train,raw/train_images/dee687c6e88a.png,processed/geometric_384/train/dee687c6e88a.png
df0886f1e76b,0,train,raw/train_images/df0886f1e76b.png,processed/geometric_384/train/df0886f1e76b.png
df3adfd6ba36,2,test,raw/train_images/df3adfd6ba36.png,processed/geometric_384/test/df3adfd6ba36.png
df4aec4a0eaf,4,train,raw/train_images/df4aec4a0eaf.png,processed/geometric_384/train/df4aec4a0eaf.png
df5ce3ea7820,2,validation,raw/train_images/df5ce3ea7820.png,processed/geometric_384/validation/df5ce3ea7820.png
df6d13d04da1,0,validation,raw/train_images/df6d13d04da1.png,processed/geometric_384/validation/df6d13d04da1.png
df8365d6ac33,2,test,raw/train_images/df8365d6ac33.png,processed/geometric_384/test/df8365d6ac33.png
df841a0440d8,2,validation,raw/train_images/df841a0440d8.png,processed/geometric_384/validation/df841a0440d8.png
df84e7113003,4,train,raw/train_images/df84e7113003.png,processed/geometric_384/train/df84e7113003.png
df9cb3729eb1,0,train,raw/train_images/df9cb3729eb1.png,processed/geometric_384/train/df9cb3729eb1.png
dfc7ec7db0e0,0,train,raw/train_images/dfc7ec7db0e0.png,processed/geometric_384/train/dfc7ec7db0e0.png
dfea19863428,0,validation,raw/train_images/dfea19863428.png,processed/geometric_384/validation/dfea19863428.png
e019b3e0f33d,4,validation,raw/train_images/e019b3e0f33d.png,processed/geometric_384/validation/e019b3e0f33d.png
e01b7bac822b,0,train,raw/train_images/e01b7bac822b.png,processed/geometric_384/train/e01b7bac822b.png
e0313be77035,0,validation,raw/train_images/e0313be77035.png,processed/geometric_384/validation/e0313be77035.png
e03a74e7d74f,0,train,raw/train_images/e03a74e7d74f.png,processed/geometric_384/train/e03a74e7d74f.png
e03e70bc8bba,2,train,raw/train_images/e03e70bc8bba.png,processed/geometric_384/train/e03e70bc8bba.png
e04f3c6619a3,0,train,raw/train_images/e04f3c6619a3.png,processed/geometric_384/train/e04f3c6619a3.png
e067b06fd655,0,train,raw/train_images/e067b06fd655.png,processed/geometric_384/train/e067b06fd655.png
e06cccc08c59,0,validation,raw/train_images/e06cccc08c59.png,processed/geometric_384/validation/e06cccc08c59.png
e06d3d4733f0,2,train,raw/train_images/e06d3d4733f0.png,processed/geometric_384/train/e06d3d4733f0.png
e07045d7c5f7,1,train,raw/train_images/e07045d7c5f7.png,processed/geometric_384/train/e07045d7c5f7.png
e0863b353093,2,train,raw/train_images/e0863b353093.png,processed/geometric_384/train/e0863b353093.png
e087bd4b88f2,0,train,raw/train_images/e087bd4b88f2.png,processed/geometric_384/train/e087bd4b88f2.png
e0b5a982a018,3,test,raw/train_images/e0b5a982a018.png,processed/geometric_384/test/e0b5a982a018.png
e0d229db881a,0,train,raw/train_images/e0d229db881a.png,processed/geometric_384/train/e0d229db881a.png
e10190a9d52f,2,train,raw/train_images/e10190a9d52f.png,processed/geometric_384/train/e10190a9d52f.png
e12b67835e03,2,train,raw/train_images/e12b67835e03.png,processed/geometric_384/train/e12b67835e03.png
e12df54e0d1e,0,test,raw/train_images/e12df54e0d1e.png,processed/geometric_384/test/e12df54e0d1e.png
e12f9f19d1be,0,train,raw/train_images/e12f9f19d1be.png,processed/geometric_384/train/e12f9f19d1be.png
e13412678eff,3,train,raw/train_images/e13412678eff.png,processed/geometric_384/train/e13412678eff.png
e135d7ba9a0e,0,test,raw/train_images/e135d7ba9a0e.png,processed/geometric_384/test/e135d7ba9a0e.png
e1418d28d668,2,train,raw/train_images/e1418d28d668.png,processed/geometric_384/train/e1418d28d668.png
e150935f66a6,2,train,raw/train_images/e150935f66a6.png,processed/geometric_384/train/e150935f66a6.png
e160a3b19911,0,validation,raw/train_images/e160a3b19911.png,processed/geometric_384/validation/e160a3b19911.png
e16af45285e5,0,train,raw/train_images/e16af45285e5.png,processed/geometric_384/train/e16af45285e5.png
e16fc934069f,2,train,raw/train_images/e16fc934069f.png,processed/geometric_384/train/e16fc934069f.png
e17507a4a1f5,2,train,raw/train_images/e17507a4a1f5.png,processed/geometric_384/train/e17507a4a1f5.png
e1900014dabf,3,train,raw/train_images/e1900014dabf.png,processed/geometric_384/train/e1900014dabf.png
e19936582c61,3,train,raw/train_images/e19936582c61.png,processed/geometric_384/train/e19936582c61.png
e1ab92228e60,0,validation,raw/train_images/e1ab92228e60.png,processed/geometric_384/validation/e1ab92228e60.png
e1b8acb1cea1,0,validation,raw/train_images/e1b8acb1cea1.png,processed/geometric_384/validation/e1b8acb1cea1.png
e1c02f6c3362,0,test,raw/train_images/e1c02f6c3362.png,processed/geometric_384/test/e1c02f6c3362.png
e1dc02a3dc2a,0,train,raw/train_images/e1dc02a3dc2a.png,processed/geometric_384/train/e1dc02a3dc2a.png
e1e490773462,2,test,raw/train_images/e1e490773462.png,processed/geometric_384/test/e1e490773462.png
e2161692a0b4,2,train,raw/train_images/e2161692a0b4.png,processed/geometric_384/train/e2161692a0b4.png
e2265c383348,0,test,raw/train_images/e2265c383348.png,processed/geometric_384/test/e2265c383348.png
e229aca862c7,2,train,raw/train_images/e229aca862c7.png,processed/geometric_384/train/e229aca862c7.png
e23add229074,4,test,raw/train_images/e23add229074.png,processed/geometric_384/test/e23add229074.png
e246cd89e1cc,0,train,raw/train_images/e246cd89e1cc.png,processed/geometric_384/train/e246cd89e1cc.png
e251bdf05b85,0,train,raw/train_images/e251bdf05b85.png,processed/geometric_384/train/e251bdf05b85.png
e25ccfe38e44,1,train,raw/train_images/e25ccfe38e44.png,processed/geometric_384/train/e25ccfe38e44.png
e265c870f9b3,2,train,raw/train_images/e265c870f9b3.png,processed/geometric_384/train/e265c870f9b3.png
e26bcae6c67b,0,train,raw/train_images/e26bcae6c67b.png,processed/geometric_384/train/e26bcae6c67b.png
e26d8718ca58,1,train,raw/train_images/e26d8718ca58.png,processed/geometric_384/train/e26d8718ca58.png
e2856afe62c5,2,validation,raw/train_images/e2856afe62c5.png,processed/geometric_384/validation/e2856afe62c5.png
e29e54ff921e,0,train,raw/train_images/e29e54ff921e.png,processed/geometric_384/train/e29e54ff921e.png
e2a233493b90,1,train,raw/train_images/e2a233493b90.png,processed/geometric_384/train/e2a233493b90.png
e2a47a74e6e1,2,train,raw/train_images/e2a47a74e6e1.png,processed/geometric_384/train/e2a47a74e6e1.png
e2c39ed0c941,0,test,raw/train_images/e2c39ed0c941.png,processed/geometric_384/test/e2c39ed0c941.png
e2ec22b3d07e,0,test,raw/train_images/e2ec22b3d07e.png,processed/geometric_384/test/e2ec22b3d07e.png
e30a890600e1,0,train,raw/train_images/e30a890600e1.png,processed/geometric_384/train/e30a890600e1.png
e31c42a8652b,2,test,raw/train_images/e31c42a8652b.png,processed/geometric_384/test/e31c42a8652b.png
e322acd46152,0,train,raw/train_images/e322acd46152.png,processed/geometric_384/train/e322acd46152.png
e32a359be36d,3,train,raw/train_images/e32a359be36d.png,processed/geometric_384/train/e32a359be36d.png
e32dc722eca5,4,train,raw/train_images/e32dc722eca5.png,processed/geometric_384/train/e32dc722eca5.png
e33766353db2,0,train,raw/train_images/e33766353db2.png,processed/geometric_384/train/e33766353db2.png
e34fa07bd64d,2,train,raw/train_images/e34fa07bd64d.png,processed/geometric_384/train/e34fa07bd64d.png
e387311a840e,2,train,raw/train_images/e387311a840e.png,processed/geometric_384/train/e387311a840e.png
e38f3a65b02b,1,train,raw/train_images/e38f3a65b02b.png,processed/geometric_384/train/e38f3a65b02b.png
e3a7671f787b,2,test,raw/train_images/e3a7671f787b.png,processed/geometric_384/test/e3a7671f787b.png
e3ab63dc9a60,4,test,raw/train_images/e3ab63dc9a60.png,processed/geometric_384/test/e3ab63dc9a60.png
e3b47ed5b511,0,train,raw/train_images/e3b47ed5b511.png,processed/geometric_384/train/e3b47ed5b511.png
e3cd96cb094c,0,test,raw/train_images/e3cd96cb094c.png,processed/geometric_384/test/e3cd96cb094c.png
e3e490babc0c,2,train,raw/train_images/e3e490babc0c.png,processed/geometric_384/train/e3e490babc0c.png
e3ec668f6fad,4,train,raw/train_images/e3ec668f6fad.png,processed/geometric_384/train/e3ec668f6fad.png
e4210e7fe587,3,train,raw/train_images/e4210e7fe587.png,processed/geometric_384/train/e4210e7fe587.png
e42d9a94a66d,0,train,raw/train_images/e42d9a94a66d.png,processed/geometric_384/train/e42d9a94a66d.png
e4730ddde408,4,train,raw/train_images/e4730ddde408.png,processed/geometric_384/train/e4730ddde408.png
e47452069ea1,0,train,raw/train_images/e47452069ea1.png,processed/geometric_384/train/e47452069ea1.png
e47770a2e5d1,0,test,raw/train_images/e47770a2e5d1.png,processed/geometric_384/test/e47770a2e5d1.png
e499434242cc,2,train,raw/train_images/e499434242cc.png,processed/geometric_384/train/e499434242cc.png
e4a44f9158dc,0,validation,raw/train_images/e4a44f9158dc.png,processed/geometric_384/validation/e4a44f9158dc.png
e4ae1ee6aada,0,train,raw/train_images/e4ae1ee6aada.png,processed/geometric_384/train/e4ae1ee6aada.png
e4b0df29b96f,0,train,raw/train_images/e4b0df29b96f.png,processed/geometric_384/train/e4b0df29b96f.png
e4c799738a19,0,test,raw/train_images/e4c799738a19.png,processed/geometric_384/test/e4c799738a19.png
e4d3d437b0a8,0,test,raw/train_images/e4d3d437b0a8.png,processed/geometric_384/test/e4d3d437b0a8.png
e4dcca36ceb4,0,train,raw/train_images/e4dcca36ceb4.png,processed/geometric_384/train/e4dcca36ceb4.png
e4f12411fd85,4,test,raw/train_images/e4f12411fd85.png,processed/geometric_384/test/e4f12411fd85.png
e50b0174690d,0,validation,raw/train_images/e50b0174690d.png,processed/geometric_384/validation/e50b0174690d.png
e5197d77ec68,0,test,raw/train_images/e5197d77ec68.png,processed/geometric_384/test/e5197d77ec68.png
e529c5757d64,0,train,raw/train_images/e529c5757d64.png,processed/geometric_384/train/e529c5757d64.png
e52ed5c29c5e,3,train,raw/train_images/e52ed5c29c5e.png,processed/geometric_384/train/e52ed5c29c5e.png
e540d2e35d15,2,train,raw/train_images/e540d2e35d15.png,processed/geometric_384/train/e540d2e35d15.png
e55188915f9d,1,train,raw/train_images/e55188915f9d.png,processed/geometric_384/train/e55188915f9d.png
e580676516b0,1,train,raw/train_images/e580676516b0.png,processed/geometric_384/train/e580676516b0.png
e582e56e7942,0,train,raw/train_images/e582e56e7942.png,processed/geometric_384/train/e582e56e7942.png
e594c19e2e1d,0,train,raw/train_images/e594c19e2e1d.png,processed/geometric_384/train/e594c19e2e1d.png
e599151ca14b,2,train,raw/train_images/e599151ca14b.png,processed/geometric_384/train/e599151ca14b.png
e59c5f345bb0,0,validation,raw/train_images/e59c5f345bb0.png,processed/geometric_384/validation/e59c5f345bb0.png
e5d56f4f359b,2,train,raw/train_images/e5d56f4f359b.png,processed/geometric_384/train/e5d56f4f359b.png
e5de79795c1d,0,train,raw/train_images/e5de79795c1d.png,processed/geometric_384/train/e5de79795c1d.png
e5f332efcbc7,0,validation,raw/train_images/e5f332efcbc7.png,processed/geometric_384/validation/e5f332efcbc7.png
e5f73f2855c0,0,train,raw/train_images/e5f73f2855c0.png,processed/geometric_384/train/e5f73f2855c0.png
e60e4edb3ca9,0,train,raw/train_images/e60e4edb3ca9.png,processed/geometric_384/train/e60e4edb3ca9.png
e62490b7d0e9,4,train,raw/train_images/e62490b7d0e9.png,processed/geometric_384/train/e62490b7d0e9.png
e632e38fd2d4,0,validation,raw/train_images/e632e38fd2d4.png,processed/geometric_384/validation/e632e38fd2d4.png
e6552b7432b3,0,train,raw/train_images/e6552b7432b3.png,processed/geometric_384/train/e6552b7432b3.png
e65a2ff90494,2,train,raw/train_images/e65a2ff90494.png,processed/geometric_384/train/e65a2ff90494.png
e65f94ad9be3,2,test,raw/train_images/e65f94ad9be3.png,processed/geometric_384/test/e65f94ad9be3.png
e663c6627a95,2,train,raw/train_images/e663c6627a95.png,processed/geometric_384/train/e663c6627a95.png
e66855a5c583,0,train,raw/train_images/e66855a5c583.png,processed/geometric_384/train/e66855a5c583.png
e66ad813a508,0,train,raw/train_images/e66ad813a508.png,processed/geometric_384/train/e66ad813a508.png
e68746d426b2,0,train,raw/train_images/e68746d426b2.png,processed/geometric_384/train/e68746d426b2.png
e68bdd36e589,0,train,raw/train_images/e68bdd36e589.png,processed/geometric_384/train/e68bdd36e589.png
e69b48516577,0,train,raw/train_images/e69b48516577.png,processed/geometric_384/train/e69b48516577.png
e6a58edc5b42,2,train,raw/train_images/e6a58edc5b42.png,processed/geometric_384/train/e6a58edc5b42.png
e6a5e4718873,0,train,raw/train_images/e6a5e4718873.png,processed/geometric_384/train/e6a5e4718873.png
e6a6acf7fca1,2,train,raw/train_images/e6a6acf7fca1.png,processed/geometric_384/train/e6a6acf7fca1.png
e6f0ce5bf282,2,train,raw/train_images/e6f0ce5bf282.png,processed/geometric_384/train/e6f0ce5bf282.png
e724866f5084,2,validation,raw/train_images/e724866f5084.png,processed/geometric_384/validation/e724866f5084.png
e7291472109b,0,validation,raw/train_images/e7291472109b.png,processed/geometric_384/validation/e7291472109b.png
e756495c11cb,2,test,raw/train_images/e756495c11cb.png,processed/geometric_384/test/e756495c11cb.png
e7578d8dba72,0,train,raw/train_images/e7578d8dba72.png,processed/geometric_384/train/e7578d8dba72.png
e77a93c3d9a9,0,train,raw/train_images/e77a93c3d9a9.png,processed/geometric_384/train/e77a93c3d9a9.png
e79e10907295,0,validation,raw/train_images/e79e10907295.png,processed/geometric_384/validation/e79e10907295.png
e7a372a1c3a4,2,train,raw/train_images/e7a372a1c3a4.png,processed/geometric_384/train/e7a372a1c3a4.png
e7b5dd5bab1f,0,validation,raw/train_images/e7b5dd5bab1f.png,processed/geometric_384/validation/e7b5dd5bab1f.png
e7d2c2c3b30f,4,train,raw/train_images/e7d2c2c3b30f.png,processed/geometric_384/train/e7d2c2c3b30f.png
e7defafeb957,2,test,raw/train_images/e7defafeb957.png,processed/geometric_384/test/e7defafeb957.png
e7fc93ac5b6d,2,train,raw/train_images/e7fc93ac5b6d.png,processed/geometric_384/train/e7fc93ac5b6d.png
e811f39a1243,2,train,raw/train_images/e811f39a1243.png,processed/geometric_384/train/e811f39a1243.png
e81f4a2fbbdc,0,test,raw/train_images/e81f4a2fbbdc.png,processed/geometric_384/test/e81f4a2fbbdc.png
e821c1b6417a,4,train,raw/train_images/e821c1b6417a.png,processed/geometric_384/train/e821c1b6417a.png
e82232a3c28b,0,train,raw/train_images/e82232a3c28b.png,processed/geometric_384/train/e82232a3c28b.png
e83d315d8f98,2,validation,raw/train_images/e83d315d8f98.png,processed/geometric_384/validation/e83d315d8f98.png
e85d410d6836,2,train,raw/train_images/e85d410d6836.png,processed/geometric_384/train/e85d410d6836.png
e868c3da340b,2,validation,raw/train_images/e868c3da340b.png,processed/geometric_384/validation/e868c3da340b.png
e893e86dde94,0,train,raw/train_images/e893e86dde94.png,processed/geometric_384/train/e893e86dde94.png
e8ddfc9709ce,0,train,raw/train_images/e8ddfc9709ce.png,processed/geometric_384/train/e8ddfc9709ce.png
e8e44b3160e3,0,train,raw/train_images/e8e44b3160e3.png,processed/geometric_384/train/e8e44b3160e3.png
e907d23cce3d,0,validation,raw/train_images/e907d23cce3d.png,processed/geometric_384/validation/e907d23cce3d.png
e9129ce55fd7,2,test,raw/train_images/e9129ce55fd7.png,processed/geometric_384/test/e9129ce55fd7.png
e9286ddf6ffe,1,train,raw/train_images/e9286ddf6ffe.png,processed/geometric_384/train/e9286ddf6ffe.png
e933923aab15,0,train,raw/train_images/e933923aab15.png,processed/geometric_384/train/e933923aab15.png
e93394175a19,3,train,raw/train_images/e93394175a19.png,processed/geometric_384/train/e93394175a19.png
e96099b961b4,2,train,raw/train_images/e96099b961b4.png,processed/geometric_384/train/e96099b961b4.png
e966850247f4,0,train,raw/train_images/e966850247f4.png,processed/geometric_384/train/e966850247f4.png
e9678824215d,0,train,raw/train_images/e9678824215d.png,processed/geometric_384/train/e9678824215d.png
e96bd80a8a53,1,train,raw/train_images/e96bd80a8a53.png,processed/geometric_384/train/e96bd80a8a53.png
e97ecf4355cb,0,train,raw/train_images/e97ecf4355cb.png,processed/geometric_384/train/e97ecf4355cb.png
e9ab8413e771,4,train,raw/train_images/e9ab8413e771.png,processed/geometric_384/train/e9ab8413e771.png
e9ce5bf645ab,0,train,raw/train_images/e9ce5bf645ab.png,processed/geometric_384/train/e9ce5bf645ab.png
e9f3c85a2a02,0,train,raw/train_images/e9f3c85a2a02.png,processed/geometric_384/train/e9f3c85a2a02.png
e9f82b5bbaf4,2,train,raw/train_images/e9f82b5bbaf4.png,processed/geometric_384/train/e9f82b5bbaf4.png
e9faf0296643,0,train,raw/train_images/e9faf0296643.png,processed/geometric_384/train/e9faf0296643.png
e9ff9352ccb3,1,train,raw/train_images/e9ff9352ccb3.png,processed/geometric_384/train/e9ff9352ccb3.png
ea1d045f9fea,2,train,raw/train_images/ea1d045f9fea.png,processed/geometric_384/train/ea1d045f9fea.png
ea4ce9516144,0,train,raw/train_images/ea4ce9516144.png,processed/geometric_384/train/ea4ce9516144.png
ea4dcb055139,2,train,raw/train_images/ea4dcb055139.png,processed/geometric_384/train/ea4dcb055139.png
ea588d1e5d96,2,validation,raw/train_images/ea588d1e5d96.png,processed/geometric_384/validation/ea588d1e5d96.png
ea5c42a78979,0,test,raw/train_images/ea5c42a78979.png,processed/geometric_384/test/ea5c42a78979.png
ea68b58a6e8f,0,test,raw/train_images/ea68b58a6e8f.png,processed/geometric_384/test/ea68b58a6e8f.png
ea6a53e54d0f,0,train,raw/train_images/ea6a53e54d0f.png,processed/geometric_384/train/ea6a53e54d0f.png
ea7e21bab610,0,train,raw/train_images/ea7e21bab610.png,processed/geometric_384/train/ea7e21bab610.png
ea9c41e1ced0,0,train,raw/train_images/ea9c41e1ced0.png,processed/geometric_384/train/ea9c41e1ced0.png
eaa0dfbd5024,4,test,raw/train_images/eaa0dfbd5024.png,processed/geometric_384/test/eaa0dfbd5024.png
eabc7c716255,0,train,raw/train_images/eabc7c716255.png,processed/geometric_384/train/eabc7c716255.png
eabf421f94d0,0,validation,raw/train_images/eabf421f94d0.png,processed/geometric_384/validation/eabf421f94d0.png
ead23cc922ed,1,test,raw/train_images/ead23cc922ed.png,processed/geometric_384/test/ead23cc922ed.png
eadfc8809ec8,2,train,raw/train_images/eadfc8809ec8.png,processed/geometric_384/train/eadfc8809ec8.png
eae70f527755,0,validation,raw/train_images/eae70f527755.png,processed/geometric_384/validation/eae70f527755.png
eae901557a84,2,test,raw/train_images/eae901557a84.png,processed/geometric_384/test/eae901557a84.png
eb050765b323,0,validation,raw/train_images/eb050765b323.png,processed/geometric_384/validation/eb050765b323.png
eb175669d789,0,train,raw/train_images/eb175669d789.png,processed/geometric_384/train/eb175669d789.png
eb1ad14dd281,2,train,raw/train_images/eb1ad14dd281.png,processed/geometric_384/train/eb1ad14dd281.png
eb1d37b71fd1,4,validation,raw/train_images/eb1d37b71fd1.png,processed/geometric_384/validation/eb1d37b71fd1.png
eb32a815f78c,2,train,raw/train_images/eb32a815f78c.png,processed/geometric_384/train/eb32a815f78c.png
eb6b1f1c09db,0,test,raw/train_images/eb6b1f1c09db.png,processed/geometric_384/test/eb6b1f1c09db.png
eba3acc42197,1,test,raw/train_images/eba3acc42197.png,processed/geometric_384/test/eba3acc42197.png
ebd96d853918,0,train,raw/train_images/ebd96d853918.png,processed/geometric_384/train/ebd96d853918.png
ebe0175e530c,4,test,raw/train_images/ebe0175e530c.png,processed/geometric_384/test/ebe0175e530c.png
ebf4b22240f4,0,train,raw/train_images/ebf4b22240f4.png,processed/geometric_384/train/ebf4b22240f4.png
ec01f0862669,0,test,raw/train_images/ec01f0862669.png,processed/geometric_384/test/ec01f0862669.png
ec0c9f817b03,0,train,raw/train_images/ec0c9f817b03.png,processed/geometric_384/train/ec0c9f817b03.png
ec363f48867b,0,test,raw/train_images/ec363f48867b.png,processed/geometric_384/test/ec363f48867b.png
ec4649213ccf,1,train,raw/train_images/ec4649213ccf.png,processed/geometric_384/train/ec4649213ccf.png
ec57cc20d776,0,train,raw/train_images/ec57cc20d776.png,processed/geometric_384/train/ec57cc20d776.png
ec6659926105,0,validation,raw/train_images/ec6659926105.png,processed/geometric_384/validation/ec6659926105.png
ec6f1797a25a,0,train,raw/train_images/ec6f1797a25a.png,processed/geometric_384/train/ec6f1797a25a.png
ecad6845f630,0,validation,raw/train_images/ecad6845f630.png,processed/geometric_384/validation/ecad6845f630.png
ecb4500285ed,0,train,raw/train_images/ecb4500285ed.png,processed/geometric_384/train/ecb4500285ed.png
ed246ae1ed08,4,train,raw/train_images/ed246ae1ed08.png,processed/geometric_384/train/ed246ae1ed08.png
ed2c06fcc573,2,train,raw/train_images/ed2c06fcc573.png,processed/geometric_384/train/ed2c06fcc573.png
ed2c52c14493,0,train,raw/train_images/ed2c52c14493.png,processed/geometric_384/train/ed2c52c14493.png
ed2ef440d22c,0,test,raw/train_images/ed2ef440d22c.png,processed/geometric_384/test/ed2ef440d22c.png
ed3ce1674761,0,train,raw/train_images/ed3ce1674761.png,processed/geometric_384/train/ed3ce1674761.png
ed648b9bcd95,0,train,raw/train_images/ed648b9bcd95.png,processed/geometric_384/train/ed648b9bcd95.png
ed6704e3b72e,3,train,raw/train_images/ed6704e3b72e.png,processed/geometric_384/train/ed6704e3b72e.png
ed6bd9293a89,0,test,raw/train_images/ed6bd9293a89.png,processed/geometric_384/test/ed6bd9293a89.png
ed88faaa325a,2,train,raw/train_images/ed88faaa325a.png,processed/geometric_384/train/ed88faaa325a.png
eda1d75cbcf0,0,train,raw/train_images/eda1d75cbcf0.png,processed/geometric_384/train/eda1d75cbcf0.png
eda29a9d78f3,0,train,raw/train_images/eda29a9d78f3.png,processed/geometric_384/train/eda29a9d78f3.png
edceb0657d77,0,train,raw/train_images/edceb0657d77.png,processed/geometric_384/train/edceb0657d77.png
ee02294cc3d9,2,test,raw/train_images/ee02294cc3d9.png,processed/geometric_384/test/ee02294cc3d9.png
ee059945b08a,2,train,raw/train_images/ee059945b08a.png,processed/geometric_384/train/ee059945b08a.png
ee1ec90b980f,4,train,raw/train_images/ee1ec90b980f.png,processed/geometric_384/train/ee1ec90b980f.png
ee36ca728641,0,train,raw/train_images/ee36ca728641.png,processed/geometric_384/train/ee36ca728641.png
ee3f5cf52188,0,train,raw/train_images/ee3f5cf52188.png,processed/geometric_384/train/ee3f5cf52188.png
ee3fe7809e6a,0,train,raw/train_images/ee3fe7809e6a.png,processed/geometric_384/train/ee3fe7809e6a.png
ee6e39319b39,2,train,raw/train_images/ee6e39319b39.png,processed/geometric_384/train/ee6e39319b39.png
ee74c3b177e0,2,train,raw/train_images/ee74c3b177e0.png,processed/geometric_384/train/ee74c3b177e0.png
ee77763a6afb,0,train,raw/train_images/ee77763a6afb.png,processed/geometric_384/train/ee77763a6afb.png
ee78ce914066,1,train,raw/train_images/ee78ce914066.png,processed/geometric_384/train/ee78ce914066.png
eeaea2c5ff34,0,train,raw/train_images/eeaea2c5ff34.png,processed/geometric_384/train/eeaea2c5ff34.png
eeb231c3ef1f,1,train,raw/train_images/eeb231c3ef1f.png,processed/geometric_384/train/eeb231c3ef1f.png
eebd1e195952,0,train,raw/train_images/eebd1e195952.png,processed/geometric_384/train/eebd1e195952.png
eed4afc8ec83,1,train,raw/train_images/eed4afc8ec83.png,processed/geometric_384/train/eed4afc8ec83.png
eedae6b28f96,0,test,raw/train_images/eedae6b28f96.png,processed/geometric_384/test/eedae6b28f96.png
ef247f28004f,0,train,raw/train_images/ef247f28004f.png,processed/geometric_384/train/ef247f28004f.png
ef26625121b3,4,train,raw/train_images/ef26625121b3.png,processed/geometric_384/train/ef26625121b3.png
ef4121e9bb67,0,validation,raw/train_images/ef4121e9bb67.png,processed/geometric_384/validation/ef4121e9bb67.png
ef476be214d4,0,train,raw/train_images/ef476be214d4.png,processed/geometric_384/train/ef476be214d4.png
ef48780f5d5f,0,train,raw/train_images/ef48780f5d5f.png,processed/geometric_384/train/ef48780f5d5f.png
ef5155990874,0,train,raw/train_images/ef5155990874.png,processed/geometric_384/train/ef5155990874.png
ef7a4ed8d5d1,2,test,raw/train_images/ef7a4ed8d5d1.png,processed/geometric_384/test/ef7a4ed8d5d1.png
ef7eb85b75fc,0,validation,raw/train_images/ef7eb85b75fc.png,processed/geometric_384/validation/ef7eb85b75fc.png
ef8109305128,1,train,raw/train_images/ef8109305128.png,processed/geometric_384/train/ef8109305128.png
ef81cd8854cb,0,train,raw/train_images/ef81cd8854cb.png,processed/geometric_384/train/ef81cd8854cb.png
ef8c39eb9157,0,train,raw/train_images/ef8c39eb9157.png,processed/geometric_384/train/ef8c39eb9157.png
ef99c499d665,0,train,raw/train_images/ef99c499d665.png,processed/geometric_384/train/ef99c499d665.png
efff2f1a35f5,2,train,raw/train_images/efff2f1a35f5.png,processed/geometric_384/train/efff2f1a35f5.png
f002ce614c59,0,train,raw/train_images/f002ce614c59.png,processed/geometric_384/train/f002ce614c59.png
f0098e9d4aee,4,validation,raw/train_images/f0098e9d4aee.png,processed/geometric_384/validation/f0098e9d4aee.png
f00ce9b9d6f4,0,validation,raw/train_images/f00ce9b9d6f4.png,processed/geometric_384/validation/f00ce9b9d6f4.png
f02057c41256,0,train,raw/train_images/f02057c41256.png,processed/geometric_384/train/f02057c41256.png
f025f33b2c9b,4,train,raw/train_images/f025f33b2c9b.png,processed/geometric_384/train/f025f33b2c9b.png
f0267c42907c,0,test,raw/train_images/f0267c42907c.png,processed/geometric_384/test/f0267c42907c.png
f02956bd7c50,0,train,raw/train_images/f02956bd7c50.png,processed/geometric_384/train/f02956bd7c50.png
f02babb3a023,0,test,raw/train_images/f02babb3a023.png,processed/geometric_384/test/f02babb3a023.png
f0546a45ef10,0,train,raw/train_images/f0546a45ef10.png,processed/geometric_384/train/f0546a45ef10.png
f06e7a9df795,0,train,raw/train_images/f06e7a9df795.png,processed/geometric_384/train/f06e7a9df795.png
f0800723bc63,2,train,raw/train_images/f0800723bc63.png,processed/geometric_384/train/f0800723bc63.png
f080a22008be,3,train,raw/train_images/f080a22008be.png,processed/geometric_384/train/f080a22008be.png
f0860c21533b,0,validation,raw/train_images/f0860c21533b.png,processed/geometric_384/validation/f0860c21533b.png
f092febbf5c0,3,validation,raw/train_images/f092febbf5c0.png,processed/geometric_384/validation/f092febbf5c0.png
f09cfc6a4dbd,0,train,raw/train_images/f09cfc6a4dbd.png,processed/geometric_384/train/f09cfc6a4dbd.png
f09fd9433dff,0,train,raw/train_images/f09fd9433dff.png,processed/geometric_384/train/f09fd9433dff.png
f0a2dc580009,0,validation,raw/train_images/f0a2dc580009.png,processed/geometric_384/validation/f0a2dc580009.png
f0c0f7b5e820,2,test,raw/train_images/f0c0f7b5e820.png,processed/geometric_384/test/f0c0f7b5e820.png
f0c13be90519,1,validation,raw/train_images/f0c13be90519.png,processed/geometric_384/validation/f0c13be90519.png
f0e1201b5c1f,0,test,raw/train_images/f0e1201b5c1f.png,processed/geometric_384/test/f0e1201b5c1f.png
f18abfa690ab,2,train,raw/train_images/f18abfa690ab.png,processed/geometric_384/train/f18abfa690ab.png
f1979147aad4,0,train,raw/train_images/f1979147aad4.png,processed/geometric_384/train/f1979147aad4.png
f1a761c68559,2,test,raw/train_images/f1a761c68559.png,processed/geometric_384/test/f1a761c68559.png
f1d719c97838,0,train,raw/train_images/f1d719c97838.png,processed/geometric_384/train/f1d719c97838.png
f1dc26c4bfa3,4,train,raw/train_images/f1dc26c4bfa3.png,processed/geometric_384/train/f1dc26c4bfa3.png
f2094a20b275,2,test,raw/train_images/f2094a20b275.png,processed/geometric_384/test/f2094a20b275.png
f233638e0e90,0,train,raw/train_images/f233638e0e90.png,processed/geometric_384/train/f233638e0e90.png
f252046c0fe6,0,validation,raw/train_images/f252046c0fe6.png,processed/geometric_384/validation/f252046c0fe6.png
f26b02ead915,0,train,raw/train_images/f26b02ead915.png,processed/geometric_384/train/f26b02ead915.png
f298b7d05958,0,train,raw/train_images/f298b7d05958.png,processed/geometric_384/train/f298b7d05958.png
f2c0b41acd05,0,validation,raw/train_images/f2c0b41acd05.png,processed/geometric_384/validation/f2c0b41acd05.png
f2d2a0c92034,4,train,raw/train_images/f2d2a0c92034.png,processed/geometric_384/train/f2d2a0c92034.png
f2ee81781411,2,train,raw/train_images/f2ee81781411.png,processed/geometric_384/train/f2ee81781411.png
f2f569a64949,0,test,raw/train_images/f2f569a64949.png,processed/geometric_384/test/f2f569a64949.png
f30f203ef51e,2,test,raw/train_images/f30f203ef51e.png,processed/geometric_384/test/f30f203ef51e.png
f35d80bb1a22,0,test,raw/train_images/f35d80bb1a22.png,processed/geometric_384/test/f35d80bb1a22.png
f361060eda3e,0,train,raw/train_images/f361060eda3e.png,processed/geometric_384/train/f361060eda3e.png
f366fb1cc475,0,test,raw/train_images/f366fb1cc475.png,processed/geometric_384/test/f366fb1cc475.png
f36cb007a1ef,0,train,raw/train_images/f36cb007a1ef.png,processed/geometric_384/train/f36cb007a1ef.png
f3a268d2726d,2,train,raw/train_images/f3a268d2726d.png,processed/geometric_384/train/f3a268d2726d.png
f3a4751af42e,0,train,raw/train_images/f3a4751af42e.png,processed/geometric_384/train/f3a4751af42e.png
f3a88d3026dc,2,test,raw/train_images/f3a88d3026dc.png,processed/geometric_384/test/f3a88d3026dc.png
f3b27ac2d371,0,train,raw/train_images/f3b27ac2d371.png,processed/geometric_384/train/f3b27ac2d371.png
f3b6b7ca1eb1,2,train,raw/train_images/f3b6b7ca1eb1.png,processed/geometric_384/train/f3b6b7ca1eb1.png
f3bb996b45ce,0,train,raw/train_images/f3bb996b45ce.png,processed/geometric_384/train/f3bb996b45ce.png
f3cd489acbee,2,train,raw/train_images/f3cd489acbee.png,processed/geometric_384/train/f3cd489acbee.png
f42b693a9414,0,train,raw/train_images/f42b693a9414.png,processed/geometric_384/train/f42b693a9414.png
f431f2e119d7,0,validation,raw/train_images/f431f2e119d7.png,processed/geometric_384/validation/f431f2e119d7.png
f451eee2b66b,0,validation,raw/train_images/f451eee2b66b.png,processed/geometric_384/validation/f451eee2b66b.png
f45f1485c940,2,train,raw/train_images/f45f1485c940.png,processed/geometric_384/train/f45f1485c940.png
f460608cf4cc,2,train,raw/train_images/f460608cf4cc.png,processed/geometric_384/train/f460608cf4cc.png
f47a2a4a0411,1,train,raw/train_images/f47a2a4a0411.png,processed/geometric_384/train/f47a2a4a0411.png
f481f76a6b75,1,train,raw/train_images/f481f76a6b75.png,processed/geometric_384/train/f481f76a6b75.png
f48241b0c995,0,train,raw/train_images/f48241b0c995.png,processed/geometric_384/train/f48241b0c995.png
f4874247ede6,0,test,raw/train_images/f4874247ede6.png,processed/geometric_384/test/f4874247ede6.png
f4c7ae514c54,0,train,raw/train_images/f4c7ae514c54.png,processed/geometric_384/train/f4c7ae514c54.png
f4d3169b468a,0,train,raw/train_images/f4d3169b468a.png,processed/geometric_384/train/f4d3169b468a.png
f4de9620e3f2,0,train,raw/train_images/f4de9620e3f2.png,processed/geometric_384/train/f4de9620e3f2.png
f4df3d86688d,0,validation,raw/train_images/f4df3d86688d.png,processed/geometric_384/validation/f4df3d86688d.png
f4e68b61f480,0,train,raw/train_images/f4e68b61f480.png,processed/geometric_384/train/f4e68b61f480.png
f4ea2a2cfbb9,0,validation,raw/train_images/f4ea2a2cfbb9.png,processed/geometric_384/validation/f4ea2a2cfbb9.png
f531232ecb55,0,train,raw/train_images/f531232ecb55.png,processed/geometric_384/train/f531232ecb55.png
f549294e12e1,4,train,raw/train_images/f549294e12e1.png,processed/geometric_384/train/f549294e12e1.png
f55e1d2a19e4,1,train,raw/train_images/f55e1d2a19e4.png,processed/geometric_384/train/f55e1d2a19e4.png
f5650eb52640,1,train,raw/train_images/f5650eb52640.png,processed/geometric_384/train/f5650eb52640.png
f56ff0440ed1,0,validation,raw/train_images/f56ff0440ed1.png,processed/geometric_384/validation/f56ff0440ed1.png
f5733f77273d,0,train,raw/train_images/f5733f77273d.png,processed/geometric_384/train/f5733f77273d.png
f576e45d1da2,3,test,raw/train_images/f576e45d1da2.png,processed/geometric_384/test/f576e45d1da2.png
f57cf3b6f48e,0,test,raw/train_images/f57cf3b6f48e.png,processed/geometric_384/test/f57cf3b6f48e.png
f580566e27f5,0,train,raw/train_images/f580566e27f5.png,processed/geometric_384/train/f580566e27f5.png
f583a722434c,2,test,raw/train_images/f583a722434c.png,processed/geometric_384/test/f583a722434c.png
f58cdfa968be,0,train,raw/train_images/f58cdfa968be.png,processed/geometric_384/train/f58cdfa968be.png
f58d37d48e42,4,validation,raw/train_images/f58d37d48e42.png,processed/geometric_384/validation/f58d37d48e42.png
f58f0b2fd718,0,train,raw/train_images/f58f0b2fd718.png,processed/geometric_384/train/f58f0b2fd718.png
f5a8c6426a71,3,test,raw/train_images/f5a8c6426a71.png,processed/geometric_384/test/f5a8c6426a71.png
f5c953bee7cd,0,train,raw/train_images/f5c953bee7cd.png,processed/geometric_384/train/f5c953bee7cd.png
f5e6226bd2e0,4,train,raw/train_images/f5e6226bd2e0.png,processed/geometric_384/train/f5e6226bd2e0.png
f5e9a307288c,2,train,raw/train_images/f5e9a307288c.png,processed/geometric_384/train/f5e9a307288c.png
f61bf44c677c,2,train,raw/train_images/f61bf44c677c.png,processed/geometric_384/train/f61bf44c677c.png
f62b8a076833,0,train,raw/train_images/f62b8a076833.png,processed/geometric_384/train/f62b8a076833.png
f633c474e8b8,0,validation,raw/train_images/f633c474e8b8.png,processed/geometric_384/validation/f633c474e8b8.png
f64214bed40e,3,train,raw/train_images/f64214bed40e.png,processed/geometric_384/train/f64214bed40e.png
f64b6e85f1c9,0,train,raw/train_images/f64b6e85f1c9.png,processed/geometric_384/train/f64b6e85f1c9.png
f66c4ee86629,0,validation,raw/train_images/f66c4ee86629.png,processed/geometric_384/validation/f66c4ee86629.png
f68690db78d3,0,train,raw/train_images/f68690db78d3.png,processed/geometric_384/train/f68690db78d3.png
f69400b316a7,2,train,raw/train_images/f69400b316a7.png,processed/geometric_384/train/f69400b316a7.png
f69835dc7c50,4,train,raw/train_images/f69835dc7c50.png,processed/geometric_384/train/f69835dc7c50.png
f6d760566a51,0,train,raw/train_images/f6d760566a51.png,processed/geometric_384/train/f6d760566a51.png
f6f433f3306f,3,validation,raw/train_images/f6f433f3306f.png,processed/geometric_384/validation/f6f433f3306f.png
f6f7dba7104d,1,train,raw/train_images/f6f7dba7104d.png,processed/geometric_384/train/f6f7dba7104d.png
f7116e7b2f4e,0,train,raw/train_images/f7116e7b2f4e.png,processed/geometric_384/train/f7116e7b2f4e.png
f71333204618,0,train,raw/train_images/f71333204618.png,processed/geometric_384/train/f71333204618.png
f71aca5a7dc3,0,train,raw/train_images/f71aca5a7dc3.png,processed/geometric_384/train/f71aca5a7dc3.png
f71bea807c96,0,train,raw/train_images/f71bea807c96.png,processed/geometric_384/train/f71bea807c96.png
f72adcac5638,4,validation,raw/train_images/f72adcac5638.png,processed/geometric_384/validation/f72adcac5638.png
f72ef9ceeaa8,1,train,raw/train_images/f72ef9ceeaa8.png,processed/geometric_384/train/f72ef9ceeaa8.png
f7508f14dd7b,0,train,raw/train_images/f7508f14dd7b.png,processed/geometric_384/train/f7508f14dd7b.png
f762c272c522,1,test,raw/train_images/f762c272c522.png,processed/geometric_384/test/f762c272c522.png
f7735b6d47f7,0,validation,raw/train_images/f7735b6d47f7.png,processed/geometric_384/validation/f7735b6d47f7.png
f7defe70afc3,0,train,raw/train_images/f7defe70afc3.png,processed/geometric_384/train/f7defe70afc3.png
f7e9fa75c7c1,0,train,raw/train_images/f7e9fa75c7c1.png,processed/geometric_384/train/f7e9fa75c7c1.png
f7fec8935126,1,train,raw/train_images/f7fec8935126.png,processed/geometric_384/train/f7fec8935126.png
f80118bbda18,2,train,raw/train_images/f80118bbda18.png,processed/geometric_384/train/f80118bbda18.png
f819c65b803c,0,train,raw/train_images/f819c65b803c.png,processed/geometric_384/train/f819c65b803c.png
f8372e80f731,2,train,raw/train_images/f8372e80f731.png,processed/geometric_384/train/f8372e80f731.png
f850cb51fdba,4,train,raw/train_images/f850cb51fdba.png,processed/geometric_384/train/f850cb51fdba.png
f85c78201a50,0,train,raw/train_images/f85c78201a50.png,processed/geometric_384/train/f85c78201a50.png
f85fd4fac887,0,train,raw/train_images/f85fd4fac887.png,processed/geometric_384/train/f85fd4fac887.png
f86d1c404acb,0,train,raw/train_images/f86d1c404acb.png,processed/geometric_384/train/f86d1c404acb.png
f8cf7ed8ef00,4,test,raw/train_images/f8cf7ed8ef00.png,processed/geometric_384/test/f8cf7ed8ef00.png
f8d62557ad0c,0,train,raw/train_images/f8d62557ad0c.png,processed/geometric_384/train/f8d62557ad0c.png
f8f5942b690e,0,test,raw/train_images/f8f5942b690e.png,processed/geometric_384/test/f8f5942b690e.png
f8fc411092c7,2,train,raw/train_images/f8fc411092c7.png,processed/geometric_384/train/f8fc411092c7.png
f901d460517c,3,train,raw/train_images/f901d460517c.png,processed/geometric_384/train/f901d460517c.png
f90f8931a9bc,0,test,raw/train_images/f90f8931a9bc.png,processed/geometric_384/test/f90f8931a9bc.png
f9156aeffc5e,3,train,raw/train_images/f9156aeffc5e.png,processed/geometric_384/train/f9156aeffc5e.png
f91cfa82b9d4,0,train,raw/train_images/f91cfa82b9d4.png,processed/geometric_384/train/f91cfa82b9d4.png
f952ad2e4356,0,train,raw/train_images/f952ad2e4356.png,processed/geometric_384/train/f952ad2e4356.png
f994a3b07935,0,train,raw/train_images/f994a3b07935.png,processed/geometric_384/train/f994a3b07935.png
f999c6921e6d,2,train,raw/train_images/f999c6921e6d.png,processed/geometric_384/train/f999c6921e6d.png
f9aa35187bf3,2,train,raw/train_images/f9aa35187bf3.png,processed/geometric_384/train/f9aa35187bf3.png
f9d52509c571,0,validation,raw/train_images/f9d52509c571.png,processed/geometric_384/validation/f9d52509c571.png
f9d8ff3e6592,0,validation,raw/train_images/f9d8ff3e6592.png,processed/geometric_384/validation/f9d8ff3e6592.png
f9e779a13204,2,train,raw/train_images/f9e779a13204.png,processed/geometric_384/train/f9e779a13204.png
fa0c87bd75ce,0,train,raw/train_images/fa0c87bd75ce.png,processed/geometric_384/train/fa0c87bd75ce.png
fa3e544a7401,2,train,raw/train_images/fa3e544a7401.png,processed/geometric_384/train/fa3e544a7401.png
fa573163dd8b,0,train,raw/train_images/fa573163dd8b.png,processed/geometric_384/train/fa573163dd8b.png
fa59221cf464,4,validation,raw/train_images/fa59221cf464.png,processed/geometric_384/validation/fa59221cf464.png
fa6f3d8bb1d5,0,train,raw/train_images/fa6f3d8bb1d5.png,processed/geometric_384/train/fa6f3d8bb1d5.png
fa748b57262b,2,test,raw/train_images/fa748b57262b.png,processed/geometric_384/test/fa748b57262b.png
fa7fa797c650,0,train,raw/train_images/fa7fa797c650.png,processed/geometric_384/train/fa7fa797c650.png
fa9bece586fc,0,train,raw/train_images/fa9bece586fc.png,processed/geometric_384/train/fa9bece586fc.png
fa9f1bc03f21,0,train,raw/train_images/fa9f1bc03f21.png,processed/geometric_384/train/fa9f1bc03f21.png
fac399455195,2,train,raw/train_images/fac399455195.png,processed/geometric_384/train/fac399455195.png
fb1b8771c70a,0,train,raw/train_images/fb1b8771c70a.png,processed/geometric_384/train/fb1b8771c70a.png
fb61230b99dd,3,test,raw/train_images/fb61230b99dd.png,processed/geometric_384/test/fb61230b99dd.png
fb696a8e055a,4,train,raw/train_images/fb696a8e055a.png,processed/geometric_384/train/fb696a8e055a.png
fb6b8200b7f8,1,train,raw/train_images/fb6b8200b7f8.png,processed/geometric_384/train/fb6b8200b7f8.png
fb767cea406c,0,train,raw/train_images/fb767cea406c.png,processed/geometric_384/train/fb767cea406c.png
fb88783de055,0,train,raw/train_images/fb88783de055.png,processed/geometric_384/train/fb88783de055.png
fb88d23fc5fe,0,train,raw/train_images/fb88d23fc5fe.png,processed/geometric_384/train/fb88d23fc5fe.png
fba493e17448,2,train,raw/train_images/fba493e17448.png,processed/geometric_384/train/fba493e17448.png
fbcbc81cf9be,0,train,raw/train_images/fbcbc81cf9be.png,processed/geometric_384/train/fbcbc81cf9be.png
fbdc796290d4,0,test,raw/train_images/fbdc796290d4.png,processed/geometric_384/test/fbdc796290d4.png
fbfa925506f6,0,train,raw/train_images/fbfa925506f6.png,processed/geometric_384/train/fbfa925506f6.png
fc1b1841eadf,2,train,raw/train_images/fc1b1841eadf.png,processed/geometric_384/train/fc1b1841eadf.png
fc4c2d35c6f8,2,train,raw/train_images/fc4c2d35c6f8.png,processed/geometric_384/train/fc4c2d35c6f8.png
fc4d69128e7c,2,train,raw/train_images/fc4d69128e7c.png,processed/geometric_384/train/fc4d69128e7c.png
fc603cbedb41,2,validation,raw/train_images/fc603cbedb41.png,processed/geometric_384/validation/fc603cbedb41.png
fc782722a50c,0,train,raw/train_images/fc782722a50c.png,processed/geometric_384/train/fc782722a50c.png
fc898dfeb24f,0,train,raw/train_images/fc898dfeb24f.png,processed/geometric_384/train/fc898dfeb24f.png
fc8fce67fbf8,0,train,raw/train_images/fc8fce67fbf8.png,processed/geometric_384/train/fc8fce67fbf8.png
fca1a8738b8a,0,train,raw/train_images/fca1a8738b8a.png,processed/geometric_384/train/fca1a8738b8a.png
fca931da5c5e,1,train,raw/train_images/fca931da5c5e.png,processed/geometric_384/train/fca931da5c5e.png
fcc32dffd24d,0,train,raw/train_images/fcc32dffd24d.png,processed/geometric_384/train/fcc32dffd24d.png
fcc55ae641ae,2,test,raw/train_images/fcc55ae641ae.png,processed/geometric_384/test/fcc55ae641ae.png
fce73678f650,0,train,raw/train_images/fce73678f650.png,processed/geometric_384/train/fce73678f650.png
fce93caa4758,4,train,raw/train_images/fce93caa4758.png,processed/geometric_384/train/fce93caa4758.png
fd079d2e93a2,0,train,raw/train_images/fd079d2e93a2.png,processed/geometric_384/train/fd079d2e93a2.png
fd0a70082e7c,0,train,raw/train_images/fd0a70082e7c.png,processed/geometric_384/train/fd0a70082e7c.png
fd48cf452e9d,2,train,raw/train_images/fd48cf452e9d.png,processed/geometric_384/train/fd48cf452e9d.png
fd4c946c52bf,0,train,raw/train_images/fd4c946c52bf.png,processed/geometric_384/train/fd4c946c52bf.png
fd62bd0db4f1,1,validation,raw/train_images/fd62bd0db4f1.png,processed/geometric_384/validation/fd62bd0db4f1.png
fd87b6b2e664,0,test,raw/train_images/fd87b6b2e664.png,processed/geometric_384/test/fd87b6b2e664.png
fdbc252813b1,0,train,raw/train_images/fdbc252813b1.png,processed/geometric_384/train/fdbc252813b1.png
fdc685055659,0,train,raw/train_images/fdc685055659.png,processed/geometric_384/train/fdc685055659.png
fdd18ccbbdc5,1,validation,raw/train_images/fdd18ccbbdc5.png,processed/geometric_384/validation/fdd18ccbbdc5.png
fdd534271f3d,4,test,raw/train_images/fdd534271f3d.png,processed/geometric_384/test/fdd534271f3d.png
fe06dad6851c,0,train,raw/train_images/fe06dad6851c.png,processed/geometric_384/train/fe06dad6851c.png
fe0e2dee1834,0,train,raw/train_images/fe0e2dee1834.png,processed/geometric_384/train/fe0e2dee1834.png
fe2df69676cf,1,validation,raw/train_images/fe2df69676cf.png,processed/geometric_384/validation/fe2df69676cf.png
fe37f4492920,2,train,raw/train_images/fe37f4492920.png,processed/geometric_384/train/fe37f4492920.png
fe3b0e50be78,0,train,raw/train_images/fe3b0e50be78.png,processed/geometric_384/train/fe3b0e50be78.png
fe3f62695b2d,0,validation,raw/train_images/fe3f62695b2d.png,processed/geometric_384/validation/fe3f62695b2d.png
fe674c2f73f5,1,validation,raw/train_images/fe674c2f73f5.png,processed/geometric_384/validation/fe674c2f73f5.png
febfb20dc311,0,train,raw/train_images/febfb20dc311.png,processed/geometric_384/train/febfb20dc311.png
fecf4c5ae84b,1,validation,raw/train_images/fecf4c5ae84b.png,processed/geometric_384/validation/fecf4c5ae84b.png
fed5bb685832,0,train,raw/train_images/fed5bb685832.png,processed/geometric_384/train/fed5bb685832.png
fefded6bf135,0,train,raw/train_images/fefded6bf135.png,processed/geometric_384/train/fefded6bf135.png
ff03f74667df,0,train,raw/train_images/ff03f74667df.png,processed/geometric_384/train/ff03f74667df.png
ff1e940105f9,0,validation,raw/train_images/ff1e940105f9.png,processed/geometric_384/validation/ff1e940105f9.png
ff344e5c9341,2,train,raw/train_images/ff344e5c9341.png,processed/geometric_384/train/ff344e5c9341.png
ff4832d55461,0,test,raw/train_images/ff4832d55461.png,processed/geometric_384/test/ff4832d55461.png
ff4955e76894,0,validation,raw/train_images/ff4955e76894.png,processed/geometric_384/validation/ff4955e76894.png
ff4cd992667b,0,validation,raw/train_images/ff4cd992667b.png,processed/geometric_384/validation/ff4cd992667b.png
ff59d44a70a7,0,test,raw/train_images/ff59d44a70a7.png,processed/geometric_384/test/ff59d44a70a7.png
ff631653374e,0,train,raw/train_images/ff631653374e.png,processed/geometric_384/train/ff631653374e.png
ff77e8e5b5f3,2,train,raw/train_images/ff77e8e5b5f3.png,processed/geometric_384/train/ff77e8e5b5f3.png
ff8a0b45c789,4,train,raw/train_images/ff8a0b45c789.png,processed/geometric_384/train/ff8a0b45c789.png
ffa47f6a7bf4,2,train,raw/train_images/ffa47f6a7bf4.png,processed/geometric_384/train/ffa47f6a7bf4.png
ffc04fed30e6,0,train,raw/train_images/ffc04fed30e6.png,processed/geometric_384/train/ffc04fed30e6.png
ffcf7b45f213,2,train,raw/train_images/ffcf7b45f213.png,processed/geometric_384/train/ffcf7b45f213.png
ffd97f8cd5aa,0,train,raw/train_images/ffd97f8cd5aa.png,processed/geometric_384/train/ffd97f8cd5aa.png
ffec9a18a3ce,2,test,raw/train_images/ffec9a18a3ce.png,processed/geometric_384/test/ffec9a18a3ce.png
