id_code,image_name,image_path,diagnosis,sha256,experimental_split
000c1434d8d7,000c1434d8d7.png,raw/train_images/000c1434d8d7.png,2,3f34b577a7102dddea20d2aaed76028bcf724ddb82e923b5699474d3272510f9,train
002c21358ce6,002c21358ce6.png,raw/train_images/002c21358ce6.png,0,c18a236541ae3d3ddbf8cf3eae991b4ff28446c5313b3dc2afa2506fa4cb60c1,train
0097f532ac9f,0097f532ac9f.png,raw/train_images/0097f532ac9f.png,0,0ce92059990bb2aa444f45d73f074df40347c028ba284760807b727ab7bc8cf9,train
00cb6555d108,00cb6555d108.png,raw/train_images/00cb6555d108.png,1,9c65ab7f50a548906ead65e9fd41f497c6cebd61f557255b1627c16df49f79a5,train
00cc2b75cddd,00cc2b75cddd.png,raw/train_images/00cc2b75cddd.png,0,7124085934ea3f9e2be733cface038431cedb93255f251a7d956f003912ab4b3,train
00e4ddff966a,00e4ddff966a.png,raw/train_images/00e4ddff966a.png,2,c50cac0cf3ea872451150ed0cf4b56640acb9c1d69f7f3e96c11526a67b662dd,train
00f6c1be5a33,00f6c1be5a33.png,raw/train_images/00f6c1be5a33.png,0,be0944adbd2df77eb34fd23e59ee896c2768b048b44492292b2e4b612bfacc44,train
0104b032c141,0104b032c141.png,raw/train_images/0104b032c141.png,3,6caef7f25e09486785215d517a03d610048d026b6dc7ea26b7d9eee7f6e1e27f,train
0125fbd2e791,0125fbd2e791.png,raw/train_images/0125fbd2e791.png,0,794e17c9a57650e2ad322774f065323c9fad45fbfc3f459eafea5b86d885e598,train
012a242ac6ff,012a242ac6ff.png,raw/train_images/012a242ac6ff.png,2,e9f49343a33f9c4853c35e82af14617a2d55479227b30d018113ba23f3e9f880,train
014508ccb9cb,014508ccb9cb.png,raw/train_images/014508ccb9cb.png,0,b21c642712dd5dc930cbd9821f37c6194a04e4597cc124f52ad6dc995281c125,train
0151781fe50b,0151781fe50b.png,raw/train_images/0151781fe50b.png,0,52811fdb8e088ee7ae8f79c47ce8095b09adab924287c2a540e131732e943186,train
0161338f53cc,0161338f53cc.png,raw/train_images/0161338f53cc.png,2,72f2fcd5283992cd1dade0695837b77470ae51eaa84e9252855d702b39d2b149,train
0180bfa26c0b,0180bfa26c0b.png,raw/train_images/0180bfa26c0b.png,2,ea5450a0ab94ab9bba3d11d0497cb8dcf7a497c0f1f105b2167c9a4483899512,train
0182152c50de,0182152c50de.png,raw/train_images/0182152c50de.png,0,0c9e599f3f8d578cc763040456a14459eb97b9bd81ade2012bf4a61bc44c0732,train
01c7808d901d,01c7808d901d.png,raw/train_images/01c7808d901d.png,2,f50f542c63cad70bfde99633a4d554f08b90d54bd14d1a2407200c1cc17e6644,train
01d9477b1171,01d9477b1171.png,raw/train_images/01d9477b1171.png,0,ba4021e20a3950ebb4a5271bbf70258dcfd4e8220e1abc49734146b5f3167625,train
01eb826f6467,01eb826f6467.png,raw/train_images/01eb826f6467.png,2,392cd1076180fe2b2bf548af9d3afebf2cb98dbc0f9dc5d948cbaf16ece866fa,train
01f7bb8be950,01f7bb8be950.png,raw/train_images/01f7bb8be950.png,0,447f1cff3d27e57ab1b71d7cce99707f1f141d4bab0ce0320e5bf55561dba020,train
022f820027b8,022f820027b8.png,raw/train_images/022f820027b8.png,0,f5555b8e815dc574aa904865dac8b1c66d0ae705d2f4cd3a7a4fc0f7e1eb289e,train
02358b47ea89,02358b47ea89.png,raw/train_images/02358b47ea89.png,0,1ea0132b5ce504a5079743ac1a50789a20c5962e644ef3f9d0084bc206b92f22,train
02685f13cefd,02685f13cefd.png,raw/train_images/02685f13cefd.png,4,15454963c03c67369cc3d10bc3459b8e70e22a2685eba0ce184796b2332cd638,train
02da652c74b8,02da652c74b8.png,raw/train_images/02da652c74b8.png,0,33a66ab908f38cae1fde91623c288f278c3173d27a85201178accea61fa07d82,train
02dda30d3acf,02dda30d3acf.png,raw/train_images/02dda30d3acf.png,4,0987b2b0c388752223d11d21632a3b301b37fc364c3c1acd2b514f443ab072b9,train
0304bedad8fe,0304bedad8fe.png,raw/train_images/0304bedad8fe.png,0,904d4480144d5817e7c29cb61690593947e80f58c9d9c04fe33d2c179f718a20,train
0318598cfd16,0318598cfd16.png,raw/train_images/0318598cfd16.png,4,691b115c85da6b5b3ca4dea8b1318f8e022fb936e0d4c7242e42d5d48d24f03e,train
033f2b43de6d,033f2b43de6d.png,raw/train_images/033f2b43de6d.png,2,62701138799d0a67da35ec0248600ef5ca1b22cb4156c4fa5789ce4a2b656857,train
034cb07a550f,034cb07a550f.png,raw/train_images/034cb07a550f.png,4,54717ae414aac99ce6594f1dcc75966b94ed5a0fef2c46b74955d3ccb59856da,train
03676c71ed1b,03676c71ed1b.png,raw/train_images/03676c71ed1b.png,2,3f8b79ab85c3788c5ce8bbab8d73dc51a516968c8961f55b94318e35bbf76450,train
0369f3efe69b,0369f3efe69b.png,raw/train_images/0369f3efe69b.png,1,2e378c0f29f1eb0a79d7204fd404148bd328263a26daad1cacb725a579795431,train
03747397839f,03747397839f.png,raw/train_images/03747397839f.png,2,3a099b5f518d0fc52d0db63d4c022b46e46ff47738de45e64879df77992af052,train
03a7f4a5786f,03a7f4a5786f.png,raw/train_images/03a7f4a5786f.png,4,5a4edcca0e0b51572ce8e99b768874bef50877cae2b70cfb348c0f8483996b58,train
03b373718013,03b373718013.png,raw/train_images/03b373718013.png,0,741f8e6ec930502efcf276011c24b4e5c5b81057175d94a2f621c439e448f0a7,train
03e25101e8e8,03e25101e8e8.png,raw/train_images/03e25101e8e8.png,1,6f34bafa981582eb3e8b5155bf8218f644d057cf0a9ded8843d0daa8d82cb180,train
03fd50da928d,03fd50da928d.png,raw/train_images/03fd50da928d.png,2,c92c8b74587f89077fddc55bf4c891c32fbb9e482e0deb1afc5dcadcc7eaf185,train
03ff7d159f10,03ff7d159f10.png,raw/train_images/03ff7d159f10.png,2,0ad2540863e451afb870febc38dab591d34825b355d3e19339f0163cffc34b99,train
0415fc68b176,0415fc68b176.png,raw/train_images/0415fc68b176.png,2,9fb5ca1f68357b55cbb8dbcd52d7b5287b8a5ecbfe20f2eca5f5de5b6c09b996,train
04a6fc58dabc,04a6fc58dabc.png,raw/train_images/04a6fc58dabc.png,2,4c52ee51cc9776fb91976eae32cca56804ce5d1efc4a305e358838dee3d479a4,train
04aef84a2cc1,04aef84a2cc1.png,raw/train_images/04aef84a2cc1.png,0,c7c98ef6a26ef6897a12c48ff766f176c4753f569c030907dfb7732dbe6a9947,train
04d029cfb612,04d029cfb612.png,raw/train_images/04d029cfb612.png,2,85d288f645ac0cd687e9f361b9657519fa20d25a8be6d80a4fca4327c596a9b9,train
04efb1a284cc,04efb1a284cc.png,raw/train_images/04efb1a284cc.png,0,440b3ad644a4c0b250809522ab7a20f4755dd1ea63dc3355d346b5621c76567e,train
050bb1eafa76,050bb1eafa76.png,raw/train_images/050bb1eafa76.png,0,f31c20f36f5665621263e5265a5a4db7b7193e2774155389bad5eaf9f3f83201,train
05113073b268,05113073b268.png,raw/train_images/05113073b268.png,0,4bbb677438f5871786621dfd9df79c18b49fbcd2d54eeacc05eed8e5c877ed8d,train
05195a3db5e2,05195a3db5e2.png,raw/train_images/05195a3db5e2.png,0,1a73c3de43b346cf07ecd3cb3e81d0d9aff7036cff3c5a4a6bc11e3b401e7970,train
0519b934f6b1,0519b934f6b1.png,raw/train_images/0519b934f6b1.png,2,9b90e840ce59a134eb68b49370151f66e931d2b290ddfc1b0e2506985ea02f7a,train
052d9a3fe55a,052d9a3fe55a.png,raw/train_images/052d9a3fe55a.png,2,5ef5e2d214fd7ca456f1d6e8c15b7458352b54c432ffdbd86c8dd34b909af332,train
05339950962e,05339950962e.png,raw/train_images/05339950962e.png,0,84c7bad930798b36dd66906d5faec64ab4eaf197595894889536da45a6aa7009,train
054b1b305160,054b1b305160.png,raw/train_images/054b1b305160.png,0,07c160fd695ba84d2827c49d95e8c8d6625049f867401e6f67d42d434b5791c0,train
0551676cc2aa,0551676cc2aa.png,raw/train_images/0551676cc2aa.png,0,1cebf71b77fd85ecc430a576157bb397586f780fd7aaebeedf181909b008cee8,train
059bc89df7f4,059bc89df7f4.png,raw/train_images/059bc89df7f4.png,1,2e3db03e1bc6e6f0e23a8e8d74e92a4085716700f4d32eeea3c61fa264c6f388,train
05cd0178ccfe,05cd0178ccfe.png,raw/train_images/05cd0178ccfe.png,3,c6aa3c6387291327f7d4ec1e07e26074646fe6c1ebb9b9a06fc898ba7e193d02,train
05e9126dfa5c,05e9126dfa5c.png,raw/train_images/05e9126dfa5c.png,0,4cb12ee32a79a6679a692cd133d2afdd07d2a654c8982fcb27349fbfdcaab50f,train
06024377d573,06024377d573.png,raw/train_images/06024377d573.png,2,b392ae7e0a5c038886ea04a8d71f0a83d22de7939d7e4a71f6633e41416d8639,train
060e00d1e2ab,060e00d1e2ab.png,raw/train_images/060e00d1e2ab.png,0,0bd708f53a95f389322196b1e6f7d14a9ae3b9c951458f965358d083025f53c3,train
064af6592ba6,064af6592ba6.png,raw/train_images/064af6592ba6.png,2,7d54063f7c576a766878380dce41d35445a671f9fb8aa98e3fa706b32d9d7324,train
06586082a24d,06586082a24d.png,raw/train_images/06586082a24d.png,0,4ff0bbba5ead65e6851d8aa18d1b19e9aa033288bb0213eb3e453a4f5bced2f9,train
0684311afdfc,0684311afdfc.png,raw/train_images/0684311afdfc.png,1,a4a5b0b5332604c4e30aca102522c4818ae5093390bd7ef1f991dd29ec12e8cf,train
069f43616fab,069f43616fab.png,raw/train_images/069f43616fab.png,3,e03cdae9e9edbc34e24a7d3ba1be1842007aca7215dfaddd515cc44ffcc0f244,train
0709652336e2,0709652336e2.png,raw/train_images/0709652336e2.png,0,499ec06504aff8dec5cb01cbfe347db512045d3c3ad562d76e803e6b7b78bd8e,train
070d4ce5fd90,070d4ce5fd90.png,raw/train_images/070d4ce5fd90.png,0,4263d7f8cf11c00f0b6dd02293ef48833948b2c635ed1c40eb0ce622d0c40e8b,train
070f67572d03,070f67572d03.png,raw/train_images/070f67572d03.png,3,b022cecd106abfc38385c0183fd9ec702f40cb5c349c08f758082a092eef9673,train
071435a218ec,071435a218ec.png,raw/train_images/071435a218ec.png,2,de685ae294398b241d79a861c20ab1c1ada8fb10c0a4cbaccfffe9d0c758fb15,train
0773a1c326ad,0773a1c326ad.png,raw/train_images/0773a1c326ad.png,0,fee29ca3d20fc86e0ad7672c622024a7d461889d063d19870f101047cc01f3fa,train
07751b94a88a,07751b94a88a.png,raw/train_images/07751b94a88a.png,0,434c67efc42f70cba8c3e63cd5c5dfb6a52826921bdd43bd8f5e4de2ca0c8bee,train
07a0be6b347f,07a0be6b347f.png,raw/train_images/07a0be6b347f.png,0,bc4508f9c12dee17e0e52a38b715d57a4595117824f07111611e42fe57eb1f81,train
07a0e34c8d20,07a0e34c8d20.png,raw/train_images/07a0e34c8d20.png,3,2f98059ae31876adc4c95bdfe609b947cc9d171b9df92dfae4510dca595681cc,train
07a1c7073982,07a1c7073982.png,raw/train_images/07a1c7073982.png,1,35ffa562fb388374943de03dd08cf81d0a01583ec794084ca7d4e41f3310a66d,train
07a2b8cabf6b,07a2b8cabf6b.png,raw/train_images/07a2b8cabf6b.png,0,e6cf87e6d411cf81c002b9cf984860b670affc51cb3f427835f168e51b1170ba,train
07a3be30563b,07a3be30563b.png,raw/train_images/07a3be30563b.png,2,d2e7d4ea003a439fac021ba66bd32449b8b9eb257e25cd24bcc15a6dd9aea693,train
07d8db76b301,07d8db76b301.png,raw/train_images/07d8db76b301.png,2,fb6120375dd648603a7636f8339f07644e76d0ed381b73183261673db9bd8e24,train
07e827469099,07e827469099.png,raw/train_images/07e827469099.png,0,80edc22a5a04e392a5b99996fc798cf223de9a7791f0482f0299e4923ef38117,train
07f5d7baf907,07f5d7baf907.png,raw/train_images/07f5d7baf907.png,0,14b849183b27a1b6cc6d96dec81519048253865af7f06024c8766389e4e85201,train
080ee76c958c,080ee76c958c.png,raw/train_images/080ee76c958c.png,4,37d75c6e2be9a9ae2ba8e1e1d49159799069600fb942e0eaf06a58ddb4754940,train
080f66eedfb9,080f66eedfb9.png,raw/train_images/080f66eedfb9.png,4,2c6f015beb72d2b8c0f7497433f22990d7eb595a04873983987d04d5bc3746dd,train
084c02cf077f,084c02cf077f.png,raw/train_images/084c02cf077f.png,0,a7059ea8055222f9c8d731b605b51f55e79290dc72d587ba20d812e184afd802,train
0851d6a69589,0851d6a69589.png,raw/train_images/0851d6a69589.png,0,98b8d05559e360cc26321bf887428cda11a989807bf7b9a56b46593f724338c9,train
08752092140d,08752092140d.png,raw/train_images/08752092140d.png,2,8b2f0264037f7b4d5837a191c25420a64eeb5c9e5453806fca2345dc1ca4bc3f,train
08b6e3240858,08b6e3240858.png,raw/train_images/08b6e3240858.png,0,bfa585f10d3f034784594658e21963b941bebfde3f31f4df6caad251bcf59baf,train
08bef347f40d,08bef347f40d.png,raw/train_images/08bef347f40d.png,0,f4a99702dbe8296c73544ad00d329ad0c8dfff1ab8cc3555fec3bcda9c2bfc3e,train
08c17a2d95b7,08c17a2d95b7.png,raw/train_images/08c17a2d95b7.png,2,fc38badf14e05ccd7e368d633c32a333b2d26165b3af925f908563e93bc56a63,train
08f8838d69bb,08f8838d69bb.png,raw/train_images/08f8838d69bb.png,0,9c6033fd95a16bdf13b9f3d7a8c0311678a289a81502adea236eec2bb5a85ad3,train
09237bf783a4,09237bf783a4.png,raw/train_images/09237bf783a4.png,0,702e9b8623067119a0a284812e5d467f19c34a4a02adbd3d7e45c18048320e73,train
0924cec998fa,0924cec998fa.png,raw/train_images/0924cec998fa.png,0,6222fd07630c56a2decb9f8acbc7f750c6cb0c605173109a54b77ab5770e66e9,train
093a42649c29,093a42649c29.png,raw/train_images/093a42649c29.png,3,eb2055ab1332c30249061dc6fdfce7616b413cbbca0e3ebec4a8117b5682fb56,train
093cf723fede,093cf723fede.png,raw/train_images/093cf723fede.png,0,440fb18b7e7e15be6ccea60d458971723808f43d57c4385cf7ff89b40f82e625,train
094858f005ab,094858f005ab.png,raw/train_images/094858f005ab.png,2,eee4d47c4b89402ae25b70656d497d214e6778d0ccedc8a66a936467a003a6ca,train
0953c0ac1735,0953c0ac1735.png,raw/train_images/0953c0ac1735.png,2,2e9da79f23b637780cb8fd1da5a6e366ec03cd98781edaac4ad28d1963aca2a9,train
096436d68d06,096436d68d06.png,raw/train_images/096436d68d06.png,0,da3feae8157dd6ce036f1b6bf9e5cdcbad094232e9a8bd302548a5cb11523f21,train
09662e462531,09662e462531.png,raw/train_images/09662e462531.png,0,60bedd17df2e9d811bfd9dac2b6097e2bf76ec170c5a7f1f2b8977b06c44a153,train
099021fac3c9,099021fac3c9.png,raw/train_images/099021fac3c9.png,0,9eb972d4cf5d98648331c134a592f45d18d24bc479c93989d0dcb916844f6c70,train
09934421c79e,09934421c79e.png,raw/train_images/09934421c79e.png,0,da3c93360f1c75256a96fb860bc898f444a134f87c4c9248552547067897f097,train
09935d72892b,09935d72892b.png,raw/train_images/09935d72892b.png,1,646e95dd27c205f12556e143012dd0455c7d15188ca0e253da45c5ae2574d854,train
09c8323c612e,09c8323c612e.png,raw/train_images/09c8323c612e.png,0,08873b65ede8a6c4f6e579ca3365c4b82be84232688ba5d3dd532b33f6b1ab08,train
09eeafa9656a,09eeafa9656a.png,raw/train_images/09eeafa9656a.png,2,61c2a247a23047e4f2bffbb3e186fd8130151018695f9efe9f9ab6b89c0a00c3,train
09f1111a388a,09f1111a388a.png,raw/train_images/09f1111a388a.png,0,8066682e46ff85f2405db72a28b1237e60542b7dcd2e41a002b3604cb52ea0c5,train
0a09aa7356c0,0a09aa7356c0.png,raw/train_images/0a09aa7356c0.png,2,92f2459dc7e6a60eedde42c90ae6b6f867a52a496ed38c0b5566c0a95591d245,train
0a1076183736,0a1076183736.png,raw/train_images/0a1076183736.png,2,c738eebf676b1864a1f61cb8c669d0abfd182227dca667e7d759c1bd2fe28b9b,train
0a3202889f4d,0a3202889f4d.png,raw/train_images/0a3202889f4d.png,1,3702db035adabaf21b475c5e22fad1bef1f9a7c925bc34747e877d18ede275c9,train
0a38b552372d,0a38b552372d.png,raw/train_images/0a38b552372d.png,0,0834b1baff7c61a7f6715edcc96a031201aea1a4439a7760a9c5156e6afacf23,train
0a4e1a29ffff,0a4e1a29ffff.png,raw/train_images/0a4e1a29ffff.png,0,d3ec757a0698168f14a48f0306ff653033a6a1d93b930810fc5bddf789b723af,train
0a61bddab956,0a61bddab956.png,raw/train_images/0a61bddab956.png,1,188ef1d90607c61fc6014c806eab0e425c8848a00b8fd8715261d642e7cc994c,train
0a85a1e8f9e9,0a85a1e8f9e9.png,raw/train_images/0a85a1e8f9e9.png,0,0edaff551551b82ed53d513cf440fc34fc2a79da58d5ff8da171f2a57f76b46e,train
0abf0c485f66,0abf0c485f66.png,raw/train_images/0abf0c485f66.png,0,55fe666104e2d86efc2d01b5c50a710a86262757b42130774b05b552ab141df4,train
0ad7f631dedb,0ad7f631dedb.png,raw/train_images/0ad7f631dedb.png,1,0ab0f6dc949b8128fd2a9db211bb3b1e351aa46d6267034f7279fcb299958c05,train
0ada12c0e78f,0ada12c0e78f.png,raw/train_images/0ada12c0e78f.png,4,3a1c00206ac103cb8d168e6f8c0b3cdf0485268f91a9d838cc1f50e361e1bd6f,train
0af296d2f04a,0af296d2f04a.png,raw/train_images/0af296d2f04a.png,2,ba68455b820604ee55bb6854eb00f78983febec0389b593e7aec7a523cb23858,train
0b2ea8f268cf,0b2ea8f268cf.png,raw/train_images/0b2ea8f268cf.png,0,93ef6bb626939ddd49ad93f35d3089fa72af1550940b6a2191ce11b4c812fdbf,train
0b3efe669365,0b3efe669365.png,raw/train_images/0b3efe669365.png,0,e6dbf6c58c008eb44f67c2ecad95d7800b9043dd26ad55020520e2e27c0b4790,train
0b64a0a06f9a,0b64a0a06f9a.png,raw/train_images/0b64a0a06f9a.png,0,3045d02794b9f7ab04c4e44d94821901782779c9cef227743083b1e63a7b19b2,train
0b8bdec9d869,0b8bdec9d869.png,raw/train_images/0b8bdec9d869.png,0,9a626a502035802aee599622c457354793c7e83e4b2eb5b89735b67a0eb86c3d,train
0babc12807b2,0babc12807b2.png,raw/train_images/0babc12807b2.png,0,a5043baa555622d28536f45adac8864afab87692f209e3bb5f61bfff3afbaa23,train
0bf37ca3156a,0bf37ca3156a.png,raw/train_images/0bf37ca3156a.png,4,ce364521a6045978369a342cca45379054c6b2e13559fd77fb59130e9dfe58e0,train
0c2e2369dfff,0c2e2369dfff.png,raw/train_images/0c2e2369dfff.png,2,8c81d537e037d253399489f2b753541839135e579a00c96ccb102aff74d642d0,train
0c38940e1f80,0c38940e1f80.png,raw/train_images/0c38940e1f80.png,0,ad1b9684f7797bdd15c5c1f80544f0099b27c3256986569ce285c5cff8c77c4c,train
0c55d58bebaf,0c55d58bebaf.png,raw/train_images/0c55d58bebaf.png,2,415add1fe4186e6a79f55a6392c374fa95b38e68dd8b9cb680cb3274914c76c2,train
0c917c372572,0c917c372572.png,raw/train_images/0c917c372572.png,3,46130fe0d6ad6bde852310eabfcfb9fafbe8de9f4f24db08d968353d5a814488,train
0ca0aee4d57e,0ca0aee4d57e.png,raw/train_images/0ca0aee4d57e.png,2,b08a3975c9f4f15c6443be9cb0cc732240ea610e0830cd375c10e390cdc55f7c,train
0cae727cf119,0cae727cf119.png,raw/train_images/0cae727cf119.png,0,4885d7eb7a874ca0de437430196f4a10c6855fa2eee59873425c6998de59f48c,train
0cb6b898389f,0cb6b898389f.png,raw/train_images/0cb6b898389f.png,0,2540a17b2fba047eb72429e67e9db412c24c05e35ee2cd03db3871e943444a12,train
0cbcc7b23613,0cbcc7b23613.png,raw/train_images/0cbcc7b23613.png,0,3dc0ecefa95fafbd1a9a00c4e5bd3c8728be4a15d233ae0fc6dd72a1cbdd9472,train
0cd31078cd08,0cd31078cd08.png,raw/train_images/0cd31078cd08.png,0,a4452f5d1f34b8c3e6ca0d840171ce8620ee2634c93efde2abbf6f3f463f325d,train
0ce062f26edc,0ce062f26edc.png,raw/train_images/0ce062f26edc.png,0,8af24c8e59a7ee3cf5acfeafa66480347ee6c4d3a1626ea4f12f80454452e9cb,train
0cecc2864b7f,0cecc2864b7f.png,raw/train_images/0cecc2864b7f.png,0,4ce734f3e61f24182aa552b1e4cc840ef45c51285678aeb5bb882405759954fb,train
0d0b8fc9ab5c,0d0b8fc9ab5c.png,raw/train_images/0d0b8fc9ab5c.png,0,62c87a9785ea15935b29ec4514691f81a6972b733e527a64a1ee92a193ca57ee,train
0d310aba6373,0d310aba6373.png,raw/train_images/0d310aba6373.png,1,bec8a97a02ec4450ec1a546a926fcd083edc1af73a28f45414bf7388b7539f32,train
0d744aed4d64,0d744aed4d64.png,raw/train_images/0d744aed4d64.png,0,cb0e2c3173b992ebdfa87c5f0fda7670927415182d7f0f4d3cdfd1996f5c17d7,train
0da09e3ce8f1,0da09e3ce8f1.png,raw/train_images/0da09e3ce8f1.png,2,5cf04f437ec823fdc9b8f0f697cf7f984a2b694e63e9c071cc8f0697f1f9c272,train
0da321efbce6,0da321efbce6.png,raw/train_images/0da321efbce6.png,0,77708ab13a227873e781aa10559ed84bdf0ba254a5c8d0360e7f9737b1b27268,train
0da632ca45e0,0da632ca45e0.png,raw/train_images/0da632ca45e0.png,0,f4e1485c29a1cd03743f9fd769d222d2f51794a0ceb475639ed4211976b6b4ee,train
0daddc45d832,0daddc45d832.png,raw/train_images/0daddc45d832.png,0,04447b9b49626b917706d71100be968138c077c4c18fa137f3319d6c204a0c61,train
0dbe6c26cedc,0dbe6c26cedc.png,raw/train_images/0dbe6c26cedc.png,0,8461338519915df0a5f86682eb23693b275c23102746a86ab58ba97715ea8b08,train
0dc031c94225,0dc031c94225.png,raw/train_images/0dc031c94225.png,1,5b39f78e4e5a9bf1d1ed7a0714627e60e14e77140fc37f812909707498646e6b,train
0dc8d25b3f69,0dc8d25b3f69.png,raw/train_images/0dc8d25b3f69.png,3,a7cbab7e6246b29a19103a899d398d3f4e6a371b58a5db80c0ef0cbeed0a15e4,train
0dce95217626,0dce95217626.png,raw/train_images/0dce95217626.png,1,0ddc4d1b0508a613897aed60962df06cb54403f06158955a823f459d9bbec8ff,train
0e0003ddd8df,0e0003ddd8df.png,raw/train_images/0e0003ddd8df.png,0,4f89f0ed20dc918949eba7f0fee0669d8bffe0db291c64bfd13ab33947374f41,train
0e0fc1d9810c,0e0fc1d9810c.png,raw/train_images/0e0fc1d9810c.png,4,8d32b3ccc0df0e0349405f108a1b15dac5cf796f89d62bbeeef77c2d16f4fdeb,train
0e3572b5884a,0e3572b5884a.png,raw/train_images/0e3572b5884a.png,0,d71c64b238b80adb93e4c0e3b1eaaa2bce2d7b6130c56e70d8658380a84cbae7,train
0e94cd271c00,0e94cd271c00.png,raw/train_images/0e94cd271c00.png,0,226a71b8d4802455f8a6a720560f7656694bf2ce07d786f440156c14ee08eb55,train
0eced86c9db8,0eced86c9db8.png,raw/train_images/0eced86c9db8.png,0,fe5403895b8e13c15f8e3be8fb3ff879ea465bbeda1bc750fcf365434afd4925,train
0edadb2aa127,0edadb2aa127.png,raw/train_images/0edadb2aa127.png,3,218474d644b66d9e828a2909b5ed7271a345025161ea6498a6770eeeda9afdb2,train
0eff8eacb2f7,0eff8eacb2f7.png,raw/train_images/0eff8eacb2f7.png,2,4d5715f64a690d90bb68feef61f8e392e359e46fd092589fb40fa53f1fc215ed,train
0f495d87656a,0f495d87656a.png,raw/train_images/0f495d87656a.png,1,bf7bc7d2fd41ae9a876522313f182287c5b473d3e4d6d4c4c85756b88681cdff,train
0f6e645466a2,0f6e645466a2.png,raw/train_images/0f6e645466a2.png,0,701d86446348687349ccaa81b5746ddd48fa54d9693366d7816e64e6424d1acd,train
0fb1053285cf,0fb1053285cf.png,raw/train_images/0fb1053285cf.png,1,6a83f3cf474ac0b7a1e4b0d72ab70ea4609a5c2a47354a581cc33f1dde5ed081,train
0fb560f9adb2,0fb560f9adb2.png,raw/train_images/0fb560f9adb2.png,2,bb359c93a210638b195febc5afd4baf90344ad7bd66e4036c767c4e894ec25a0,train
0fc6829da85b,0fc6829da85b.png,raw/train_images/0fc6829da85b.png,0,7763be3c52bfb60c34883081af9340dcec0f64244aaf69b08fa85dfe7dddc7a8,train
0fcfc6301f3d,0fcfc6301f3d.png,raw/train_images/0fcfc6301f3d.png,2,fdab6c0a0f46d5c72e3cd6264830b48878866886302bd7a10fa946ca139fe23a,train
0fd16b64697e,0fd16b64697e.png,raw/train_images/0fd16b64697e.png,2,f25733e9a9d46f8d666ad2f4684eb99f967a432bebaadd9c15923419564ef800,train
0fe31196e0e8,0fe31196e0e8.png,raw/train_images/0fe31196e0e8.png,0,8a2c160f7b82e333620c4ebcedc12f59da734089c52d21a99d51ef993f6dd4f3,train
0fffa73e2402,0fffa73e2402.png,raw/train_images/0fffa73e2402.png,2,13763c9cb8077c0c2061ab836dbf627351dd2ea9d9ba0ce66988d1e6f5c4c2d2,train
1002f3fe38f0,1002f3fe38f0.png,raw/train_images/1002f3fe38f0.png,0,3544983bf9d91e53cfa050f4c491c7a14398c6b4447f018ce88fa5a0c863e0be,train
103abbd8b63e,103abbd8b63e.png,raw/train_images/103abbd8b63e.png,0,ad9e54d5bd460dbf1f031b77f37c7250b1290f086bb2937532bbc1a84e8a21f4,train
103f97a2ab15,103f97a2ab15.png,raw/train_images/103f97a2ab15.png,0,a624508b69cff93b3568b907fd6b47be7ad7a0f711556a423a4366d6be779059,train
107aea0d9289,107aea0d9289.png,raw/train_images/107aea0d9289.png,1,3616713d58cdb5b4a44e70db7e2cf7cdef29f562c518e74df3e2e1129c1ff27e,train
10a5026eb8e6,10a5026eb8e6.png,raw/train_images/10a5026eb8e6.png,0,0939893fb07021fdf6644491970d417d360bb1979d934992aa50a77672316260,train
10bf25731c08,10bf25731c08.png,raw/train_images/10bf25731c08.png,0,87f0bc38e7c222bd214779582beeb5c32fa9810fc7ffebb11d27186e465a7c64,train
10de500cf0c5,10de500cf0c5.png,raw/train_images/10de500cf0c5.png,0,a131bd41d5f2038861048412e652f19cb993283ab0e8fd23ac23c9a4a88c6c68,train
10eefba568dd,10eefba568dd.png,raw/train_images/10eefba568dd.png,2,784c4babfbe49db1ba040994cf4c20e5e34e845bf32d3e3764288addcb7a6a28,train
10f10fd30718,10f10fd30718.png,raw/train_images/10f10fd30718.png,0,8bd48cd98ce50893a4123893e289097b865a1334cc58d9a8ad22d37cc4811460,train
10fca1abf338,10fca1abf338.png,raw/train_images/10fca1abf338.png,4,e8b16e7c2c68a013252a39c177220cd5e638c476585b9af7fd44da35221a4718,train
1116271db4ea,1116271db4ea.png,raw/train_images/1116271db4ea.png,1,d4e0735570163539aaa5a934030126d31b55ea45f8e28739f9b0bd0e35e77f86,train
1124ffcd76c2,1124ffcd76c2.png,raw/train_images/1124ffcd76c2.png,2,c6aa52a3174ae103272c5db1a23b48147b30f2267869cff89898001ab9625c17,train
1177d583c807,1177d583c807.png,raw/train_images/1177d583c807.png,2,ee20f395f6684ccb9b49d866724292d697b368250df2330291d2bb3b0f3133e4,train
11b220a397b8,11b220a397b8.png,raw/train_images/11b220a397b8.png,0,9b05af5822a14dc6d4569b2e0b600c6edfd5a004a2be35f3c7fb1a2de9a91e94,train
11d8e5eaee5b,11d8e5eaee5b.png,raw/train_images/11d8e5eaee5b.png,0,5cebe8af41e038845576124bd74e2c49a8b342e9870efd2fe7537f29bdc4994d,train
12025b34deb8,12025b34deb8.png,raw/train_images/12025b34deb8.png,2,2bf761adb1b7fa6e36a1d86f6ea7ee96af7c9ebbbcdd3da50243ccad30cd60c3,train
12058bbb8299,12058bbb8299.png,raw/train_images/12058bbb8299.png,0,101376d8272d88995cdf6915485e974a982741bae3797a2e13b95967fda50a70,train
1269ab57c2e6,1269ab57c2e6.png,raw/train_images/1269ab57c2e6.png,2,ee4dceabbcca1e47f22784c33e133054b82cad28768b5b914945153af8f02364,train
12ab2f6397f0,12ab2f6397f0.png,raw/train_images/12ab2f6397f0.png,0,a5816eb4c5c2b5cc93b29e5d3212b5894a3111fcafaf508d1a0fd40e11dd14d7,train
12ae44be0d38,12ae44be0d38.png,raw/train_images/12ae44be0d38.png,0,08c0b9e911252c7b8033082d96964d1e9d60eb7274c51921614943223d40229f,train
12b57dac703e,12b57dac703e.png,raw/train_images/12b57dac703e.png,0,7cf914317632429baf5c49280e52b4dbe2634a186647b4f91e3fecf4327a85bd,train
12bc439d373a,12bc439d373a.png,raw/train_images/12bc439d373a.png,0,93405feb1ef68d117d03e67bf39cd38d2b054bdd3341a4d395cca443ddcaa51c,train
12ef75375322,12ef75375322.png,raw/train_images/12ef75375322.png,0,4e1658811d0bc46a2a73e25f9fa19fbd8e874e198662f6f2c5b538c60e516621,train
13063d1bc4ea,13063d1bc4ea.png,raw/train_images/13063d1bc4ea.png,2,09104f5898857ebcafad62647a5c31267d55acb9c10adf44be2db35b8f10014f,train
13d014ccd136,13d014ccd136.png,raw/train_images/13d014ccd136.png,0,98597a18a703b8e6711dd61710559bd9658f762dbca0c6304e4a585956c91bda,train
13d411c85ffd,13d411c85ffd.png,raw/train_images/13d411c85ffd.png,0,b05908af48571387b9ce60c655a88085dd6570015e12f6f44aa6d2d9c4d518f2,train
13d71389563f,13d71389563f.png,raw/train_images/13d71389563f.png,2,a4d9cceea0dce08271dd696570bdf073be3a9672e1870a8c7018978329701924,train
1409ab48175a,1409ab48175a.png,raw/train_images/1409ab48175a.png,0,e5a5538e7a417a3bb0905d4a591314194100f46180c1ceb81cdd3d607d378150,train
1411c8ab7161,1411c8ab7161.png,raw/train_images/1411c8ab7161.png,2,3f1adaf9e24263177cf7769ffb3f88f753e288ccc4d2d1d578312ac2b60d9b3e,train
141735b57ec0,141735b57ec0.png,raw/train_images/141735b57ec0.png,2,cbe326f91fcbeabd1bca86e2e6df7ef57d271a3974c3166692952af5657d9d21,train
143db89c11c8,143db89c11c8.png,raw/train_images/143db89c11c8.png,0,b5f249101725a59588734a971ae151cb3a52c742aec788ab21624152e1a5bbe6,train
144a1a426137,144a1a426137.png,raw/train_images/144a1a426137.png,2,a9594c18a26a565a741072731748219c016a494430b1301e6a3b8f10f3f040b3,train
14c3b41d289c,14c3b41d289c.png,raw/train_images/14c3b41d289c.png,0,a099758c6f569ed5959fe0118d3f3bd1d803c4e30004658e4653debbd5fdba84,train
14ee87d6cc42,14ee87d6cc42.png,raw/train_images/14ee87d6cc42.png,2,a49ca4701a15d3630253c18de71c47bd05e7206a6b731b2b29b2a1abeacd5cea,train
1509d097b69a,1509d097b69a.png,raw/train_images/1509d097b69a.png,0,218ffcfd6764320eab34e062142a7d32d39f49fd6012597f141c8f4a2600cf53,train
150f92b45349,150f92b45349.png,raw/train_images/150f92b45349.png,0,d7c9385083f2de9cc02ecb6db453beddc336b6d6553bfa22711ee0e827ac9711,train
152db3de8120,152db3de8120.png,raw/train_images/152db3de8120.png,0,8e0d0eb720ff3a2cc2430012c02a755601bb868884ab77bf7c52835de58877e1,train
1541226c5d72,1541226c5d72.png,raw/train_images/1541226c5d72.png,2,e5e47ea55db4178ad60c3596ebd145c259015f1d912cb579351694e11ba7a5bd,train
15528e740543,15528e740543.png,raw/train_images/15528e740543.png,2,1fd3c7c9df8516595db19d9810b4ca34b1814d4820eecf2ee08b7a4c4190c915,train
155e2df6bfcf,155e2df6bfcf.png,raw/train_images/155e2df6bfcf.png,0,309d64b0518f6260ef010c4b094ea8518270ed99783c2e291f547fc5396e0c60,train
157d17349cc6,157d17349cc6.png,raw/train_images/157d17349cc6.png,2,9b332c25a1c00b9835d38c65f129d91722561c59da7600efaa9992ed599f76f9,train
15b21c80cc31,15b21c80cc31.png,raw/train_images/15b21c80cc31.png,0,1d26963d6ad1d4d14b450cbf374f537f384c709f87f8344b2721e4942b584576,train
15e24b73d4a7,15e24b73d4a7.png,raw/train_images/15e24b73d4a7.png,0,de94869b346e40b5a6c5014add8a34e6025c09ff8a5002294d9ec7603767ab51,train
15e96e848b46,15e96e848b46.png,raw/train_images/15e96e848b46.png,4,b91d956ca0be0029ae3d0639788171ac7c39ba20e294aa7aeb0c595920c254b7,train
15f440753916,15f440753916.png,raw/train_images/15f440753916.png,3,b59bc09443acbab7c395f13c155ff65131bc2b3221f0704a05a1df3b9a50f025,train
1601c939412f,1601c939412f.png,raw/train_images/1601c939412f.png,0,4f77f730acb162f5115d6833c5e9bd1e21966835058008b388542797cf807817,train
16060f05d047,16060f05d047.png,raw/train_images/16060f05d047.png,0,c43372f62c2cab8f8bfa720a6910d29b02c682389cbbd1af0e02806dc6c52fe7,train
1608c82a263f,1608c82a263f.png,raw/train_images/1608c82a263f.png,0,bb0c30cc2198df676568e8e9c588fb4812c5004c8f82a803f3e185262cd6b043,train
1638404f385c,1638404f385c.png,raw/train_images/1638404f385c.png,4,d874af806a176dc538610d5ccfcdac847d9b127798f09110a21252d4936a5fd8,train
164cd5a3a6cd,164cd5a3a6cd.png,raw/train_images/164cd5a3a6cd.png,0,cb06d6ee01a9ea1114f3c1d4a046762d88899201ce958e1fc84f2209e50b4d0f,train
165634a6167e,165634a6167e.png,raw/train_images/165634a6167e.png,0,6e51fd9b19860eba2a53d589aa64fcd32e6579cc3c4851e95d1645d8c3671f67,train
166068a24416,166068a24416.png,raw/train_images/166068a24416.png,3,1e8fe2d536ffef3fd5edc11831458042ec1802d28fffff1a542955e419d185f1,train
17188c13e635,17188c13e635.png,raw/train_images/17188c13e635.png,2,93731a26b2c5f2aa5d8cd528fc6c9ee153cbf6d51b6d0f506ad6554d7bca8500,train
172df1330a60,172df1330a60.png,raw/train_images/172df1330a60.png,1,8c00901a0c959c6f45c85fd6ff430c8713d25ebc3610fc19c4d7b9ab96599f49,train
174db0854291,174db0854291.png,raw/train_images/174db0854291.png,0,c3c44ca6599ae8f5ac26f5a98df9a480fc26e5f8ce8b254ce7144f03fc17c714,train
178412895d5e,178412895d5e.png,raw/train_images/178412895d5e.png,0,12d5ae6d32a2cdfd37c9cbb1552758c74289ead3f022e83b2278eb3220c8585c,train
17d7d6b092f4,17d7d6b092f4.png,raw/train_images/17d7d6b092f4.png,0,692679baec2a0e0b8ff5e163b647f03d4be4cfeecc8c5bc0920174f349379ed0,train
17e6116b89b3,17e6116b89b3.png,raw/train_images/17e6116b89b3.png,0,7b470c68be35c0892053c314d93c675b2b130db0e02c834fd43f75a7fb62baa5,train
17eb5d4ad740,17eb5d4ad740.png,raw/train_images/17eb5d4ad740.png,2,0c43f43e6bb88da4a83055a50be3383961be854666216ce34054e691a41444bf,train
17eff993386f,17eff993386f.png,raw/train_images/17eff993386f.png,1,4761017ce8e9dd969a7cfb74b8bca3a0bc4836a7f73dcc7156bb776d4c40f5d3,train
17f6c7072f61,17f6c7072f61.png,raw/train_images/17f6c7072f61.png,0,0e436c56eaa650d73ad67d36e4c13f88fafd88df1e26e00120d6c53d5999ecd5,train
180afe1d5ef7,180afe1d5ef7.png,raw/train_images/180afe1d5ef7.png,2,09e6b4d7f0114d75d8afe1cfe629fd365221c8d08a866c204feff9d48911e5c7,train
1844a039b4ea,1844a039b4ea.png,raw/train_images/1844a039b4ea.png,2,1ef2e83cecd81cd8d52d18243b498181cf1245a1adb4d22c55b33985b56d163a,train
184a185e7447,184a185e7447.png,raw/train_images/184a185e7447.png,0,9c6ccf19d492b863dcbfd1ef1031db9eefd63f9157064b6ed7f69e4cd1647d0d,train
18621b9ca978,18621b9ca978.png,raw/train_images/18621b9ca978.png,0,56fa5d320bc5b4d8fa82f85e8d8961a0e4094f2f529fb6722421562052134c33,train
1864d3411143,1864d3411143.png,raw/train_images/1864d3411143.png,0,447087e1db89e45353dcac3c57a74fc38741b74a96c5736942bcd4e40fd54462,train
186c1835eec5,186c1835eec5.png,raw/train_images/186c1835eec5.png,0,7d1cb311b003e6144772ad206bcbdeedf1ac124627586cda7a778aa8a829303d,train
188219f2d9c6,188219f2d9c6.png,raw/train_images/188219f2d9c6.png,0,7eb8ccf4544acc3e8176c7f94dd56a6ca032a5fee233dad21e7534539ec15aa0,train
1891698febce,1891698febce.png,raw/train_images/1891698febce.png,0,ccd3cb3c31581b8228f1043d819c499a8779cb084a8c6bfdff834667a1090fc2,train
189cbbc9e5e3,189cbbc9e5e3.png,raw/train_images/189cbbc9e5e3.png,0,2ef39de02a6a8f7e396202814a6606623c61c599a721d7f4814d6ccd91b30847,train
18b06f56ab27,18b06f56ab27.png,raw/train_images/18b06f56ab27.png,1,4d4a8fb6fb664f30921622d468e43887ea2e63eb906db67e36a2b9cb717e60ed,train
18b7e34eab8f,18b7e34eab8f.png,raw/train_images/18b7e34eab8f.png,0,49642368981c8066c0b9d426fb33acf4505981fa15143425be18c64ff60064c2,train
18b99159a14f,18b99159a14f.png,raw/train_images/18b99159a14f.png,0,f5027ce5ec4af436561810bc58acff48e026c5ea908bf1777269bcf241b52200,train
18cde9649e90,18cde9649e90.png,raw/train_images/18cde9649e90.png,0,9c7874518392302a62790dc18cea65e89054db7211991096b844227a2940df4c,train
18d8fdb140b7,18d8fdb140b7.png,raw/train_images/18d8fdb140b7.png,2,d6b94f1daede4d5b77eb8758d60c3848f4e28133cd4725331b7ecb7a8da7ca35,train
18f1f979d30d,18f1f979d30d.png,raw/train_images/18f1f979d30d.png,2,51bfd0ff55fc96a93a7b07984c1e46ad1d29e3dfe8063f90ea99a7426b23659d,train
190a309f2cc5,190a309f2cc5.png,raw/train_images/190a309f2cc5.png,0,a36f5d9a9cc997006d33600d1fbadb3ae252351eae74bd9f2573aaf63d0719e0,train
19113e5f45ec,19113e5f45ec.png,raw/train_images/19113e5f45ec.png,2,bf6e9b221d4711ba0d8cf046dc2f332a5773c8a83efb124063365fa889e15a87,train
191a711852bd,191a711852bd.png,raw/train_images/191a711852bd.png,3,c843e6737ca5e2ff6b47b5410fd3f3e0a12307be72a39b46c9a2ef0e8faecb49,train
191cf5668f33,191cf5668f33.png,raw/train_images/191cf5668f33.png,0,1bcbb80cc97596390ac7b58b59331d333670b876bfdf3b796f38619112e947b8,train
1943983492e5,1943983492e5.png,raw/train_images/1943983492e5.png,2,9dc55ad650f4245efb931f38fef9b68d97313c5dd9f92385812a956d8ae5bfde,train
194814669fee,194814669fee.png,raw/train_images/194814669fee.png,1,af29d81dc429e1b71c73525bc8047283f28ed03553d7af9fd49b578f2cb130d8,train
19545647508e,19545647508e.png,raw/train_images/19545647508e.png,0,94e6f2025d34561358970301702ab017290d074a06699a83ec729aa1222071f4,train
1968183f0e61,1968183f0e61.png,raw/train_images/1968183f0e61.png,2,37744bf48ef1f7b99a803f49df78fc63e8a6965c8dca5427bba8333d9ec0136a,train
196e6a186452,196e6a186452.png,raw/train_images/196e6a186452.png,2,4ae860d2c9eb07ee668fec68eed3b73b24e77c6c25cdf43d7ea9f8fee5345d8b,train
19722bff5a09,19722bff5a09.png,raw/train_images/19722bff5a09.png,1,f17a80da3380e19e0ba552a9f5b477a3ff2c0d0e638e7c8e8e30ebf4f5f7bd72,train
197af0de76e2,197af0de76e2.png,raw/train_images/197af0de76e2.png,0,46eb26cb106650409cbb2da640609e49ebc9184900bcc2301ba7d292ab3c80f3,train
19ef4d292196,19ef4d292196.png,raw/train_images/19ef4d292196.png,4,655320bcfbf67e14c9e71d7e9b0c055dbe84b8e56f13db4fb656b7401f6f3224,train
1a03a7970337,1a03a7970337.png,raw/train_images/1a03a7970337.png,1,78a24243dac05d9ad5c68f39ded56f9e72966c84eb9381d3c38cb71e676c265d,train
1a0dbc6c0cda,1a0dbc6c0cda.png,raw/train_images/1a0dbc6c0cda.png,0,a75fe7b956508212f4ea04d3deac9925f0b29d27a00fad479c7e0a1ec74b1914,train
1a19f2ef4472,1a19f2ef4472.png,raw/train_images/1a19f2ef4472.png,0,8198f3bde32745f9443cb6b25fb33df73be6764a9bdab8952ab6a0aa0c6d891e,train
1a1b4b2450ca,1a1b4b2450ca.png,raw/train_images/1a1b4b2450ca.png,2,8391f55caca64706cadf83bee7fdc0f3099b25c8a07d09f73da0f5daafd68392,train
1a1e974a7dbf,1a1e974a7dbf.png,raw/train_images/1a1e974a7dbf.png,0,36cfd7f7420e90e475726e3716a1a43752af7845d46475d6e553ee34caaf8ce7,train
1a369baf9ee6,1a369baf9ee6.png,raw/train_images/1a369baf9ee6.png,2,0b280ed453a7250281a7199b16d05671a5d54743ad69f62630097d47ecc6d1b0,train
1a7e3356b39c,1a7e3356b39c.png,raw/train_images/1a7e3356b39c.png,4,947e74fa3480028c14276cf37cee1bdee83f060865e94037216bd9695430d86b,train
1a90fad9ffa2,1a90fad9ffa2.png,raw/train_images/1a90fad9ffa2.png,4,a75850c5093df6ff59ff8a2b43125ec8191bde1896ecaf1abf223a9072a78b07,train
1ab3f1c71a5f,1ab3f1c71a5f.png,raw/train_images/1ab3f1c71a5f.png,3,7d4e81a3a1604e9e90a6c7e9ae5ef41f4b1a90728fa555f56f237923135d99a4,train
1ab8d3431ffc,1ab8d3431ffc.png,raw/train_images/1ab8d3431ffc.png,0,135ff7e39fd2307c437d4c807a12b39a6ec624829e3f895bb99f206317b7eea2,train
1ae3c58759fb,1ae3c58759fb.png,raw/train_images/1ae3c58759fb.png,0,207cd51202726af478972d6d2ca73ce92c8165474fb296b62e48102151892b90,train
1b329a127307,1b329a127307.png,raw/train_images/1b329a127307.png,1,a30d9ed1f2ead0aa5692c547d0e41ff7a572996250cd067ba256458901c0f5c9,train
1b32e1d775ea,1b32e1d775ea.png,raw/train_images/1b32e1d775ea.png,4,67b649be0d71f66e995d061dfbef2d37102030c6dbbe8eb7c024d8cd6235bd8c,train
1b3647865779,1b3647865779.png,raw/train_images/1b3647865779.png,0,e4a5d10f80bc3bcce9fc515f2f651be5d9cf164a97e31e93e2708dc8ccd0bfb7,train
1b398c0494d1,1b398c0494d1.png,raw/train_images/1b398c0494d1.png,0,73d391cb437861b073d02c76efe954660d93d9ac701374ab9e819dfeca131a31,train
1b862fb6f65d,1b862fb6f65d.png,raw/train_images/1b862fb6f65d.png,0,9e67e043c5236a0a30cf3b2411285e68734d2c2ec816a6312cbf61d4d845f687,train
1b8701231c8f,1b8701231c8f.png,raw/train_images/1b8701231c8f.png,0,b7c5b5eda9b516c756f29a9abe4042b51268636916d29a1dfaeef7da3cce32f2,train
1b8ad0afe9fb,1b8ad0afe9fb.png,raw/train_images/1b8ad0afe9fb.png,2,119ad16e51e14bb906f6acb38f0e2c3c5210693917dbf37a3a1e48d6f6808d6b,train
1bea04b2bb2d,1bea04b2bb2d.png,raw/train_images/1bea04b2bb2d.png,2,faa09725c807db10e7e52dc825d44eecf59fb669f75c25f470cc1ab6191aa051,train
1bf30c84bbad,1bf30c84bbad.png,raw/train_images/1bf30c84bbad.png,4,f4f191debecc00dfd69d564bcc74158765bfb97f6cf740ebd0971ee1a380152a,train
1c0cf251b426,1c0cf251b426.png,raw/train_images/1c0cf251b426.png,1,b2401abfe0ff0417532c903eee38f218d578e16704267368a3d1b4a016798275,train
1c0e5dd1b14c,1c0e5dd1b14c.png,raw/train_images/1c0e5dd1b14c.png,2,28fb31362d8bf205044bf1a9a6992a0afee72dfda4e2d857225615c81290ac1d,train
1c13a1483f4a,1c13a1483f4a.png,raw/train_images/1c13a1483f4a.png,0,490942afbbf2e6bd3e632a9b1625eefd9d8fa94c10dfa54784f58d9e5cb5d6e0,train
1c47815f4a6b,1c47815f4a6b.png,raw/train_images/1c47815f4a6b.png,0,833a657c36b2655469cba9f35d4c6a186e398fc86be9bad74a6ed74980b4badd,train
1c4f3aa4df06,1c4f3aa4df06.png,raw/train_images/1c4f3aa4df06.png,4,be7008f1fafaa58dad258e9d166aeef083a6a49f9b8ffdb43f7ba787026dd1ea,train
1c5e6cdc7ee1,1c5e6cdc7ee1.png,raw/train_images/1c5e6cdc7ee1.png,2,9da7d4f39c3abdd73e39d037c28c6ae222b46e0531a9ad47a7ab9ebd2ba26b2f,train
1c6d119c3d70,1c6d119c3d70.png,raw/train_images/1c6d119c3d70.png,2,ff6a53000a5ee301d26cec3d6e8afb90bf274d7df0920a9848f89efb361f0291,train
1c7a013eeba7,1c7a013eeba7.png,raw/train_images/1c7a013eeba7.png,0,cc60c4d96fdcd8b46524d6f53dfb73bd461d6ee07b5573fa19c402bf91dd3fc7,train
1c9521878baf,1c9521878baf.png,raw/train_images/1c9521878baf.png,3,28eee48fdd548daa78633080c664bf45a0dd93729afc50f08fbf480c08274fbe,train
1ca62b3e4fd3,1ca62b3e4fd3.png,raw/train_images/1ca62b3e4fd3.png,0,56f1bc4e42fe6ea9251a938fa63346aff17d690b6a40f0e13cb76f6de2830604,train
1ca91751be4d,1ca91751be4d.png,raw/train_images/1ca91751be4d.png,0,3ec594442b7b1920d8801a006cecadff3aefd113f435888fe58fb64c470614f4,train
1caba2fb38f6,1caba2fb38f6.png,raw/train_images/1caba2fb38f6.png,0,7ed5fd3e6277c173f455464ca5e54fab0d99d99e1e714446ff6d18e002fed73b,train
1cb814ed6332,1cb814ed6332.png,raw/train_images/1cb814ed6332.png,2,55ca6183ddcd10d18253a364c23605dfd89741734d1ac6abaaf9633d1b109f87,train
1d0b93317aa8,1d0b93317aa8.png,raw/train_images/1d0b93317aa8.png,0,1230a0a98a28e5433e1cf74a27702a4ccca3fad1f50c7159e314346e6f83bfe4,train
1d11794057ff,1d11794057ff.png,raw/train_images/1d11794057ff.png,1,89d2bed72fdd22981132eb7931f4eac3ac2fe5780113e4cde50f180a0567e2f9,train
1d14dd912671,1d14dd912671.png,raw/train_images/1d14dd912671.png,2,7b9924da3e5a5ee32c830f7ccb4f9951c21a067cda1dd6f79b2f5008b3a3934f,train
1d37f1c8b6d8,1d37f1c8b6d8.png,raw/train_images/1d37f1c8b6d8.png,0,33a54f7a457af283004918a0d594e6e4d971c14120447c275b7d6a159b446020,train
1d46f1326394,1d46f1326394.png,raw/train_images/1d46f1326394.png,0,3449dfff71e26e11b9571e0a412c1d8b91d103729e5d43f2521ef3e4db703346,train
1d55e689cf84,1d55e689cf84.png,raw/train_images/1d55e689cf84.png,2,5ff1f1e462b44aacb80e1b2032aeeb068145fa4842aa606bff23e98f27c8d7ee,train
1d674e2e32e0,1d674e2e32e0.png,raw/train_images/1d674e2e32e0.png,1,7abe54060ee4283ebe4c3034f64fa1de2f5d567cd01229a71f71df14938c96f2,train
1db0393cdbc1,1db0393cdbc1.png,raw/train_images/1db0393cdbc1.png,0,78c2da114b4de3a6d1ca6170df77d3b4ece79708b6e81d98fa13579ac8397abb,train
1db6bb46c102,1db6bb46c102.png,raw/train_images/1db6bb46c102.png,0,30446de1620f4b49bc71f592f5a8f5680f114341f4b727a7d433da9fad5a3fee,train
1dbdc32c17db,1dbdc32c17db.png,raw/train_images/1dbdc32c17db.png,2,6813c6d5e0ce7b4e0626d8bb14e72b773a42d03e4a0be45a33e24801d0ecf1c4,train
1df0431bfa73,1df0431bfa73.png,raw/train_images/1df0431bfa73.png,0,dc206ca0ac80ddfa3ef8f602983b8200064460a7e628899ede376ff797a3c1aa,train
1df0a4c23c95,1df0a4c23c95.png,raw/train_images/1df0a4c23c95.png,0,d5b983eb69a504456a5005cce27bbd2f08197e6d2af76819d4c057fcba374cc2,train
1dfbede13143,1dfbede13143.png,raw/train_images/1dfbede13143.png,2,ac430d2b7a4725b2ff807fcd740f718da3f1fd014d553e524a35381c8c2fb5ed,train
1dfe599d12a9,1dfe599d12a9.png,raw/train_images/1dfe599d12a9.png,0,fd0cd601af586f02b58be6962e16a3dd426766479acb4772021c4cfc3b769ca4,train
1e036f2e7095,1e036f2e7095.png,raw/train_images/1e036f2e7095.png,0,3cafd56e200f9eb959a84bfc1c4861a30c6a2eea67c52f18bccff8dbed88257c,train
1e1fb019710d,1e1fb019710d.png,raw/train_images/1e1fb019710d.png,2,d22c93096f1b342b01c8cdbe79c5ba29c59498aedbe7637c8077edfa7f75b7f9,train
1e4650743fa2,1e4650743fa2.png,raw/train_images/1e4650743fa2.png,2,70ae9f445da3a680049dcd6baf2f44ab4dc69c67e25dd7ad5459511edb56ad8f,train
1e4b3b823b95,1e4b3b823b95.png,raw/train_images/1e4b3b823b95.png,2,82333d0ddc13bf86636375e49c20d122fd7fa242f5e34f3d9d3ad80317b159ca,train
1e8a1fdee5b9,1e8a1fdee5b9.png,raw/train_images/1e8a1fdee5b9.png,1,e582676144ea3c77add4690d49afaff255b4ccb4cc314f41cb3481ddea0a8c12,train
1e9224ccca95,1e9224ccca95.png,raw/train_images/1e9224ccca95.png,4,34ccbb2ee77aa13b072fb44e7f2817b2053cde45fa98a5855b43266fcbecc140,train
1ee355480567,1ee355480567.png,raw/train_images/1ee355480567.png,0,6a536c40d264900c18f8eed4f402a122720727395e6aab0d2aad5076f45c8b6c,train
1efa5d443707,1efa5d443707.png,raw/train_images/1efa5d443707.png,4,5765645554fb5123a739c7b25541b8e20e67e9e503826af8d833f70b061eaf27,train
1f0e223b8055,1f0e223b8055.png,raw/train_images/1f0e223b8055.png,2,1cf4ba284f381871bc363b7244d79823a5fbf2f5be1b4ae565b2735a7562f9c5,train
1f31701dd61b,1f31701dd61b.png,raw/train_images/1f31701dd61b.png,0,a626420786d2a14f430d0753d6c9e6cda2598e86da2a68e682482c652bd8b9c4,train
1f4bf8e28b41,1f4bf8e28b41.png,raw/train_images/1f4bf8e28b41.png,2,3c7c3754d9eecc1ff28cb2f405bf988359193dc10c81522ec526b5291baa3fc5,train
1f4fb37e0854,1f4fb37e0854.png,raw/train_images/1f4fb37e0854.png,0,6509baada6fdaec98b96edf4b7d019ac78242485a1684427ee7d1c44a6e3f7b8,train
1f543a86c4d4,1f543a86c4d4.png,raw/train_images/1f543a86c4d4.png,2,72ae552ca79bc0e2f74709f0e6f04b05dfe83a48987cf8b02accb7cb169a09cb,train
1f5496352859,1f5496352859.png,raw/train_images/1f5496352859.png,0,f66bf538fa6f4b54f614f953a2924ab89d0602609cfb950977fc06f4161afe34,train
1f63d44d9e3c,1f63d44d9e3c.png,raw/train_images/1f63d44d9e3c.png,2,c61170047978986f5f3121849660ce657125719ecb7a27e9e1031ee8fe3b630d,train
1f9ccda4ddf2,1f9ccda4ddf2.png,raw/train_images/1f9ccda4ddf2.png,0,df68bf83a95113fdf0d140240c840547a6e5d040404d0657b0a1354d9c826ec4,train
1faf8664816c,1faf8664816c.png,raw/train_images/1faf8664816c.png,0,9c062ae12716a2ae170ce6dbbc1dfbf4724bc61ddd90c5368662add0aea7f756,train
1fb455685328,1fb455685328.png,raw/train_images/1fb455685328.png,0,30f25848c2bbedaf4841d7506f36c455581f0e6679e502cabcd6bcff1b502eef,train
1fd5d860d4d7,1fd5d860d4d7.png,raw/train_images/1fd5d860d4d7.png,4,62b098036e9f10df250e6bbde3ea197ab0653a90010557458cb1cf82abcfb52c,train
1fddd7c98fd2,1fddd7c98fd2.png,raw/train_images/1fddd7c98fd2.png,0,ad814191b996a53926f9b44d362a8bde856ba7fa28f62a5bcb28e3246d5349b5,train
200d947f75db,200d947f75db.png,raw/train_images/200d947f75db.png,1,6757e0bc1cd4a9c5e1248bcb2c95f0b9ebde46379f150065604e2d566d688814,train
2017cd92c63d,2017cd92c63d.png,raw/train_images/2017cd92c63d.png,4,08875fb8213720e57a2b60d48039c7b4db0a9184c7eadd3d65edebd810f835d7,train
203275daf46d,203275daf46d.png,raw/train_images/203275daf46d.png,2,1483e28799eac8f40693b53c24362857eaf32781ac3e3113622afb79f428c9fa,train
20688cb25704,20688cb25704.png,raw/train_images/20688cb25704.png,2,1f12caae98f85e045527f73c61cef3aaabcacf2b4631f475e65d48fac2d3b010,train
207a580de0ea,207a580de0ea.png,raw/train_images/207a580de0ea.png,2,63bb8bd8ab502dd341eef54937b1efe3ca92a506af4942c1d4cdac68d9aa8019,train
207dd0487264,207dd0487264.png,raw/train_images/207dd0487264.png,0,50411002408c3b23d7391aa64e289ad429b7b44805b6eb0b10722fd8af616313,train
20c883d3bd38,20c883d3bd38.png,raw/train_images/20c883d3bd38.png,2,edc6819c08f8613cae398b8da7c9d894f45121a62f47c28be3fe84d61c26a0db,train
20d5fdd450ae,20d5fdd450ae.png,raw/train_images/20d5fdd450ae.png,4,5bf3879af2de728161eb23dec86e5a95eff3e3e10fcadede8f1fa2c868f62c0d,train
20f86e068276,20f86e068276.png,raw/train_images/20f86e068276.png,0,a2ced0d12c62db50863be8a773063174d8be20ee34cb53fd80c728d00628c6bb,train
210bfe0127c6,210bfe0127c6.png,raw/train_images/210bfe0127c6.png,0,fe0fd2e9587c7917ab4f2c699e7529f459a8ccbfd8dcf01f7f3e75832182ffae,train
211518c46162,211518c46162.png,raw/train_images/211518c46162.png,4,318eb92e1aa5ccab243f9f4a1718c2046bc98c3c97f988607cfdd44b7ee1e8fb,train
2131aa3a1e6f,2131aa3a1e6f.png,raw/train_images/2131aa3a1e6f.png,2,499c49926d3550c4a1da64923902b75ac1d6209c1c535fa3ce9e659256d0a201,train
217dad18a5ed,217dad18a5ed.png,raw/train_images/217dad18a5ed.png,2,a5822b2601184be2ffbb85c3b69a0dd212ba2811976dc1b9764f775d5e309b9f,train
218c822a3dd9,218c822a3dd9.png,raw/train_images/218c822a3dd9.png,0,feac5acf5e26b7d55e86010ce441321a745b56b577c363eaca1d04e05f4d1e77,train
21abd36095a1,21abd36095a1.png,raw/train_images/21abd36095a1.png,4,ed3aa0fd41b4da02cf6293d125074703f57b81ce4bb19220227a5cf4865056e4,train
22098b1fe461,22098b1fe461.png,raw/train_images/22098b1fe461.png,1,05f8b279a9fb9554c21faed1a956e55ceffcb48f038078debb66afcadecf9ee1,train
2209daf71aab,2209daf71aab.png,raw/train_images/2209daf71aab.png,0,2703a005d554db76c71b47cf9db4b8cba0978536606aeeb16847bdcd684e1310,train
2221cf5c7935,2221cf5c7935.png,raw/train_images/2221cf5c7935.png,0,a551b55eb45e65c67a8565a93a8676ef1ec1fd2199ffc33bc71d137d6919fc04,train
222d0ac042b4,222d0ac042b4.png,raw/train_images/222d0ac042b4.png,2,2fbb7a50a9ba9ac1db4376532fa7ca9ecf9b96503080521534a07ade566b9059,train
222f3ee3a1e8,222f3ee3a1e8.png,raw/train_images/222f3ee3a1e8.png,4,272774e21e022ab27901f6678a51b3d8ab0fb519cc8f1fd64556e53f7126faef,train
22325552a4e3,22325552a4e3.png,raw/train_images/22325552a4e3.png,1,a0a00300a23cc760ebb10bc12bdca64cd743e66a834658d77e206d78ff33402b,train
2241b7e90782,2241b7e90782.png,raw/train_images/2241b7e90782.png,2,43a6f32fea044e28463d6ceb7847291e4f1c1ac64961f70df6248ff66b3730ab,train
22449af52060,22449af52060.png,raw/train_images/22449af52060.png,0,7579daa52d2e9a8d33f760144def8d40de967859afd1ee5e63b2f6a162eb4d07,train
224bb938e2dd,224bb938e2dd.png,raw/train_images/224bb938e2dd.png,2,cf1e46666fc3e4cd60b8d9ecd22954be4b3aa8fda91e10fd02e190c55f406d90,train
224c14366e11,224c14366e11.png,raw/train_images/224c14366e11.png,0,6f8068968f953999a783580d3b8e4fd7963d62aa417f2d72ffe891b10f3d0061,train
226c6ceb9185,226c6ceb9185.png,raw/train_images/226c6ceb9185.png,0,ab5174d1716139d245fcbbdafd24f7da19b5691255a700fba52669c1f83ee5fb,train
22a6da005395,22a6da005395.png,raw/train_images/22a6da005395.png,1,d82a5ce42093cef3e935dc97732480e4362f28b4af4e9b143fad225790d94916,train
22ce8ef69357,22ce8ef69357.png,raw/train_images/22ce8ef69357.png,2,3490ed21d8512a562627a23db460c04ddc3b3a1f158d59e630d6021c0b31b1c2,train
22d843b2bbd1,22d843b2bbd1.png,raw/train_images/22d843b2bbd1.png,0,0d7f2762e2ab7d1f836647d862f9def525e2ea24c4b93476c0dc910af0e8d330,train
23148a40ecb0,23148a40ecb0.png,raw/train_images/23148a40ecb0.png,2,42d0edff4426fcc59286cd8fcdcd9c00dfefbff3b0a4fca2eec2bd5ccedeaa63,train
232549883508,232549883508.png,raw/train_images/232549883508.png,2,744e2e27834c2d9418fe8cd6ef9df5922ebda793c01acb3fd16c3b7e24b1d36c,train
233d948e2544,233d948e2544.png,raw/train_images/233d948e2544.png,0,fc9b2b5fb94a15ebb84421ffb41b7458e7a75e3ecf8dd066087c5efc0305808e,train
234399352d36,234399352d36.png,raw/train_images/234399352d36.png,2,8e43d35ce3e0933edd6801cf3032df4bf4865f6365be08bdc5b63b6c3e160eb8,train
236f56771ec6,236f56771ec6.png,raw/train_images/236f56771ec6.png,2,c1a043a8d5b61f62a857700bfa643d2ff422296876e664a87fa61edccaf87317,train
2376e5415458,2376e5415458.png,raw/train_images/2376e5415458.png,2,d16197d684dbf4e4222688d9d0fb17cd29c0ac8a4d0859779b1adbbb92520d6b,train
2399d68d407f,2399d68d407f.png,raw/train_images/2399d68d407f.png,0,052e095efa6c25742f62dd551b0b8b5e96f1f639ecc02a03f0e51bdff972f786,train
23d7ca170bdb,23d7ca170bdb.png,raw/train_images/23d7ca170bdb.png,2,5adb3e16fb2b2ae0bafcb5c73969e6bb34279943c288116c981a602e81cf209e,train
23fca0693e2a,23fca0693e2a.png,raw/train_images/23fca0693e2a.png,2,eb68c99da95048140b07f1a66b9636010668806bb12896f427920c0be057b289,train
2408799a09b2,2408799a09b2.png,raw/train_images/2408799a09b2.png,0,56dbc41b31521ca628693173629826510fce9b5af6af600f262e454dd08b1cd2,train
240b25a7debe,240b25a7debe.png,raw/train_images/240b25a7debe.png,0,74eb54de4cecdeb3cf321659fd48e13e9180af3cd795f763153a20fde195cb45,train
242fc19be06f,242fc19be06f.png,raw/train_images/242fc19be06f.png,0,3f051c720592c9da53bcf93cb6d69921f0121c6340303fcb996006d06d61ecbe,train
246e4506824a,246e4506824a.png,raw/train_images/246e4506824a.png,2,ba9ec23fcd6fb6f1c3e6eae23a7a52fe54e11ad0514ea72a35b192f7e102df28,train
247ac63e5510,247ac63e5510.png,raw/train_images/247ac63e5510.png,4,468dfd091e2a15b9f62882b987652ca3da2647bad03d5be7666c6c1362dab47c,train
248139c423c4,248139c423c4.png,raw/train_images/248139c423c4.png,1,13c52f32148e1b98807bd479800a7606385ad3335c4c0f335807d0f39008598e,train
248dec89b3a2,248dec89b3a2.png,raw/train_images/248dec89b3a2.png,0,d652a3abe7d094e08db0672e117642b2d84cb09bbfca3ffee466a33bca9b378f,train
24b87f744598,24b87f744598.png,raw/train_images/24b87f744598.png,3,765361358c5a1d71ae2d420a692ea5b2554e02af75d65162e040c07955b72741,train
24b943fe725e,24b943fe725e.png,raw/train_images/24b943fe725e.png,1,09a9f71878beaeb69a4d5cf251ce2072b8b9806f4d6d65ca8e98bac2c53e9027,train
24de56d433cd,24de56d433cd.png,raw/train_images/24de56d433cd.png,0,b54acd0a67ae54fd91611e8128c29c15688eb89c1712156874e41d37e55c249b,train
24f271c87e73,24f271c87e73.png,raw/train_images/24f271c87e73.png,0,3168384aff0c6d18e7befa54277789bc6a423628294c9db9a144e3cf37fc5836,train
24f3e70f0419,24f3e70f0419.png,raw/train_images/24f3e70f0419.png,0,2ceccc2a6b9659969ec80f6530da548e66cab63b14994381dd1354933f7ed31e,train
252305189b3a,252305189b3a.png,raw/train_images/252305189b3a.png,0,fd8eda797aeadb350c2f26fb73e659828ead35376c3fc85bb4419a58fc47494c,train
253e96488cfb,253e96488cfb.png,raw/train_images/253e96488cfb.png,0,d02da2b8808532ac2b0cdd48e438af4962fb6ce25b7350fe78bb552330f98cc9,train
254052cf3e48,254052cf3e48.png,raw/train_images/254052cf3e48.png,4,445db2638bda1e3a9a4209abeeff38df25ff4149345ae84b885d99bd45f41cb7,train
25a0a1e41afd,25a0a1e41afd.png,raw/train_images/25a0a1e41afd.png,0,16e76cfff07684902011e2a633094ca33f7f43936a633a66a023c4d61a521486,train
25b4080f598b,25b4080f598b.png,raw/train_images/25b4080f598b.png,0,4be94d948af0fca4cec50c86382281cde26207beada79829e4a93b23a08947a8,train
25d069089c5e,25d069089c5e.png,raw/train_images/25d069089c5e.png,4,d3a81f234c4ecbfff594e068eef42aa07dd239d29fedbf325bd8cf8952887812,train
25dc1b41ed9c,25dc1b41ed9c.png,raw/train_images/25dc1b41ed9c.png,2,8a79eb3c35ff6101f826befdeae62f78fa7019e9944aa9afc61e19f944951a50,train
260a455692b5,260a455692b5.png,raw/train_images/260a455692b5.png,0,16929694094d657063675fd246c6236e289913118425957592fe878b3231abac,train
261c6bd63bff,261c6bd63bff.png,raw/train_images/261c6bd63bff.png,2,bc2a2b3f4999441b6343544447158091c2b18e6973d1c1ea00bee0535f959bf3,train
2628305cbb29,2628305cbb29.png,raw/train_images/2628305cbb29.png,4,6b5702f20251f57d14ecfaf423b7890be0750603f0596d273f3d8930d5648684,train
263d8851e33b,263d8851e33b.png,raw/train_images/263d8851e33b.png,0,6e832425592472efa863b8811a4b80a4c9927640b3b170af311c48199c55c8a3,train
26453eb7e989,26453eb7e989.png,raw/train_images/26453eb7e989.png,2,3ed20e9bb59bf796fc54621dea94f591562871811ac4627393b4b82c123573db,train
2665f72e2dd3,2665f72e2dd3.png,raw/train_images/2665f72e2dd3.png,3,03a08e811413da893d983aac7b64246ccfb4550e64acdba6724a712ee4d0155c,train
2682e6da9050,2682e6da9050.png,raw/train_images/2682e6da9050.png,0,cae245f639a01e212cc4c2e23072e6358a7b9d1f54d2d6555976af62cbe52f1d,train
26999ebc21de,26999ebc21de.png,raw/train_images/26999ebc21de.png,2,77620915c67b72ab9a08ccad2f7b384df4f1f5e591e8afc176172f9c9dce57bc,train
269b44e628eb,269b44e628eb.png,raw/train_images/269b44e628eb.png,3,26c9ddf7df6b411916a518a83b61b86a02ed8df95a9fb163897f2b4468566931,train
26d60db3bbfd,26d60db3bbfd.png,raw/train_images/26d60db3bbfd.png,0,f7cee90248dbd501df82b2bc84991c552c616b15c79ac41dbac5c46750b69772,train
26e231747848,26e231747848.png,raw/train_images/26e231747848.png,2,66990654ca8d2d26837ac4ac59505c731b602299bc1111f500dd6343206a6abd,train
26fc2358a38d,26fc2358a38d.png,raw/train_images/26fc2358a38d.png,0,37bea8df0133c981af331fbf4be6b258b21d798b284e1445a5d62df12e4d6121,train
2735be026d44,2735be026d44.png,raw/train_images/2735be026d44.png,2,02af9d089e2e5e0204109755c9ed894b674c317856607936e693113d55950830,train
274f5029189b,274f5029189b.png,raw/train_images/274f5029189b.png,1,d67ade8c1a15913118b0281dbc8171f0289a3f4af5177d7498a002439e6c812a,train
276b14f72328,276b14f72328.png,raw/train_images/276b14f72328.png,0,08e51f2a647764c2bf5df87a418e330c7b09b9a40373c69ecc628786c2261ae2,train
2776d70724d3,2776d70724d3.png,raw/train_images/2776d70724d3.png,2,236561a267d22abcf8d54976d3651ebb760c8cf5bf7c261539be48ce65d4ee69,train
27933cdbe0cc,27933cdbe0cc.png,raw/train_images/27933cdbe0cc.png,0,416d11911bda6e0ef489ae5c85e3bb1eaba28f6124ea7768d8ea23c4238281dc,train
27b68863349f,27b68863349f.png,raw/train_images/27b68863349f.png,2,2b1944ffa4db78856a83bbba2e2ae84d06b2971921d60a8f55234a67dc209e27,train
27bab1432f61,27bab1432f61.png,raw/train_images/27bab1432f61.png,2,88008daf9f218761edf53d73ebb45b7b1d9f15957a2662d0c9a0a940573edfe2,train
27e4c800a449,27e4c800a449.png,raw/train_images/27e4c800a449.png,1,d8b170ff17e4dd50ea3dbaf5506e163b2b278b7f76fd7340c6c0939029621a42,train
27fca9f12b3c,27fca9f12b3c.png,raw/train_images/27fca9f12b3c.png,2,91a538ad08b434d2629ff6f10f01e0794c01c7b81f2a1fc10e2f6e7806e5af10,train
281d7b7c7676,281d7b7c7676.png,raw/train_images/281d7b7c7676.png,4,0dbe9e592229359d69539282691d63de9ca6101420bcada2322e6682d466ec05,train
2821998fc002,2821998fc002.png,raw/train_images/2821998fc002.png,0,b6c77d03640a449196fd35475847b975becf18c6b05312ad698ec1317f9f5dde,train
283c3aeba594,283c3aeba594.png,raw/train_images/283c3aeba594.png,0,02a5de80b3949033bfa727d67e3518bdbbe48f7515ba7855a28f374d41535977,train
28503940d10b,28503940d10b.png,raw/train_images/28503940d10b.png,0,5d5611168a26e97da91a2e966de0902a23a96f9760ac6c932023770604ca4615,train
286e9981dd9b,286e9981dd9b.png,raw/train_images/286e9981dd9b.png,0,bd0ef81705f50415159770fc745b5121f4608ea125bb34d4cb43d8c01b53b44f,train
289a47dcbb82,289a47dcbb82.png,raw/train_images/289a47dcbb82.png,0,5af527ebcae89ef202649ecf3996d7e90a22c301d0aeb4f82eb38935181e509d,train
28a4d00927b7,28a4d00927b7.png,raw/train_images/28a4d00927b7.png,2,5f02e5e4ded1b149c761788faa12f27810ddbf91dbec4b19a604343f2b1e2d62,train
28dc010a0780,28dc010a0780.png,raw/train_images/28dc010a0780.png,0,1851ebe7b2520392bf7b22b1fe9856e41dfc13fed3693b20f7cdf1de94f6e6ed,train
28f73575e1f2,28f73575e1f2.png,raw/train_images/28f73575e1f2.png,0,3bb88f5258be36342f412120a330d9b23b9d08850927b1ecbcadb3daa2ab290f,train
28f93cad89c5,28f93cad89c5.png,raw/train_images/28f93cad89c5.png,2,7a9f850c5d849ede93d2cd9fd3c52c1ff51c47d5a0802dba647ab274b1bd8bdf,train
290ecdba359f,290ecdba359f.png,raw/train_images/290ecdba359f.png,2,3db6c6580165d22f2201e4c2c7a14eb11e13aca9c0b5873c450a6efed1849e42,train
29192375ab1b,29192375ab1b.png,raw/train_images/29192375ab1b.png,0,79ea141a4a93f1ba687319ac651535b9219d7df523ae72013ffd8a8b37e39fb1,train
291f581d365e,291f581d365e.png,raw/train_images/291f581d365e.png,0,819b0662ba5b0663cfd36f75c9e504bb05143f196b3cf398223f34809a767525,train
2927665214e1,2927665214e1.png,raw/train_images/2927665214e1.png,0,cc2a34bd26e6f6bdc86921c12e56f305582cfe7cf122e2af8b28d10c69027f96,train
29580bed2f7d,29580bed2f7d.png,raw/train_images/29580bed2f7d.png,2,62bbca656dc35a01507fdf4d27c5d5c7924b47712ca96ec50ca9f9d8e9bbf65d,train
295fdc964f6e,295fdc964f6e.png,raw/train_images/295fdc964f6e.png,2,0a7c2b82e3a1d2d3580f582831cb873c0e5ec89f19bd392943640982c9ce056a,train
2967e578939f,2967e578939f.png,raw/train_images/2967e578939f.png,2,ada1ab33bf64651e09ffbaf7e32dfe6c601685b1e9c5c77de3c0ab5e6076e8ca,train
2974c6ad1d58,2974c6ad1d58.png,raw/train_images/2974c6ad1d58.png,0,027f8ff9491d32aea84e013b8ab171a71b0fbe031c284aaa6e0fa9c8ccb670c3,train
299086c6d1b5,299086c6d1b5.png,raw/train_images/299086c6d1b5.png,3,7ca5ce27a9f573a3e45007f532d8ed67dee1e69d2902766f212d5ed465cf1338,train
2994f17f58a5,2994f17f58a5.png,raw/train_images/2994f17f58a5.png,1,75c20b40c6d5b56f99b3e9365ac903fe4e1640a3e61a925cca8cdde50584385c,train
29b52f64d2db,29b52f64d2db.png,raw/train_images/29b52f64d2db.png,1,88323a4c4a5a86d7a40df794982b7ce08dfb9bf6c7c789fdf618675f2c5f9157,train
29d059522fa1,29d059522fa1.png,raw/train_images/29d059522fa1.png,0,ad326195d4897a1b72ac8f0c40a6748ac5012de57261f1c9f07a5d8d2ad5762f,train
29f44aea93a4,29f44aea93a4.png,raw/train_images/29f44aea93a4.png,2,f3ed7f413382224622b1eafe9a2b51fca8a1aab0c818cd5f785e5d0b950b8092,train
29f9e1ac9507,29f9e1ac9507.png,raw/train_images/29f9e1ac9507.png,0,7f59fe282b2e8e0a6c300f2cd0ffa536151624679620af045cdacc91b5ee1b04,train
2a08ed6bbcbc,2a08ed6bbcbc.png,raw/train_images/2a08ed6bbcbc.png,1,c3bedfbd4345cad9da2723548e4bc959e0f1ca16afd32c4edd10dcdd79a30248,train
2a099b247b10,2a099b247b10.png,raw/train_images/2a099b247b10.png,2,2bf6c1a129d65d32b28b4960e7c1382791fd9d67e4162ac258c85d5927218fa9,train
2a2274bcb00a,2a2274bcb00a.png,raw/train_images/2a2274bcb00a.png,0,934336a7286443756cfeace88489664b4511aad8ce068dc6bc715e2cbfe9125d,train
2a2a6435f7f3,2a2a6435f7f3.png,raw/train_images/2a2a6435f7f3.png,0,c9bb9c96ce8a8fb49497a6eeba5bb73a5a1563c1d6082493d7f772bce51031b7,train
2a3378bcfbcc,2a3378bcfbcc.png,raw/train_images/2a3378bcfbcc.png,2,1f2c67990f5b0eacffab5ea30dada97c0cfd312a54cd6363fd93e801bd9c0551,train
2a3a1ed1c285,2a3a1ed1c285.png,raw/train_images/2a3a1ed1c285.png,2,8dfd5a44445d0d11501906456bb1a1b29c6c77c12b05b02cb7cde276c88f8a18,train
2a4520f1f9a3,2a4520f1f9a3.png,raw/train_images/2a4520f1f9a3.png,0,a9b73ea2f040d76f20a68d4564b916c716675cca59f21e63bb8c4e5c9fe7cbef,train
2a47e5b21791,2a47e5b21791.png,raw/train_images/2a47e5b21791.png,2,fb720a3370849befff4c5129d7edfda515d591438b13a8076e7f09846462102e,train
2a5a8b744f08,2a5a8b744f08.png,raw/train_images/2a5a8b744f08.png,2,a220d79378e9fd673ab499c2fb5c1536f77e7f8aa1f9f2bff3b33e723a07ff4b,train
2a8a9e957a6c,2a8a9e957a6c.png,raw/train_images/2a8a9e957a6c.png,1,f3335ca2fbd7741307817180c808840b7e53daea1f11371514076a362b1e8407,train
2b074afdf626,2b074afdf626.png,raw/train_images/2b074afdf626.png,2,d6d3322e1dc82854ee2c8d9e4b7463354f48c85285c4066a7d080dbfb4eede3c,train
2b07790a2422,2b07790a2422.png,raw/train_images/2b07790a2422.png,2,7198681bf0ef680ceec37b46226b55d94fce6fdd2564158da80f2d4883a8b996,train
2b10f138e67d,2b10f138e67d.png,raw/train_images/2b10f138e67d.png,0,6acd264565cb9af8c8246b88ce23bf0074aa48a28f24f1a66c98fcd139c11bfc,train
2b2f5a0f880d,2b2f5a0f880d.png,raw/train_images/2b2f5a0f880d.png,0,b44e3b6759eeaa41f5b8fa75a9faa20fde7544e4c8eddd5a5a72d13b56f7c774,train
2b4c7b5f1f1e,2b4c7b5f1f1e.png,raw/train_images/2b4c7b5f1f1e.png,0,4e3a6e739fce6f497af947407ce3edac0fb39c923763398069d4f3b4f206b770,train
2b5bb6d33959,2b5bb6d33959.png,raw/train_images/2b5bb6d33959.png,0,2e6402e67640ff5c9ea2d8f6e0a633f7b87847da380bdee5470985b0d45e13ed,train
2b88cb6e31cd,2b88cb6e31cd.png,raw/train_images/2b88cb6e31cd.png,2,de8c6c96916227f18cbac7a67bbd2af1f85d781157e1265887d714922e073f58,train
2ba0b0d9bda2,2ba0b0d9bda2.png,raw/train_images/2ba0b0d9bda2.png,2,09cffde7120ee3ccf429ab7e7e976127cdbd3fe95d03946b6a2af4b98e6f377c,train
2bb3c492d6d3,2bb3c492d6d3.png,raw/train_images/2bb3c492d6d3.png,0,c4e842e60a6c57b9353dd36c66ecee11b63431850f8d82bda8fb78dc0edc56f5,train
2bbcfdc477db,2bbcfdc477db.png,raw/train_images/2bbcfdc477db.png,4,a13f868b1d26bad102300caee3b7fc23637564711b1edfd38a6580edfc082ebc,train
2bbd1f99ecc3,2bbd1f99ecc3.png,raw/train_images/2bbd1f99ecc3.png,3,d06c3e6c31951ae21efe2b9e8cc72184a3519a22345e1136b0ceddff9047a88a,train
2bd4d4fbed5c,2bd4d4fbed5c.png,raw/train_images/2bd4d4fbed5c.png,2,853977e15a0c7771793aee8e7825dcb32598510720c840d133c651c9dbfa9b10,train
2c1d5be654dd,2c1d5be654dd.png,raw/train_images/2c1d5be654dd.png,2,8af7780c9611792638c393d07d4dbe3f70c6a86f5b6a5c2a5429ee6a5d3dd944,train
2c77bf969079,2c77bf969079.png,raw/train_images/2c77bf969079.png,0,9c6c646c3395634272a128c39cba4fcfb01d05ee365e6d35d6af20551302291f,train
2c8101f14723,2c8101f14723.png,raw/train_images/2c8101f14723.png,0,dc72ec7a3299b10404789fdc6ba2b86d66c74f0a6b98722eaff3c3c465250c3a,train
2c9dfc270f1b,2c9dfc270f1b.png,raw/train_images/2c9dfc270f1b.png,0,51269cd741d98700fac3bc2b65bee81720528ef581d526cb1499f70bde275426,train
2cacdb0dffae,2cacdb0dffae.png,raw/train_images/2cacdb0dffae.png,0,6800d3871cb71f4f2b394b7aa348058669cb720571f19a8341d6545464c3734a,train
2cbfc6182ba2,2cbfc6182ba2.png,raw/train_images/2cbfc6182ba2.png,2,3d645581a8f192ec502f6127f65691f7b00b3831b03500ba055cd4501aeabde1,train
2cceb07ff706,2cceb07ff706.png,raw/train_images/2cceb07ff706.png,2,59216f4d7208391ac78a89c19896985ca52f482284686870e58a12141d4089f5,train
2cef97083e6f,2cef97083e6f.png,raw/train_images/2cef97083e6f.png,2,2003101806c5e9c1bbd72426682cd6cc25b2d6db5ea1a97b856d3186ea0f8bd0,train
2cfe8703f265,2cfe8703f265.png,raw/train_images/2cfe8703f265.png,0,0ea1f3d7aac58c761c44a8f10746e3bedb8657e9a5dd7a01060153d1d5ef8040,train
2d04cead4d3a,2d04cead4d3a.png,raw/train_images/2d04cead4d3a.png,0,fb66b177c2347877687c1cba82be3044cfd0c6ff6e256e6db2b3b249d963239f,train
2d07162a13b1,2d07162a13b1.png,raw/train_images/2d07162a13b1.png,0,2ad975c049eac4169cad8908b3680227d6be1525798af44aa0a2201d5f90901a,train
2d552318eb07,2d552318eb07.png,raw/train_images/2d552318eb07.png,2,dbbadae3c763ff278ad622aeb14f34435cc253f2a62f3c51c5037d02e4de042b,train
2d558de2cabe,2d558de2cabe.png,raw/train_images/2d558de2cabe.png,0,d195ff71d02f5ee3dd14bdb453762ce93102d1eeba566a0c113b78ae93e07684,train
2d7666b8884f,2d7666b8884f.png,raw/train_images/2d7666b8884f.png,1,066f8f82702ceb48f462079a2e02a56b3c545be155de80f421eec5c1cde1c829,train
2d870833c0c9,2d870833c0c9.png,raw/train_images/2d870833c0c9.png,2,32809de53e00d5e638e33d3d84f92bd03b9442c054adffa859f5a91c07e391a2,train
2d9d97a6e713,2d9d97a6e713.png,raw/train_images/2d9d97a6e713.png,1,7c050adf4c77eb83b217cd2ce6e6c155f8440b4ef498b7db6c14d78238fde124,train
2dc647e00ad3,2dc647e00ad3.png,raw/train_images/2dc647e00ad3.png,0,58422e5befd8e7be2a08dd63b30def444e4bafb62b2a350a840124b03ecf20d8,train
2dd28ac497d2,2dd28ac497d2.png,raw/train_images/2dd28ac497d2.png,0,fc9ade653d8fef89feec1c77ddb16a35e06189920b767c89a9704791a9986638,train
2e26762daed5,2e26762daed5.png,raw/train_images/2e26762daed5.png,2,808b2f54eb8bd7deaadf223577123ffe471e405ad1c7b58d87b59935fa89235b,train
2e79041ef722,2e79041ef722.png,raw/train_images/2e79041ef722.png,2,d78f967e5e1983835523fbe9361895dcfa630c7ae16c446a1f229587b2130202,train
2eba4279e503,2eba4279e503.png,raw/train_images/2eba4279e503.png,0,4ef85821b0ee09ab62cdd61199feff3a70c65cc77f649b06d26c88ce006670cf,train
2ecbc2e3f239,2ecbc2e3f239.png,raw/train_images/2ecbc2e3f239.png,1,0f4293edfb9c83cf06216f368c19917944e894e51bc711c0845d3a595426095c,train
2ef10194e80d,2ef10194e80d.png,raw/train_images/2ef10194e80d.png,0,e1a7f180c95032cc8bc187ee55323f4dc373c5c2157bf80642be0935b4efa027,train
2ef4a04aed1b,2ef4a04aed1b.png,raw/train_images/2ef4a04aed1b.png,0,90406978e1573a89758b12f185ba62fc2828cd027ec70a98523ae9d346757960,train
2ef955d6d9ff,2ef955d6d9ff.png,raw/train_images/2ef955d6d9ff.png,0,f6c217442d102e2c303f8d736148e4e327ec6e2d0e06e26e50008c9d948b9cf5,train
2f2e1949ad56,2f2e1949ad56.png,raw/train_images/2f2e1949ad56.png,1,77b58a496f2c4b24cc9ef70d79457766ae7d25a628a3641255752be9fddf4a1d,train
2f42e20db938,2f42e20db938.png,raw/train_images/2f42e20db938.png,3,fb7f7a81aa0e6908a2423b2f468f6e5fe27fac304ad1b1237820c9aa149bf5e9,train
2f5c9cdfb333,2f5c9cdfb333.png,raw/train_images/2f5c9cdfb333.png,2,094d05525d281ba558ca9bf7d03f00f6c22d5a694706aacf10c3e9a51a1a7701,train
2f7fbdcc9a4b,2f7fbdcc9a4b.png,raw/train_images/2f7fbdcc9a4b.png,0,614ebd552fccd137cf7e0dd78e68474a9607f94d3d340beaa147459cfca0ce85,train
2f81ee5f2926,2f81ee5f2926.png,raw/train_images/2f81ee5f2926.png,0,1ae31d3a91ae04ddfcad907e14703c48e774db9ad9692f4afc965652b5af3b28,train
2f8d14a7d390,2f8d14a7d390.png,raw/train_images/2f8d14a7d390.png,0,f785e7c5994a48bb09a286654ae2295644095677b9344b2ce4de955cfd751218,train
2f9b66784109,2f9b66784109.png,raw/train_images/2f9b66784109.png,2,b51900681de5a22509ff3ba4b95f821a34486cf04a89b98a2833994febfea4df,train
2fb3a8606a77,2fb3a8606a77.png,raw/train_images/2fb3a8606a77.png,2,95ddb65b2f37a2c4ca894fa337ba9611352fe93c67e257ecc375076c1e51c434,train
2fde69f20585,2fde69f20585.png,raw/train_images/2fde69f20585.png,4,36ccf8db2808b09e60a8a921ba4321832a914970732ecb23b29e2f58fa59e2d1,train
2fe06bedb2c4,2fe06bedb2c4.png,raw/train_images/2fe06bedb2c4.png,4,a8357f17881e2f85f27f208eaaca026eb547742a9fa6aba8e10ff0d638bc4be0,train
30263a7d5609,30263a7d5609.png,raw/train_images/30263a7d5609.png,0,a6240a22af8e3b9d2e971a05ee9b7d02be5f5d8dd340b3dfc2f1c5b9cfef8d2c,train
302bcdb635ff,302bcdb635ff.png,raw/train_images/302bcdb635ff.png,2,912e7365e8f40e84010643248eb446a3ff1059813fbf6f21a51d3f1c5681dde2,train
306c841af3fc,306c841af3fc.png,raw/train_images/306c841af3fc.png,0,a0ed3b62b47959f8862cbfd93e449865410777817788041325815385122547a3,train
3079490a4b9c,3079490a4b9c.png,raw/train_images/3079490a4b9c.png,0,a30ec0998810b0028f65f033ea510f136e3e4d5b2a11ee4eef1f9c1acd420a4d,train
30941b65348b,30941b65348b.png,raw/train_images/30941b65348b.png,1,35afe6ae192a3379ff70eb169bd26a1ef9a9b0da2e4e795a1afd939ae520237f,train
30db694bee42,30db694bee42.png,raw/train_images/30db694bee42.png,0,c3fdbe58e03c9d4226f5093444f940ec0e2e4be80bf44990148e979e0a5c6c70,train
310c27067ac0,310c27067ac0.png,raw/train_images/310c27067ac0.png,2,e1694459750a8757828b8d59a936f4b614340bfd859cb4a49dc7dbf7562a8445,train
312694ea8e6a,312694ea8e6a.png,raw/train_images/312694ea8e6a.png,4,dac205337049a21b04ebf9de261b7ddb7d052283e72489bdbb65c8c2f38a57a7,train
3128eb593012,3128eb593012.png,raw/train_images/3128eb593012.png,2,02953a423c4fe1683ced5c81782c65c7fa946f7cc0894d7f98a6863134e9c8b2,train
3132556f5352,3132556f5352.png,raw/train_images/3132556f5352.png,0,525df29f259e1a7df0827c537bf48cbc1d07c378db128192d34d28a976566102,train
31452ad8808c,31452ad8808c.png,raw/train_images/31452ad8808c.png,2,b0986e75f797b45b4aea77fea77a07fa688688d51e5c09cb00bfdfa052e3422f,train
314862758acf,314862758acf.png,raw/train_images/314862758acf.png,2,5cb14ac6f6d93b70053359e526b3470b1b32031b251b69d623998ce90f312fa4,train
31616ff6b53b,31616ff6b53b.png,raw/train_images/31616ff6b53b.png,3,005ec00fe1d1b22b92c341d55da0c066e50a882722f8c4db8bdeed1cbe423d7b,train
3178559fbf57,3178559fbf57.png,raw/train_images/3178559fbf57.png,0,8b78484a4901219ade0dff15566e6bf473dbb0c891412dad4c1de4151516b6a9,train
31cb39681f6a,31cb39681f6a.png,raw/train_images/31cb39681f6a.png,1,6b5f9e215692ed72d6fb365f19e672654a71c64a9c8de0b4cc467cbedc5941ab,train
3232b34cbe99,3232b34cbe99.png,raw/train_images/3232b34cbe99.png,0,5ef8b194a3a3d1d63ab587af61c99ac876020e9b5011708af6c7044dbd8d80a7,train
3246f07e65b4,3246f07e65b4.png,raw/train_images/3246f07e65b4.png,2,af8142ee2ae28add0dd2c8895ccc5144273a076b3dac10b811a55418e7e74dd4,train
3254e48c8aa0,3254e48c8aa0.png,raw/train_images/3254e48c8aa0.png,0,01b876bf5717394506dbdd30b754a907dec5f462592672fc6c2159ad6ef352f9,train
3286073a976e,3286073a976e.png,raw/train_images/3286073a976e.png,0,92080dba69d3776a596981657e0f78db4c0a928b388c161430387bc1b73a1ded,train
328d141ed3aa,328d141ed3aa.png,raw/train_images/328d141ed3aa.png,0,d2c82df235a4a18e638ff5736c26801866b9e4f2af76476a98a50eda367e0fa1,train
32d7d360d891,32d7d360d891.png,raw/train_images/32d7d360d891.png,0,71f7ddc1c1f81d6e0d3f3a85f2ad3fc4e6cee83bb7543a7049be5c1565a1558f,train
32ed318235b8,32ed318235b8.png,raw/train_images/32ed318235b8.png,0,a874a07620a4ed53cff1f6b061c3506e3f68f88ca01e93fbcd0284df0e0dd35e,train
331b87d1b9d1,331b87d1b9d1.png,raw/train_images/331b87d1b9d1.png,2,b457465df8f487c29d528ebdaa81ed47af01affd9f445cedf80bb12507ca1da0,train
3323fd59782e,3323fd59782e.png,raw/train_images/3323fd59782e.png,0,56f55061d0b5e40b72677ca18b3bea888b5aa249c12c205eb6c9f6ff2820ecba,train
3325b1fe55d2,3325b1fe55d2.png,raw/train_images/3325b1fe55d2.png,0,6f106047c0b833b9e454af7d3c508a914177f6acf90a55a7a4eb0c9fb4315662,train
33596a635b53,33596a635b53.png,raw/train_images/33596a635b53.png,0,f4e935ba1a777f8afaa618b29f6e0113d38a7c0aeb2d7e2f12a2241c1c12fbdf,train
338326891d84,338326891d84.png,raw/train_images/338326891d84.png,0,3ff377a9bf1fb83e56800b9f1dccb1575f5d0247ae1be24947403bec0d171f44,train
33b893e18eb3,33b893e18eb3.png,raw/train_images/33b893e18eb3.png,1,9f6fe7bfe730465e1401fdb19aaabe010361ccae034a55b5a7921f3bdd9ba127,train
33b91def2035,33b91def2035.png,raw/train_images/33b91def2035.png,0,8f327035b2cf8d528dfc0322baf99efdd4c1314521f601f46bb38a62797e32d2,train
33d72035c27a,33d72035c27a.png,raw/train_images/33d72035c27a.png,0,9fe38d94e338edcda655fc7585b003c42f1cc752b65d27cd4c6d20af20883009,train
33e7bf536fc5,33e7bf536fc5.png,raw/train_images/33e7bf536fc5.png,0,65ce54a439270f4a07da5637e1afbc9f4ab6a4a8e7f594eddd17c89e4e609dfc,train
33e8e26a75d4,33e8e26a75d4.png,raw/train_images/33e8e26a75d4.png,2,a44bd42d2519fb288140ec5598fb0fdc0c868c2c6b7a520685b8f69ff4a9c1d9,train
33ffddea8c6e,33ffddea8c6e.png,raw/train_images/33ffddea8c6e.png,1,a1c475ac1e4c13ffb128387e783a4129aac24b38577354ff15c453d13ebf6862,train
3402124408ea,3402124408ea.png,raw/train_images/3402124408ea.png,2,e3f08b3f69f530572082321cfe443d2adfbb5e16db556debda3f5f3e94374184,train
3428230bf1bd,3428230bf1bd.png,raw/train_images/3428230bf1bd.png,2,55e863cf250582610b35553204deaa0cce08a47f97d6364680b73352992d2c5c,train
342edf9b889d,342edf9b889d.png,raw/train_images/342edf9b889d.png,0,70e81e3ac861b66f00af33cbaf6cc48b38f7f2365e49648b7c25103b1d094483,train
345b1f0abbba,345b1f0abbba.png,raw/train_images/345b1f0abbba.png,0,d3881aedc2868943bb4cbb8dcae16aa8d3b6c79d7f3da5f8c2dbd3e9cf0fd988,train
3461dc601cc2,3461dc601cc2.png,raw/train_images/3461dc601cc2.png,1,69771d4d555532660f1456e851d4d6f38ec3243d202a58c8e631d83d5183c3d1,train
34723fae6475,34723fae6475.png,raw/train_images/34723fae6475.png,2,68ca75c154ee34edfbfa206b96935a9e41b57306c76d21d0f81c57c8b7b2c58b,train
348598d01e18,348598d01e18.png,raw/train_images/348598d01e18.png,0,f9ad1f7d8b96e5630b34209afe00d4fd668c5461c82797e58893e48eca0a231e,train
3486f7096276,3486f7096276.png,raw/train_images/3486f7096276.png,0,9a03814b67edd3fe6634d2b091f83c140b877a392c3158de5124d79529daa2f5,train
349f3c0ac83e,349f3c0ac83e.png,raw/train_images/349f3c0ac83e.png,2,9bd34952a03e9c315147361591dc867ce7c63810da85fd9883604fe031f66bdb,train
34acae864963,34acae864963.png,raw/train_images/34acae864963.png,0,855b84788c1656b4c8ef51d12639ef3e26732714607877db6dd6e8585a67884d,train
351e842842a2,351e842842a2.png,raw/train_images/351e842842a2.png,0,bd38821193e3e61bba423c4cc8f33b93bead84fae5ed4523629e4fbaff122d07,train
35362d43e753,35362d43e753.png,raw/train_images/35362d43e753.png,0,1a0b5229eec986a4b96a3a6b6fe9c2f713e58e8d617d66f7cca48ac63ddbbe11,train
354b8911d6ed,354b8911d6ed.png,raw/train_images/354b8911d6ed.png,2,38470fd177fca1639edbb3f4f6fba89a98958f510283f96eaf8240202868585a,train
356304d15a5c,356304d15a5c.png,raw/train_images/356304d15a5c.png,0,53a55222bd8ac8bcf4f5962e0b773d44f43dcbe938f24a70486376fc91d7dc49,train
3580a545016d,3580a545016d.png,raw/train_images/3580a545016d.png,0,22a7a5f04e5960594ccd0dfc451ed11f8119855133f62f7fc96401d143862e9e,train
3599029efeb3,3599029efeb3.png,raw/train_images/3599029efeb3.png,0,0e891fda767c939f9e91f93c625ab9ac95c003fbfc53d2dbcf2e1e905ec6bfc1,train
359bab5d784b,359bab5d784b.png,raw/train_images/359bab5d784b.png,0,0568b8eb372f02a0df8189782023581a153e2a17ecf457cbd46cf2522d2ec572,train
35ac70c0d08f,35ac70c0d08f.png,raw/train_images/35ac70c0d08f.png,0,7cfd9c0ec627e87527a4f127e2e0a954eccd349c0b84e09e59d6ffd5430d1628,train
35beb47fe159,35beb47fe159.png,raw/train_images/35beb47fe159.png,0,85d62e20a4131d96fac28aa354a388fcd1eedca96d030c8a2f99ea2abb7ff125,train
35cd9832fc0a,35cd9832fc0a.png,raw/train_images/35cd9832fc0a.png,0,2de9258273cf3340cf604be2cf4b891f6d6ec43254404f4140fbd38a2c4722c8,train
35d6c4c50072,35d6c4c50072.png,raw/train_images/35d6c4c50072.png,1,ad759b75ac5f117c75b291eb6d1514a455d647eae813b70a7ee9b7682216ae1a,train
35df2bc6ae95,35df2bc6ae95.png,raw/train_images/35df2bc6ae95.png,0,9c13db1bd607636961e9c8f528df628c843b211fe44145306bf0298414e5cb97,train
3601dac9bed7,3601dac9bed7.png,raw/train_images/3601dac9bed7.png,0,df153cc4e91afccda2628a3c73a0aaa58badbe2679c94bf4fe0255d2c197744a,train
36041171f441,36041171f441.png,raw/train_images/36041171f441.png,1,47a83fc02bbae5a7a513750b9ade3db3838fda9029e5df02f936b2147fdf9490,train
360832d84ce0,360832d84ce0.png,raw/train_images/360832d84ce0.png,0,80e6fe94d3fa3eb076af6294824f007217628767c7ed4c955cd1543adf44e230,train
36865bbc64d6,36865bbc64d6.png,raw/train_images/36865bbc64d6.png,3,affaadc74cb665ef9ccb522fef28552ef99f7c2cf1ca071a1e866e1e9461a5be,train
369229040a34,369229040a34.png,raw/train_images/369229040a34.png,0,acea1be6fb00bb8ef4b9ac1616f7deba5287309c7127eb74811a0fd34e2e8c08,train
36a1e3c780a0,36a1e3c780a0.png,raw/train_images/36a1e3c780a0.png,2,e5458c0f75d2e48492ad2345ef557ba4c1ef86934ce8bdc4e556cf09876c9608,train
370f575adb23,370f575adb23.png,raw/train_images/370f575adb23.png,0,6688153b9a6d421ae9e220c670903863d5ee1627ec32e0619bf01b65531ddcdb,train
3710ff45299c,3710ff45299c.png,raw/train_images/3710ff45299c.png,0,42fc2145f7f0a02c6e46ad70bb9dc6dbd77706aaa20363c7e021b380fd6043c6,train
3730c322d35b,3730c322d35b.png,raw/train_images/3730c322d35b.png,0,9b929efa9eff2e1193ca8e0319663937b10cdb1c7ab190efd68790be1957f1b4,train
3732de8b416f,3732de8b416f.png,raw/train_images/3732de8b416f.png,0,04f0c6cdfee864db471c56cbaa253c6af2ba1d4a0df5cb84b06e20eb5d4fbb38,train
374535e0adb8,374535e0adb8.png,raw/train_images/374535e0adb8.png,4,a3e25aac60edce13aeec137435c5a5316fd35ae66cbd4eda4ee4f4405fb78624,train
378963f9df22,378963f9df22.png,raw/train_images/378963f9df22.png,4,747f738f09486736ef21fc3c0546fe49c5d561939ee6901bf9baaad8464477ce,train
3796af4d987a,3796af4d987a.png,raw/train_images/3796af4d987a.png,4,fb8f4fddf4006b828b5641978868b2862e8a736eec72dba5b73b23496596d555,train
37c4dfe03aba,37c4dfe03aba.png,raw/train_images/37c4dfe03aba.png,4,7df6797dcbe8fc8eacb680c099fca22a58791e4db9256d68ee87a47b30fb9392,train
37c523296d42,37c523296d42.png,raw/train_images/37c523296d42.png,0,9c5cb405487f790f1c10cb6cb37f977f1b1d2426bd661d8c7f56cb3e7cc63c86,train
3823acc4e464,3823acc4e464.png,raw/train_images/3823acc4e464.png,0,87e8a685eb9bae6b5156a1fca8de57fcfcbcb24131335b13d8a1a6c1c7236f5d,train
38373431d996,38373431d996.png,raw/train_images/38373431d996.png,0,901050657983f6509bd6d1c2c7a22fb55042ed826acd5264fad7de88fb9f68cc,train
384631079d1e,384631079d1e.png,raw/train_images/384631079d1e.png,1,6027ce8d65e10666ea6b1f298c73122011acd04ace33192b806f1f006d3efbaa,train
38487e1a5b1f,38487e1a5b1f.png,raw/train_images/38487e1a5b1f.png,2,d0a3c33482f9e68654b111b0fc6aab0a047d4ed3399266d302996c75f28c0e99,train
384db24ebbd7,384db24ebbd7.png,raw/train_images/384db24ebbd7.png,0,516cda2afbd54f574566d1b886d2564ab229f30a4f424648778f988a505b18a2,train
384e6c915722,384e6c915722.png,raw/train_images/384e6c915722.png,0,f7fb1a192b0f256806daef6d8a6ee4025fa84ef4aee78e1b7b0fcd185a97b299,train
387138ddf43d,387138ddf43d.png,raw/train_images/387138ddf43d.png,0,d20c5142f205063e06358e8b5622178643bc64fdccb13c40022c4655d078d73d,train
388279491b5d,388279491b5d.png,raw/train_images/388279491b5d.png,0,30029cce0e55529ad652736e7bb80e2bc8c20ef124af95fe7a62434cd326cf5b,train
388f12e8df0b,388f12e8df0b.png,raw/train_images/388f12e8df0b.png,2,20112bd4a449d729848c534d566d680f21d02a33f643737040fd91fef1373aae,train
38b9bb961847,38b9bb961847.png,raw/train_images/38b9bb961847.png,1,05ec253d52e37a1faaa434b7ca8d8c8c4e8d9491f7d7c03f34a68c0d9ca0b1de,train
38c7153457e2,38c7153457e2.png,raw/train_images/38c7153457e2.png,0,b03b52aea1ce795dc0d7f0b51c801f16b619efa054dfc7abbcbe45a8d753029c,train
38e0e28d35d3,38e0e28d35d3.png,raw/train_images/38e0e28d35d3.png,1,0bf7ae5a4007e712be1b2594e678a48c87ae03d0cda8aeb2f920f8d6637f75c1,train
38e111cac46f,38e111cac46f.png,raw/train_images/38e111cac46f.png,2,d757e009a05836114b58d9b5cba264a0b4ce7ec31663aa0c9fbc0a61c14459bb,train
38f1901f214a,38f1901f214a.png,raw/train_images/38f1901f214a.png,0,830700d1959d35eb44c6dd46021bf9636e7aac5a0b62651f0ca45fa86b9ba6f4,train
3908b3cfd620,3908b3cfd620.png,raw/train_images/3908b3cfd620.png,0,79c179b190d9198631ec92d91b3f13046581985e1b1b516668b73226eb350e86,train
39134907127a,39134907127a.png,raw/train_images/39134907127a.png,2,9337ab04ef597c64323ba629e243f336ff7348c8599994a4dd94376ca7f6d6da,train
393fa5a023a5,393fa5a023a5.png,raw/train_images/393fa5a023a5.png,0,23a654e1b95153843bb6714ca9a91542f753ad948431757b4a1e22a8b343f280,train
39aa3cd93c50,39aa3cd93c50.png,raw/train_images/39aa3cd93c50.png,3,a298166fab13878271b2d6ba4a5b4d352593a52a24a18cd3b774da3f60c9f698,train
39b5b05d6cd9,39b5b05d6cd9.png,raw/train_images/39b5b05d6cd9.png,2,5e032ccc60b0970cdd9ba8b9e387c9fb35a86df9ccf362e2a37c7bc1dec7380d,train
39fd8ef3a45c,39fd8ef3a45c.png,raw/train_images/39fd8ef3a45c.png,0,a1e9e65315560502fb502b2b4f9c0678633ed49ec809746917570f541288c9ac,train
3a1d3ce00f0c,3a1d3ce00f0c.png,raw/train_images/3a1d3ce00f0c.png,2,1b4fe682628735f341e581925cc5c8a5da551607a5b2ae4412df973f00c683a0,train
3a4cfea0a766,3a4cfea0a766.png,raw/train_images/3a4cfea0a766.png,0,3a22ee27d81879de1f31c7e94bf331c62c13f303277359573bc8669faa4e2f42,train
3a6e9730b298,3a6e9730b298.png,raw/train_images/3a6e9730b298.png,4,f57bd8ab9962ef5a768701fb304bdbe49d40bbc08c3c3de0611efb38e947e064,train
3abac0961bfd,3abac0961bfd.png,raw/train_images/3abac0961bfd.png,0,0f1abd89be3eb357c66938b92c764040d1cfa54f615d113e5f306235075d99cf,train
3ac3fbfca7d4,3ac3fbfca7d4.png,raw/train_images/3ac3fbfca7d4.png,4,476ff4008284290339636f8a71d3521d84c614d4dc8a54612210490c9564b700,train
3ac92ac3d65a,3ac92ac3d65a.png,raw/train_images/3ac92ac3d65a.png,0,26ced9756b4ad5c23c0a46039ac49632509464eaf781b8c6e32e3130429f9bf0,train
3b10191dfd25,3b10191dfd25.png,raw/train_images/3b10191dfd25.png,0,5cc57e49a8aae08eb210480475531be8beaa79588f8dbe997062510f93696be7,train
3b185ac445d0,3b185ac445d0.png,raw/train_images/3b185ac445d0.png,4,5970a7510b99938b1ede524f4e9e4fac34309619cdd39659eaf9fd56b8184ca9,train
3b232b394e4f,3b232b394e4f.png,raw/train_images/3b232b394e4f.png,4,d72ac631670bc4e978db5ef704a20f6f85d8e487432a0693cb6d83b758c3824e,train
3b2b91590590,3b2b91590590.png,raw/train_images/3b2b91590590.png,0,6d2437250176c42e809bed42f49c7d2ef357680c735f1ae76ede9dfdbd07565f,train
3b4a5fcbe5e0,3b4a5fcbe5e0.png,raw/train_images/3b4a5fcbe5e0.png,4,04bbfed5d2cd875ea96ebecb46ec678ac5de34129bc0dbf6860dfedcfecd1c7b,train
3b58b02c89ed,3b58b02c89ed.png,raw/train_images/3b58b02c89ed.png,2,561e48c58636d6a95b82bade96952efcff108fe67afc84ddeeddd9589910d042,train
3b5dffe159b6,3b5dffe159b6.png,raw/train_images/3b5dffe159b6.png,0,08710b5a5409d599ef71d987665ceeaed1d67e52e93d9e100bb0adfbc08571e0,train
3b9817a39adf,3b9817a39adf.png,raw/train_images/3b9817a39adf.png,0,979378817940c717f1dc4115df85d3afb69bbfa27996a9505892f2a8b0e79a8e,train
3b9c1f42c2f2,3b9c1f42c2f2.png,raw/train_images/3b9c1f42c2f2.png,2,b5fb1ce7b90bfc42ff02a3013a78e7000351fbd6fd8b3100d49ffb30ed1371e4,train
3c1efa38d0da,3c1efa38d0da.png,raw/train_images/3c1efa38d0da.png,2,a03235fc18e7e3dd3083eada98f62b9bae707e38194e672ce4f14b99010ecc32,train
3c726de3ee90,3c726de3ee90.png,raw/train_images/3c726de3ee90.png,1,93846c720a48725f4761e600a65961ee25fd0dba0329bbd2d8bb512515f085e6,train
3c78bfca247b,3c78bfca247b.png,raw/train_images/3c78bfca247b.png,4,554a0c86868aa615299943884e079c07c34b084fce4dbad0a2bb43f98368af13,train
3c9529918097,3c9529918097.png,raw/train_images/3c9529918097.png,0,78792f4be4fae4c4a05dc4fb5b7195c36974a1b82f909c4991fcb36857f170a7,train
3ca12e02dd4e,3ca12e02dd4e.png,raw/train_images/3ca12e02dd4e.png,0,a165b3268e172f60eac255dacdf1d620779c03263a2879cde9b74db1c955c636,train
3ccf96c1dd6d,3ccf96c1dd6d.png,raw/train_images/3ccf96c1dd6d.png,4,41530787676d6123a18ef49c272794d3b2aa4eee0fd7a54fcaa82df973f7133a,train
3cd9713c0ecb,3cd9713c0ecb.png,raw/train_images/3cd9713c0ecb.png,0,d93380ee3d8dac4831b8a5eb1ed246d659a77c444dfdc2f101190ca4cfaeb783,train
3cdda8b3df19,3cdda8b3df19.png,raw/train_images/3cdda8b3df19.png,2,4f8bc0ab10d8020ee15a11e590041b7a146b416f4adac36f81a1c4d235b3c4e5,train
3ce2f8a77a32,3ce2f8a77a32.png,raw/train_images/3ce2f8a77a32.png,0,ebe6b4de17eefc1b96abc8dd7469512db6e0b7b271ae354a631ca659a3b58de4,train
3d2ecffe0386,3d2ecffe0386.png,raw/train_images/3d2ecffe0386.png,0,df9f819a46d2d99f29322b3008ca5c983e1cf5cf889b8f933206e8cce376d1ab,train
3d3e288d490e,3d3e288d490e.png,raw/train_images/3d3e288d490e.png,2,b9680c9f2bcfb8a00e50dcb5ad22e548c5fbe00fa84997f3a4c9baa30b63efe1,train
3d663a6a50a3,3d663a6a50a3.png,raw/train_images/3d663a6a50a3.png,2,d7880d354debf5cc34b3d5b21b85b6d53d9be9af8ffb89ad465b93ef27829058,train
3dbc90c7ee7d,3dbc90c7ee7d.png,raw/train_images/3dbc90c7ee7d.png,1,6b6f8e5e62b9a95ceabe8537b539b73d12afcbffd84ac6ced9c91792c85b34b4,train
3de8ad4151e1,3de8ad4151e1.png,raw/train_images/3de8ad4151e1.png,1,b5dda7ff32e5b181a709640a3753e3e83ddbc9b9fa9876bd46748b1192a7bc58,train
3e1f8fecb06f,3e1f8fecb06f.png,raw/train_images/3e1f8fecb06f.png,2,61fe28d926b06df52a6b017736456d677e291479b57ec2f24d9768c0bab3af62,train
3e3a3955b9c5,3e3a3955b9c5.png,raw/train_images/3e3a3955b9c5.png,3,80b24876f0a4e960cbf61ea1d238aab8d6d18a164682c039e667dad3db2ca55f,train
3e61703b5ab2,3e61703b5ab2.png,raw/train_images/3e61703b5ab2.png,0,e9cf2a8da6916a49c6288f3079041b546cdbf32be7c0bc0fc066520d70be89fc,train
3e6bfc4d5c65,3e6bfc4d5c65.png,raw/train_images/3e6bfc4d5c65.png,2,fcb0c34dfd2effe24092278560f5b6a257f723df23c040f2dcfcdde8e34052d7,train
3f0d3629d69e,3f0d3629d69e.png,raw/train_images/3f0d3629d69e.png,0,62e564979e2f775ce3ad70cea256a9b7e55ee668a01e2b2cba4024769c75ef39,train
3f47f83217b5,3f47f83217b5.png,raw/train_images/3f47f83217b5.png,2,71b152794fe9816c834c4b1fef241ffd2e8418b70b33586382d51c0a29a9937a,train
3f49f8d100e9,3f49f8d100e9.png,raw/train_images/3f49f8d100e9.png,3,e570245c4a73b596ec9e5a5bcece178c2ec252b1d617a800d788ea20b23e81d8,train
3f5b4c2948e8,3f5b4c2948e8.png,raw/train_images/3f5b4c2948e8.png,2,c08476bb3a8f7202fa84b0395c66db2562ad88bf861a3612a673d0df063ac7ad,train
3f6c627e2ff2,3f6c627e2ff2.png,raw/train_images/3f6c627e2ff2.png,0,e8397e42b405c2b652f210ef61cb051681ee2eb781417e691c29802a8b8a8dad,train
3f73c91b7e32,3f73c91b7e32.png,raw/train_images/3f73c91b7e32.png,1,6600d8e1462163b873aba10076c9e5e47fbd1fae2bfb6d2763750f0e580a17af,train
3f752fcccec0,3f752fcccec0.png,raw/train_images/3f752fcccec0.png,4,df337e0add5dda6fac5b31b132f4140a47227eac008a8013c72471f101d6e8a9,train
3f82631e9080,3f82631e9080.png,raw/train_images/3f82631e9080.png,0,e57736ab820f41153d0d88a14a6dbdb357d5976cc46e211e056c06243ca3eec7,train
3f8d5c940ba4,3f8d5c940ba4.png,raw/train_images/3f8d5c940ba4.png,2,4ba9113b66dacf3d22d59dceda302876c3df586538494a9960b441f52eb55727,train
3f98be586fe3,3f98be586fe3.png,raw/train_images/3f98be586fe3.png,0,f980f877dc477d7a93173bbb0a5d617a0f8f7308a021bab20faad7e2a3c25b61,train
3fa4f4d77177,3fa4f4d77177.png,raw/train_images/3fa4f4d77177.png,3,9ad8f9f4e64dddf33cba24855120c32735cf204b062ac2dd59e07021f9a9ac08,train
3fd45879afe6,3fd45879afe6.png,raw/train_images/3fd45879afe6.png,0,fea234fb7bbe48ed8339d7f73f66ae0ffa6f1cc3eb41472418480c13014e752c,train
3fd7df6099e3,3fd7df6099e3.png,raw/train_images/3fd7df6099e3.png,2,dc25898c5d4d865a73be9ae321f958ced2499a5650b8e67a38c1ab593ed17fe8,train
3ffa14d60b24,3ffa14d60b24.png,raw/train_images/3ffa14d60b24.png,2,f4e9a2cb75782f110f8a0eaa0ec970bba8104f7e818734100707054484ed8c98,train
40140a925c43,40140a925c43.png,raw/train_images/40140a925c43.png,2,92d954a9570e7408c682b5dddec7b9cd7d2b0411ce857263c21d3851c4cb6af7,train
401fdfd0db07,401fdfd0db07.png,raw/train_images/401fdfd0db07.png,0,9a9e72d4dded74f08804e1eae26de432fe5665cb03a5d47a5d9d93f1672502e4,train
4029d70e9d8a,4029d70e9d8a.png,raw/train_images/4029d70e9d8a.png,1,d9fc46052ddcc76788b13df20b3f9e74382f039ef597653a4d60f15feaf7e01f,train
4036471a1bb7,4036471a1bb7.png,raw/train_images/4036471a1bb7.png,0,54f4bbcf7936f2e758f934e6acc893997dc6b1e314035fb99bc418b37638a28e,train
404ede327e98,404ede327e98.png,raw/train_images/404ede327e98.png,0,6a54d481ed77904e3f4b59badebf3f50c21a865a56bb1e052cfe3cf780d0a36b,train
405085b53d7b,405085b53d7b.png,raw/train_images/405085b53d7b.png,0,c3981c4a480ea2753b0b1dec836460d92da82257c5678d1efa54cea55262753e,train
40527a5e95dd,40527a5e95dd.png,raw/train_images/40527a5e95dd.png,2,f2f99744be6a6d2c18f4f6e692a01eb3281583cda08d063267a98662e2ca829c,train
405b4f78658f,405b4f78658f.png,raw/train_images/405b4f78658f.png,3,49a7614167b63d14d8c28e32e829713c79c5e30a494d56a647216c2785f36505,train
408ea9d5e082,408ea9d5e082.png,raw/train_images/408ea9d5e082.png,4,9f18e58839a7b9f7e1dce01512ac358ae3be0fa6832b87d8796702bd0dd954e8,train
40c24aded50c,40c24aded50c.png,raw/train_images/40c24aded50c.png,0,dea8f4af9069be3eb879d5064221e4399c8dc26008319f326d0412fce826073a,train
40dd4e6e4444,40dd4e6e4444.png,raw/train_images/40dd4e6e4444.png,0,a63a1c9755e06b61c3e1fc41bac91c5ff7a772ae28600ce25b94acf8ec8ad9d0,train
41345cec5957,41345cec5957.png,raw/train_images/41345cec5957.png,0,424a47372bc2ce86ce7086e08e2183c8c8cdc6f5456c715528e27df927227b46,train
4145dcb25053,4145dcb25053.png,raw/train_images/4145dcb25053.png,0,b9ae65d8431055076396cac7faf869d0e2b82c3feacf926c1a430cc5594221fd,train
417f408ee8e0,417f408ee8e0.png,raw/train_images/417f408ee8e0.png,2,f6bd1fdaa119521ce00941e4ead48815a6b0c8f8ef9095b7bff8e08859f0009a,train
4189d4e631ec,4189d4e631ec.png,raw/train_images/4189d4e631ec.png,2,f377bfaaebfe9bcdf131f9a860288cb3b89764e2aa07cdf9b2e267783561bcf2,train
419406328dcd,419406328dcd.png,raw/train_images/419406328dcd.png,2,03757a1068de5bd52aa7e7a005b0df033d8dee695ba61202698b2681dba8b0f9,train
41960d5f58c2,41960d5f58c2.png,raw/train_images/41960d5f58c2.png,0,90d0502c27e61eda272b29e7816ccc3ed57d1e1aa1c64e0af975f6a7da6aa42f,train
41ab357d103f,41ab357d103f.png,raw/train_images/41ab357d103f.png,0,1210db1389bbb09bae21af01f9e769c150f13ad128cc94c18ceb25a990d97f49,train
4205e9deb058,4205e9deb058.png,raw/train_images/4205e9deb058.png,0,7ea78a67633e56b421d22cba8ae545be51148e88b132c89ee1b2f1097682788c,train
4210809074c1,4210809074c1.png,raw/train_images/4210809074c1.png,0,72579931c2469674def88123c2b048b6b9e66aae9383828cc48faa50014c6ea4,train
4242c0d87f57,4242c0d87f57.png,raw/train_images/4242c0d87f57.png,2,05c401a71a151fb11fb5b0704af9a864e97a1c3fc2de3d0d1a95de44bd05722d,train
4246ed634f25,4246ed634f25.png,raw/train_images/4246ed634f25.png,2,93b1c2e25ed12747b6c0fb4dac6303462c69dea0e7e90a68ce95b79c13aac574,train
4276b82e4489,4276b82e4489.png,raw/train_images/4276b82e4489.png,0,feca8c65a1414807d3d7fcab998c67be51617248ea3a5d7b50b7fd7f5fd75081,train
4289af3afbd2,4289af3afbd2.png,raw/train_images/4289af3afbd2.png,2,934c15c4f321ccbde6e5fca358c6e62cfdb167d0575561054f2278c981129f2c,train
4294a14c656a,4294a14c656a.png,raw/train_images/4294a14c656a.png,3,d5c1a4dce3873a7a42d9b72d47834fe11d5549e008111730a2af4a6f1d62326d,train
42a67337fa8e,42a67337fa8e.png,raw/train_images/42a67337fa8e.png,2,eddf9008775b54bd36887cb6c511ad41f2fd2c841bc89d5de3bf406baaafd2b1,train
42b93b574f23,42b93b574f23.png,raw/train_images/42b93b574f23.png,2,7d3b27bcf5ea93d82eb73a7bbfef7a98ff8b28232889ddc0d91b981d9f99c2d0,train
42b9c1977681,42b9c1977681.png,raw/train_images/42b9c1977681.png,0,bb3af9c35798941c4c166a709917656a88620ac29a2ace5c6e83b3407a1d3210,train
42c65af5ab16,42c65af5ab16.png,raw/train_images/42c65af5ab16.png,0,4d325f182141d04449ee2aeb19f6cefe5fec9f8bc86a33feaf833d6a97c16d1e,train
4318b6adeb97,4318b6adeb97.png,raw/train_images/4318b6adeb97.png,0,6ba8237708cf72acd1d21be135e79ee56b21e370dc3ed443d240091f787dfa1b,train
435414ccccf7,435414ccccf7.png,raw/train_images/435414ccccf7.png,0,94868648d7b9827cb146ec88dd4278f7a2995385d38b101ab5addbdda749a613,train
4360a112db10,4360a112db10.png,raw/train_images/4360a112db10.png,3,10df804df9e1e911a09e525c210b078d0ef8efe5b66f42291f06c0576af32f80,train
436e1793d240,436e1793d240.png,raw/train_images/436e1793d240.png,2,fb1fe09e37c3cb1b5efd4bf12faf04fe15ebaab43b65954f9fcafbff8a24ffbc,train
436e7a7af761,436e7a7af761.png,raw/train_images/436e7a7af761.png,0,19600d33d7ec64d9717f35dc57785b368db2a5b2f690d20b0c25ea61d4211665,train
437900a99871,437900a99871.png,raw/train_images/437900a99871.png,2,3d95da5962567f3edcee46505ae4fc9ef07c0188ce410097c0bfe46c55850870,train
43823561c3f0,43823561c3f0.png,raw/train_images/43823561c3f0.png,0,adf69a68e06289b2de39f9e3b7ae167286305c04308dd9c0c2e61ed643cdab37,train
4393c5bc576a,4393c5bc576a.png,raw/train_images/4393c5bc576a.png,1,538513325d3f59760f086cf26ae2f75420e12454857b4d1904d0af78aebfb3ff,train
43bc7c066dfb,43bc7c066dfb.png,raw/train_images/43bc7c066dfb.png,0,1c45c317de4f52fbefc11487812d317d1515fc917ebcc194c4ecbf586b18cc2f,train
43ddd0ab0cc4,43ddd0ab0cc4.png,raw/train_images/43ddd0ab0cc4.png,2,d7cb2929c59f9b702b391f40164dc4138a2d8aa3588dced935fd57443faad5cf,train
43e9c66eb0f3,43e9c66eb0f3.png,raw/train_images/43e9c66eb0f3.png,0,98ac40619dc070bcec3f6f532af8a0edc23a3030c6a74b3dfd144389690fd374,train
4403538fb50f,4403538fb50f.png,raw/train_images/4403538fb50f.png,0,071e3c7f517d2555611a7956e5228760499245a730356bbda718a9d3a348f207,train
4409965eb2a4,4409965eb2a4.png,raw/train_images/4409965eb2a4.png,0,2da57a3293592ee18f449e8d6771223dcb7d73950cd2c16a13f6ab27965ec381,train
441117562359,441117562359.png,raw/train_images/441117562359.png,2,982d5814b13a4d38a1df8fa164587ded82e2c940a3adab07f1790cb465d8f9d2,train
441848e0f308,441848e0f308.png,raw/train_images/441848e0f308.png,0,052708cbb8be0a02446bd001d3a6ff4b54394aa76c74a860b6cd40184bc231b6,train
441affbe99aa,441affbe99aa.png,raw/train_images/441affbe99aa.png,2,2a1190b8821ef102e3be3cf8584a1e743db33118365a48755237f4a698e97091,train
44271f3cb18f,44271f3cb18f.png,raw/train_images/44271f3cb18f.png,0,3b8786cd7955a6e1bc2386ea1a80954c14e9e4b1d143a6acd00b530c518e83fc,train
445a8a6da55c,445a8a6da55c.png,raw/train_images/445a8a6da55c.png,0,7d267e4b4aa5fc75973af9068f96e41f5ba1960ede75d7b80a55dbe5ca6aaaa8,train
4462fba1d2a1,4462fba1d2a1.png,raw/train_images/4462fba1d2a1.png,4,feed6a774baf821a647b7a3ef3356bbe5678809017e50fe4eb449885c941e442,train
4478b870e549,4478b870e549.png,raw/train_images/4478b870e549.png,2,afece8afa5bd13295ad2e743cf80ceb7d5e20a71b4ebdec18597e292c08fe4cd,train
44855f666225,44855f666225.png,raw/train_images/44855f666225.png,2,f02a46f62fcc2dcae79d38b2b04e0d68bbdb253da52c1e556e6ca602af70e9ea,train
44878f34e31f,44878f34e31f.png,raw/train_images/44878f34e31f.png,0,15ab9ae9202235ea19fd16f7843503adbbc7753c819100daed29bbaa673344c4,train
4489d421e5aa,4489d421e5aa.png,raw/train_images/4489d421e5aa.png,2,02ad4ad18ea88dca0b9e7fc6fa980de3e0e6d85807bc28ff87b0062eae2dad38,train
44976c3b11a6,44976c3b11a6.png,raw/train_images/44976c3b11a6.png,0,33fbb01ea618e56989f8987695f84d3fd0bb3148565514b61cfeb3853425fe16,train
44a4d04162cc,44a4d04162cc.png,raw/train_images/44a4d04162cc.png,0,38e9cf6c5311277c89c7e86913810d10778d8695d9ef8ff775acd487e4544e59,train
44a86263117b,44a86263117b.png,raw/train_images/44a86263117b.png,0,b92c9ddf7b84dec4b057144d2e1e54eb199be01496718b022cafc7e79d9a1bc9,train
44c869174e3a,44c869174e3a.png,raw/train_images/44c869174e3a.png,2,c17c2320c22016d0f0c112041013050708977948b3ca46324370f974c4dee513,train
44e0d56e9d42,44e0d56e9d42.png,raw/train_images/44e0d56e9d42.png,2,6bf3d81aceccd0e454251559e5182bece335a4d30fb4d9cc3ec429df9780c1c5,train
44e951e45dca,44e951e45dca.png,raw/train_images/44e951e45dca.png,2,87bb9bdfcd09ca8e8c4c01d3a24d59af3420eff5118b463cdcff416a7d1801ba,train
44ecf3f4efa5,44ecf3f4efa5.png,raw/train_images/44ecf3f4efa5.png,4,eb9b5792a8bce2340ca6c143e89c72bee8b34cab4240cd549abeb78cc89e637a,train
44f4ae58990e,44f4ae58990e.png,raw/train_images/44f4ae58990e.png,2,499700d94d0b8b33fd38cd898c728da73f7d993d96a3c3a813d819eda63fb872,train
44f7f3ef9d50,44f7f3ef9d50.png,raw/train_images/44f7f3ef9d50.png,0,904cae7a4621ea530427f370445862d0999539e35284718d427a6caae9181cdb,train
45369821d6a3,45369821d6a3.png,raw/train_images/45369821d6a3.png,0,53c63f6e33661d694ac15b2b0106a6ee7bf28ab99bc8dd99fbe7fc3728aff1bf,train
453a1e2754b2,453a1e2754b2.png,raw/train_images/453a1e2754b2.png,2,d87f45c21e4f1e7bf98726375f6216faf7ad197b46ba732c47c1ca9315880578,train
454792eb6e05,454792eb6e05.png,raw/train_images/454792eb6e05.png,0,9a00ce35e24a76b8991eeade3ece00941a2243310402d1e76ebae615ae0a52cf,train
454a944eb557,454a944eb557.png,raw/train_images/454a944eb557.png,0,1aa90a4a52da74525974bd682454ef1c0808a0df21f17007c6147879924a1c02,train
4554062fa836,4554062fa836.png,raw/train_images/4554062fa836.png,0,a8e242384c14426fdaf23034ef8d23b91a4b33b00c074540af93544727741ecd,train
45693d027798,45693d027798.png,raw/train_images/45693d027798.png,0,241c7be733e3be1ba3b93c1b1692677f913fd41d6e437fa0a988e143e4965e65,train
45ae04cfde5d,45ae04cfde5d.png,raw/train_images/45ae04cfde5d.png,2,f8882e304bbd88fd175b593ae18cd673ecc648cf14712ea881bf873794ba3b29,train
45c39ab9e797,45c39ab9e797.png,raw/train_images/45c39ab9e797.png,2,6f86890e016311e8ade379abedc1192f0e3bc374e74e1cf1bf4100b4551a6e30,train
45e4b7eada54,45e4b7eada54.png,raw/train_images/45e4b7eada54.png,1,9699f4e3942852e5f35ade7e69a953faff31542210e777404c6faab00ac5b126,train
461fa5292fda,461fa5292fda.png,raw/train_images/461fa5292fda.png,0,c4db37a6e12e08c7b5e41778a83884184f73923e5c13eb4400b33f759f4c8881,train
462937ece243,462937ece243.png,raw/train_images/462937ece243.png,0,dd47b4e94281d686462cda0472d93fcbd5764f741fc83857ae9aca10953f8bac,train
465c618f7b23,465c618f7b23.png,raw/train_images/465c618f7b23.png,2,28fa813d001e1dbcadb3028053a87cee5035610287d4b9d1a3fe3a30f67ee74a,train
4661006f3ba6,4661006f3ba6.png,raw/train_images/4661006f3ba6.png,1,6102dba953c86b658b9c2dc105906e6dedbd0dd2efe388715e0833868284511f,train
467b7d9d811c,467b7d9d811c.png,raw/train_images/467b7d9d811c.png,2,b4f16d2e773dadb3ca6991b382add6e7f5ffa797352d854799517b6a439fe64c,train
46923eea9a4e,46923eea9a4e.png,raw/train_images/46923eea9a4e.png,2,460200787fce5f681bd1c9506fcc3093c897f340f8adebe1959c0e9670918589,train
46c1548d730e,46c1548d730e.png,raw/train_images/46c1548d730e.png,2,0e8d80e3f8e60ca0e436cb2e1072f6ab5be2547e01ebfc009c527d27696ad926,train
46d3316c4857,46d3316c4857.png,raw/train_images/46d3316c4857.png,4,f941c608b4e4040d2d261087a49256c9d81c56105c94911d4ffac84320ed911e,train
46f56c38051f,46f56c38051f.png,raw/train_images/46f56c38051f.png,2,45299365ec10fa84e66c2064fa836ba25cecd1083448ff90ba50290edb0ad1b7,train
4704dbb59536,4704dbb59536.png,raw/train_images/4704dbb59536.png,0,33b1147b9915ea42ff68a60b8ddbc8ff2eb6bd0a9652506d76d897bc3e8d40c9,train
4731e708ede3,4731e708ede3.png,raw/train_images/4731e708ede3.png,0,daeff171c2a2f070a39fe07cf784bf44fa967e82c0e575b88868b3528ca20aa3,train
475300735b7f,475300735b7f.png,raw/train_images/475300735b7f.png,0,bb66ea716c3b94cb6fb92ad835420c5251d45ab755407ab105c0ca3b74f6174a,train
475c7ded0f7a,475c7ded0f7a.png,raw/train_images/475c7ded0f7a.png,2,f385caec8eb41bf88460bced71c9aee20322f39e377b65a24da1576c7328efec,train
47d1603a555b,47d1603a555b.png,raw/train_images/47d1603a555b.png,1,9badc1058af1069910d61364689997e6ef174a70dd8d405b502cd1b97b960ec1,train
4818672273af,4818672273af.png,raw/train_images/4818672273af.png,2,14a1897b3ab0f6219eaf405f289846441f55a77fec906af97ff958595d3979a5,train
482088e6be44,482088e6be44.png,raw/train_images/482088e6be44.png,0,b197d496c7ed2be3bc543a4c19e57103852e18d9913f5af272bca23bf716cf03,train
4826d10030b3,4826d10030b3.png,raw/train_images/4826d10030b3.png,0,deabd2b798fff0f7d95c2840993b57957cbac2dcff743ea793b0440bb0ff235d,train
48543037d0b3,48543037d0b3.png,raw/train_images/48543037d0b3.png,2,83ecf3adb72570d0a4bb586faab69a0c269e15dc109848acac611f39cf9d7c25,train
4860f7813654,4860f7813654.png,raw/train_images/4860f7813654.png,0,63fb3bd7f0f94742fad73c77e41d981005f4b4e06ac46335f9cc4f1bff4b5862,train
486e852a3b4d,486e852a3b4d.png,raw/train_images/486e852a3b4d.png,0,c3ac62d6e83c19be103b20f027d44c262464dd5b55793d59bb200c9f50fc9354,train
48afe8c47454,48afe8c47454.png,raw/train_images/48afe8c47454.png,2,45d79385e755900110c60fa49803a0c1baa5391ae95ffc8bc62bb22800373283,train
48c49f662f7d,48c49f662f7d.png,raw/train_images/48c49f662f7d.png,2,b8a877da0fb54e9cf15e7ecb6969279e03b3771b4b9d4b43637001c1e44e3604,train
48fda42bd5d4,48fda42bd5d4.png,raw/train_images/48fda42bd5d4.png,2,c59a0d4a5b3ba222946559f3c50bab0b1a31d99c7d145614ab861cd2d9d2f038,train
4926dea289f8,4926dea289f8.png,raw/train_images/4926dea289f8.png,0,67787f807b594cfc89e21e19521758b8e93a6d98809a59381b34f3309648868a,train
4927945ecfed,4927945ecfed.png,raw/train_images/4927945ecfed.png,0,b84d0274f8f839350e6a168a6bc25cb26a4280d904a8fc23669f452ae45b1933,train
493d99f030e2,493d99f030e2.png,raw/train_images/493d99f030e2.png,0,0791e3d20910620b43bd92e1c081be8ceab9e27d13f2087341d9c79337c089ee,train
49419f8d5cb4,49419f8d5cb4.png,raw/train_images/49419f8d5cb4.png,2,4e0a46df9cd1942c0967b992bd20efe17be9c7ccea90d605bf7cdf5d5effd880,train
494fc9c745a3,494fc9c745a3.png,raw/train_images/494fc9c745a3.png,1,6fd846751350f716fe0706c4d6f9aad6933c6c37ebe14c26e1e7ec6aa6e572c1,train
495106ae3b68,495106ae3b68.png,raw/train_images/495106ae3b68.png,0,e0ac98f77c5890f7189248507da7667f11f6ed698f7b8ddac8413d26afe3a403,train
495255c7492f,495255c7492f.png,raw/train_images/495255c7492f.png,1,57bf5eb398b67b2d5830c9509edfa10a63f8fc056661912ebb0e55df72fa571c,train
4958bfcc9f38,4958bfcc9f38.png,raw/train_images/4958bfcc9f38.png,0,99288a4b03b74288b2e63a926928194205cca6b5036ae3a63a78b7e2fb99b9a9,train
4982378d72f9,4982378d72f9.png,raw/train_images/4982378d72f9.png,0,4da71aeb1b1d95d60dec5dd6ed3b8c22284a8c5d230af94bf12b72d982eb9d0d,train
498f143c0374,498f143c0374.png,raw/train_images/498f143c0374.png,3,4cc503cdf06fdbc805df13fa93d81477059acdfa286560c3a61b9082e2368d31,train
499c8df39222,499c8df39222.png,raw/train_images/499c8df39222.png,4,878479d69d9a7559cea8d97defe08d85275162ac16545693542fc482e69cb3ef,train
49a4765f8822,49a4765f8822.png,raw/train_images/49a4765f8822.png,2,874011750f175a5336a82e7cb9425b2adfedf91f883a24e3cea7981492eb7873,train
49c5e7f6b8d2,49c5e7f6b8d2.png,raw/train_images/49c5e7f6b8d2.png,1,178b7477408af8f067ab7630969b03a1b0880ef270d479b70460f494ce4c5a9f,train
49eb73968c44,49eb73968c44.png,raw/train_images/49eb73968c44.png,0,f48546590749a276a81740b239b06e73cdaf2046939727dc6d545625c1234f08,train
4a05f81b3aba,4a05f81b3aba.png,raw/train_images/4a05f81b3aba.png,0,f37d9cb71a5ab697681a7a7af484622c74a41657ddc0f262e3640fac112d9705,train
4a0890b08532,4a0890b08532.png,raw/train_images/4a0890b08532.png,2,794098122f76dd69c659f6584ee2bb9bf69c5751afa6c5a65eb1f54a0cd89011,train
4a1afe4044f4,4a1afe4044f4.png,raw/train_images/4a1afe4044f4.png,0,5b486465bd193ce3837ad7284f7df1a6f2cf7245e3a03a1b7561ab7969d3e806,train
4a213b405ee4,4a213b405ee4.png,raw/train_images/4a213b405ee4.png,1,a5f97272b94bc38eae16da2b490b8253207736a5c4247b5f2145bb55adb84ffd,train
4a3da369b227,4a3da369b227.png,raw/train_images/4a3da369b227.png,4,a3f1617b62d322f26f2c6a9496a50e16316f61e1cae1c077f6009066ed665694,train
4a4cb731f91a,4a4cb731f91a.png,raw/train_images/4a4cb731f91a.png,0,306152f3b8cac10a63417ff923c1b0794e48b0e8f9fd12ec94ed9fc4224ad3fb,train
4a589edaea60,4a589edaea60.png,raw/train_images/4a589edaea60.png,0,ff1b3227b165114f7496f2ba4fabee6d4a0cbb51dd51c87d49bbaf6ad3e57156,train
4a5a6efc0bef,4a5a6efc0bef.png,raw/train_images/4a5a6efc0bef.png,0,89e2d74cc7ed90cd9d2caf7828c1ed5176a6497b0f3809386f75695b94e35e10,train
4a96c28f3f07,4a96c28f3f07.png,raw/train_images/4a96c28f3f07.png,0,ef2cc2318d00b9c0d1374a519e1ace25715ab4ae5919d45d641de2c6854e75d5,train
4aa07d720638,4aa07d720638.png,raw/train_images/4aa07d720638.png,1,9b38bcd6ae7b0537ede8b30aa41f5281ea7ba3b5509a8fb4c766942a9caf8cb3,train
4aa3d771c5e4,4aa3d771c5e4.png,raw/train_images/4aa3d771c5e4.png,0,086c0702c55f4514afd933086df4d0e7a1a816aab8f7136661043faf433875d9,train
4ab8c0cece7f,4ab8c0cece7f.png,raw/train_images/4ab8c0cece7f.png,0,c96dba8f5a00dae9257e122781f27a67c90d0143402629abb847a1af19c7c08e,train
4abca30b676b,4abca30b676b.png,raw/train_images/4abca30b676b.png,4,1deeba9658095354bebd3fcd155c95a9bd758a0e1b84a816c5233a1e7aa3bcd6,train
4ad6109706e8,4ad6109706e8.png,raw/train_images/4ad6109706e8.png,2,47f77712a8286004f8a5fb78a7f421834241f6f0664e25931845dd6347b5ddd4,train
4b237b958555,4b237b958555.png,raw/train_images/4b237b958555.png,0,fed24181519d23211786d159f538d28628b289c1b8f239f5f836e0809774a3f5,train
4b422b48d0d4,4b422b48d0d4.png,raw/train_images/4b422b48d0d4.png,2,d1ba2f07ba4e0bae2a5c00f83fd430e69cc8039f95cdfe0392c3a580079cc13c,train
4b618537d52f,4b618537d52f.png,raw/train_images/4b618537d52f.png,3,8678029c3791e0cc33daeca9725da9b603982bea996b6315c23b426374d2febe,train
4b6895d0cf8d,4b6895d0cf8d.png,raw/train_images/4b6895d0cf8d.png,0,2d3483fcd4a2d89e372aff233da76a2d5e72ce0c90a93432e71dcd053bdd0668,train
4b6cb0bcfd44,4b6cb0bcfd44.png,raw/train_images/4b6cb0bcfd44.png,0,e0619914da13ece68b9495ba88e553c7b5c35edf367c9c1c9a4dbf70427403ac,train
4bd5d0b30198,4bd5d0b30198.png,raw/train_images/4bd5d0b30198.png,0,26e2fdab9004e71fa24c9907a68d524dddb2ee26d9893f5b5502cbe2c884bae8,train
4bd941611343,4bd941611343.png,raw/train_images/4bd941611343.png,4,1a0d6d87e23d88d270d26f75d17e3f75435ada7e4c2d5464378d90ee9765ec3f,train
4beeca5cc859,4beeca5cc859.png,raw/train_images/4beeca5cc859.png,0,42ca5556a10caf0710a8e4bb35f39c323a2dc730bd173fda8c9fd5a5902b31dc,train
4c129470cec4,4c129470cec4.png,raw/train_images/4c129470cec4.png,1,cdf0c69195e3b96cd4c1c8df2d2459ae4736614d0b3e6470901876c0421d93f7,train
4c17e85686f0,4c17e85686f0.png,raw/train_images/4c17e85686f0.png,0,370d031192ba30dfdbc3a01b758412ae361799239f199816a4c174b7ac9a48d4,train
4c3c1ed09771,4c3c1ed09771.png,raw/train_images/4c3c1ed09771.png,1,3d5392252d063be059abbfe166bd426ed29475682219dffc94c330df33f9f3c3,train
4c52922f3bfd,4c52922f3bfd.png,raw/train_images/4c52922f3bfd.png,2,a7109396874fce5363f9296725a9ddb0788b154ac1e4b06562b309dff37f784f,train
4c53cc97ea13,4c53cc97ea13.png,raw/train_images/4c53cc97ea13.png,0,3d7d76527e8a9a0fcc8bb36dfddca0700b0cd2b6ab284c40aab108184aa5326c,train
4c570172778b,4c570172778b.png,raw/train_images/4c570172778b.png,3,07d5e8da664b4783fcd7888db96afd1bcd355e19403d56cc39431c213b0759c6,train
4c5ab774a381,4c5ab774a381.png,raw/train_images/4c5ab774a381.png,0,b710abf6a81fff5cd7ebadb7177d1877365adbcbbf4948e8492b01de546551d4,train
4c60b10a3a6a,4c60b10a3a6a.png,raw/train_images/4c60b10a3a6a.png,3,9aa380d65f3b02f542476e10e489e2ca6e51f22db1a8091a7633adc3447906be,train
4c60f6fcea75,4c60f6fcea75.png,raw/train_images/4c60f6fcea75.png,0,f4891c2b6932c40867751e8350db5b96e8f788e949c6084570b547572658f5c8,train
4c635a01593d,4c635a01593d.png,raw/train_images/4c635a01593d.png,0,5a7598589a189ef7a088bbca73bbf2ed60674c3ae0011622431b50f47f98d1ee,train
4c6c5a1bf5ab,4c6c5a1bf5ab.png,raw/train_images/4c6c5a1bf5ab.png,0,dfb62032a14699bae710326451f8729b5fdee0b33a578dca81e06cd428354f87,train
4c78d9d18da9,4c78d9d18da9.png,raw/train_images/4c78d9d18da9.png,2,3783bf18f69fa334be8b9b5fb98197b6f6a48fe2a8069cd0383b3814eddfc3f9,train
4ccee4db09b6,4ccee4db09b6.png,raw/train_images/4ccee4db09b6.png,0,0e55ab1772d5724a4ece5332bb055432ab25f9d86df88b78577d11e7791da273,train
4cddfc22b0ad,4cddfc22b0ad.png,raw/train_images/4cddfc22b0ad.png,0,d059797323af2a6addb06623f375e5240e45351e3cd025b858dcaf55b64ddb93,train
4cde86044ad1,4cde86044ad1.png,raw/train_images/4cde86044ad1.png,0,bacce8176c301e73fdde7c9f1257bec12b3bf9a67e96e6e74968b54ba34777cf,train
4cf4d528c08e,4cf4d528c08e.png,raw/train_images/4cf4d528c08e.png,0,9efdc0fc9adb0ebc51df8c79e1fcc5c869d5afe84701d6f9a151517df00227bf,train
4d009cebabc9,4d009cebabc9.png,raw/train_images/4d009cebabc9.png,2,fe9fd341d89598915c04b4bad4f42e9152e131e0abaf54cbe29c7f159304a41e,train
4d167ca69ea8,4d167ca69ea8.png,raw/train_images/4d167ca69ea8.png,0,08fa6ff2335befc5d354d39e3a69d6f57d3631f1ee1c3c7453655aa01d9587f0,train
4d17559ac1e2,4d17559ac1e2.png,raw/train_images/4d17559ac1e2.png,0,2d3721bbccbbabafdf602c835275209f5882d1561e46cb666c82e65c7cd42a2e,train
4d1cf360b2d7,4d1cf360b2d7.png,raw/train_images/4d1cf360b2d7.png,2,b7ab5346004fee82306b7dda51d232128b873858be8defe4e83275f612a256a3,train
4d1e7def7624,4d1e7def7624.png,raw/train_images/4d1e7def7624.png,0,c1e916553e8569b39728c278d63da061da199020e71432c2016a40fff06351ff,train
4d3de40ced3a,4d3de40ced3a.png,raw/train_images/4d3de40ced3a.png,0,05d293d9bf3cf916c0a9c5d37b27402f3df10e91593ed273e39bf4e79f286c30,train
4d47300e3ddb,4d47300e3ddb.png,raw/train_images/4d47300e3ddb.png,3,fb110a5150e19a0619424ebe88f55f045d2d7a0f8c8464de7ca1c66e543210a6,train
4d7d6928534a,4d7d6928534a.png,raw/train_images/4d7d6928534a.png,1,eb62fc8eca985173c3f9b3d6f010cacbf967d99561d176b50d0f8c65ccd77e08,train
4dbce359d0e1,4dbce359d0e1.png,raw/train_images/4dbce359d0e1.png,2,5bd347e766e00f2dbe368273ff3a097668117ea2c97ec6674ce223b66cd0fd13,train
4dc2211a1c31,4dc2211a1c31.png,raw/train_images/4dc2211a1c31.png,4,4b35c1886ae6a72ce75e23b577f7c1b12fad312bea788e74b6216a700fdada34,train
4dd14c380696,4dd14c380696.png,raw/train_images/4dd14c380696.png,0,14c9d52b7a119d278fd7f72f489031cfdd2f22aedc8bcee5fca72ea9257c4e34,train
4dd71fc7f22b,4dd71fc7f22b.png,raw/train_images/4dd71fc7f22b.png,4,2813156139e9f27edef745ecce218d242de4e6da3eb9fd81c68dea9344f1b1db,train
4dd9d29eae5d,4dd9d29eae5d.png,raw/train_images/4dd9d29eae5d.png,1,8f5100e21528ba067e0dee1d32667f7393660a7862ebf045d60c262d0d001666,train
4df6a81b476e,4df6a81b476e.png,raw/train_images/4df6a81b476e.png,3,081e1972adf4fc5382ad171a301f3bb08b0da711bcd47f0bec84ff80cc7f06d8,train
4e0656629d02,4e0656629d02.png,raw/train_images/4e0656629d02.png,1,3c837a0e89b7d63539b175fd5d76d345bbbb0d0ef6bd5cac1d897e32ef0cabd9,train
4e231670b48c,4e231670b48c.png,raw/train_images/4e231670b48c.png,0,7dfca7edf6f5dac535797ede0b2657bf9c0dbcefb6047333c955e326672194a8,train
4e43d05cc2ef,4e43d05cc2ef.png,raw/train_images/4e43d05cc2ef.png,2,c2ca1f392b13034cad5fd4156925028320351ecfc3b050a581bb784f50c50f84,train
4e4a6224a04e,4e4a6224a04e.png,raw/train_images/4e4a6224a04e.png,0,5d4765edaeb2132f5714bec8e90170ba29f32b4adc742785a9020e286ed039fa,train
4e6071b73120,4e6071b73120.png,raw/train_images/4e6071b73120.png,1,fa928112a90c5a7baf61988f5432c856d5276c6427dfd0c68638fa205fc0aedb,train
4e7694eebb91,4e7694eebb91.png,raw/train_images/4e7694eebb91.png,2,ea4946bfb001a8cf38bbccbebedba8f9148cbe77b545d62aae4b60dafb00a18f,train
4e82c3c8d31f,4e82c3c8d31f.png,raw/train_images/4e82c3c8d31f.png,1,e8339de505f2ab0f9801974d693102b2de79d988634abd92ba3b3250d7669b7b,train
4e8585a96739,4e8585a96739.png,raw/train_images/4e8585a96739.png,0,5969e2650b5af83a804b19613a8836c43565d2ae7cb5bc1ec009d6de7dd8bc6c,train
4eaf2f81819d,4eaf2f81819d.png,raw/train_images/4eaf2f81819d.png,0,17a98882ff10d600470585393ef0d3d2d7633d56750522b0af82584c29e64553,train
4ec7796df40e,4ec7796df40e.png,raw/train_images/4ec7796df40e.png,0,ae081d981b27207e026e745648001d1844690099b2f0f2de4d174ce327741e03,train
4ed31cc07366,4ed31cc07366.png,raw/train_images/4ed31cc07366.png,2,e7b3a6570abef6d12070a30ea5ac7c8fe3b35e5a6004ad35bfacb36a50024bf4,train
4ee1ad981a6d,4ee1ad981a6d.png,raw/train_images/4ee1ad981a6d.png,2,7a8ff68f682b67799b6f98f14a66aba2f616c729430b1a594943100a8cefcf95,train
4ef0b485a7da,4ef0b485a7da.png,raw/train_images/4ef0b485a7da.png,2,6abdf724a39e21d58748259aa7de4305893fcaabbf92cd15bb54d2a552b8d009,train
4ef16a53d899,4ef16a53d899.png,raw/train_images/4ef16a53d899.png,0,011b9eeab3e7148120531f588182f4b7fc6a522b46f10fe8f52b5557c82fed28,train
4ef7144e24ff,4ef7144e24ff.png,raw/train_images/4ef7144e24ff.png,1,72242ab275aad93dc63b37d5b7de1e26e57de5dc1f706382ce021852305db94f,train
4f0866b90c27,4f0866b90c27.png,raw/train_images/4f0866b90c27.png,3,4bb347e1f97b70c340cb302f974f8613cecf60214357713bd7bcaf5770b3f23d,train
4f20f9a9a65b,4f20f9a9a65b.png,raw/train_images/4f20f9a9a65b.png,2,3850c34617d9b35b94c02b8eb85fae30142cfbf3fe7767e9bc52df8843fc4114,train
4f46d7ee61ed,4f46d7ee61ed.png,raw/train_images/4f46d7ee61ed.png,2,16fb569475c83efe0512dc39dfc5e45cb43fe0c1bd84b19a5aeaa5ada37241ab,train
4f6abc40c72d,4f6abc40c72d.png,raw/train_images/4f6abc40c72d.png,0,4c217b0646708c6250ebbad4fcca9b9034275a91b794343d2f513061d7b21ab0,train
4f7755e74a9e,4f7755e74a9e.png,raw/train_images/4f7755e74a9e.png,1,74e72d308b1a821cec4a8249ab9b48167335d853c43e91405c4f0b23a360568c,train
4fa26d065ad3,4fa26d065ad3.png,raw/train_images/4fa26d065ad3.png,1,a322289c7bce10b8a788092846b73c61a1e8cf4e2402f920f8be8413cadeb9d7,train
4fd5ec0dca09,4fd5ec0dca09.png,raw/train_images/4fd5ec0dca09.png,0,96d18c07194d95740f390e1f37f3e798a9f2e9e1050aeb7e78a7028b2918a2bb,train
500aad15b7c8,500aad15b7c8.png,raw/train_images/500aad15b7c8.png,0,46e40ccc46d476dac0ec0a5b221448a124cb727167886075929b96decf12dbc7,train
501c319f7a9f,501c319f7a9f.png,raw/train_images/501c319f7a9f.png,0,482ae7b0b4c9ec729217d83d8969b9b53ba3b8b37d4e15a6e4a3c90a5d151cf6,train
504a69096fcb,504a69096fcb.png,raw/train_images/504a69096fcb.png,0,c3f496b4febeb32fd2716dc7a6c1466111d7e67c31423b9dc4b95dba817b2168,train
5056fa7d505f,5056fa7d505f.png,raw/train_images/5056fa7d505f.png,0,63c8931be1806d1b8b3f61bcc8e525dc69daf71f333f0dbc9d69ec66e4a136e9,train
5077cdb88aed,5077cdb88aed.png,raw/train_images/5077cdb88aed.png,0,460160fdda79d72a5c9b712bd1474872dc2138304f064a3baa277cfa60bf78c1,train
5078caaf1f57,5078caaf1f57.png,raw/train_images/5078caaf1f57.png,0,0ccc2ee1d634f9db3d0a2cb3d152e6505c5a8bb20f1746aa7234d9fa836ea15c,train
50840c36f0b4,50840c36f0b4.png,raw/train_images/50840c36f0b4.png,1,d99e71dfe9fef4309a378a7903713d341d8bebfcdcf6b48f26af3ebe5f2be6d6,train
50915e2329a1,50915e2329a1.png,raw/train_images/50915e2329a1.png,0,2566b590caf12c701166b0ec489be5fce3d63a81ede68391e0feabcad2012dfd,train
50a2aef380c8,50a2aef380c8.png,raw/train_images/50a2aef380c8.png,3,2ae5ff6b71e66b1aca0d014e413ba2b4550c625128a308f959ca938f82692165,train
50d8249f7bc9,50d8249f7bc9.png,raw/train_images/50d8249f7bc9.png,0,7d3b248b5d60310b911e33a54b18050c8e8c33b4cc0691ec3ae6e27691d5b720,train
50d8a8fb7737,50d8a8fb7737.png,raw/train_images/50d8a8fb7737.png,2,f2d086cf2b9c6daa9e7fb8f929a0b788aa838cce16026a81c58dcddc3a12f0d9,train
50f5201fd18a,50f5201fd18a.png,raw/train_images/50f5201fd18a.png,0,bbde5fa9e2c836e3b3a8259d9dae9c8cf973fe5ca6c817149d6f51a33eb2cc80,train
51030843fde2,51030843fde2.png,raw/train_images/51030843fde2.png,2,79d1477d32b648da032cf97b8fd8dc1bf89aeab7d73d5432bfa9e079d7714904,train
510aa0a898fa,510aa0a898fa.png,raw/train_images/510aa0a898fa.png,2,4cf699ab43b5de328f06b089fbeecbb5503d6316350847aac65cc911cf0d2c28,train
51269b77d312,51269b77d312.png,raw/train_images/51269b77d312.png,3,fa2fbfc7c7bf975f05ffa3c0c8f918eafcdf9b2cdf48b929ddb8b6b9963977da,train
513b0a4651fa,513b0a4651fa.png,raw/train_images/513b0a4651fa.png,1,04c59d2abb62b8dbd4a790d418335b4e990ae5a1da61f5af16e48f1a3fcd4954,train
51405d042000,51405d042000.png,raw/train_images/51405d042000.png,2,cadd526c1c0cad47a30656edae6f77f447736960fc8cf1a358df01f8899deaa5,train
5152bf091152,5152bf091152.png,raw/train_images/5152bf091152.png,2,e7d15affb1e64dfcde8df8ab5b9bf63880c4808d8d6bbb93e977ed30f0991936,train
5173d54fc214,5173d54fc214.png,raw/train_images/5173d54fc214.png,2,4c0a71e6239fd25755626fc8f02e6ddb77fa7cfd9ae4f5b4e753dc3d67186966,train
5188a8afa879,5188a8afa879.png,raw/train_images/5188a8afa879.png,2,a6314fa9f87c2b9e3513e64ca49337df140325d021c09a630f7aaf357481dea3,train
518e880613de,518e880613de.png,raw/train_images/518e880613de.png,4,dd1ea1aaa825b1e0a06cc8d225205b0a924b7394375e2e185d68426a5d30ba97,train
519c6e8f78dc,519c6e8f78dc.png,raw/train_images/519c6e8f78dc.png,0,4466c9013e91c0324f7636f770cba2e16c493e3b9646e8e6053b3b1386c3557c,train
51a078d6d43a,51a078d6d43a.png,raw/train_images/51a078d6d43a.png,0,1da23dca20c1e80b4a26588ecc2ee8b72a5edb982ae377ce961436f9c278594a,train
51a1d162e223,51a1d162e223.png,raw/train_images/51a1d162e223.png,4,d66b75dff176548c2add9913afcd85c6d14fcd656618f8001d167fe4281d7afe,train
51af8a689511,51af8a689511.png,raw/train_images/51af8a689511.png,0,be9d7040ca6b1e1feb765a17829e5fc0e5cca02d8fc457ef9ca69c1bb04511ea,train
51af8c112682,51af8c112682.png,raw/train_images/51af8c112682.png,4,6b0f3beb97a0a3cafa3c5b7f1f04cff7cf4983394c10e8f8c92ed1344fd7933a,train
51cd8d2057fa,51cd8d2057fa.png,raw/train_images/51cd8d2057fa.png,0,f8b919adae4ec2065c650f0fbfbbb0ef3ecf1f0e889699d74b7899dfc7d372a5,train
51cfeccaf40d,51cfeccaf40d.png,raw/train_images/51cfeccaf40d.png,2,85a31401176e866bfc7ab90875053ab879426164faba06a5609ec3bdebaf1c0c,train
51d0034d177d,51d0034d177d.png,raw/train_images/51d0034d177d.png,2,fb8344ce10ad67bd54e63ba3fd94d37f907a892bb12d6352935c646b36ff4e3b,train
51d780864365,51d780864365.png,raw/train_images/51d780864365.png,2,1d05e3eb2931e5801dd9f86b390dc62bb2698ac07d28d8ac5b228941cecc905e,train
51da6aebba8f,51da6aebba8f.png,raw/train_images/51da6aebba8f.png,3,3bc3705a3e68d069c18d294eb52c72b74597a1e016735cb2e633557696ea84e9,train
51e656e5a541,51e656e5a541.png,raw/train_images/51e656e5a541.png,0,ccbf698321cd4b3a044617be17d89688c27840a411e3158052093256489b8502,train
521b5377a727,521b5377a727.png,raw/train_images/521b5377a727.png,0,867383d813c4b60c5d9a85ba9e3450178a5ce2724bac3da4054f75b5a0f38a39,train
523ff163211b,523ff163211b.png,raw/train_images/523ff163211b.png,2,8fea8d2b3b0d70628b52302ec0e81b32092e4ccc26f0c00666213f1ec314f530,train
525acfea47e8,525acfea47e8.png,raw/train_images/525acfea47e8.png,2,0aa7afee202380402d943140767480490c11b2834a2e877bc867557d942aad3e,train
525d0dd8dc45,525d0dd8dc45.png,raw/train_images/525d0dd8dc45.png,0,27f61703572cea5c42f0bda37d7701891fb86f1e23eb4c977cfab4a485e019ad,train
5264a54e1830,5264a54e1830.png,raw/train_images/5264a54e1830.png,0,9dab14e5dbb7bc8a303384ba576de264c82b84f82cd4ef043b56009f987acc46,train
5265dc9acdf8,5265dc9acdf8.png,raw/train_images/5265dc9acdf8.png,2,2ef649fd17dddc7db1091a16e90b7aacf844b7ea3d57a9e6a32431f627243842,train
527bea76116c,527bea76116c.png,raw/train_images/527bea76116c.png,2,9d9d23a26c5660cab377939e06ce28c4656ff85d35e357fcbd238eff09c0f77b,train
5288f7441f64,5288f7441f64.png,raw/train_images/5288f7441f64.png,0,5e0abbe2751e817b7b420a9a1acd6a5d96d39d55db6347b85cadc659630f1ac3,train
5293576816aa,5293576816aa.png,raw/train_images/5293576816aa.png,0,24e87889d615d0258ee6d37f3cfba63b8da9a593966af3b1b794bdbb10864c6c,train
52dbec057cc8,52dbec057cc8.png,raw/train_images/52dbec057cc8.png,2,5e7b3bde26d05fdc3532b887bfdd10846b25653d48290feb91615d6461746893,train
52edbe29d655,52edbe29d655.png,raw/train_images/52edbe29d655.png,0,d9f56d017ad7ed14dfeb01e5513f3d64ebb330e7288de9a83484a5d1b305ee93,train
530d78467615,530d78467615.png,raw/train_images/530d78467615.png,2,016d1670c19024f2c7de31378a660a5c7fc9d6caea24613120fa1c28dc87e9f2,train
531b39880c32,531b39880c32.png,raw/train_images/531b39880c32.png,1,2ec6cc0463e06ffbc5e0f637a280f5c1fb68dd17e9086c4f157b238ddf7c85c4,train
5321ab64f9ea,5321ab64f9ea.png,raw/train_images/5321ab64f9ea.png,0,28504671944657090aea9a1afa3acb2aeb3c0671940dcf9e7c3d2f8aa84f4c73,train
53273d664cd8,53273d664cd8.png,raw/train_images/53273d664cd8.png,0,8e853a16bd1e30afae915db5c76759efc661481e78a1ca39a1cd7c5c1396e70e,train
5347b4c8e9b3,5347b4c8e9b3.png,raw/train_images/5347b4c8e9b3.png,1,c705835104d0e19142030d551e1d8797a2ac5dd46263c80232ebc2ea8f60cd1b,train
535682537302,535682537302.png,raw/train_images/535682537302.png,0,2ccfaa6a549acef284bcc96cb3728f904bf04dc8489c40f2bc3c36334a828627,train
537e50fdf22e,537e50fdf22e.png,raw/train_images/537e50fdf22e.png,3,9c02668add446ba0f1dc12a2eec733f88f52b82834f3287efcc1bf8d3e5fd004,train
53c874dbc594,53c874dbc594.png,raw/train_images/53c874dbc594.png,0,ab86b2a505546de40d62e9583feadf82f96700aadd4f1e264380664b8af97405,train
53ddae6a619e,53ddae6a619e.png,raw/train_images/53ddae6a619e.png,0,1ee669ee8101eca045476bfed75ebe2ea901135abb429b820a25c0f9377d356f,train
54038e56131d,54038e56131d.png,raw/train_images/54038e56131d.png,0,51f7f4a10272855a738201d4753e92dded9121e9b2b58af4c3f8488cd096c046,train
545df1bbcd61,545df1bbcd61.png,raw/train_images/545df1bbcd61.png,1,f8dc5d2b1b231fb6e4cc627c718fd23c4e98cd646e43cf228740c693dac1dc20,train
547b37da9223,547b37da9223.png,raw/train_images/547b37da9223.png,2,6aac18cf0f867d34b496abd632f1326129917496a5d2a89d28ed40656719afb1,train
5486da4273d7,5486da4273d7.png,raw/train_images/5486da4273d7.png,2,ffc13cbe9c1c66d0f01a3d775974ae0da6109c4edbda212f6418aa68ea36a4e4,train
549381330191,549381330191.png,raw/train_images/549381330191.png,0,dedf2a726d6ba28453f1ef3e2eb21c1e7b72f785a3b300dd23a1d2b127f46910,train
54bbe3da103e,54bbe3da103e.png,raw/train_images/54bbe3da103e.png,2,0b29f2279bf8d8dad3d38f1d9b7077b9345f52a273137c36f282aeb51bee707b,train
54bdcdecd8f3,54bdcdecd8f3.png,raw/train_images/54bdcdecd8f3.png,0,606c8ca10180fa3256861f1d26825cd8abb325a108f3eead2777119cb85278cf,train
54cab3596214,54cab3596214.png,raw/train_images/54cab3596214.png,2,56066ea432219d17d16aa1ce49d856d2af5f34cfa18481e0daf6e1586a6ed2d9,train
54dc6e8107cd,54dc6e8107cd.png,raw/train_images/54dc6e8107cd.png,2,24c34e4e8afbbffcc9d910682cf7edac1c305d304153e2a4f14d153721dcd0c1,train
54f57cf26126,54f57cf26126.png,raw/train_images/54f57cf26126.png,0,02d90a444aa61e8cd3b7202f6287c9d059b9e7f637e3c316d5cc6668334c0c7c,train
55034b1dbff2,55034b1dbff2.png,raw/train_images/55034b1dbff2.png,2,093da216716b0b8bd769616b3a98ded5c33aa9e45ba452f489906feaac510223,train
5511f114e7ee,5511f114e7ee.png,raw/train_images/5511f114e7ee.png,0,9f55fb2f7e0d201325762773a85cf6ed4aa626c4c324f6c7996c1e1452dcd253,train
5548a7961a3e,5548a7961a3e.png,raw/train_images/5548a7961a3e.png,1,dea19772cf12035025c4f656c069e37e2c4ee75a4f2118c3ec53734572419d13,train
555d0bef3c5b,555d0bef3c5b.png,raw/train_images/555d0bef3c5b.png,0,72ede8cba239c2bc8837f7a7b7b9d803087ccb04d1882f5418d749f9f2641ec8,train
55968f0e63c4,55968f0e63c4.png,raw/train_images/55968f0e63c4.png,0,68c6fa1c7eaa1ef692ba57277d530827b06525d6d482b8b41c2bf6ebbe79db82,train
55f7f018c61c,55f7f018c61c.png,raw/train_images/55f7f018c61c.png,0,aae37ef7f8cfcffaf1160f118fe70481c1fa124f28660d45d443a8bb18d86bde,train
565f3404f9b2,565f3404f9b2.png,raw/train_images/565f3404f9b2.png,0,c01791eff4313a92a287ba7cc6172d4da282fc36d5a1beeee496cbabb23fdcf3,train
568455854a11,568455854a11.png,raw/train_images/568455854a11.png,0,42349d679ef82055903a9e3cfe8a60e1c37d33be58362b6869213790faa33150,train
5712e2aa73a2,5712e2aa73a2.png,raw/train_images/5712e2aa73a2.png,1,cbe0cc3a920265393e1bffa92d5248f49d0e9a056e19dad0706ecddbcbd37958,train
571bbdbf585e,571bbdbf585e.png,raw/train_images/571bbdbf585e.png,0,6dac78375512c43f59357e529d93664d0eb6c5f2c6f095d343033d80fd569ce7,train
573ea80a53be,573ea80a53be.png,raw/train_images/573ea80a53be.png,0,8354e17e593d2e3a7434dd588c99fb1145a89c788cc51fa955c8909706d0cc63,train
57760be09c03,57760be09c03.png,raw/train_images/57760be09c03.png,2,0b5877f37d6e4711c50967430172249511738a9ecbf870b60c9276013444175a,train
5777ef74c9ec,5777ef74c9ec.png,raw/train_images/5777ef74c9ec.png,1,9b1d81f6b7b2d97aefc16566a2564805549932970d3379b0cdde20bae75b77a4,train
57a5e4274275,57a5e4274275.png,raw/train_images/57a5e4274275.png,0,c8c540351e3340c8c5121513ed03ea7725f7bd6c5f071deafb57e7fe6527df68,train
57a5f1015504,57a5f1015504.png,raw/train_images/57a5f1015504.png,2,63a6cd4dec3c603fad4d0cb207b792f0ed578bbdb972f8beab14ffb7ca2678ee,train
57a710de68a4,57a710de68a4.png,raw/train_images/57a710de68a4.png,0,18147d4c620765bad6d913fb5911822b93f46418426d1cebce396903d40f5488,train
57ce57a8cfb0,57ce57a8cfb0.png,raw/train_images/57ce57a8cfb0.png,2,103cacd9bd02d66bd6d0d482aa0fe37936091ac0b60b363d2290d9839d5f5d16,train
57db4781e7ec,57db4781e7ec.png,raw/train_images/57db4781e7ec.png,0,a70a051e1aff3c8132688f75ea9357e09ca6146da02d94a7e6eae1e2ad457e8a,train
57f5ad4b5b29,57f5ad4b5b29.png,raw/train_images/57f5ad4b5b29.png,0,9cb83d10a382d61c5d82fc3e7d11c853d187b2951c0399fbfeb30aa8cdddedac,train
57f933d3d7c7,57f933d3d7c7.png,raw/train_images/57f933d3d7c7.png,2,851bf61515d22c1ca8298bde70419e9ca35e4d6859baf0913a01d41ed4ed1876,train
5814cbd2e9bf,5814cbd2e9bf.png,raw/train_images/5814cbd2e9bf.png,0,ec13a11930c86a1fed35207423ad98eb8b98ac0decfad0cadc312b489706e3e9,train
582115961a3d,582115961a3d.png,raw/train_images/582115961a3d.png,1,dc376deb921fa5dac75ff5c14de167c75918be29eb2e062e52d1c128e32b5f0d,train
582f739b8f62,582f739b8f62.png,raw/train_images/582f739b8f62.png,2,2f61160336271be68b666e921e6fe48cdf2bd505eda6aaf7a17abf78001aca21,train
58529a8638d0,58529a8638d0.png,raw/train_images/58529a8638d0.png,2,40d0e04440cb8151dfd7b2cef0d878b8a8ebe0f41213cd4a88b7242a73edeffe,train
586f5c56081e,586f5c56081e.png,raw/train_images/586f5c56081e.png,0,8b4ee1e7676fb723c1128725c432ce354335feb15cc03b922c008031057037c6,train
587146a55885,587146a55885.png,raw/train_images/587146a55885.png,1,c25023b50a79c360e605a9f57bc429a95a2f777150cf3e7eff33e01cd099bbeb,train
5879285f9d8d,5879285f9d8d.png,raw/train_images/5879285f9d8d.png,1,eaeef761a5aa6eaccdb128fa901a863fac921a11dc5a9d007153bae6c5d5f43b,train
5889a0c75cac,5889a0c75cac.png,raw/train_images/5889a0c75cac.png,0,9488cd0266c6a5f2f28d24a02bf0643dd3864b0bff75450f0427f6ca6a57f39a,train
58af2c054ced,58af2c054ced.png,raw/train_images/58af2c054ced.png,0,73884c338c926dfa2ca59ba132bad74d9f4fd3b1f3214991d14a2c053836601d,train
58b866484a05,58b866484a05.png,raw/train_images/58b866484a05.png,4,d268b95aef3a39dbfc1616fc984b075f7a09f42b1680a789a0414c7a9c9f029c,train
58c12863f33d,58c12863f33d.png,raw/train_images/58c12863f33d.png,0,c4526dfbee3764dca887ae004266065047228be3235133c2f274a966ee59be7d,train
58f07741ee3b,58f07741ee3b.png,raw/train_images/58f07741ee3b.png,0,a3d2204f4a4067c3824957cbadd5eba45a6d15dfdd65c9f5945fb3c35756e624,train
598b8f5b3822,598b8f5b3822.png,raw/train_images/598b8f5b3822.png,0,bbd52585bb34f394451d9090f44cadf73da526d9aa309f9b85a15a23d0ebe251,train
59928f999ae7,59928f999ae7.png,raw/train_images/59928f999ae7.png,0,000a7f1d3366c486adac781ba14129f398c485989a8da3ba735167c50674d7c2,train
599498e9e4bc,599498e9e4bc.png,raw/train_images/599498e9e4bc.png,0,a424a61fa71ade1e2136e733bc815e8b8543f44bc4aa6b0a75ed2de295d70a7e,train
5995321563b7,5995321563b7.png,raw/train_images/5995321563b7.png,0,1142a953e297b180dfc8072c0d369fdc095f2037659090ed84ca1128b4a1bc11,train
599b89048034,599b89048034.png,raw/train_images/599b89048034.png,2,53fc6fc9bcefe373de1a8c36dc053efa2de0878c5b8157a6aaea1e36fdabc993,train
59bd19c1c5bb,59bd19c1c5bb.png,raw/train_images/59bd19c1c5bb.png,0,fb04108db5f77a51e8428149a0fdacd86dc042a6fe40817b3ab36550faf5126c,train
59e5212f7139,59e5212f7139.png,raw/train_images/59e5212f7139.png,1,0f41cbcd7ba8c56460cfe1464f7f5d60e6289f2a2d21c6ee4989dbed03762331,train
59ee65760535,59ee65760535.png,raw/train_images/59ee65760535.png,2,2cb2f5848f3bca3c08d1d582a0856977c947cf33ee27d0f7297fb4752c4a4251,train
59f3f70abddd,59f3f70abddd.png,raw/train_images/59f3f70abddd.png,2,f4d2b3e3539b5612183b7d88e47c85c670d0942296255497b1e70b15ccf8c106,train
59fee5bc3479,59fee5bc3479.png,raw/train_images/59fee5bc3479.png,4,5ffc079ce6255a47e448b08ca6356d32edd259c7ab220fa9dec1dd8e66b1200d,train
5a03fe3ed15c,5a03fe3ed15c.png,raw/train_images/5a03fe3ed15c.png,2,88a088700d4a511afcfbc317a87a4b0d5cd3fa076d84356c5335fd3d4e9212b3,train
5a091e8cd95c,5a091e8cd95c.png,raw/train_images/5a091e8cd95c.png,1,a40bda86435cf6b64bb6129f2189bc7cefd4d78f0531cc0a637d39aa0a672964,train
5a0fe0ee4301,5a0fe0ee4301.png,raw/train_images/5a0fe0ee4301.png,0,78c971f36b2b48a5445acb1fd3a9fd4f481295354b417b6242f4aec91c5e1622,train
5a11d21c2828,5a11d21c2828.png,raw/train_images/5a11d21c2828.png,2,3ba65149ada003897f1a8e0bc11de18dedf304ffaab0a0d5406a5e1f6713a2de,train
5a179c123fd8,5a179c123fd8.png,raw/train_images/5a179c123fd8.png,0,59f2a348dd0f3fe1a7881b4bebe90eaea88e9409c53766de48bd5413fd35975e,train
5a2c27b95c7c,5a2c27b95c7c.png,raw/train_images/5a2c27b95c7c.png,2,8b48f59f706832ae2464708a375aa4d7386fda699b7af525b11f50b2330a618d,train
5a444c32cd9a,5a444c32cd9a.png,raw/train_images/5a444c32cd9a.png,0,d20341ccf8ff6a47a1d7596900b86339372abda6cb8dc3576cce77d3b159d8a3,train
5a5d3798c357,5a5d3798c357.png,raw/train_images/5a5d3798c357.png,2,f28839d110e3f2d36dbc465adac52b660464743ff8603fe921651162c8597b32,train
5a93c0f783c4,5a93c0f783c4.png,raw/train_images/5a93c0f783c4.png,0,f8b49a73e0882e6aaeebec6471d6dafd42510e310b7a213b935073d05d0abd12,train
5ac7a414560e,5ac7a414560e.png,raw/train_images/5ac7a414560e.png,0,4c76c120e84a8584f9cbddfb5053575b1e5fb7e9c0de73866d9b9f868757615a,train
5ad3dabeb2cd,5ad3dabeb2cd.png,raw/train_images/5ad3dabeb2cd.png,0,5b976be43bc31a071c88a18db778815dd7102e0dc40a2c4106dece6b4fedcafc,train
5b068765e846,5b068765e846.png,raw/train_images/5b068765e846.png,1,bfe069236f8b041f57e0fab9225ee54a4a1a365c4959d9a4018426574544a07f,train
5b0e53f53ef3,5b0e53f53ef3.png,raw/train_images/5b0e53f53ef3.png,1,079d21fb3929a7b8b604ab39075328a3567fbe4ac6504814ae34c6c65452b265,train
5b1c4cefeb24,5b1c4cefeb24.png,raw/train_images/5b1c4cefeb24.png,0,4492cb62544637cb92cd8616f1ae68df078db6eac49effa1f951745a674b7dc4,train
5b2648ad455e,5b2648ad455e.png,raw/train_images/5b2648ad455e.png,0,7a4a4c6ce558848cfc1f2a8375acd1af33b7bc06576a76b0d8a47c3f5e340549,train
5b301a6d1ac7,5b301a6d1ac7.png,raw/train_images/5b301a6d1ac7.png,2,5debe5055683a5143943319111f3a9747e4ab57b9d2612bf95379b101384b19c,train
5b32ece9c627,5b32ece9c627.png,raw/train_images/5b32ece9c627.png,0,f788a4bb83192c9821bca1909afa176819ba6b59df9586be8d72437df2f10715,train
5b3e7197ac1c,5b3e7197ac1c.png,raw/train_images/5b3e7197ac1c.png,3,e3237d02c44e8b76bd20e6acf63b1283c5b8c7b322462efcad601b792c465977,train
5b47043942f4,5b47043942f4.png,raw/train_images/5b47043942f4.png,0,04c4884c9b082261beb48aa9232a57d3115ed947773a042cd5ddb25d9052cdd3,train
5b5b80a3edee,5b5b80a3edee.png,raw/train_images/5b5b80a3edee.png,4,be0284f2fb8965a496cb94aa5002417a9ac06cffb63d5000fac8cf4b19b234a9,train
5b644a403e1f,5b644a403e1f.png,raw/train_images/5b644a403e1f.png,2,4597d78d7b7e858616631a4b5caa7d0b0d9a99feae988cc5fe526374ddcd7242,train
5b72ff04333d,5b72ff04333d.png,raw/train_images/5b72ff04333d.png,1,a27cc36ad9ee2feafdbfc50fb1318cb7e7c6850da7b945589ccde06c0212f63b,train
5b76117c4bcb,5b76117c4bcb.png,raw/train_images/5b76117c4bcb.png,4,6387dfc4a82d006dd1d2914319be2227b457b8fd456b0f36bb4519afd99b18b9,train
5b804948e35f,5b804948e35f.png,raw/train_images/5b804948e35f.png,1,5ba2c54d4be1afcf604c54aa556e49125d3bb2150f41543ba6cf43966ececef1,train
5b994ff78547,5b994ff78547.png,raw/train_images/5b994ff78547.png,0,c1c6dd4b979808ffb5720f12f525c5cdb6181840cd4217dc217b032b7580b455,train
5ba156a35ff2,5ba156a35ff2.png,raw/train_images/5ba156a35ff2.png,0,fe3f84fd825ae0e12e7ba0c07c46a6d91c57e32830a1e59a67539dc7085914d6,train
5bea250d8bf5,5bea250d8bf5.png,raw/train_images/5bea250d8bf5.png,0,d33992ce07cc2fc4160197e6c8cc0c648f665017a5802758da1e1dfe79204b50,train
5bf3357a2823,5bf3357a2823.png,raw/train_images/5bf3357a2823.png,0,c82a709c387b2576e14bbb2402a4e6adf67ed25c17bdf4ddc3e2d3f000d00a1f,train
5c6194562ed2,5c6194562ed2.png,raw/train_images/5c6194562ed2.png,2,80c7498fd8c369f75f88c61b9d55e4b0f1d0801ed56c464640d40960cfd87bb9,train
5c7ab966a3ee,5c7ab966a3ee.png,raw/train_images/5c7ab966a3ee.png,4,67093da8f76d758465739835ddc01142feb3edcd0ecd8673dfa1bc117b40ed6f,train
5c817060c0ed,5c817060c0ed.png,raw/train_images/5c817060c0ed.png,0,a315dee850c1f66cb76a1b248b17d29f98af71b8b8a042d1f08c66774ec8bd1b,train
5c8482926a08,5c8482926a08.png,raw/train_images/5c8482926a08.png,2,5875cffa81729363b07a883026f9699a70717c4b9080d9ca459f15180c0cc5c8,train
5c85d22bd0de,5c85d22bd0de.png,raw/train_images/5c85d22bd0de.png,0,29a7d3963a8bcb6e8649444a9aa1449998f66e1a525df0e15521c80da59aae54,train
5ca779ace6e7,5ca779ace6e7.png,raw/train_images/5ca779ace6e7.png,0,a56ee114d6784f72181f9bf712cc5db0d6da561c629c87fdc16156fc08aebe14,train
5cbe88914a72,5cbe88914a72.png,raw/train_images/5cbe88914a72.png,0,5f298911d6877bdafa2480e1352989f606c924136c7b2350ac01c98a672cd7d3,train
5cde55f745af,5cde55f745af.png,raw/train_images/5cde55f745af.png,2,3eb304cb4ff029668be74c4648954155f3f2fa4e874171e8de5250cb930bfa31,train
5d024177e214,5d024177e214.png,raw/train_images/5d024177e214.png,2,d1dc66abab74dbae7bd4554c6fb6358d1d3844738b7b769e7d944448760acd52,train
5d3c8c1f57da,5d3c8c1f57da.png,raw/train_images/5d3c8c1f57da.png,0,e063ff7b297f5bd7f6c3f133ac258b370a9be8e0d8d63c4def868d2c681185fc,train
5d4e5fd34d91,5d4e5fd34d91.png,raw/train_images/5d4e5fd34d91.png,0,e2a5143dcb9fa90a6717761a87ad74ece3780f9e9e93b1437d86451802ab4ccb,train
5d5b5da5f939,5d5b5da5f939.png,raw/train_images/5d5b5da5f939.png,0,08fed50af80aa97d721ff2ea7f3375ea36a574be99d6e8fde99d0cb437bba1c2,train
5d6239c0fd39,5d6239c0fd39.png,raw/train_images/5d6239c0fd39.png,0,abf6c4949c530d3cc890955d3218c509e6d994cc81816cdbb53f018d2dfa7e45,train
5d74f98d62be,5d74f98d62be.png,raw/train_images/5d74f98d62be.png,4,9d12ac56cf4e28690fc5e87fb9e26b50f7d8fd671232337cfa50928a77a43cdc,train
5d9c841eb245,5d9c841eb245.png,raw/train_images/5d9c841eb245.png,0,e4cb8ba9bf497b59efe2f91bd0a9d5a547f45e63c358331b5d940c44f5dbdcd9,train
5db895d3f1fc,5db895d3f1fc.png,raw/train_images/5db895d3f1fc.png,0,792f3cf24f8126963ff8db846c8f8ccb633d5d769c5d2d7572b1ee666dee5c93,train
5dd2e26fc244,5dd2e26fc244.png,raw/train_images/5dd2e26fc244.png,4,1444e34b5cdc4985ac3016fe4a179ed5a7f3df1782cc464e4fb548cd049628b2,train
5de4615a5161,5de4615a5161.png,raw/train_images/5de4615a5161.png,0,bea25d16aeb28664665d86f2beb03d106fd8db310a14de39762906d963631318,train
5e18af29d812,5e18af29d812.png,raw/train_images/5e18af29d812.png,2,dc22f8667c3edaf70446e239b2247db85385658255c57eea07f17c11467e05ae,train
5e505e25cd3e,5e505e25cd3e.png,raw/train_images/5e505e25cd3e.png,0,2b906feee0a948e242b5104c88b50db7f10219a7b6041250aa1afb7f6f263a33,train
5e5275ddee29,5e5275ddee29.png,raw/train_images/5e5275ddee29.png,0,93f301bacf4397b40cc24a19995b94aa7ba93b728ca3ca0961a582478107bff3,train
5e52c9fe676f,5e52c9fe676f.png,raw/train_images/5e52c9fe676f.png,2,cf7cbc2763d6b0b2e8bda860058adf0c7fa644129aeb6a0fc9405386dfb4aa63,train
5e7cc6ab4ac4,5e7cc6ab4ac4.png,raw/train_images/5e7cc6ab4ac4.png,2,1e01279df10cf5c5ecadd5514416e4cac73e77ed2c6acab875f0b35fa50d556a,train
5ead17e894ae,5ead17e894ae.png,raw/train_images/5ead17e894ae.png,0,fd24fd9125961eaaa53b96d03d4ca5b02dafd82856c1a79f507e41d579647dc4,train
5eb8fb1aad41,5eb8fb1aad41.png,raw/train_images/5eb8fb1aad41.png,0,48d37a60f831270eef2b0f88e57b36799a795aebd0fd278e6b0c854bcd520852,train
5ed6dc419e4d,5ed6dc419e4d.png,raw/train_images/5ed6dc419e4d.png,2,3419c8ca7bc63ce49e76444ecfdad5d17e7effd819744844641c12184f4b468f,train
5efa24b03d5e,5efa24b03d5e.png,raw/train_images/5efa24b03d5e.png,1,49523aa6b17f783bcac272c099cfafe0713b7eb9d44ed12935f8c289534a830f,train
5f13e8a07344,5f13e8a07344.png,raw/train_images/5f13e8a07344.png,3,bf99d85d3f60e1282f1e0c460f4f32d13aeb2b551e59649fcaeeb4b8d29c0656,train
5f4a8c074bd5,5f4a8c074bd5.png,raw/train_images/5f4a8c074bd5.png,0,0f8a6169bc861d8303d1aa078990074b1b90fab28b44d7251fb40c278fc23b30,train
5f51192841f7,5f51192841f7.png,raw/train_images/5f51192841f7.png,0,9c4a5305268b07ce8a4d8c5ee99035ffbef035905746dfaba794089bd52fecea,train
5f6db235c04d,5f6db235c04d.png,raw/train_images/5f6db235c04d.png,0,be4186498efa41b98946e35a47ab00c6ca82c33353987e7ad00e6228f98be9a5,train
5f70ad48a525,5f70ad48a525.png,raw/train_images/5f70ad48a525.png,2,d3f8c174608ae7846fb5b1982a9a0acbf522da40d9b7efa13112e19c31033521,train
5fcff7280019,5fcff7280019.png,raw/train_images/5fcff7280019.png,0,eb2c70aa572eb13805a9e8c3e17ecbaced6119cc18a3773af02c9fd0434404c4,train
6028a575dc27,6028a575dc27.png,raw/train_images/6028a575dc27.png,1,1a1ff962a2728eb21e003d39d96862ed084fa930b9f03fbd8eab1ce0afe1ded3,train
6061f5b7378d,6061f5b7378d.png,raw/train_images/6061f5b7378d.png,3,027621e935295d0bdeb477ad9338c554f194dd6497a561a3a38d85d717e26239,train
6089fa333013,6089fa333013.png,raw/train_images/6089fa333013.png,3,72020c43662f9db2e009f0ea948265fdae6d72f7030c083391ce0227a81d829c,train
60edda7b4871,60edda7b4871.png,raw/train_images/60edda7b4871.png,0,863159106d1fa0a49f067655e5b5117f74721bfecefd666c5deeb46396833f28,train
60eeae3ba23d,60eeae3ba23d.png,raw/train_images/60eeae3ba23d.png,2,c1c2b3ffa26f9f59a029ec76af6b21709fd8b845dd95992b8f4ab25f8f773a8e,train
6107a2e9f60e,6107a2e9f60e.png,raw/train_images/6107a2e9f60e.png,0,b7ce2d07b88552e0c6aa475258782aa3531df72513bb3bb2fea7d3c12b6d8667,train
612f2df37a1d,612f2df37a1d.png,raw/train_images/612f2df37a1d.png,4,2d32581a7233b9941a0131e480db34195c21a46f555a17e2bcbc932683efb86c,train
613028ede6a0,613028ede6a0.png,raw/train_images/613028ede6a0.png,4,c8fec27084b1cdadd065ad35971f0375ff1243575d51ae2f9a275f1df5c8343b,train
613bacb35c05,613bacb35c05.png,raw/train_images/613bacb35c05.png,1,c36aa5b4a8dbdac486003c6f706c7d5e7fd188c6f77f41f3dfaabe6076c8e67b,train
6181aa9f75f4,6181aa9f75f4.png,raw/train_images/6181aa9f75f4.png,3,f5ff3ab150e17d510e9af90557add393ccee07d73778a7503aebf5a2972eb86b,train
61ac9b0dc6b9,61ac9b0dc6b9.png,raw/train_images/61ac9b0dc6b9.png,2,a4543428167689406eb67ee258cbcd00d2b71d26e06f72e519eb3dd591b13bef,train
61bbc11fe503,61bbc11fe503.png,raw/train_images/61bbc11fe503.png,4,bfadfcb1f9276b07b585ec389842d0a0f512bd38c19a8dcfbdaa29cf5e43d1a4,train
61c2fbd16e38,61c2fbd16e38.png,raw/train_images/61c2fbd16e38.png,2,6e86ec18ed3eec9b4ba863ed02e5ab9353faa6724148d278329744c8699bd135,train
61c667663f2f,61c667663f2f.png,raw/train_images/61c667663f2f.png,0,a8f8887cad72274bd018eb8f85f039ca8b48a995e8486f32d90ac444f82d13e3,train
61d9c88a3a4b,61d9c88a3a4b.png,raw/train_images/61d9c88a3a4b.png,0,276cee71d35f3e2edefb1b0a2002e8af42704768875bfeee64e9fdd38fd32513,train
61da799bf0aa,61da799bf0aa.png,raw/train_images/61da799bf0aa.png,0,7046dcd981f7ea2ced794088d6b3da1fb2eb0534e3edc3fb0e6530fb6f66e2f1,train
61e301bd3c25,61e301bd3c25.png,raw/train_images/61e301bd3c25.png,4,f9373aadf4e7c4da4bd63b7e9f81013f4194b901400a34ebac28067de68a83e5,train
62318d514160,62318d514160.png,raw/train_images/62318d514160.png,4,3601a774286a1473cb466aac20dbcdc109ac8a62486ebe567ac69cb8dd15ca4a,train
624fb7317106,624fb7317106.png,raw/train_images/624fb7317106.png,2,808c050dc175f1719c1152e9a4e8390b0d0928496ce213c64b0cdc108ad23a3e,train
6294b378d09f,6294b378d09f.png,raw/train_images/6294b378d09f.png,0,ec739255c1d701be90e73f6b7e2e80da60f78d3015be5b9b65ed19dc64b32d0f,train
6298468d7d75,6298468d7d75.png,raw/train_images/6298468d7d75.png,1,9e83385f99bb4026b1ca16bfc520e86d71720140c00eadfffff8cb7ff60d2ed3,train
62ab144d5cee,62ab144d5cee.png,raw/train_images/62ab144d5cee.png,2,9ce64cdb966b89c095bbef82ea81d1fe601a6d839db53f712f615196b823e096,train
62b4be2799ca,62b4be2799ca.png,raw/train_images/62b4be2799ca.png,0,54014398fb44da5a5d05636a5a1df1e1b98bc77bdbe0fb5ac06b555b01ba2ca2,train
62b826899151,62b826899151.png,raw/train_images/62b826899151.png,0,73090263a5171cde034458f67c95d7d1f474ecc03da5a269154e59a0d8f0173a,train
62cc7ddb53b6,62cc7ddb53b6.png,raw/train_images/62cc7ddb53b6.png,2,19f178308f40b05126559c81a01842f4fafdacf336c297a245e0e15752690353,train
62e6f814c8f5,62e6f814c8f5.png,raw/train_images/62e6f814c8f5.png,2,877bc9d482131902eeb7318cdee8480c678a7881583f0a9341758db304367771,train
62ecdc90dd42,62ecdc90dd42.png,raw/train_images/62ecdc90dd42.png,2,ed97344a28afa3ddb4c9a7b4b53f084baee8f4525644a04dfc7e11027ebf53ad,train
6324d77cf926,6324d77cf926.png,raw/train_images/6324d77cf926.png,0,6cfeeaa8ad93b767f88e6424b5195026979155317571aa0a75453184fbba8fe9,train
63363410389a,63363410389a.png,raw/train_images/63363410389a.png,1,89f12a9eee3eb44e5f078731ced13e9dd1c8b976f72a521e09e50d9a3b316ee4,train
633fe9dbaf39,633fe9dbaf39.png,raw/train_images/633fe9dbaf39.png,0,1d85c7c6fdc4543e46d77e106ca11cb2406c7711ef9c8cddba68cd49101a7c21,train
6363b360aefb,6363b360aefb.png,raw/train_images/6363b360aefb.png,2,59d993555a056be57761c49a5bf67831e2a76f4dff2ca245b610384183e38de5,train
63b71347e95d,63b71347e95d.png,raw/train_images/63b71347e95d.png,0,86c7a104213c5bd7a828337442d5b881546b7db44f3be473e510ecf725a6930c,train
63c3c571b8ee,63c3c571b8ee.png,raw/train_images/63c3c571b8ee.png,2,d6049a383d02ae7164fe803949b73ed7d398b78e65289cc7560eef1b1464f188,train
63c7b0265775,63c7b0265775.png,raw/train_images/63c7b0265775.png,0,b34cc42afddd9ecadd42059089cc16a2272fb5746562b6c7ee2fcfd258b3a1c1,train
63d217b059b6,63d217b059b6.png,raw/train_images/63d217b059b6.png,2,d5134afd243aebffde03f4d11f192f9648a0cd1c8576b68a202b3c7fc4ce5ac1,train
63e041a757eb,63e041a757eb.png,raw/train_images/63e041a757eb.png,0,5efd0aff5f57a1bc75a14ef80f1d46cc7f8a0e587ccf2c2ebc7d569466a42c55,train
64678182d8a8,64678182d8a8.png,raw/train_images/64678182d8a8.png,1,b756c4b6a030970ff2a8ecf1748bdfa6c77268782452cb75e57c6cf5da44aac7,train
64a13949e879,64a13949e879.png,raw/train_images/64a13949e879.png,2,0c9beb576be05155557d2a74e43ea19dd8cafd30ff6aedb4247466199fde2263,train
64b9206afb3f,64b9206afb3f.png,raw/train_images/64b9206afb3f.png,0,9abc2aaee29e5ee3b32cc68c6d4fbe847e1e267506456adcd062d3a4b720a52c,train
64bad93fde3f,64bad93fde3f.png,raw/train_images/64bad93fde3f.png,4,baa83ace9bd798409dd379ac87a7c658a3dd775b9a5c67999664e51cc8bb8f57,train
64c6c6ee0d98,64c6c6ee0d98.png,raw/train_images/64c6c6ee0d98.png,0,70fdcb109ddd871c76800b3ca590f7961c24e6193ac4c3997590c4f45dfc9574,train
64eb5a79dfdd,64eb5a79dfdd.png,raw/train_images/64eb5a79dfdd.png,1,661cdb589a27b364a711ebbc9c27c34f429005c6bd24f5e0028cc40d9c8d9b0c,train
650104ede84c,650104ede84c.png,raw/train_images/650104ede84c.png,0,223f1f55e13ca676eabe0049405a0912872806ffa94a6b7d1096a27e044610fb,train
6504b703c429,6504b703c429.png,raw/train_images/6504b703c429.png,0,d870de979d137785b0c0989f5ef7d9ff03269ffcf813b3e4dd1294fc8b3c527f,train
6531070bf03c,6531070bf03c.png,raw/train_images/6531070bf03c.png,2,fbbd25140de7948dec67ca24254d399ec9550c6dffcbcf879f90cc13ffbb0994,train
653534ded339,653534ded339.png,raw/train_images/653534ded339.png,2,51d7cebf8d12eeb61ccf6011006fe58cbec3f9f41d2ac02f18fbb16d0a52fdba,train
655cafb4c932,655cafb4c932.png,raw/train_images/655cafb4c932.png,1,d0d5ee3d4679fb56f2bafd8772d87ae4a7e5ae08ea1dbe8ec1280e43198aa0b4,train
658ad9f09f5d,658ad9f09f5d.png,raw/train_images/658ad9f09f5d.png,0,34f7918fb8c24b94f9e5ca0c5062a878f7275e16bcf4f807872ae5718d0b472c,train
65a7fe9482fe,65a7fe9482fe.png,raw/train_images/65a7fe9482fe.png,0,35a3a0cc46c51269377bdf7ae67373b135f26f6b31766d1e2a6d59bfeea3e845,train
65cf00be6fb4,65cf00be6fb4.png,raw/train_images/65cf00be6fb4.png,0,9a1bf7ceebfae28bc97340acdfa14463d6c29a5ce1e41a1b9e6e36b930d0a3fb,train
65dda202653d,65dda202653d.png,raw/train_images/65dda202653d.png,0,f25afdd6e889925eaefedf2be2a7530fe76a264d7b596ee9306faf51755e0ec5,train
65e120143825,65e120143825.png,raw/train_images/65e120143825.png,4,8dfa71b74fc6ab130bd7b85ca96643bf87abc15d4307a6f9889e034b4e169e21,train
65e530ee2e79,65e530ee2e79.png,raw/train_images/65e530ee2e79.png,2,edaa82bc4214104062e315ed1739befa3343eca42ed4e682cd6cca00888386f1,train
65f5d2a6eb7e,65f5d2a6eb7e.png,raw/train_images/65f5d2a6eb7e.png,0,9e5e653754a14e4067076fc27cb417e39ec29f3500ac08d0c0a673f21ea2bbf0,train
65f69234c8a7,65f69234c8a7.png,raw/train_images/65f69234c8a7.png,0,ae52e94c3fec0612b830df4b6b8c947850cfa15513b5a999e5478e1484a7ebe5,train
6630f8675a97,6630f8675a97.png,raw/train_images/6630f8675a97.png,4,b0be90121af544bbc77f3b89406b513c35af8680c1428c59ea9581edcda35526,train
66366a90d1ef,66366a90d1ef.png,raw/train_images/66366a90d1ef.png,0,054c4b1256095022d520ec00837eb9c62b517b320bb92a97df85e4e43ead884a,train
66393d8c60ba,66393d8c60ba.png,raw/train_images/66393d8c60ba.png,0,d1e54df7378063759c33629cbd6d7b17c2219ef099c894a67c4a54bc53e4383b,train
663a923d5398,663a923d5398.png,raw/train_images/663a923d5398.png,2,f25ea819287eaf694e62f08f0d97f294994dad02c6ceac4a1d95d6f5f28163b2,train
66460ecab347,66460ecab347.png,raw/train_images/66460ecab347.png,0,850ae949955163578173a9fc00a271ce75e53b097db756942bb2c9c42942383a,train
6653ad026901,6653ad026901.png,raw/train_images/6653ad026901.png,0,ecb17a2b9f324b9e53ef0f3fe8236f6b7e5529405c3614e98bedc1eeab05a986,train
665ce639a331,665ce639a331.png,raw/train_images/665ce639a331.png,1,45afa35f2756c79a02d30b4f49554f2190187802b33a3ee72db09a341ae34534,train
668a319c2d23,668a319c2d23.png,raw/train_images/668a319c2d23.png,0,2a65e6180f4c65cb02bad0f84ea42054366ea8d5f87964083e2586b60a541a67,train
66bae1ba227f,66bae1ba227f.png,raw/train_images/66bae1ba227f.png,2,8e1eeda8963f2e8b96d3679ed6cb11c3d6e4c5b1dc07bc22c2492a5f8089e5ee,train
66bfec8d6bcd,66bfec8d6bcd.png,raw/train_images/66bfec8d6bcd.png,0,4589d45c0e2c5b68ca84972b2b19e20d56302f5fe765e1a043686aae8a27975c,train
66cd9c28e636,66cd9c28e636.png,raw/train_images/66cd9c28e636.png,1,857d5bf58b3784c938ffad125c356cc4180cf620519f2818ee709a28b74faa9b,train
66d2ca47aa44,66d2ca47aa44.png,raw/train_images/66d2ca47aa44.png,2,9e87fb592cfd7df59222ade561285ef599be824699b517bfeffaa26559bbc761,train
6733544ae7a6,6733544ae7a6.png,raw/train_images/6733544ae7a6.png,2,c7f3fc2fdb994e6bb13861037985507aa6f36ec0341f394b8491d706e6c24a5e,train
6735931000ec,6735931000ec.png,raw/train_images/6735931000ec.png,3,19f8edb697dcd00309e75e0fdd6afa09c3473c0d212c388c73f80093877be328,train
674057ab250c,674057ab250c.png,raw/train_images/674057ab250c.png,2,8e7e25eb78c87667d0a959c4a69fd4db3e5be3ce07c5fcad26b0d77a97747143,train
6762b2b48ea5,6762b2b48ea5.png,raw/train_images/6762b2b48ea5.png,1,5e4c103493d08ecdb9e0d92748b8596d0dda731bc8b65bcf7dc2ea07306aa127,train
677f087cd697,677f087cd697.png,raw/train_images/677f087cd697.png,1,81bb5ebd87cf51d5c0f607c6fc80b9ac261f2999a7ff43fa5b53cd7c55e57077,train
67844c46bc61,67844c46bc61.png,raw/train_images/67844c46bc61.png,2,76df8c80ce18567201fefe9b4d8de8d983194d69a5a0688dee120d7fd4d63d6a,train
67c03349bb31,67c03349bb31.png,raw/train_images/67c03349bb31.png,2,dea65469197fdd8a337a4a6b7b01d617ecc730568b92e2f5cbfce79a5da60aa6,train
67d8f94f04e0,67d8f94f04e0.png,raw/train_images/67d8f94f04e0.png,0,19a5965e84de1d7eb6e2f978b4d9cd9db340e938d398d8278c8688ed7e07781e,train
67ed8cc78b97,67ed8cc78b97.png,raw/train_images/67ed8cc78b97.png,0,7631d8a817073a36a7a450330329323a5af7a1e4b9fe82c9f7ced9417041c167,train
67f5d89da548,67f5d89da548.png,raw/train_images/67f5d89da548.png,1,0b5958662bcb984aed32c33dc5a6c8e7208074d843298b1ba20fad399bd48703,train
6810410187a0,6810410187a0.png,raw/train_images/6810410187a0.png,2,18652af277f0875a50d08db0671ff29a09670bf6817372b334b74045d726e405,train
681c3c115684,681c3c115684.png,raw/train_images/681c3c115684.png,2,8cb21586d9fcbd156a2e09a775ffb38f8d692dd5b5fdc49404be2beeadd47053,train
684dd88a0d49,684dd88a0d49.png,raw/train_images/684dd88a0d49.png,0,3d271d9870d20694d0357f38e90f25b1037582a9dec3ac0530114f69968be5b2,train
6852f4531591,6852f4531591.png,raw/train_images/6852f4531591.png,0,77bcd2f6ee6bd3d585f2f33568eb17bd6f06b7f64f183ce4601a34d90b8cc70d,train
686ed1dbae20,686ed1dbae20.png,raw/train_images/686ed1dbae20.png,2,45577392ffe2e28c52b154b250bd2c0ef1017a453d1d419b575067a9c10fd40d,train
6889bc64ab09,6889bc64ab09.png,raw/train_images/6889bc64ab09.png,2,299079dba17abf3cd1f64bdc4a853b7092b4f7ea0922f4a53b345d0182132d06,train
68987fb159ab,68987fb159ab.png,raw/train_images/68987fb159ab.png,0,049249545166cbd3fcac6cea62ce842fac4d2c9cee6145b8ed6a9a84aaf6ebee,train
68ddb15a74de,68ddb15a74de.png,raw/train_images/68ddb15a74de.png,0,6466ca4963be94597d6986ea0f0b1f58ecd34c00b8e8e34b26147e2233c9f5eb,train
691eeb59b4cb,691eeb59b4cb.png,raw/train_images/691eeb59b4cb.png,0,3354ad23de957bd6d8b5b862f96964906dbda42893737800e8f605aac17edbb8,train
692e946b1f85,692e946b1f85.png,raw/train_images/692e946b1f85.png,0,667f36053a992e30d6900d8ceffc5941380f85e671b61c4ec986d3c7ce0627ec,train
6966abf40b8c,6966abf40b8c.png,raw/train_images/6966abf40b8c.png,0,989f1b554410c5a2ad77bf6e33b22b2ea4ded1495c0910ac488b8c17cdd96691,train
697538183db5,697538183db5.png,raw/train_images/697538183db5.png,3,73c40ac4454b5bec86050cdc41fa12b459eefd1604b1d51af91ae6d62d837d92,train
6987804eb464,6987804eb464.png,raw/train_images/6987804eb464.png,2,cd97dc2a5c50fccabdec9589a744830eec084665f810fc12200a96b75a23aa24,train
698d6e422a80,698d6e422a80.png,raw/train_images/698d6e422a80.png,2,0f3526f3dc5d17a34e0dbe87609a015e07a486d24e5cd3eb2816192afdd8219b,train
69b3a00927fc,69b3a00927fc.png,raw/train_images/69b3a00927fc.png,0,adcbece50135f3d940a6b074d64be162b26babc1352104a02bd94aa2dbcbdf52,train
69c4cbb630de,69c4cbb630de.png,raw/train_images/69c4cbb630de.png,0,aa25a946813c778dad53885172a43ab249b5bf7ac66dcf3febea894a76c19014,train
69f43381317b,69f43381317b.png,raw/train_images/69f43381317b.png,0,04da4a4b7b8554816b4310236db82263046a32c0e55f02d068ea480d8a58dc5e,train
6a244e855d0e,6a244e855d0e.png,raw/train_images/6a244e855d0e.png,3,092ff3f164917b72913f822b38979703926ce73ff46bb9e564426d8268270072,train
6a57a3db3eff,6a57a3db3eff.png,raw/train_images/6a57a3db3eff.png,0,f8e210f39a111cf665e20e1a9ea35c86354870d8479766717550f81026e936cd,train
6a905a7202d2,6a905a7202d2.png,raw/train_images/6a905a7202d2.png,0,9241e9107d9d4d300ffc4b2fc431f9dac1f07d3ab847961a31cb1e69610baf32,train
6a91eb157f47,6a91eb157f47.png,raw/train_images/6a91eb157f47.png,2,98a5b6d040d751e63774db4aa3ca684c7e436fc931ae73f86b9d77758ea39615,train
6b07971c3bf6,6b07971c3bf6.png,raw/train_images/6b07971c3bf6.png,1,cca2edab49ddfd446e49dfe65ec8637e0797f716d2bb50dac39d6608d2892426,train
6b128e648646,6b128e648646.png,raw/train_images/6b128e648646.png,3,7f981e1fa7ba3a8d83015b84c2a65b4d84757ccf4f084be098140049cbc981da,train
6b30767595d8,6b30767595d8.png,raw/train_images/6b30767595d8.png,0,6cdd70e086fcc5181b189b063e0f28a921258d677d7b1e863a38d78085eeedb7,train
6b3860e8f64f,6b3860e8f64f.png,raw/train_images/6b3860e8f64f.png,0,371008388d1617496d8db6cbaee565f839935332b43d4583549700bad88f3873,train
6b664ed2a938,6b664ed2a938.png,raw/train_images/6b664ed2a938.png,0,5d94d751b73af8b5b511c5de98fbc48feb20c848a1da6ef64cca9d83d6fc7a33,train
6b66b0e86f7e,6b66b0e86f7e.png,raw/train_images/6b66b0e86f7e.png,0,aac95d06bb12f2bef441bf03d6ecb3381c0edc968fe4936a0b978e2e6da9dbd1,train
6b869f37cdf3,6b869f37cdf3.png,raw/train_images/6b869f37cdf3.png,2,3917add48868f109c22812b4ad715d1454a173e85c457c44eaf082a98fbcc963,train
6b91e99c9408,6b91e99c9408.png,raw/train_images/6b91e99c9408.png,0,9fe45cdfabda2c0a5e864910eb93b575df092e33dba1db8243da6becf39928cf,train
6ba5ed791444,6ba5ed791444.png,raw/train_images/6ba5ed791444.png,2,57e69cb9d387d9f944a2995123eb275bf8b07765cc08fa01d770f864ebe57f4f,train
6bb30ec3231a,6bb30ec3231a.png,raw/train_images/6bb30ec3231a.png,0,a13786f6bfb17b75e68221f3b62192917e39cdbfaae1a30ac57e5a3ee8831866,train
6bf26b777e3a,6bf26b777e3a.png,raw/train_images/6bf26b777e3a.png,0,2692a9a5f0216efdffa7db3bf8d4abd90c77866d1cd00359381a7a4739098760,train
6bf2a81a5d91,6bf2a81a5d91.png,raw/train_images/6bf2a81a5d91.png,0,a6d14cff7183ba0ef36536581d3e6a7dc63f7c0a37892a2bf12592c4f1e57cbd,train
6c00dd8bf708,6c00dd8bf708.png,raw/train_images/6c00dd8bf708.png,0,72a64ba9873114e6ba241ad2b78eebeedc5c639581a78f393146dec0528393ab,train
6c250a30593b,6c250a30593b.png,raw/train_images/6c250a30593b.png,4,ad913a99340654a423f7f13cc5c8f94b7ba61e8d21308fd3e1f79d131eca692e,train
6c2555a9cae4,6c2555a9cae4.png,raw/train_images/6c2555a9cae4.png,2,cad5a18d373e6e338089f63ea70497ca89dc64315182f34a1006992a5a71b0a5,train
6c30dd481717,6c30dd481717.png,raw/train_images/6c30dd481717.png,0,c3606203b559eb2d1e8387630a44e5446988ace85ccfcffc821fe1cd0d372bb6,train
6c3589d7ed8d,6c3589d7ed8d.png,raw/train_images/6c3589d7ed8d.png,0,0081b64510194b18586dbf37421e1fe0d443b4e24b86d47e652a38fc64bd33aa,train
6c4ec95dd8ba,6c4ec95dd8ba.png,raw/train_images/6c4ec95dd8ba.png,0,866cdbda4eb6b8d49ffc2f6acbae616ed546097ede9009570b3140bb785df290,train
6c6505a0c637,6c6505a0c637.png,raw/train_images/6c6505a0c637.png,0,f0623d677d546120266cfaa4f58ef5eae9d39562ac84e0688eb7a1970011b454,train
6c6efb6b1358,6c6efb6b1358.png,raw/train_images/6c6efb6b1358.png,1,8ec1ca0da2279456c0a43fb76d7601ba62aa28b42aa2a9691a38ca3ccc14eace,train
6c9c902a97de,6c9c902a97de.png,raw/train_images/6c9c902a97de.png,0,b0517fe48f259146385eda59aea271ecd7ebb6fff128458bee9296128f248902,train
6cb96a6fb029,6cb96a6fb029.png,raw/train_images/6cb96a6fb029.png,0,b4bd0fffbaf8b02a150a1e507b99286c3ed236c8e34117d06c5c22409a2d5ed6,train
6cbc3dad809c,6cbc3dad809c.png,raw/train_images/6cbc3dad809c.png,2,cba27a27021b16c0f189f9c338b2f2e280ba3a202b64969cc6d3ea1bf9fef8bc,train
6cd606dc52e9,6cd606dc52e9.png,raw/train_images/6cd606dc52e9.png,4,e21c537b47878e05a699ebe4f0880afd3a6c890f4189625f530f1649b56ecd22,train
6cee2e148520,6cee2e148520.png,raw/train_images/6cee2e148520.png,0,caa715f2c360edbb617f9b12fc1dd0fc345832666d6d76c14178db7d16becfcf,train
6cfb7b44ef6f,6cfb7b44ef6f.png,raw/train_images/6cfb7b44ef6f.png,4,37c0b986091deb6ac402662cf49cedba05114223faa7d8f8cf31b1c88234a604,train
6cffc6c6851a,6cffc6c6851a.png,raw/train_images/6cffc6c6851a.png,0,31464c4396553eb334a61e79ef8ed0f45985047f988b74eba5315fde95900e0b,train
6d0c0531083f,6d0c0531083f.png,raw/train_images/6d0c0531083f.png,3,e96bff579f1cc418208c5066b25fd7ee824e28af521a804cb57b0076b9a5ca23,train
6d10709053ae,6d10709053ae.png,raw/train_images/6d10709053ae.png,0,db9e01d15d4ed9f3e2469b2edb8cdc48ccc0ca04b6cd8222bfd74b88c60bd9e6,train
6d259b5b4c76,6d259b5b4c76.png,raw/train_images/6d259b5b4c76.png,4,ed126c45ba2ab87e1ce11a0922b17e8da189c97aea6ec95f242b13a48b03d4c2,train
6d292ca4c9ad,6d292ca4c9ad.png,raw/train_images/6d292ca4c9ad.png,1,993d36d0bea2575f63d2675e112839e429f6c2419632c1f00ad9551974c53da4,train
6d4f6c9a8406,6d4f6c9a8406.png,raw/train_images/6d4f6c9a8406.png,0,b68477730e5c84fcb6fe490a5f5d4ee67c4444ca7f23fd558f514809ac4dfdc8,train
6d6fcf49e515,6d6fcf49e515.png,raw/train_images/6d6fcf49e515.png,0,af4e6e303ff20337fce31306f3bcf208c16ef778541fdecadfa70f259f25523e,train
6d7d26025122,6d7d26025122.png,raw/train_images/6d7d26025122.png,4,6e5a6c128644dd23126877bc163602192a85beae12b1f6f95fd3933cee13b59b,train
6d9effbcde78,6d9effbcde78.png,raw/train_images/6d9effbcde78.png,0,3a983714c876a56a96587d961250635411fa70a7d3c7d4852f9cde1e646d2539,train
6daef3e5ca22,6daef3e5ca22.png,raw/train_images/6daef3e5ca22.png,4,5c3a5f76f8c35965a64fe53107fd320695200df8a7d6337f59c3582253e45e25,train
6dcde47060f9,6dcde47060f9.png,raw/train_images/6dcde47060f9.png,2,2c02117d8e62893c905f59ff686a8fd63c8ca5f3c15b7d9f3ffaf7415ad95047,train
6df8b7b6e837,6df8b7b6e837.png,raw/train_images/6df8b7b6e837.png,0,8823b7734e9e94aa35d73ad3d5d78c163329bc4f0f74dbe61fd02276bac39dd0,train
6dfd80748e72,6dfd80748e72.png,raw/train_images/6dfd80748e72.png,2,d89f958247ac10c4b5d57a8d801141c9e889c3e62de5ce6a3fad1a0996b1efb6,train
6e018411ba4a,6e018411ba4a.png,raw/train_images/6e018411ba4a.png,0,4c46a76f073258273637b138153357558c9d9a5fd00ce958220e3dc992814538,train
6e092b306fe1,6e092b306fe1.png,raw/train_images/6e092b306fe1.png,2,d3ffb5d4a07ad2de6451fc71320a9713712910f7a9593f7055ebab98e6448947,train
6e092caa065f,6e092caa065f.png,raw/train_images/6e092caa065f.png,0,92c8f4c7c59d35bb0b8c14f8c968d36ea8ced4d3f3b4ef7d332b4f2565b663d1,train
6e0f78e188ff,6e0f78e188ff.png,raw/train_images/6e0f78e188ff.png,0,50de9566195b11e990e9f66ce58d8e47deba71ae0041f91cb7fe4281da5e6353,train
6e1db8711879,6e1db8711879.png,raw/train_images/6e1db8711879.png,0,6c327346cd137f039a4ab19ea360e346198d6b775682c8a678a3a937207ad399,train
6e3526053de0,6e3526053de0.png,raw/train_images/6e3526053de0.png,0,43458582c15431a064bf8f4a5291ad35c90a01213ac7af182a5ec411d4b9f8d4,train
6e44f6d04fc9,6e44f6d04fc9.png,raw/train_images/6e44f6d04fc9.png,0,445c6d9586c8892621d146cd37dad0e6a3eee7fa55b59216da1420007f78e960,train
6e73acb2cf60,6e73acb2cf60.png,raw/train_images/6e73acb2cf60.png,4,b3e6ea244d1c8a15a9df42e6eea2fce8d99494b5c76c589e430ac0f233e612d1,train
6e92b1c5ac8e,6e92b1c5ac8e.png,raw/train_images/6e92b1c5ac8e.png,3,c741bd577687fb6d5337d348d9d3b6e12cbc578dd11d902f89fc8c73fd22dea2,train
6ea07d19b4ce,6ea07d19b4ce.png,raw/train_images/6ea07d19b4ce.png,1,9ffe3afbbc43ee5a607515082d4bb12c4da274f8cab608d42aed7680af452c41,train
6efa36d59ada,6efa36d59ada.png,raw/train_images/6efa36d59ada.png,3,e581536fe3a3389734ec23ecb7f2c71539545933a47921ad024f90302c0e7d7c,train
6f0463c1ff18,6f0463c1ff18.png,raw/train_images/6f0463c1ff18.png,2,ff1ea0d1107c9f27a9177814fa8db3aac790efbcc1b4cd3f7b33d8c07ca16c4d,train
6f0e5848d9ce,6f0e5848d9ce.png,raw/train_images/6f0e5848d9ce.png,0,5a1d0af58d4b3e64b75ef8966c240551db2ca992688e34e082ff18d17625100f,train
6f3b62e5b7f5,6f3b62e5b7f5.png,raw/train_images/6f3b62e5b7f5.png,0,0a752048cf097525c29d8e38ac8293e8879d0671e86b0116a7ed584b60b3a41a,train
6f460f9968c7,6f460f9968c7.png,raw/train_images/6f460f9968c7.png,0,7069c8ef4e2454790fb07e1f2c11223537590578e1766b49dde2270d625584dd,train
6f4e0538d1e4,6f4e0538d1e4.png,raw/train_images/6f4e0538d1e4.png,2,9b2896a7039d1f4b6c7460e3c14a437267dfce6a9652ed8110347a045b93e731,train
6f923b60934b,6f923b60934b.png,raw/train_images/6f923b60934b.png,4,3e21ee7fb8f84fae19385d531766577b2c59dbce101ff64a28ad38a39995ebc9,train
6fb656d506b2,6fb656d506b2.png,raw/train_images/6fb656d506b2.png,3,ac438deda885263f778530f7c14a890688baa52e9cf1a62039ca341c942f6fd1,train
6fbaaf8eb67a,6fbaaf8eb67a.png,raw/train_images/6fbaaf8eb67a.png,0,3e3681057fed1c1f6147280b781635b45d70e8704ea3781954ceb8041679e02a,train
6fe4751a3b42,6fe4751a3b42.png,raw/train_images/6fe4751a3b42.png,0,67219fbdf05635271b7f5a4334d10bdac12500da4cdc64c7f304d320d37c9da2,train
6fe67482bfae,6fe67482bfae.png,raw/train_images/6fe67482bfae.png,4,f038e8f79954301eb92280537497a2ec62a29d2b9ee655327e511f96a302ab74,train
6fe67fd7f5d1,6fe67fd7f5d1.png,raw/train_images/6fe67fd7f5d1.png,0,0d08324aa35c70eebee435f4a6f2994dfab6c6f70b909fbd48f5a5feafcc9d72,train
702de9dcde32,702de9dcde32.png,raw/train_images/702de9dcde32.png,4,ddbc94fa131fd2620112de06d98d5659c64620f04b71202ede1d175f4fff61c6,train
705f508d1e42,705f508d1e42.png,raw/train_images/705f508d1e42.png,0,f194fc60376d455dec2e942d7204b7456d4d252534c669e1060383104be1d9ff,train
709784f7fcc2,709784f7fcc2.png,raw/train_images/709784f7fcc2.png,2,cc1140a95581f35f05bf61c1143b60cb2e2b86468f20d2cddc2c411a5e610b80,train
70d657f8f503,70d657f8f503.png,raw/train_images/70d657f8f503.png,4,315fd73c7142462c21d2bda4f3fbc89caecfcfd5790158d49be268273f4c2b6b,train
70f5caf5f305,70f5caf5f305.png,raw/train_images/70f5caf5f305.png,2,ee1d40cbcefae223ccc57b5f7f0ab2f0a04bae7ba68be1737e13633e04146748,train
7102f29e052e,7102f29e052e.png,raw/train_images/7102f29e052e.png,2,80c8822931dc66c170da640e170e2545e1bf73a76bcf7543575b5627f7d59843,train
710b05a96e0f,710b05a96e0f.png,raw/train_images/710b05a96e0f.png,4,67d3737db28a21b2e8b7bd2b12dc1c33b390d409fa7f2c2c27617f255c0ee497,train
7179f85bfd6f,7179f85bfd6f.png,raw/train_images/7179f85bfd6f.png,0,e902cb111580c99dafe985be81bdfffcfd164a2095abfe7b6470941e0ff496b5,train
71e4130bf5c8,71e4130bf5c8.png,raw/train_images/71e4130bf5c8.png,2,e382012994f1b3b538608b4cfedbb8777b70f9e342d0748e7c1c91dc16d3b8a3,train
71f6a6e4620a,71f6a6e4620a.png,raw/train_images/71f6a6e4620a.png,1,27f89affb34161a56e52b50388b22ed26e2a15854785b12950eefe0a2eefd2e6,train
720b5f62ce80,720b5f62ce80.png,raw/train_images/720b5f62ce80.png,0,9c3743b1550dc39fe8fa1c83ba28f4932c923bb7cd3798d08f01e39cfaf3e198,train
721214151233,721214151233.png,raw/train_images/721214151233.png,0,5cb5b6b23ca0cf3101f4eb571e9f1cd9ec987d1cc3ccc391adcf48e86881f4d9,train
7214fc7cbe03,7214fc7cbe03.png,raw/train_images/7214fc7cbe03.png,0,1bf8ae3d8b3facecbeefb763b77fb0def11926c6a018e8c99cdda12a4f79212a,train
72606afaf3da,72606afaf3da.png,raw/train_images/72606afaf3da.png,0,810b15e834796bdc54b0690897efc190123e0ec8fde8f24586d9aeab087eb449,train
7269a1d84a57,7269a1d84a57.png,raw/train_images/7269a1d84a57.png,0,3f4d876907b5d25ea8e8eeb4954058b9529c6b85c9e158eb4f357586a721bf95,train
726dff37edc0,726dff37edc0.png,raw/train_images/726dff37edc0.png,0,90fcf7b7926d75636981771fceeebc63d60fef53d68b9e9fcf376ec0aac390fa,train
7270367410a1,7270367410a1.png,raw/train_images/7270367410a1.png,4,759d9436025e0dd4bf3c3316c83eee7cf469f9dde606dd9a3335a06fe4f054dc,train
72a867980067,72a867980067.png,raw/train_images/72a867980067.png,0,13d845e327cf54ba2f658bdabe9ae2efe85ca2b85a1d57fbd9fcc668b73c0108,train
72c31aa48e2c,72c31aa48e2c.png,raw/train_images/72c31aa48e2c.png,0,83f97f90fc348e0c505fc3bd6c77d3b259012a1fdd53efc214044ddf5cad7d9a,train
72d98188648f,72d98188648f.png,raw/train_images/72d98188648f.png,4,3ce83c42a3fb12a663b328efe875b42eb4dae98093cbcab0a32315637f243143,train
7335a2d43ada,7335a2d43ada.png,raw/train_images/7335a2d43ada.png,1,08d63bc3daa370102d5948e3c422568f7bf9343c5296424fa9a531e4b924413d,train
7347bd23ba80,7347bd23ba80.png,raw/train_images/7347bd23ba80.png,0,edf9f46664033976866feadf839ef3cd90685254fc430fdcfb07bae95009b950,train
7347f5133a6a,7347f5133a6a.png,raw/train_images/7347f5133a6a.png,1,c9bc99b44c0b853344abc28d4e4af4765262b1dee30bed717eb45443e2ab8b18,train
7356dd08b0ae,7356dd08b0ae.png,raw/train_images/7356dd08b0ae.png,2,766b9d362a76a14acc5a5d0def780229ca80337fd64db2d1abe98f6034547d93,train
735836b1ffa6,735836b1ffa6.png,raw/train_images/735836b1ffa6.png,0,bd12625545745e54cbbf25c19e15ab67371fe78b377d1ebdb78caaa089b02820,train
73881f55a3ec,73881f55a3ec.png,raw/train_images/73881f55a3ec.png,1,a7e17e08062b419a560362c2aafd33547f722ff7359a90ca93c63779aa1d6185,train
73ba798fee25,73ba798fee25.png,raw/train_images/73ba798fee25.png,0,b14cf8a6c319579edcd21e1eda36563349fdc1d27a5bb8da46b064c1b9255041,train
73d40ce06a67,73d40ce06a67.png,raw/train_images/73d40ce06a67.png,0,3eef7a430f66eabee15b7805c9cfb9cbb02f315cb6ecf3316348e13eb0765e9c,train
73e83a07a16d,73e83a07a16d.png,raw/train_images/73e83a07a16d.png,2,a76cea8fd58094c4d854436099bbd0637a3c5ea81373b8ca05c54897a7e84ec3,train
7427dedafccf,7427dedafccf.png,raw/train_images/7427dedafccf.png,1,adab56db529cd2b665c85bf9e5c76d0ba4774142e292c9ce686cbc7065c36770,train
7435e9a3e36e,7435e9a3e36e.png,raw/train_images/7435e9a3e36e.png,0,2b23878985efed5ea9aacee99ed39b550cb17da830c4de9144181208fe57d74a,train
74418f620068,74418f620068.png,raw/train_images/74418f620068.png,2,2f366e6b6d62ad7401e5f44af33bba8388a71624b4c7c85b65049cf5466428df,train
7455e2b5fc57,7455e2b5fc57.png,raw/train_images/7455e2b5fc57.png,2,634b96755555574a7d49796c97c181c77849d8e930b338f00558d8ff16bf87be,train
74eee788edee,74eee788edee.png,raw/train_images/74eee788edee.png,3,e17ab37de4d2aa70aa41c2fcd9d879fde442852b71e5e6ce2a80d9cb33b282c7,train
750e0168399d,750e0168399d.png,raw/train_images/750e0168399d.png,0,b12a0ae1bf3b87c21de1dc89d654952041adaa50a15b72376d38ca140482f6ba,train
75238d945315,75238d945315.png,raw/train_images/75238d945315.png,0,976149e306a595693a9ffbf5e4dc50476cc4080c70c22f8da4963606165f6f7c,train
7526c59c36d3,7526c59c36d3.png,raw/train_images/7526c59c36d3.png,0,98896c6cf93f7267ce5a4b9f0e10a2e955518630d13686700a0b91d7675ec6f2,train
7526cf435753,7526cf435753.png,raw/train_images/7526cf435753.png,0,9a5daeedf93069d8a94d0f13df0fd0b6b90ea7371683a02628b13a2f65ee87d7,train
75369248dba0,75369248dba0.png,raw/train_images/75369248dba0.png,0,45d7ba0d74d244cc0c6aa6e56dfe88daf75c9c03485e895d276693e3dda5594f,train
753b14c27c83,753b14c27c83.png,raw/train_images/753b14c27c83.png,4,ed986e8670d156ad6dfa5bd6aad35f9514ae14b1ccbf383955afeeeacba7d43b,train
757572337fd0,757572337fd0.png,raw/train_images/757572337fd0.png,2,67e1a007db8350387cdd223d6ba90871e9219acce05ed7e2375676d4eb88250a,train
75a071608ea6,75a071608ea6.png,raw/train_images/75a071608ea6.png,0,9ac1218c2de8b11a677ae59c6d06f95861c900b0a1ed2a9e38045f29cdfb2c7c,train
75a4343b12f9,75a4343b12f9.png,raw/train_images/75a4343b12f9.png,0,44f381467b43c9ef42e61aa954cb928c657506a802301b23d96893292111fc22,train
75ed83dbccce,75ed83dbccce.png,raw/train_images/75ed83dbccce.png,0,15e0cf2d8d57c9c72a7098e1fc2c1dbc2c97d9f15b0673ec73de147b758fea42,train
76095c338728,76095c338728.png,raw/train_images/76095c338728.png,0,441cf51d3d2b4c09371d2b7cef26b8bae0b3114efe145fd458d22b9d7f9f992d,train
760b6f4c6d82,760b6f4c6d82.png,raw/train_images/760b6f4c6d82.png,2,aacef0d355a1a747d29652be5c9e59448d5e2f427d92b88c3e812d04fda46f45,train
762d6e5d5068,762d6e5d5068.png,raw/train_images/762d6e5d5068.png,3,55256856ea2e5dfb1e0f684aaf71a68d65e0409d3566c917a0d9555169e7149a,train
7635921c5efb,7635921c5efb.png,raw/train_images/7635921c5efb.png,0,8929dbd60f6f19e89cae8792d25965e0ba553aef770ec9af153933b15d2cd73b,train
763ad1236efe,763ad1236efe.png,raw/train_images/763ad1236efe.png,0,3e38df556a1f48de17e5ec07bce1731b0868b5ccf594186d18d56851f9d38254,train
76516f828d88,76516f828d88.png,raw/train_images/76516f828d88.png,0,60a5abe5f25f35f6e650254a7dfeb0cc739cbee65cc3932ce9e542a54611ddd6,train
76bc31e0d3be,76bc31e0d3be.png,raw/train_images/76bc31e0d3be.png,0,60b58ce5cb3c58ae8b6f0cbb1f981b85e11af2ce6e2afd9d27a47868b5daf38e,train
76cab26493f1,76cab26493f1.png,raw/train_images/76cab26493f1.png,0,026ca3682189bf3cf4c9987d19b444f4f81c328639e1dd45f5c310c9c28f2925,train
76cb010f7aa0,76cb010f7aa0.png,raw/train_images/76cb010f7aa0.png,0,5bca9e688d999ab1663bb134a536b04a71b2b633a727257523051fb0ab9afa24,train
76df141d966b,76df141d966b.png,raw/train_images/76df141d966b.png,0,116c79135acdfbeaa8eab5660afb5155205ca3b7e884ca98cf9f69a1f7f5c0de,train
76e589911303,76e589911303.png,raw/train_images/76e589911303.png,1,19957b09f9d1832d0605476f57b6414a3804e17ddfab9eaeb02397d3f2f6696e,train
76f3473df8a6,76f3473df8a6.png,raw/train_images/76f3473df8a6.png,0,8694f156b33fc6f31faf075d43bd9a8ed96242ead9bc9cf1fef4821b85828909,train
772af553b8b7,772af553b8b7.png,raw/train_images/772af553b8b7.png,3,62471f4eaab2d9e5481f4a6682cc00b69ccc2e034f04b70ee6305127f7d3abe5,train
7743f4e04a6d,7743f4e04a6d.png,raw/train_images/7743f4e04a6d.png,2,5c1f1792a9545d06fbb0ff1e5198fdefe7799e7a9aa8cdae29ee74ef52e4843b,train
77543f66a84a,77543f66a84a.png,raw/train_images/77543f66a84a.png,2,ba37bee54de2add2075866869e8a6aa124ea688393a80fc7be9342e4b81b0bd4,train
77b7b71ebcc3,77b7b71ebcc3.png,raw/train_images/77b7b71ebcc3.png,0,aef8952cc8da058283f0b5f44cfc2d4da1c36e4d7f1242582b60346b3db1191d,train
77baa08a1345,77baa08a1345.png,raw/train_images/77baa08a1345.png,2,69710ff727aced65924fad02499b03f508000f85c45f8892ffba7bab6cfe4d30,train
77f69c7ff324,77f69c7ff324.png,raw/train_images/77f69c7ff324.png,2,b6ab9585eddc9c6ab9854445809af1a5965e0cd06c9ef42bfffc4ac0fb182b0f,train
780be525036d,780be525036d.png,raw/train_images/780be525036d.png,0,5c1ce3bcae44e6f491835c99145bde4ac616473cfe26857aa2996df26108cad4,train
780f9c237c56,780f9c237c56.png,raw/train_images/780f9c237c56.png,0,1a24ee8d66b9ef06f9b0c8f553f3e63a8f9fb796b2ab39da1b691229aa4ac16a,train
780f9daaa24b,780f9daaa24b.png,raw/train_images/780f9daaa24b.png,0,27551ef8f52b60323f7b79e0c1bd19551e2f2bdb8a817d55939f9ca9ad72be6e,train
7828dd083cdc,7828dd083cdc.png,raw/train_images/7828dd083cdc.png,0,8bbf2915cd2fa69667518684bfee45219110c73b9645564e678ed045ef28e076,train
7831ce1d895e,7831ce1d895e.png,raw/train_images/7831ce1d895e.png,0,924595e452e996ccaf959494d5859d9075d9000809957b4d1044a4349830d886,train
784d6d302f98,784d6d302f98.png,raw/train_images/784d6d302f98.png,0,6178501e1826bc0b31477600a8695b94b7609c8a4d754c4f5c07ea4a6e3fb2be,train
7877be80901c,7877be80901c.png,raw/train_images/7877be80901c.png,2,a87b8b656ab9e5ddb53f624865d754996fadd4fd2fc42c88be80f6a910d3b0a5,train
788ddb0b70b7,788ddb0b70b7.png,raw/train_images/788ddb0b70b7.png,3,91a94456cbe20c61ae8e4b8eefaa986128d2c5703e475a928ba871717d74b1cb,train
789434d095d1,789434d095d1.png,raw/train_images/789434d095d1.png,4,8ce2b356fde5769e0b109475b11bf4dd3824f5cc882c17a5294b5c8a54e36a82,train
789f0ec1eab8,789f0ec1eab8.png,raw/train_images/789f0ec1eab8.png,0,af462062642743337fd001def7517f25bfc15862455578709f1da67362c2f972,train
78a577c3e0bf,78a577c3e0bf.png,raw/train_images/78a577c3e0bf.png,2,7c185088a35d5043ea92d6072bb169ad4e0383a67898b09cffa8fa9069a47a79,train
78b3f819dcc5,78b3f819dcc5.png,raw/train_images/78b3f819dcc5.png,4,799514573d9c4d0a1619dba71c0d33b3fa1e16b79a7013a39de0d0fdfd8a876d,train
78bcdffb8785,78bcdffb8785.png,raw/train_images/78bcdffb8785.png,1,0273872278d6456d4017e4ac8870e749e25d80e38396d8efe2a65bcf7f70fb60,train
78d53c82a23e,78d53c82a23e.png,raw/train_images/78d53c82a23e.png,2,0bea9fdd450813b178a7879bcce4b9db6d0aa9f2bd1290bc09fef5887d1f1328,train
79540be95177,79540be95177.png,raw/train_images/79540be95177.png,2,f9ace1027fada9ae0809f4d4d97126a9da7e8c29995ac2ede7dc5c9ddf18b10f,train
799214e8b07c,799214e8b07c.png,raw/train_images/799214e8b07c.png,0,2fd28f1a5f56856eb6818820d0507f589bc4ff11e0ac2b77c174642c8ab1609d,train
799cb4c816ae,799cb4c816ae.png,raw/train_images/799cb4c816ae.png,2,f152cc65de5e9c0519c06bbccf24e3e61a438c0c0985cda13be932fa5c208b08,train
79ade634c633,79ade634c633.png,raw/train_images/79ade634c633.png,0,343de7224049ac621027675fcd5b83c859c693f644a41f2113acf075a88202db,train
79be2ff796bf,79be2ff796bf.png,raw/train_images/79be2ff796bf.png,2,932af26e0f77a09d6d4f7ce471accc011defce1fa087b1e54a9c52abebef2636,train
79cbae28d8b2,79cbae28d8b2.png,raw/train_images/79cbae28d8b2.png,0,b32f35a4abf5a91ef1975a4b8370b80e743d4c905139b7052d5d6f349dea230f,train
79d44db3da2d,79d44db3da2d.png,raw/train_images/79d44db3da2d.png,4,9af4399cfa5f4db93da35bc0505db53532fa234853625e53be1ee9fb24076243,train
7a06ea127e02,7a06ea127e02.png,raw/train_images/7a06ea127e02.png,0,9ab9afe5e3aa803eb1e55f9356cb7cfc698bc5f4af49116f5a9287b6edccae7c,train
7a12f49e29df,7a12f49e29df.png,raw/train_images/7a12f49e29df.png,0,aab2e151a89dfa5f543c8308313a28d8e6989feeae61d313e0bbf28970e63836,train
7a238a1d3cf3,7a238a1d3cf3.png,raw/train_images/7a238a1d3cf3.png,4,22fbdbc53fc71d252fc144a575ed23243f9957841fd598b191cc863efbb9b690,train
7a39c91416e2,7a39c91416e2.png,raw/train_images/7a39c91416e2.png,0,89dc93422bb527dc1110b43049e73c2d447dda5fff2f0d005ee58dd95c001daa,train
7a3ea1779b13,7a3ea1779b13.png,raw/train_images/7a3ea1779b13.png,1,6769c60f901e98f6ae981351676e79b54217d2eee93fccb5f2457c63d8fecd92,train
7a42443ed106,7a42443ed106.png,raw/train_images/7a42443ed106.png,0,3a0d7f599e5282c155fbee73d0d56a2313b76357fa01b9b2f2a59dce4a19e23f,train
7a6e384a0846,7a6e384a0846.png,raw/train_images/7a6e384a0846.png,3,8446ebf0d0fb7567469ff585de4b1bf8aeb8ddf8cc2e128dd9a2fdba11df595a,train
7a9f45fdf29b,7a9f45fdf29b.png,raw/train_images/7a9f45fdf29b.png,0,21f6308efb70047956825639b58047050ea1601941695b8e52137068a095b45a,train
7aabd768abff,7aabd768abff.png,raw/train_images/7aabd768abff.png,0,73c3868ef0b2ab60bec1144e3081e76b5ba458dea79b324fccc17b8e7dbf8f56,train
7adfb8fc0621,7adfb8fc0621.png,raw/train_images/7adfb8fc0621.png,0,c32638fa6e3aea4d3a7a1f3b39a0e605d49617d6b5292a2e814b03507155fd1b,train
7af4d8704032,7af4d8704032.png,raw/train_images/7af4d8704032.png,0,73ccac6a89b189021f6f616ee95b04943253cc63a288f7c4c05d2b1105cb2dfb,train
7b20210d9120,7b20210d9120.png,raw/train_images/7b20210d9120.png,1,7a60032342d8926bbc0a60a0f30f799e96556dbd0b0e7a5a4ba0cd3ee5154418,train
7b211d8bd249,7b211d8bd249.png,raw/train_images/7b211d8bd249.png,4,44ca69f931ee121369558717f8a1127902c1e1b6c978d5126021cf13d65708fd,train
7b29e3783919,7b29e3783919.png,raw/train_images/7b29e3783919.png,3,e9b66c603a4aa78bb9052cf75a857210f7fa4d080d3a74310003382b128f30fc,train
7b691d9ced34,7b691d9ced34.png,raw/train_images/7b691d9ced34.png,0,8ebc869d916af90be1cc7f43a29f04a7e7c456e98c4c01b27bad2ab9791da7ad,train
7b87b0015282,7b87b0015282.png,raw/train_images/7b87b0015282.png,0,5817efc9f993fdde456e5d66ede3ca70fa3f67fc947b9482b9a6cf55462875c5,train
7b8c78b41c0d,7b8c78b41c0d.png,raw/train_images/7b8c78b41c0d.png,2,3b0214223cad87c9d090758bce1bfec015780ee59a04404a55fb4bbfe6b4d97b,train
7ba6b23c4b46,7ba6b23c4b46.png,raw/train_images/7ba6b23c4b46.png,0,806b9364a1afb7481c3c7ea89c51ac064eec9c6fff8fb79edba5ce67f2b1bea4,train
7bc00e58d419,7bc00e58d419.png,raw/train_images/7bc00e58d419.png,0,1f5317cdd3f3116e980f1471a994f37b8f5631d3382cd111fafba0cf9089ff9f,train
7bc2e0fa3f72,7bc2e0fa3f72.png,raw/train_images/7bc2e0fa3f72.png,2,0cab6055390645863f2dea0e831a69b8a782c8799fe2a82ff152351ca074a825,train
7bc4dd99eee5,7bc4dd99eee5.png,raw/train_images/7bc4dd99eee5.png,4,546dfe74de5ae0cbd289ba3455c88d9ac2ee1baf62a62a579ff0b0202f29e5a1,train
7be1b9aa78aa,7be1b9aa78aa.png,raw/train_images/7be1b9aa78aa.png,0,c3e635eabd065971362b6da7ce032187e4fe2bf783d4cf27ff9071193a5f5841,train
7c2e852171c0,7c2e852171c0.png,raw/train_images/7c2e852171c0.png,0,4cb0116d5381a3f56eb231e2e7e72ba96bb9805e3ab76c0f22e37b4adba9452a,train
7c2f820a6425,7c2f820a6425.png,raw/train_images/7c2f820a6425.png,2,7d103977529eb24513be261ba016e4ba16deb1d45fbacdca99540fd3b39b30e1,train
7c3747c0b2c3,7c3747c0b2c3.png,raw/train_images/7c3747c0b2c3.png,0,a1f632c402071679d039c1a55d3ebf44a4e4b9f7660f5f171277a10b283b8a4c,train
7c52fe73e748,7c52fe73e748.png,raw/train_images/7c52fe73e748.png,2,f06636e7697f0998a0b7eae938223cba16b3f05c9224aed63016c3fd436becc8,train
7c6594b50690,7c6594b50690.png,raw/train_images/7c6594b50690.png,0,9f5a471cf283f41397e01bb6cc9a478cd6eafa9edb1d4a53a2ee812f7d200b3e,train
7c90ab025331,7c90ab025331.png,raw/train_images/7c90ab025331.png,4,8f8963d9b038883a6bc5f3a104778d863bf65e3fce687640f6a0cc4cb0141d36,train
7cc4b7aabe04,7cc4b7aabe04.png,raw/train_images/7cc4b7aabe04.png,4,76eab6ab700ea41892f1f6bf7f78b1d3dc161ece853b304af68786eaa53fd418,train
7ccb267fd394,7ccb267fd394.png,raw/train_images/7ccb267fd394.png,1,b1c13f18d36aab0152f795213e019c7779de4066d3334d8b077bf1ea05eb199b,train
7ce671f952be,7ce671f952be.png,raw/train_images/7ce671f952be.png,0,de1d20cafe51b0d8133ce327985675380389dc7b1931497876cea0b65a7e9bfa,train
7d0a871c45db,7d0a871c45db.png,raw/train_images/7d0a871c45db.png,0,a9c622b8758c2db9043f36bebbc9b43af873662d6ac2c38d67b9dbd70b5a8067,train
7d11dbc1e738,7d11dbc1e738.png,raw/train_images/7d11dbc1e738.png,0,fc13969dbcba949d11bfed87f9eee5ad61f9e8d6cdb0da14128eb39106dcd1ac,train
7d1b40fdbd86,7d1b40fdbd86.png,raw/train_images/7d1b40fdbd86.png,2,bd296f87e738ffeb1be123003008857c2a2c0e993eb831cf02c2c3947f713a04,train
7d1da90d3ca9,7d1da90d3ca9.png,raw/train_images/7d1da90d3ca9.png,2,b353fe14d1798eb16134543aa0943e85e4ff10de0c7c612bb6ad69ff52ed1df3,train
7d261f986bef,7d261f986bef.png,raw/train_images/7d261f986bef.png,2,6fe6122554217870ff0b81879ccc189b51f62110576ca1ab0857e26606742b82,train
7d626a7ffe76,7d626a7ffe76.png,raw/train_images/7d626a7ffe76.png,4,3a277bd82c616a0ac9cdc858b887435d86cca1b6b54f24088e3454843e97bf31,train
7d8f67cadc29,7d8f67cadc29.png,raw/train_images/7d8f67cadc29.png,2,3f2cf64779adecef8381995229fabcf26cfa9dc4875b9648d10dc647d80901e0,train
7d94a000c2d0,7d94a000c2d0.png,raw/train_images/7d94a000c2d0.png,0,f4419fb1352789adb10f95e4e8ceb098e201ebd601200f564d73f29f1e3de161,train
7da558d92100,7da558d92100.png,raw/train_images/7da558d92100.png,0,79c2e2bf239c4c91f2d85fd042523d8d94b633e26d454f983c47e794d9303341,train
7ddcfcea7369,7ddcfcea7369.png,raw/train_images/7ddcfcea7369.png,0,1bc060ee857eaae04c1dbf4826e0c118d4e2d6bf55f291cfa1783ad4ff681845,train
7dee6bf8b9c1,7dee6bf8b9c1.png,raw/train_images/7dee6bf8b9c1.png,2,60624c895053478106c4922471037659ad8e289a14819c2a703516cd485dfab7,train
7e0598cc88a0,7e0598cc88a0.png,raw/train_images/7e0598cc88a0.png,4,319f6cb0551cb6bd4155ee8336cff63aff361cb12eef77c170c257404c4cff97,train
7e160c8b611e,7e160c8b611e.png,raw/train_images/7e160c8b611e.png,3,591a413afc3eec9844ad826cab002675358848d2e7427999047fa119ac0e781c,train
7e5a76c4e103,7e5a76c4e103.png,raw/train_images/7e5a76c4e103.png,0,c24ce8660b94529082b0f388769086b7db76b8154350e3e495a878c2150d4efb,train
7e6e90a93aa5,7e6e90a93aa5.png,raw/train_images/7e6e90a93aa5.png,2,a126bff2dca8923dde04c1247eb8807a92842c5030667ae4f68648a354e8e864,train
7e77b61e1639,7e77b61e1639.png,raw/train_images/7e77b61e1639.png,0,4097c8112cf486a8b48d72cdfdd476318eed21a433e66b2a599681aefa5ace78,train
7e9458de5707,7e9458de5707.png,raw/train_images/7e9458de5707.png,2,a81a5a412c885777216f80e504141e818e9f8b043022dc1539ab4a8971dcee9e,train
7e980424868e,7e980424868e.png,raw/train_images/7e980424868e.png,0,f4f47730b37ed52b9bbe688c983eb38d3e30a07d017341628039b9a7bfc61999,train
7ea756985353,7ea756985353.png,raw/train_images/7ea756985353.png,1,7649640e69c77a4e9d95b054725e83c46ad070c5dafa583211c69ceb530d0d7c,train
7ec0e61a7e29,7ec0e61a7e29.png,raw/train_images/7ec0e61a7e29.png,0,850bc5e742ecd7a33926e79fc32e3f534926062004d492a6fcaf4b8d8b59ec03,train
7ec1ffe8220b,7ec1ffe8220b.png,raw/train_images/7ec1ffe8220b.png,2,7eb2a60bac31358d4521d84e273a6f49e1727588bf69cd073f307d82b8681f45,train
7ed4128b2a4e,7ed4128b2a4e.png,raw/train_images/7ed4128b2a4e.png,0,22b98b7e1310251a780f7026afcc7d5b6fda3627ae9e1f518634ab7d70805fff,train
7ee6de71c140,7ee6de71c140.png,raw/train_images/7ee6de71c140.png,0,f2ed8b9445510553e8a4d457a2aa1ecc3a4bb23fbbbe95e6316fff91615e89bc,train
7eeb191ad06b,7eeb191ad06b.png,raw/train_images/7eeb191ad06b.png,0,b640f8817696720d35bbb3446be9080ada74c40dc67d509a4abaef764f7308f0,train
7ef5ff774a48,7ef5ff774a48.png,raw/train_images/7ef5ff774a48.png,1,014dc9c59201eab5884e5df3e7070d6e1469c86befd76fc4e544679cf2efb44d,train
7efc91af4ae6,7efc91af4ae6.png,raw/train_images/7efc91af4ae6.png,4,b63b45f3f4e76ad4e12e9dedb2efa306bffff97c0ea4ba3bfa3437ab2efa25fb,train
7f0ffeb0a333,7f0ffeb0a333.png,raw/train_images/7f0ffeb0a333.png,0,face74d38e3d769e2faddb1b765c383d200a444ba89cf0caaf0401e07c7a167c,train
7f1f3269f546,7f1f3269f546.png,raw/train_images/7f1f3269f546.png,0,2b44a17e4a5b7ea24654f56998d0df95ab7e6ba32e886eb89fdc768aa00c06b1,train
7f2123bc89a3,7f2123bc89a3.png,raw/train_images/7f2123bc89a3.png,0,38f81093ad4c8891562462273e555b1d06492bd70e1170f2357615483f310326,train
7f2cce721e19,7f2cce721e19.png,raw/train_images/7f2cce721e19.png,0,5627c8f829c8bc1ac1f653127ba1818804c6e7c83f7a25ddfef2bb1235c407cd,train
7f39c36469b5,7f39c36469b5.png,raw/train_images/7f39c36469b5.png,0,67f1d0e83640e0edd0846e2b389c541b2bae16cdd4109806d21e3e303046165b,train
7f84284598f5,7f84284598f5.png,raw/train_images/7f84284598f5.png,2,0e59249c3be1558081ab7cfff5240ba8dc5ed76b8d5d940972cbd3b0ab6918f7,train
7fdb177b8f7d,7fdb177b8f7d.png,raw/train_images/7fdb177b8f7d.png,0,709bac05c899021812b8091ed83264022879cbc02837e9da95f82226bd5044d6,train
7fe7309d0b4f,7fe7309d0b4f.png,raw/train_images/7fe7309d0b4f.png,0,d4060138252f07f3eeef6a7a3680d39e06259c1760cb511c88875fa203f98ae8,train
8000a6b97a84,8000a6b97a84.png,raw/train_images/8000a6b97a84.png,2,104d152aebb16d959ee803cd7b69c99144bd11e00fda7636645fcd6809ab6b56,train
80a02014b418,80a02014b418.png,raw/train_images/80a02014b418.png,1,f85a31c66c8ce8a3375cc0095d851a8049cd14f3bfde58c5c74e0ac94439c17b,train
80b5a9519aec,80b5a9519aec.png,raw/train_images/80b5a9519aec.png,2,63603f4afff93a43b5104262a04dd972a15f6261a03e2ac55473252652234b1c,train
80d24897669f,80d24897669f.png,raw/train_images/80d24897669f.png,1,38f85514cdcc79212e5e991349f6dc6f0453c8b8758fe14cfd2c4859c5cf9412,train
80dbeb0fdc75,80dbeb0fdc75.png,raw/train_images/80dbeb0fdc75.png,0,507aec5bb9d2f83e5b01c51ce26122236897c1b222e9895ece32173c3d98fcdb,train
80e7cc0a0649,80e7cc0a0649.png,raw/train_images/80e7cc0a0649.png,3,6d15a3143857e644240770caae6aec93166010585a21572ece8f244a017499d8,train
80ed04a84a16,80ed04a84a16.png,raw/train_images/80ed04a84a16.png,0,676d3e40d0655705e18c1d03e52a2fb32cadba633611571f90f16c1f24b5f5c0,train
80f6b30ece8c,80f6b30ece8c.png,raw/train_images/80f6b30ece8c.png,0,04e9fac2522516ae28a031041095c26a6939eb747354155d33f2caa8031342a3,train
80feb1f7ca5e,80feb1f7ca5e.png,raw/train_images/80feb1f7ca5e.png,2,be36a90b3a0c7155876f557d25227e48bdc1b27c730db94ea22dc0852d154a17,train
810d3779abd9,810d3779abd9.png,raw/train_images/810d3779abd9.png,3,759041a007ce2c2879ddfd681f795b110aadef2e58da2fa8770d00cfe42f3c1f,train
812d5adafaf2,812d5adafaf2.png,raw/train_images/812d5adafaf2.png,2,7af14da6dafab2c6ab501edbf13ccf485b22a49b230517eb96c3d00beee56e8a,train
81704925f759,81704925f759.png,raw/train_images/81704925f759.png,0,5e1c7ebfdd94256c307b162903dbc1a6eb9d05abecbcac6db865e47f5d7276a5,train
81bc03e2ff2b,81bc03e2ff2b.png,raw/train_images/81bc03e2ff2b.png,2,886f998fda3446e28004d1ac1cb4c4d4537f483e86289e5f9ea1613eebf8c217,train
81d79d53ed7b,81d79d53ed7b.png,raw/train_images/81d79d53ed7b.png,0,7ba321d82fbd7c92a80b93d8871a6467cb0d9858f5d4a4a1858d911313194290,train
82088c6734e6,82088c6734e6.png,raw/train_images/82088c6734e6.png,0,5f4624f22fbcb29754ccfc553ad0a62285abf63e130ffb40b05edbe4595d6d26,train
821789e9053f,821789e9053f.png,raw/train_images/821789e9053f.png,1,6b280fd8b34c09595b1b6a7bb30186567777d264314fc10d24915e827db10990,train
8241e43408a8,8241e43408a8.png,raw/train_images/8241e43408a8.png,0,08881d338f3251c28cc79ef07b5b2c44f69222a34cf4024315d8ffedf14784c3,train
82910bba4753,82910bba4753.png,raw/train_images/82910bba4753.png,2,d3d1c0dc45c2e9a487cca068821791274e60d1f5d367673373d41b4cfd4f5e6d,train
82deb07a6618,82deb07a6618.png,raw/train_images/82deb07a6618.png,2,8cd94f5271bfec43868b86afe5f1e63598cb1af61c1ac42dd98afa5b372f1b19,train
82e5bc01f8a4,82e5bc01f8a4.png,raw/train_images/82e5bc01f8a4.png,0,5d2fc00e4d92e03ad5abec465a6800edc45f5afc74fc218635586e6ef2114368,train
82f2784ead76,82f2784ead76.png,raw/train_images/82f2784ead76.png,2,f7233251b93b8bc8a6c423e2791715323630f06f93e7895583cf7031bb9f64c6,train
83038ca49b6d,83038ca49b6d.png,raw/train_images/83038ca49b6d.png,0,bcc8d328aa63e4c594131bee4a1b2261387278015a199e5e1a2766ba6c210319,train
8329e80c10ac,8329e80c10ac.png,raw/train_images/8329e80c10ac.png,0,45e5509f056d62c22abf80a61b843e409d9e8e27435b104754dec86408c3f526,train
835b9f6e12ba,835b9f6e12ba.png,raw/train_images/835b9f6e12ba.png,0,a24a6e6d5a8b9263264541491969bda17a110fddec152f310a21ecd0bb043528,train
838b3e4d0bb4,838b3e4d0bb4.png,raw/train_images/838b3e4d0bb4.png,0,490f9806963ea5d93c03c84b22ac21a961fac10e2c543be9db655d3b662bad49,train
838c87c63422,838c87c63422.png,raw/train_images/838c87c63422.png,4,d1b3e61f13da511010da591f3a015f95accac76618ea5a9fb32cb955e96aa014,train
83a63c4a3e4a,83a63c4a3e4a.png,raw/train_images/83a63c4a3e4a.png,0,5dc3543ea28b1b6a920e421e5f8a8cf8f04933f581d5043fa6758ab1ec00f3bf,train
83b61051737f,83b61051737f.png,raw/train_images/83b61051737f.png,2,e811e38cfad4b1b1ce17e34497ec70888235441bf175aa4ba6f580c945ee7c87,train
83d6e40c869f,83d6e40c869f.png,raw/train_images/83d6e40c869f.png,2,f26b46c7583d865f22670acf86a4c76427dffd013c5bd75ceb8dfeb072d09340,train
83d81ba5959c,83d81ba5959c.png,raw/train_images/83d81ba5959c.png,0,efa17db3e85e5b15f2be5069a0ab4af7d375207d2ce9c4ad76e07618291d40e8,train
83df53d58f28,83df53d58f28.png,raw/train_images/83df53d58f28.png,0,8f39828cf36917d0c76b778557d4d609be5b00f6da4ec3ec6dafbb87dac62976,train
83e529e95b0e,83e529e95b0e.png,raw/train_images/83e529e95b0e.png,1,2222b3310184df68156114fae56c9445ab42377385fd686ba69fe083d9d0d50a,train
83fda7c0500b,83fda7c0500b.png,raw/train_images/83fda7c0500b.png,0,f1a2eb03388a09151d4f714c25be3db8914bda95ce8fc0811b3884639aa714a6,train
840527bc6628,840527bc6628.png,raw/train_images/840527bc6628.png,2,6e03751bfcf1175b198ecfff8465e407d0323657986fa01200f3b71249fdf544,train
840a06a9c690,840a06a9c690.png,raw/train_images/840a06a9c690.png,0,896de05a19f422f08e8c3f86de13fad5fa859d27395c969b7d35d16c96f03adb,train
842d697884f6,842d697884f6.png,raw/train_images/842d697884f6.png,2,8982146e6a9ef6249867d35cca101c174c1e57ff1d0b1e0ef048350e8288f8f9,train
847b04287c9c,847b04287c9c.png,raw/train_images/847b04287c9c.png,0,97f248c0fc7809dedc076c148880795dd9a9969920f39d0431facdbe374ecdc1,train
848e66b9e199,848e66b9e199.png,raw/train_images/848e66b9e199.png,0,33dd04003d0c64e1837238dee49f0cecfa06b8f2a431c4682bbe92568ac29d40,train
849a91e9ab28,849a91e9ab28.png,raw/train_images/849a91e9ab28.png,1,3df13fb7e9ae7322cbf4eb18fa15de7aa0c42487604f3e72d323c53c6d971559,train
84a72e15b23c,84a72e15b23c.png,raw/train_images/84a72e15b23c.png,1,2c163228d50d0fcdde7c30fb68963bd1d89fdba83239fcdee080b1ca794b907d,train
84b472c49cfa,84b472c49cfa.png,raw/train_images/84b472c49cfa.png,0,2888e3e7a3cb9fc2305d9505de5f82cc8de104800a0732cc8a7045e38b05261e,train
84b4da14bc23,84b4da14bc23.png,raw/train_images/84b4da14bc23.png,0,231f1bc2d949ea44532702facc50300f0cbe33b3d71794fe9e2722a38d79c53b,train
84b79243e430,84b79243e430.png,raw/train_images/84b79243e430.png,0,753342faa2882bb1c8b1b543ac1e80ab25bf69bd974c968bd4d38ac607b7a1e0,train
84c663f39632,84c663f39632.png,raw/train_images/84c663f39632.png,4,f3c8262312fcd33725012fd43aa1a65a3e426f8d0507230c552e25c8d222348f,train
84e8c62165b5,84e8c62165b5.png,raw/train_images/84e8c62165b5.png,2,1d7ae62039f5abbd8311216ca307b6dfff26e3d22ffd166c4a13424fb0dddb5a,train
851e40a21f81,851e40a21f81.png,raw/train_images/851e40a21f81.png,0,c95704560e312c94e6abc62b04cfb30951321ee61ac7c83a85c426c2cc980605,train
8543a801dce0,8543a801dce0.png,raw/train_images/8543a801dce0.png,2,9b3b6e2f5df35ddcbfbcbeaf4f6e418ac8fde846610f295712f345596ddc4804,train
855f0a5442b6,855f0a5442b6.png,raw/train_images/855f0a5442b6.png,2,07f68a78069538d93b307faead79f07ccc88c65e95b06bcc67fc9c97776004e4,train
8564b7aa3c1a,8564b7aa3c1a.png,raw/train_images/8564b7aa3c1a.png,0,2a42ae122bae18637a3277adf784f1be65e9a5b912ac38a970823ccc04200775,train
857230f64a2e,857230f64a2e.png,raw/train_images/857230f64a2e.png,4,73f1ef1676373d626363248ec4dbce7da38e9d146a5953c851d99c0993b5b9c1,train
85cbb84ac8e0,85cbb84ac8e0.png,raw/train_images/85cbb84ac8e0.png,4,72ab505ff9112d9dcb6496d8f78b8476f484365839b8a45d5267e09f40a5df8d,train
85cc6d636898,85cc6d636898.png,raw/train_images/85cc6d636898.png,2,1c3334330c0d50394a85349b97ca87b7f3b7c38e130f555ea3c1e73f13999886,train
85f99e7e4052,85f99e7e4052.png,raw/train_images/85f99e7e4052.png,0,be34a40488a446437ca5b05472dcf9496ef0ea240bba66d084bfc0fde8f6bd35,train
85fce24084da,85fce24084da.png,raw/train_images/85fce24084da.png,2,743859bafde792cc1c0c2b9e2696d109e4b448902d5fe0a6396a47a50e7d1fba,train
86410aa13b3e,86410aa13b3e.png,raw/train_images/86410aa13b3e.png,0,fb43d2d3caa85564fe0a6d1ec2da440e7e4c28ae093e39b721aa951e45babc79,train
8650d32f4a9e,8650d32f4a9e.png,raw/train_images/8650d32f4a9e.png,0,85761a33636a93fa686dd231aecb11630d551e85831c6d776534b787261dfe34,train
86722fcd802c,86722fcd802c.png,raw/train_images/86722fcd802c.png,2,ab60e58e807f614efe1a59517215272b0ca50a00d29086be77f6592c36b04de5,train
8676427e4625,8676427e4625.png,raw/train_images/8676427e4625.png,1,3406a8f57390a5374e2465c11ef485517c04d158d203918544dec76cae24895c,train
8693ab1fd2be,8693ab1fd2be.png,raw/train_images/8693ab1fd2be.png,0,b73edcde1e45ad14335198a718d31d871985a34d72b5f10cf960d996e9746e4c,train
869bbd3170cc,869bbd3170cc.png,raw/train_images/869bbd3170cc.png,2,1ab18a5b3a5d005a1bf5f5a0fe6c3a311e4ea298468b949e4052b60473acfda9,train
86d58f850a0c,86d58f850a0c.png,raw/train_images/86d58f850a0c.png,0,b4f46483e7ed2d01fcdee3cdb977a54bd73733e245fbce4693c6af1788ab728f,train
86d6808f0609,86d6808f0609.png,raw/train_images/86d6808f0609.png,3,e57166a77aa004b0da13d55433822782affff4a5459c041d202f00aaec86da40,train
86e7f98f73f1,86e7f98f73f1.png,raw/train_images/86e7f98f73f1.png,2,db3e5f867be7be6dc428e38252aa2fdae14e57fcc36195aa4030c0fa38216629,train
870fbe6eaa68,870fbe6eaa68.png,raw/train_images/870fbe6eaa68.png,0,931ba01b3e0ec73192a86621529d744e6b6304fb1b13880f051564a926f2b43f,train
87295c5fa1cc,87295c5fa1cc.png,raw/train_images/87295c5fa1cc.png,0,886c31953538eea8e4fc0f9995498b2fdb4accb4aa9b5fc0f77c3b9f911950df,train
874f8c1929f6,874f8c1929f6.png,raw/train_images/874f8c1929f6.png,0,52becdd18e87eb477dc4a704b0b666c03de1f345aaec3bcbf92ce4121399a7d4,train
876deb29f000,876deb29f000.png,raw/train_images/876deb29f000.png,0,b68d9c9dc47e99341577a8048c6bf591061b14467ad8c8c2e215cacb583c9d10,train
876e1dd12d38,876e1dd12d38.png,raw/train_images/876e1dd12d38.png,2,0b075c3213694f3818493656332a5b50ff49bf6135e4bcb52dbc79c1ca92e5d1,train
87774aafe068,87774aafe068.png,raw/train_images/87774aafe068.png,4,4348be096cb165c18453cf731e1a2ac64d83a85b947d88ac57303dea936cdae0,train
8785b71238d8,8785b71238d8.png,raw/train_images/8785b71238d8.png,4,01e2003ce5414931256b52da07b481d5f8a42b806855494d6b0346f3d212a85e,train
878e356c8fc9,878e356c8fc9.png,raw/train_images/878e356c8fc9.png,0,88fdd853a465ff9c59ce8155e367bb7d94cdca1b8c96b1dd3e98ee23c414a3a9,train
879744b9dc65,879744b9dc65.png,raw/train_images/879744b9dc65.png,2,e5bf03375497a7761ba1341001cc1d3c910ae35168c6ff6469678ef7298f4ab7,train
87a9f4d20f07,87a9f4d20f07.png,raw/train_images/87a9f4d20f07.png,0,a27f2a182fe81415228bcaa80ad145a10f2817db616a0c9f02cb65c6a4ad0571,train
87b1938994b5,87b1938994b5.png,raw/train_images/87b1938994b5.png,2,41db67d0883fbfbabf92b7af8200ed2f2e988894ea6642d0bf57ddd21cc1af66,train
87b671c6d4c5,87b671c6d4c5.png,raw/train_images/87b671c6d4c5.png,0,f461579b35d370a44a75370869838fcb6eb9c50bb1e85a422553425058c79fa9,train
87d46b1cc4e9,87d46b1cc4e9.png,raw/train_images/87d46b1cc4e9.png,0,ff6a6a3b761b68c9e115097cd81d02dd88487bc78a115bf2ded2f4836e782e2d,train
880edb2cdb69,880edb2cdb69.png,raw/train_images/880edb2cdb69.png,0,7975102292c6d8bfbb1bdf8550124ac4e3071dac9b1f005ddaefbde4a83f84f4,train
881ec6186e68,881ec6186e68.png,raw/train_images/881ec6186e68.png,0,d5b7a2ddb9c7a18ca6a4267ee9edbf0a1067435ed078634aae6fac2cdab1a646,train
882a71de424e,882a71de424e.png,raw/train_images/882a71de424e.png,2,8fa2114617a19a8572da932478e82510a4532a8983e3d40302b4783570ba8bbd,train
883c6a184f16,883c6a184f16.png,raw/train_images/883c6a184f16.png,0,678e0385fd897aea80409b797abaa7fd210ed95d24d9bc0c87cd3a2f40f69f2a,train
883ddb650967,883ddb650967.png,raw/train_images/883ddb650967.png,0,a2a232a2b0d8e17a80ab746d14f472fe8fd10d381dd6796aa311f8f3a6f7f503,train
8846b09384a4,8846b09384a4.png,raw/train_images/8846b09384a4.png,0,81606a9cb1f8433ff6e2a61c6d8426a287be40cd7435f88988802fa083c3bc78,train
885fa5fc5da8,885fa5fc5da8.png,raw/train_images/885fa5fc5da8.png,0,d99e97d0db31c5a209175330f53c7f43f6e7baf109094ac982830aee94928b6d,train
8860c7b11530,8860c7b11530.png,raw/train_images/8860c7b11530.png,2,4a9246f62b68cc7e159ae454f10e48efdb8e7dff3616a10875d9bea4365a37eb,train
8871e6a26596,8871e6a26596.png,raw/train_images/8871e6a26596.png,2,e899daa272bc3afc2aacc701caa15d04e4e1e6713fe8b9413264b815a1cdb028,train
887c26fc0e1f,887c26fc0e1f.png,raw/train_images/887c26fc0e1f.png,4,c50aa1b00f6662db423d7d07c6c5de86bd651730924977a06a5b6b8697e3d65c,train
88e4399d207c,88e4399d207c.png,raw/train_images/88e4399d207c.png,0,e3a99757c65fab81591ddfe8cbdd29728448605d4169435d610d214ce9e0088a,train
88e5051f65bd,88e5051f65bd.png,raw/train_images/88e5051f65bd.png,0,69eb3886682607692759a5d910ff996d485643b0070fa3e452c784ed4f40a875,train
891392c9683c,891392c9683c.png,raw/train_images/891392c9683c.png,2,1b838ac5a6ed1408aabc4f3bc515e6a341fc41d3f6233d53da433dc06c82b538,train
894a37fc3738,894a37fc3738.png,raw/train_images/894a37fc3738.png,0,88590fb07319199cd77d8efd752fa14655548d2b6920fecafaa79380862b05b9,train
8958a4d17b7e,8958a4d17b7e.png,raw/train_images/8958a4d17b7e.png,3,05631acc8b7e85cc58944f24f39949ce6f10f2e11b05d5ec44844d4627163c3a,train
896ad584a841,896ad584a841.png,raw/train_images/896ad584a841.png,0,780ec9cbc7874ba268967ab67c64a2755734f2879e1012e013e42cfa72e5efeb,train
89d2a7403a06,89d2a7403a06.png,raw/train_images/89d2a7403a06.png,2,358295b27ede6a46fb6c0329caab3adc87b30187e3a5b510d636042de6c0c9b1,train
89ee1fa16f90,89ee1fa16f90.png,raw/train_images/89ee1fa16f90.png,2,7c0cd52b76e0dded449c2816d040431f456b97da0d874ecbb5e7f41c425db350,train
8a01daa423f7,8a01daa423f7.png,raw/train_images/8a01daa423f7.png,1,f310a8f249063e2b069e6d0a2e0dba3b05588d5098058b3c9b61156ccc78d24a,train
8a234d68b27e,8a234d68b27e.png,raw/train_images/8a234d68b27e.png,3,c7cb96b72983371a173ac339c97f5715470a18583707516fb7458cf698d0d093,train
8a25a080f28f,8a25a080f28f.png,raw/train_images/8a25a080f28f.png,1,8218381895bccc51feca95366cbdacf08f96180157d879d68c3e48226a892932,train
8a3eb86ae4bd,8a3eb86ae4bd.png,raw/train_images/8a3eb86ae4bd.png,0,947d70dfbec15534fcdd6af8ce196d60228930ccd03a441a6245bbee39367611,train
8a482c024fc2,8a482c024fc2.png,raw/train_images/8a482c024fc2.png,0,7c8a8c10fa101984961611426bc9ba2c141375827175fbead92ef5614257f79f,train
8a7765e785fb,8a7765e785fb.png,raw/train_images/8a7765e785fb.png,0,4ed6113a7e927f1ac291cff3166033dd787092a0b0b03abc1b26eb087f8b2ddf,train
8a8a251770cd,8a8a251770cd.png,raw/train_images/8a8a251770cd.png,0,b09b632788f0cd02bf086c94edf00fd7b8e64827f040d9a7897f7ca01181cca5,train
8a9bef2fbd4e,8a9bef2fbd4e.png,raw/train_images/8a9bef2fbd4e.png,3,af37fca562f75bb5f27c88af879f05af4b29c86d86acd4ec600717c2dd5669c6,train
8aa3c4681542,8aa3c4681542.png,raw/train_images/8aa3c4681542.png,0,72c2dbc2a3b8ac399b94a2c3d88016658a1bd429d9959bebb84fe360320e0b31,train
8ab8d9b3ce3f,8ab8d9b3ce3f.png,raw/train_images/8ab8d9b3ce3f.png,2,b8617f0a99ca6c90d771f03dcae91142d75aabb8944790d99b183351d43a2384,train
8acdf12f412a,8acdf12f412a.png,raw/train_images/8acdf12f412a.png,0,8f79b79810c9a4b3442067f1c6ced1bb3008a37927fe86c52b5ebb286cd1eb50,train
8ae049175db6,8ae049175db6.png,raw/train_images/8ae049175db6.png,4,769ad33c954ba49a404141dfa0fa2dedce8d69806f08731999b06a4c4da35a45,train
8af50c9d0a86,8af50c9d0a86.png,raw/train_images/8af50c9d0a86.png,0,1e0ab0606bec5cdc47005119a49670910c95dc661435cfa8746ca8045ced7694,train
8af6a4e5396f,8af6a4e5396f.png,raw/train_images/8af6a4e5396f.png,4,3c055be040ec5461717bf651359d62ed9035fa75aa3e98edd3c1de5537411d7f,train
8b26d3cd61e8,8b26d3cd61e8.png,raw/train_images/8b26d3cd61e8.png,2,79302a3bc455f73f93501e06767244b2c41eb983a424f4f58d0149f53a07550e,train
8b568d47a1fd,8b568d47a1fd.png,raw/train_images/8b568d47a1fd.png,0,73cab5c1724891aa0d9f59be7f5725c644d090e1fece8cad03ebabf235103a16,train
8b58f9a338e8,8b58f9a338e8.png,raw/train_images/8b58f9a338e8.png,0,2f2f68e9c3ecfb6ef2a90fa1ead355db0ce9898559b7fdbbdb2ba3e9f602e4dc,train
8b76c3c5cb3e,8b76c3c5cb3e.png,raw/train_images/8b76c3c5cb3e.png,3,ebe9590b979123448432bc9734507280e93667737ca42facc15432ec0091bc9e,train
8b8fe3fc8950,8b8fe3fc8950.png,raw/train_images/8b8fe3fc8950.png,0,a214a400eb666b21b4093ce689a8e75cf4bec8e908d4dc377473fb673c8b0736,train
8bbd7835e9aa,8bbd7835e9aa.png,raw/train_images/8bbd7835e9aa.png,1,fe327c4268e9222f4721fc28dee8e397511b80812383d6349af75dc69fda5a9d,train
8bc6716c2238,8bc6716c2238.png,raw/train_images/8bc6716c2238.png,1,2d673625dd5bf2db13904e610ae75f1ebc83684f92a53f5d2408c1cbda0b1d4a,train
8bdb891661a8,8bdb891661a8.png,raw/train_images/8bdb891661a8.png,2,af36d7e31ce952b01211ef947047f5571e2f256fd63dc9ad63d31018abe5cc5b,train
8bed09514c3b,8bed09514c3b.png,raw/train_images/8bed09514c3b.png,4,c4de02b4522df50ab229d52b4eb110e1746211390598a5bb2f5db0aa535e3237,train
8bf2d925dc0c,8bf2d925dc0c.png,raw/train_images/8bf2d925dc0c.png,0,734c6e785b3400f7cd621c0ae76be3c5d26e0331eeba4a0a24f3be9914c03d7c,train
8c0d05233238,8c0d05233238.png,raw/train_images/8c0d05233238.png,3,476e26c9acb46990611b617516fa85ee7e50cdb3a28182d22674a5cf1feac12e,train
8c29a76fa08c,8c29a76fa08c.png,raw/train_images/8c29a76fa08c.png,0,190546da40951264a87c8a8a44fa28e3f3d5475006f5cc1a1fc63fa24703c28a,train
8c2f0f04e1ed,8c2f0f04e1ed.png,raw/train_images/8c2f0f04e1ed.png,1,f86587da0942994ebbe66878b2e1db5909712d317d90f0c4647fc5d2a025d041,train
8c7c26c52a6c,8c7c26c52a6c.png,raw/train_images/8c7c26c52a6c.png,4,e849438bd1a9e4e107108f7555df565e80c4cf5966fca451548a99de4cc3a5db,train
8c84e96d9b01,8c84e96d9b01.png,raw/train_images/8c84e96d9b01.png,0,d0f06963a9ec43bdccd3b53c258396ae3d0976fe64251a9e9d1ce1b0278978ce,train
8c87bd748996,8c87bd748996.png,raw/train_images/8c87bd748996.png,2,0898f844b0bfd5578067573ba6031f575b2deb1eee90a87e2d1922d0fac19ca4,train
8cb6b5b2f19c,8cb6b5b2f19c.png,raw/train_images/8cb6b5b2f19c.png,2,4cd882117562bc0ce649c0d17d2b67d1c8ef0a219b4623ae0b02757d5787887f,train
8d3d67661620,8d3d67661620.png,raw/train_images/8d3d67661620.png,2,01f04eb1f0de181a9dae57c5c3e347c12ca019902911d446378f28391b246207,train
8d4d14a4ab07,8d4d14a4ab07.png,raw/train_images/8d4d14a4ab07.png,0,1c8d1ecff27ad8b00be68a43fa00a89a1d047ae5e327c118b4c2235d5861240a,train
8d4ff745a409,8d4ff745a409.png,raw/train_images/8d4ff745a409.png,0,1c18cc2e8773e609b2c102d630c8af06927a6addc577165e913c6d39fdc468fd,train
8d8aca52c07b,8d8aca52c07b.png,raw/train_images/8d8aca52c07b.png,4,f1cdb37c3447d4d3db0689d0c858143c05a72eaae89e0bcd517103625dcecbe2,train
8d9516ea3587,8d9516ea3587.png,raw/train_images/8d9516ea3587.png,0,c2c203d245d74526b3a461a770ee115e8632e13fd607d0f556014a45d6430d78,train
8db2ce991101,8db2ce991101.png,raw/train_images/8db2ce991101.png,4,6f52415b619dc27bb43c228235d2fa8b54c593715ff6d070ab562c3937435d6e,train
8dc22e65c06f,8dc22e65c06f.png,raw/train_images/8dc22e65c06f.png,1,aabef80de488ee31e0678118e962d37f267a4369e3fbd225798d23d0d5e5b8e7,train
8dfa629ca74e,8dfa629ca74e.png,raw/train_images/8dfa629ca74e.png,2,fe4c95e854d4c83100c33bbfa4ec3f2acbcb58199a9e1eb7032741faac66bd0c,train
8dfff47b06b7,8dfff47b06b7.png,raw/train_images/8dfff47b06b7.png,2,1c35abf57cc6fc284160c10fa81c65470921bcb3cc2a27776a28c9512be711e9,train
8e20b8fac7c3,8e20b8fac7c3.png,raw/train_images/8e20b8fac7c3.png,2,664dab65eb8d5bacb008aeef612e5751d7ac3d27ac30883bca000803eb0c8ab9,train
8e2a3978c244,8e2a3978c244.png,raw/train_images/8e2a3978c244.png,0,1c0849e585fceb3d801f0ed52f03935456eac78efb1ec0eb0d0bdda0d62b5a2c,train
8e63fc4ab532,8e63fc4ab532.png,raw/train_images/8e63fc4ab532.png,2,ae36cb7938dda5a2227d2d2fa5411f5ec428628be88901a069a1833d6a0127bd,train
8e67f2d7e0ee,8e67f2d7e0ee.png,raw/train_images/8e67f2d7e0ee.png,0,d27676d246d8f2e2241eca83b9d471b35c7e756748d5da83a0cb1a370d4401dc,train
8e6df9eedcd8,8e6df9eedcd8.png,raw/train_images/8e6df9eedcd8.png,0,4598205ac32ceff3616e77d9c31f029a7767a053732028aa9a8aa82b82d32bbc,train
8ead17dfb6a6,8ead17dfb6a6.png,raw/train_images/8ead17dfb6a6.png,0,576e7af287df197e126bf0c33fb2c88f72789130b9b8b8071d17899912197729,train
8ead8f37423c,8ead8f37423c.png,raw/train_images/8ead8f37423c.png,0,e9a05d51a26e8e2451121b63dcb552ab8df8a424780a9e6e4a4886c785d77020,train
8eb3337a54e9,8eb3337a54e9.png,raw/train_images/8eb3337a54e9.png,2,d1c5d595bbe0372989216092b08b6da6a1b79fa5925a95a04922821a3bde4590,train
8ee50c26fc13,8ee50c26fc13.png,raw/train_images/8ee50c26fc13.png,0,da4592d379ff054b9411be147cda8763aea22a1880990f3ba2a49c6140ea3230,train
8f06ca4642bd,8f06ca4642bd.png,raw/train_images/8f06ca4642bd.png,0,b7d2b2736207f9e964da821dc301e199e541d0280896adda97e691670d623102,train
8f10e41a2f02,8f10e41a2f02.png,raw/train_images/8f10e41a2f02.png,0,2fe2a688841fe82d986fed34316450cd0ab2f999de7f4e47c2e8c77d2cfc6d47,train
8f2996b8d855,8f2996b8d855.png,raw/train_images/8f2996b8d855.png,1,2c66f91e87db7f7dbeef089f63a060015ea72cb5e66cb3c966664f05316fb80e,train
8f9819752ca0,8f9819752ca0.png,raw/train_images/8f9819752ca0.png,0,63d9659daca9dd1580259a2d3e1df2751a301343e0a9ca70a0602a35d2b0d9cb,train
8fbb2ca39911,8fbb2ca39911.png,raw/train_images/8fbb2ca39911.png,0,5e341dbeca5c33948eeb517ded6d41573da40d089ec611239334f098a62cff1b,train
8ff863f8874f,8ff863f8874f.png,raw/train_images/8ff863f8874f.png,1,f2a76593b87281c957cf8dd1652fee5998aa45b3c1b9b96628017bd8cd6714bf,train
8ffa608170d3,8ffa608170d3.png,raw/train_images/8ffa608170d3.png,0,2e04d792994b47f842f7f57848159972db1d98acfe3ea730ba6b7f94f16c989f,train
9033f1493da1,9033f1493da1.png,raw/train_images/9033f1493da1.png,2,e71ecdde97d98213ddf39d5e66d0ae799898e1cfd3580a19282e8e8d158a23aa,train
9039cbfcbb2f,9039cbfcbb2f.png,raw/train_images/9039cbfcbb2f.png,0,2c629d53f3c3286cd3e25c324f9ca1fb9885f226fd16c6da9e9beed6dcfc7621,train
9041eb43456e,9041eb43456e.png,raw/train_images/9041eb43456e.png,2,f0c69d78ec4e338074db510f5cf8c8e89a7b2b19176db9bbd991b2195a74f4a5,train
905cc86bf100,905cc86bf100.png,raw/train_images/905cc86bf100.png,4,f32b72956988189d3c1946e18bc0b62a59b4aac12e38b1c00dfd239a3021ff39,train
907aaff827e5,907aaff827e5.png,raw/train_images/907aaff827e5.png,2,df405654ee6c461ce18298bde8e575dba4d2afe3de408dba690e3a3c85cd0d66,train
9095d43fb132,9095d43fb132.png,raw/train_images/9095d43fb132.png,0,f32b190fbcb14a0c5e6aa9523e21297f5c80b90143dba19b704660caffc6819c,train
90960ddf4d14,90960ddf4d14.png,raw/train_images/90960ddf4d14.png,0,359638b8584f61b30849e9e509c09d5a7255698d41707875247c8d1ded1e4ee3,train
90a786abe58e,90a786abe58e.png,raw/train_images/90a786abe58e.png,0,d0484b7af2f2081f3e3c2b71da94357bfaf0e68ca7811e154c60f61acfb9c44e,train
90c982cc2d96,90c982cc2d96.png,raw/train_images/90c982cc2d96.png,1,f35fd56d9d9a10c6ad80e083344ab1de6d04312dbf20474694be7599f09993aa,train
912fbe06407e,912fbe06407e.png,raw/train_images/912fbe06407e.png,0,7360b9df70f9f6960cbfab5d11bdf3bb1731648b44db9e69c76491edf7dd6e2f,train
913b1890ed1e,913b1890ed1e.png,raw/train_images/913b1890ed1e.png,2,0f84872049c177fb54c9bf8c75e51232cd6508e24f59e5db21862de973ca92d3,train
916915f01e17,916915f01e17.png,raw/train_images/916915f01e17.png,0,388fe318f88b6ae2e457342fd26d156e5ff822c93d2842d230f789e79a7d54b1,train
916ec976ff30,916ec976ff30.png,raw/train_images/916ec976ff30.png,3,36ca0260973cdf94188172e9ad7d074b47ba7b301189d3f77d73958a8f12c7ed,train
917f76f360b6,917f76f360b6.png,raw/train_images/917f76f360b6.png,2,08ea4fa5de069d7d88c0e0b9315bb7c5c6e819cc845e48aed0c1c862e358d9e8,train
91a88d3b0358,91a88d3b0358.png,raw/train_images/91a88d3b0358.png,2,dc0664c83bb174ee4b559348b8e2046e1166c14636cb37d7561f4d985681628c,train
91cf56d3d1af,91cf56d3d1af.png,raw/train_images/91cf56d3d1af.png,3,74a8ad97a4fa6a5c75cfbe1fac05e040ca03657e328d831f96855dd425319c6b,train
91e82fe4e434,91e82fe4e434.png,raw/train_images/91e82fe4e434.png,0,b6a9d0ee0df163b0819d9a83fdfc49fecca1e5e90b42de906435a83277bc7eb9,train
91e8af9ceee9,91e8af9ceee9.png,raw/train_images/91e8af9ceee9.png,2,0276eb982e818f4b28135e5bd0fe05f278d9770436314affda2925ac8129fc18,train
91f3c4c1e72b,91f3c4c1e72b.png,raw/train_images/91f3c4c1e72b.png,0,dea1abd84e26ca8c6c14b4cf729741821b9e135bb933b4e8805371d4251c1251,train
922586d86cd8,922586d86cd8.png,raw/train_images/922586d86cd8.png,0,623eefbafcd6e415118101bc9564f80a2360f10a9f7f5adcba3acf7384fdeeee,train
9232dc06cfdc,9232dc06cfdc.png,raw/train_images/9232dc06cfdc.png,0,ff1b60cb745a3faf5395e9f28ff88248d2db05eef8d06adf533b7c77a36bc489,train
92587e494d51,92587e494d51.png,raw/train_images/92587e494d51.png,0,2a780dc48adeb72ea9bbfc1bd96f7b02e7e63debe48b746564234f37176104b2,train
9274e75dc4d5,9274e75dc4d5.png,raw/train_images/9274e75dc4d5.png,0,9f948e9c7f546f216ea856352b415dada3aa32fea9a561249425a4a64427ede2,train
9287e57326d0,9287e57326d0.png,raw/train_images/9287e57326d0.png,0,e06c573aa09c21272b0b45723e3614ac5ba0f7d6a415ee5e40b6b9a9da3fa82c,train
92889b863ae6,92889b863ae6.png,raw/train_images/92889b863ae6.png,0,27185a3f12ff54470457f910d4a4cc048dfa8e4935b5d48d840420c1a64d4d8b,train
929cd3867815,929cd3867815.png,raw/train_images/929cd3867815.png,2,886d49ebfb580635f39857741a617403a1942926d9fd04d7bfce0f1446e1318e,train
92d8a7c8e718,92d8a7c8e718.png,raw/train_images/92d8a7c8e718.png,2,0e119672d74687f40802ff99aebd2e2579e3f75f308641f9a9bb2fe19809df54,train
92e3d608fd3c,92e3d608fd3c.png,raw/train_images/92e3d608fd3c.png,0,7bc998900b30d76f3807de4a2cf820a425abbd7951b257603f3b4a396246c613,train
92f313287a29,92f313287a29.png,raw/train_images/92f313287a29.png,2,bca6d81470142cd9e3204a95dcdf72d6d7eda9cfabee2a0ec2cbd7b7db5b1608,train
930fee99213a,930fee99213a.png,raw/train_images/930fee99213a.png,0,b890532fd8c844748da14811dd88ddd0912c1250130c3418666d1d9ed90926b5,train
932181b93b2f,932181b93b2f.png,raw/train_images/932181b93b2f.png,2,25ac212ab725228a4038276a14bc2bfd7d4a533bb348d8e8228bb0bb66f7a0d4,train
934104859e68,934104859e68.png,raw/train_images/934104859e68.png,0,ba9768c7280145dc13796076316ad8d4eb0ab6c8ab971195c5f4e623652ecbb0,train
93421787f520,93421787f520.png,raw/train_images/93421787f520.png,0,628c31b019da896250a51f64973499cc0f657346c73f420a2a9fc694d3cc7aa8,train
936299166bea,936299166bea.png,raw/train_images/936299166bea.png,0,ade4baed22e885ed7b4275f73de55d3c892204b99507a73e2133cf0231fe4bec,train
937bc1b924b1,937bc1b924b1.png,raw/train_images/937bc1b924b1.png,0,7a317ec9de43abbf6ebc081444f9357994a6604583ee8d6052efa44b48f6046a,train
93a1b984de84,93a1b984de84.png,raw/train_images/93a1b984de84.png,0,5a5d887579c5fbaba9528b5d7778aa2a4bf270cdc5d11acfa51f8bc2f49fe3de,train
93d6d20a5ee3,93d6d20a5ee3.png,raw/train_images/93d6d20a5ee3.png,0,3c27ac06c09e269fee79ff7c5c58e945bae1cc93ebb643b644f1de8ef646f20f,train
94076a9fb9b5,94076a9fb9b5.png,raw/train_images/94076a9fb9b5.png,0,22dc72454a5ba1d063a2a9ed4776f7714972f409042b8213a6f0aa550bd8ae82,train
94111ed3d276,94111ed3d276.png,raw/train_images/94111ed3d276.png,1,c29451f2e0c5be46f5f4d992963ff53296a67f34fd297de07a705f54acf53148,train
941d874c8afb,941d874c8afb.png,raw/train_images/941d874c8afb.png,0,a6a97c7290c8197885d74539725e41ddef80ddbdeddecb579d37870709fdacc7,train
942f544c4e15,942f544c4e15.png,raw/train_images/942f544c4e15.png,0,00cf8de578ca2cde7e0aa8ccc296092eda261c3963fa6c9c147be39926c0a0ce,train
944a233fbf8e,944a233fbf8e.png,raw/train_images/944a233fbf8e.png,1,53b9e77c9715d8ec4734211ba86e6778295660fc1e79789716bb5ce50e4db3a4,train
949710bead24,949710bead24.png,raw/train_images/949710bead24.png,0,875b3ff2368fadd5a666b99caca66f2702b78c88c7e8321905e0c0a4db5f485f,train
94a67ec0714f,94a67ec0714f.png,raw/train_images/94a67ec0714f.png,2,96bbb2785608d9998ea1041dfaeacd2d8fcaa4170224efceec9c909b30842a34,train
94b9ccc73bb9,94b9ccc73bb9.png,raw/train_images/94b9ccc73bb9.png,0,352f68a8a0f1158bc9a47dfb915af5e4333295069337b2f76852e153481469cc,train
94ef1d14597f,94ef1d14597f.png,raw/train_images/94ef1d14597f.png,4,58b1b1798643033ff29b12643722aa7993c2a8bda0a336a0a9fd77e07ab77980,train
94f9ecf4b8d2,94f9ecf4b8d2.png,raw/train_images/94f9ecf4b8d2.png,0,69afa2c3873bc64c90d5d96154ee34deb192fdf369c2f87b9e86509340dd9ddf,train
9568eb7e9c08,9568eb7e9c08.png,raw/train_images/9568eb7e9c08.png,2,d6b16af459b9756470a72f9bf3704151aa990692512360e78d4666ecb47a373e,train
958c1fa044ba,958c1fa044ba.png,raw/train_images/958c1fa044ba.png,0,5d17055d669340226c53764eb11b874b6a3181b060e5de18b757d9e4fc2c5c23,train
959bb2d01091,959bb2d01091.png,raw/train_images/959bb2d01091.png,0,8da8f68ca629671c0aa964901bf25c114e79d34adc3a26ea52fbaa2c5458c2be,train
959dc602febc,959dc602febc.png,raw/train_images/959dc602febc.png,2,bc3cb0ed922f18cda4148a5b960941ea09fae4d10ac2c4d5fda574bbc5d81f15,train
95e732e043a1,95e732e043a1.png,raw/train_images/95e732e043a1.png,4,4365d2ff41123c5acdd493308a12c9205c9813de20921d6ec1ef0679fcd79a11,train
962cf85e4f6d,962cf85e4f6d.png,raw/train_images/962cf85e4f6d.png,2,87e69fe894bce37d71b5d483999d087e71517cd7e22277c3892f846568aaf457,train
9688c6ef5dc5,9688c6ef5dc5.png,raw/train_images/9688c6ef5dc5.png,0,2dbae922dd0d7daf9a694c513f7c45545c08314c0bbc4e97acffb043eed17c99,train
96a9706b8534,96a9706b8534.png,raw/train_images/96a9706b8534.png,1,5dc8b6e2a615c7be2710aace78fa185cb24e1c8b779b1f26a888212ec733a5f7,train
96c3e3db68bc,96c3e3db68bc.png,raw/train_images/96c3e3db68bc.png,2,489effc2cd5319a1b14eaaad5466f2cd6d5ecea3c4ca4026b29691f72c3bf9cd,train
96c699221180,96c699221180.png,raw/train_images/96c699221180.png,0,0b684ede7eee1adc5e8da13a66ee4cb7ec11bf0d42e3868ef88eb266297758a6,train
96ce10a1dbd7,96ce10a1dbd7.png,raw/train_images/96ce10a1dbd7.png,0,98378fe64bb1e3e21029d65ef876f5084c4deac9feb3eb30e78a887dc91a2edb,train
96ea316ed0ab,96ea316ed0ab.png,raw/train_images/96ea316ed0ab.png,0,810a7e951540267136bd61f1c1a67f408e6aca9afd601dea65f1674b2251c2df,train
973b0facfa9b,973b0facfa9b.png,raw/train_images/973b0facfa9b.png,0,0be6007f22dc677766875277e2b92ac937fcc4c707f86be85966ddabd688614c,train
974c7d7b9c64,974c7d7b9c64.png,raw/train_images/974c7d7b9c64.png,0,35abf793e234da3508947bb529eaa5d2af7f4d199ae2623f948647a83c5fa73d,train
975252e325e3,975252e325e3.png,raw/train_images/975252e325e3.png,2,2041109229e96dc280803b426d5476cfe37eddf72782813ece304636338a516f,train
9782c0489eca,9782c0489eca.png,raw/train_images/9782c0489eca.png,1,7be152f811c0789f9c223783af6f5b85c83493ae95da30c6fc496a4d79cb54d2,train
97a235367f9d,97a235367f9d.png,raw/train_images/97a235367f9d.png,0,910ffd3ea19938629fca3c3dd67d09a312d871961e6402078e06f130835e09a7,train
97bf61736b86,97bf61736b86.png,raw/train_images/97bf61736b86.png,2,ad527eb4753e20c64a655fccc312e33878861149ab721a18b02eaaeade7b88e7,train
97c6cb55866d,97c6cb55866d.png,raw/train_images/97c6cb55866d.png,0,f4eb876d0910cb9492cd6f17d1a9edeed0583d57b7c9129f6c7cb3a33a7fd6e7,train
97d02a9b94f7,97d02a9b94f7.png,raw/train_images/97d02a9b94f7.png,0,e791dd6cdd221476a908f60e9da19c010c2b29145856311f5693336624b8f281,train
97da093947e8,97da093947e8.png,raw/train_images/97da093947e8.png,4,b1d3bfcbe0c4c2e343142737a0c769f13489eccd5c5e8744c8db4178f2e2cda4,train
97f290d31813,97f290d31813.png,raw/train_images/97f290d31813.png,0,079842ddba64ce25676f9a6678869eda919430f0a0aff16cc63d37505a73fa08,train
97fdee242fea,97fdee242fea.png,raw/train_images/97fdee242fea.png,0,90c1591a33f4b594a9d109db8260cede675088705b873d1d2efe8e2ebab38d32,train
98277aeb96a7,98277aeb96a7.png,raw/train_images/98277aeb96a7.png,0,84583405feeb2139d838367fdf365f4e6bfb4de5c7b22069fce2625f2bfd85b1,train
9837048b85dc,9837048b85dc.png,raw/train_images/9837048b85dc.png,2,d4ad22f94ba145557035319988c6fe75c62343ee974af02e9c7471cb35a95e21,train
983c98354e9c,983c98354e9c.png,raw/train_images/983c98354e9c.png,0,a3fd92eed09648d6b2f4b06bdb7c043f36499ee47fc218fcbea087df629134f0,train
98441214557f,98441214557f.png,raw/train_images/98441214557f.png,0,e5a069698b3469cb7a1df8716dc5896bfb1150f963169c3de7f5e0bf9ed8f48e,train
9858cc2ae073,9858cc2ae073.png,raw/train_images/9858cc2ae073.png,0,f0da5658efdffd3248f9b4683aa080465b28ead0fc017ad669cc2fbd9ddabef3,train
9878db94d9f3,9878db94d9f3.png,raw/train_images/9878db94d9f3.png,3,838f43cdb5eb9c6a29d082b41d6498539071691da5accf9c44b909af000bc04a,train
98d41bce73a8,98d41bce73a8.png,raw/train_images/98d41bce73a8.png,0,fe68b7cbc214445f3d70c773642b269016008266e3f8eb730c2c9e5dc40dbccf,train
98e44127872f,98e44127872f.png,raw/train_images/98e44127872f.png,0,098b8f4ac7d3de7534a487e73ff23eb3d8186a51be8542d7a5fc3d19c32f862e,train
98f48850ebce,98f48850ebce.png,raw/train_images/98f48850ebce.png,2,b3926897e6d6ab03c5c47cd63f6f154e0c5a5fe8ecb3c43a51385e5b1e9b7998,train
98fbe56dcc2c,98fbe56dcc2c.png,raw/train_images/98fbe56dcc2c.png,1,680b4c261c3385931a471e0555c53003dec75ed9693f8d127f92bd7c944e7cdf,train
9904939ab83d,9904939ab83d.png,raw/train_images/9904939ab83d.png,2,7c066514cd4ffd4bf8be40b69a2cb9ccfae2f13c4b43a3c8e1418adf49c6496b,train
9910c827e2fe,9910c827e2fe.png,raw/train_images/9910c827e2fe.png,0,63cd83f76f57ec7c13268ead3a1dc9d0c763aace77d695c90456bb5d3787aca0,train
991a0b7a8c87,991a0b7a8c87.png,raw/train_images/991a0b7a8c87.png,0,b5d6cf752d8bd8aaed921b61fb201fc8b529a72a568129567343f5e8cace21a6,train
99240ee00485,99240ee00485.png,raw/train_images/99240ee00485.png,0,6186e1ebebb9b68232503b619d08bd5664b9d63e429e0c424ef3efeaf669d2a6,train
992b9a07b25f,992b9a07b25f.png,raw/train_images/992b9a07b25f.png,0,b3292ab3df267ec926fa3daa8898c3a8ee0ec9c54345a7c460677b1cffe50030,train
996f57c86ba5,996f57c86ba5.png,raw/train_images/996f57c86ba5.png,3,da0b6ea6fa5f6a749d36df610b7c8fabe3e5d2788a562a5b50d24186c937ae28,train
996f9bba4ef0,996f9bba4ef0.png,raw/train_images/996f9bba4ef0.png,0,cbe2a3aedc758e8a46e8ac3d5aca8e50b94b6aea9be9d1062ebd6f0c33b7f2f8,train
9985375d709f,9985375d709f.png,raw/train_images/9985375d709f.png,0,5da11e8d0c4f0ff8dabaeb4057d312fd382f01782229d09ea7c1ad6fecb7a8e1,train
999115d9386b,999115d9386b.png,raw/train_images/999115d9386b.png,2,8907cce1d40295a66191037458dc1588f7292c6f8ba39a8f831f5b25aa09102d,train
999ad827ed35,999ad827ed35.png,raw/train_images/999ad827ed35.png,0,e19b3d43b6495d54fc443d03b0a5dc4667ca29cc2bde714121edf16fa53a5b4b,train
99c626e58464,99c626e58464.png,raw/train_images/99c626e58464.png,0,0f4c1f2e2ff59f0bc7348c9da8f23066aa1f75d1f07aef7928f59a90a9e5e9c6,train
99c6a123ed6a,99c6a123ed6a.png,raw/train_images/99c6a123ed6a.png,0,f121f1bb16353a1764efd544c2ea15d1e24add3697d918910e1afa68e0b22a0f,train
99e8bf998285,99e8bf998285.png,raw/train_images/99e8bf998285.png,2,17155cc75a2c0824b04d4fd6796d29b8bc5bd90792aec1aa0b288541215739ea,train
9a159d4674cd,9a159d4674cd.png,raw/train_images/9a159d4674cd.png,0,58a0f867dc5a550889a33e0afe58355ba132e70505f3ad8e886b937eeeaab28f,train
9a28d4e8aef0,9a28d4e8aef0.png,raw/train_images/9a28d4e8aef0.png,2,6432225e8f4c16844095b645ae883d8c4578f2a447fa98bc6b0b72b77145921b,train
9a3109657ac1,9a3109657ac1.png,raw/train_images/9a3109657ac1.png,1,5d492cd784efd5ecbf1e849de3876ead011609ea0123c24b7b2c8bbab97659f9,train
9a326446c431,9a326446c431.png,raw/train_images/9a326446c431.png,0,0fdfe1143ba6b5e1b02d64e8b968c22691e92825b773baa0266f4a1bfa75ccb0,train
9a4f370d341b,9a4f370d341b.png,raw/train_images/9a4f370d341b.png,2,5e5e332bb6dbb18c1d017e110c97359a908cc674577d0ad15d4ca696f1cfda94,train
9a56cfb980ec,9a56cfb980ec.png,raw/train_images/9a56cfb980ec.png,0,5d166d56c2f19203435a18672347548079d8091a322ffee0c4d2eae51a684aa0,train
9a9b21215c55,9a9b21215c55.png,raw/train_images/9a9b21215c55.png,2,6dae7dc91c69d332b96dc8fef31c234cfc61c1ea92203de1ad9600a62c43fc4e,train
9ab18a4a957f,9ab18a4a957f.png,raw/train_images/9ab18a4a957f.png,0,fc626988d13001e610158681cd780fee3eb4ff3d08b2decd4dc1172d0be6c32e,train
9ac41b9a809e,9ac41b9a809e.png,raw/train_images/9ac41b9a809e.png,0,0bebecdce4512988c79206e3cc17611360c57aaa03176da10349bb06ed08059b,train
9ad92f1c1542,9ad92f1c1542.png,raw/train_images/9ad92f1c1542.png,2,5f4ff6af4e4c1769e8dc593f3c3d3ea4b6b700134db2cf90349a155868958008,train
9ae54843c69a,9ae54843c69a.png,raw/train_images/9ae54843c69a.png,0,862270d77da16159d36899e5f80c1933a76990b77e84dda19ff3f25735e12182,train
9b093fe95d6b,9b093fe95d6b.png,raw/train_images/9b093fe95d6b.png,3,932b86281c722b72edd25aa4d932add2a74d7bdfe5c547de506b489988b174b0,train
9b32e8ef0ca0,9b32e8ef0ca0.png,raw/train_images/9b32e8ef0ca0.png,2,c9909caea0615a3f22198c8d5a1cc4980a9126851944968ddd0a37c6360e4734,train
9b418ce42c13,9b418ce42c13.png,raw/train_images/9b418ce42c13.png,2,be82994580fd6a9c7a55391aaf470889046b93ab41c1e6ef02ea40d37fbd4628,train
9b57e43b44e7,9b57e43b44e7.png,raw/train_images/9b57e43b44e7.png,0,d7d85bf37aa446746d44d45e38a42331332c64968852462971581dde97083b48,train
9b70f84400af,9b70f84400af.png,raw/train_images/9b70f84400af.png,0,362690e375ed3d3fc966442c3d340fb959af2b4d1365fd5a8396f14a1d288d98,train
9b95d6203406,9b95d6203406.png,raw/train_images/9b95d6203406.png,2,c8e8e717422d1d371aa87cacf30234bdb5fb26948565b73b08c925324298d1a5,train
9ba469af2980,9ba469af2980.png,raw/train_images/9ba469af2980.png,0,4e3a83960d613749b82b2f30da21650b4a3f6e7831cc5f0e86eb7cf82fd0016a,train
9bbb6c455913,9bbb6c455913.png,raw/train_images/9bbb6c455913.png,0,82de61dc09b71a8780b2f3913e88befca5a5b482595d10bc728f9454fce1b9a2,train
9be71d6d7e59,9be71d6d7e59.png,raw/train_images/9be71d6d7e59.png,0,83f6b03f176b708c4692e00daf5a12572a415ce3e7374a8712777a2a3d1dacc5,train
9c14ce27cbfc,9c14ce27cbfc.png,raw/train_images/9c14ce27cbfc.png,0,5bd0273c8cbe312e5f70649da558767482ed772fc393b6b9ca497b4430876f04,train
9c514d2d5b3f,9c514d2d5b3f.png,raw/train_images/9c514d2d5b3f.png,0,ab6ca6af58338cb532fa34fc0475d96a5da9819104110e94ceb80796eeb3e698,train
9c6512166557,9c6512166557.png,raw/train_images/9c6512166557.png,0,01a7ea464415e3e71b06493939c27d0efb1d1ab6bd9415a7ebee54b29c9e5e87,train
9c72ed6befa0,9c72ed6befa0.png,raw/train_images/9c72ed6befa0.png,4,5d9eb0cf0efe6cc15b00423e45920db371200e01215078c9147bce784ff0006c,train
9c893e16c055,9c893e16c055.png,raw/train_images/9c893e16c055.png,0,03f136c2274637321fb6034178e059a07c71e493357146632e8579469a7424b7,train
9cc6b1f9bcbd,9cc6b1f9bcbd.png,raw/train_images/9cc6b1f9bcbd.png,4,a80b410dfaa78f46f64c09df6c089892bd57bcbb6528fc27f92ed2e5b4784519,train
9cedf5c7016b,9cedf5c7016b.png,raw/train_images/9cedf5c7016b.png,2,f3b92a7ae46ca63bf1938d1966de1bdd7cc323a10479cb5ed6a65c9ea5a5fdaf,train
9cf7c1349673,9cf7c1349673.png,raw/train_images/9cf7c1349673.png,0,c2cabfff565a68c4dac63cbbee9a534f2aad9dcbe498e5ee980c49c5e5536370,train
9d62478042b6,9d62478042b6.png,raw/train_images/9d62478042b6.png,0,56d1d21cb2ebb2fafdecfdac931c84b56045856b688068792b2692c01cf98216,train
9d74428188bb,9d74428188bb.png,raw/train_images/9d74428188bb.png,2,edd786c55a060028d4884f6af1cecebb09e6ea5130a494b1b2de88c2001e2f96,train
9dab2e6ba44b,9dab2e6ba44b.png,raw/train_images/9dab2e6ba44b.png,2,cd6d87c95d8e10dbec820ce8525e88b985297ddfd6d1337fb74adc5a7167e604,train
9e2a8135f471,9e2a8135f471.png,raw/train_images/9e2a8135f471.png,0,547de85b7d658b7dabc6822617830261a874effa425e809dbc8771085d871ade,train
9e2ba2b979f1,9e2ba2b979f1.png,raw/train_images/9e2ba2b979f1.png,0,dfe1c5348c0969fa51664156a7dd3de1b4911d6b923791aef81b50f9edbca565,train
9e5737f771c3,9e5737f771c3.png,raw/train_images/9e5737f771c3.png,0,cde054798806771ac42c04c3109021d6208b90bd6716c49510baea335ebc0ef2,train
9e5ec293267c,9e5ec293267c.png,raw/train_images/9e5ec293267c.png,2,afbfd740269058285e4a80c84ce3512359ebca442b2f4ea7fb9c1230f72f0960,train
9e7a63b2fc6a,9e7a63b2fc6a.png,raw/train_images/9e7a63b2fc6a.png,0,e48211c110bff712223636e08fcd4475d4723cf4f947cd265560df5eb7bf509a,train
9eaf735cf01f,9eaf735cf01f.png,raw/train_images/9eaf735cf01f.png,1,5278db4d3cfedc3e261622d5d95342ed9a38c5a723568b430827e5d623a906bf,train
9ed666e982cd,9ed666e982cd.png,raw/train_images/9ed666e982cd.png,1,601e8b4592c49c8704ac6452836a207b979939b35d107dde2f348c178569df3b,train
9f1efb799b7b,9f1efb799b7b.png,raw/train_images/9f1efb799b7b.png,2,8d91a59999626c7d147c7d21a6c9698c653f4f2067bc814e1b92a35f96edbb08,train
9f285b3e57ed,9f285b3e57ed.png,raw/train_images/9f285b3e57ed.png,0,33a46c48df61e95f8f34c91440a67876869c196a4b58d30875932659a87c892d,train
9f37c98b8187,9f37c98b8187.png,raw/train_images/9f37c98b8187.png,3,9064c844a2ec2d84a16a733df3f2ff773515a6f1664236140a7e45dc36363a98,train
9f436886e056,9f436886e056.png,raw/train_images/9f436886e056.png,2,ce91ee473cd56e2e60b2b53ab75741ab665c452fc06b69bb1497af5cb2493ced,train
9f5a8665cf2e,9f5a8665cf2e.png,raw/train_images/9f5a8665cf2e.png,2,46f49467a9008b658afdce62a771b0f5b14ee3eda093a751d9ade6ef8863e8ac,train
9f935fb38440,9f935fb38440.png,raw/train_images/9f935fb38440.png,0,70f7147d5f28e2a056c3670f247da25f53293eec33fb308929b330edfe266265,train
9fa02dfb5553,9fa02dfb5553.png,raw/train_images/9fa02dfb5553.png,0,25992c7e356c27f64f0a16285d222d36612c49f0f030d34bcece9dd0d6c41ec3,train
9faad91b6578,9faad91b6578.png,raw/train_images/9faad91b6578.png,2,ab2168c0e152826430127bb8863ff70dff346300d8d8c2ed9c5fceab2d293885,train
9fefe2b44795,9fefe2b44795.png,raw/train_images/9fefe2b44795.png,3,b59da220dfc36f030361ab65c65031a99216278fb251a04345e61936f35442e8,train
a01024054596,a01024054596.png,raw/train_images/a01024054596.png,1,8fd37bb3816ef1eef93bc14bd55052ce491787c7cabb2db8fe0afb126c295d9d,train
a015ce4f51ad,a015ce4f51ad.png,raw/train_images/a015ce4f51ad.png,2,2acd5290f2f9efdb46224594d18d33dad567d53960c2bfe27536a87c02d2a591,train
a01c590c444f,a01c590c444f.png,raw/train_images/a01c590c444f.png,2,5dfa91f35e451f488f211c97700aeb2e01d489387589a511777684e3c179568c,train
a02dfd67a925,a02dfd67a925.png,raw/train_images/a02dfd67a925.png,0,5d7eeb560401f1383d443d0f50fd54a5a1d8d143cc85faad7e0e003a02fcda31,train
a0445785e2f7,a0445785e2f7.png,raw/train_images/a0445785e2f7.png,0,7cd95c49d6830d813246ef587f916afca23b86721cd2795cc90e10f574074ff4,train
a06b353e7bed,a06b353e7bed.png,raw/train_images/a06b353e7bed.png,0,d174d4791784d72379a25182bb1d3a8b9f9f5f7b25272d48d3416bf93cb48462,train
a06e41bd2634,a06e41bd2634.png,raw/train_images/a06e41bd2634.png,2,14bf8b458d92eab381735e053d7ce0db1dfacb20d9ccdfc22538cddd4e322887,train
a06e5ac695ce,a06e5ac695ce.png,raw/train_images/a06e5ac695ce.png,0,3a8586d11e7f0ff662a0071f2dab50953eafadff59c94da3ba0620d1ff96ad66,train
a08a0133754a,a08a0133754a.png,raw/train_images/a08a0133754a.png,0,02b5348a877d5af0da3094b8dd7ecc46cb36cbc302f54d3319eb75bdceb21ed4,train
a0a0cd8af5a6,a0a0cd8af5a6.png,raw/train_images/a0a0cd8af5a6.png,2,57d0f5c6a97803e2adf443fb48655d1ac7e14b47caa87b07fdf21156c26b225b,train
a0adbe677508,a0adbe677508.png,raw/train_images/a0adbe677508.png,0,09f6cf5286c850cbb2b9fa01d1b12573caadee2a165b8e911fed424604f05736,train
a0b7ad98df57,a0b7ad98df57.png,raw/train_images/a0b7ad98df57.png,0,90a48e74a9e62b4ac051f3d6fa64dc654ddb00e303974271f57572e3173bd689,train
a0cd7bffdaa0,a0cd7bffdaa0.png,raw/train_images/a0cd7bffdaa0.png,4,ca0d1a4de89f0cff75d2ec09b307e2a1fd20fb6ea3f5dd2629da89838c4a113e,train
a0d04a19cf40,a0d04a19cf40.png,raw/train_images/a0d04a19cf40.png,2,dc51c5e04273ae8708fa03ebc7f0c6e625a1deaf0e4bf6a97046117572bc54f5,train
a0e635689259,a0e635689259.png,raw/train_images/a0e635689259.png,0,3bd4ce2c29793ea5afcf772046e21bdc094080c3c943537d67902015a596411d,train
a0fd94e2ad76,a0fd94e2ad76.png,raw/train_images/a0fd94e2ad76.png,0,a298192e15d0ecbca8b2fae73bee92274c89ed86ff0e6f589d71e8368074dfa6,train
a11bf2edd470,a11bf2edd470.png,raw/train_images/a11bf2edd470.png,4,654438ce4853dd52ac2efc8ee26ae2190f842fded985b0c2cfa24a3fdbc7c458,train
a11c62cb3f86,a11c62cb3f86.png,raw/train_images/a11c62cb3f86.png,0,e5c23e6003ad4556ae8fe523f8e6a587c62763ac397c34e6f1919ca0cbbd0f34,train
a12ca80bb8c7,a12ca80bb8c7.png,raw/train_images/a12ca80bb8c7.png,0,5a0d568588c4bff4fd083f8b33a33d34c31aaf4844af4965d361bc9789640ce9,train
a14bbd9a583e,a14bbd9a583e.png,raw/train_images/a14bbd9a583e.png,3,a6f0f25ebeeba35dc63b63a2d02287e079edb0c994277e255afbd412ebf5d565,train
a14fcf84bfe1,a14fcf84bfe1.png,raw/train_images/a14fcf84bfe1.png,3,65015c8e4924dbef502eb344902df403f452a55bbbcc4e71d8f82d14b580867f,train
a150ff5dfe07,a150ff5dfe07.png,raw/train_images/a150ff5dfe07.png,2,bd9b6f2c336f8c3f0d8c9554580b61d6b2730c9e2276a3d09f070f069ce280fe,train
a15470303941,a15470303941.png,raw/train_images/a15470303941.png,2,ec24721f542ed2e0032c4c11a1dc13dcf84242e0307767f83e31f6c01833e757,train
a15590a7d774,a15590a7d774.png,raw/train_images/a15590a7d774.png,2,03135ee09ffa17f472594750289fd780855467492833f77d77fee61894aac993,train
a182b5b191de,a182b5b191de.png,raw/train_images/a182b5b191de.png,4,8d7bf007be7b470f2f381ef7636752553e91ee936b75c91674376d8c10d96920,train
a188c60b93fb,a188c60b93fb.png,raw/train_images/a188c60b93fb.png,0,9ac98c2c15b97aa9ed52c4cbbca06f5b6a3485fd5f0b73645e4ee6b39dc131ca,train
a1b28bcbce00,a1b28bcbce00.png,raw/train_images/a1b28bcbce00.png,0,d4bb0ce9b3a7bc59d5d32506a7445583e7acb2b4b601a1b73bffa9eab5201b21,train
a1e236fbc863,a1e236fbc863.png,raw/train_images/a1e236fbc863.png,0,7fb21b685df4d999fce54b021ac95d552b4f2e0459a202ef7d8d959c1d60a137,train
a1edf0e66592,a1edf0e66592.png,raw/train_images/a1edf0e66592.png,0,1e115f451cc47d7cb931bfb1327390b3c4c524cb882e5d5401309ef8f0c0ef18,train
a1faeb4d5f10,a1faeb4d5f10.png,raw/train_images/a1faeb4d5f10.png,0,8bd1e236461ac605ab6793a93c94d8d6d3f678ac5e0fdf5f755b0e6ff296051a,train
a2163f0c2af5,a2163f0c2af5.png,raw/train_images/a2163f0c2af5.png,0,421e5c14796f4817b936e68d156d60d8a5ac9dbfcb491893eafb2f46fc53e2cf,train
a21b37719f9b,a21b37719f9b.png,raw/train_images/a21b37719f9b.png,2,b0a840e8701bd1f7f475caf7434b841c73428eccc6de8e81563f86d44c2b055a,train
a247961a5cd9,a247961a5cd9.png,raw/train_images/a247961a5cd9.png,0,c4035b1d4cbf45f45e876a6c4d23f6c4466553fe64d296645341f1048d28568c,train
a2696f444ecb,a2696f444ecb.png,raw/train_images/a2696f444ecb.png,1,5085df96b68797c4efd12aa53743b621ce344557d3460ac9205262e9646b4f02,train
a26f50218b84,a26f50218b84.png,raw/train_images/a26f50218b84.png,0,2af0fbe6830b9da6cf9cdb26617c26a16ca6b04939678c77d099eaee3f490505,train
a2811f512c1c,a2811f512c1c.png,raw/train_images/a2811f512c1c.png,0,bbc8cd9941a762d349cfcda1dd4be92dc28dfe3aee58217ba9c8ce9452c954b1,train
a28bfb772f50,a28bfb772f50.png,raw/train_images/a28bfb772f50.png,1,bebe04530ad77e816f822c8ee7ef31e917c7a16ed09ada216c3bec2bf968eb94,train
a2ad3da4c7d6,a2ad3da4c7d6.png,raw/train_images/a2ad3da4c7d6.png,2,c13e7ad5a04152e36b2906c8173beb7def3a87ec6046848e7a67922ca60fbcf5,train
a2b995b81692,a2b995b81692.png,raw/train_images/a2b995b81692.png,0,0b7be2d13bdd816294981ae9b1216963ea9d9e364747ead26a38244edc7d7510,train
a2d349f567a6,a2d349f567a6.png,raw/train_images/a2d349f567a6.png,2,936a4edaf03b6f8af3633a3b94f102c84a2fb3e9958bb5ecda7838ee4fbee8d5,train
a2ddabee14e9,a2ddabee14e9.png,raw/train_images/a2ddabee14e9.png,4,d3a7d5ddc639aee12971ca1edf28f3a65f19b79e61ebaba279f2e12fe54c5f40,train
a2dff8dbc9f8,a2dff8dbc9f8.png,raw/train_images/a2dff8dbc9f8.png,0,f5b8565bee7125ab5fa289cb2b8568f34d227a8ce08f199f819f6592f23627f2,train
a30a143a53a3,a30a143a53a3.png,raw/train_images/a30a143a53a3.png,0,aa446ff2f5b5fa58305db24a939853b2fdd9254968b23bb711db2a7a1be4902f,train
a3132c8828e4,a3132c8828e4.png,raw/train_images/a3132c8828e4.png,0,d5716e67850c8d46e3fa601ba7bba16fd7123d96db4c36d95a73fe4e49593455,train
a32886cb31ab,a32886cb31ab.png,raw/train_images/a32886cb31ab.png,1,467f8e77394ff18304a7d040cde900f0b097518a1da9f0569c8eb552a1d4a2f7,train
a3475dc3ac80,a3475dc3ac80.png,raw/train_images/a3475dc3ac80.png,2,56ecf1f17066b282077cf35ea7e117c63ae1fecdf8081e3ab2cbc15384d92452,train
a34fc5376669,a34fc5376669.png,raw/train_images/a34fc5376669.png,0,a88be8e7dfb53b53d120b0c73ddd016bc965076542489d8d0ce799ec9b9ff62b,train
a3706ce27869,a3706ce27869.png,raw/train_images/a3706ce27869.png,2,708f934ffdc4401c23aa5d03aa5005680e3065fcd244a1afe1cd62e2cc2884d2,train
a3802934bad7,a3802934bad7.png,raw/train_images/a3802934bad7.png,2,669294874effba6c39169654242474565f6cc988bfc2e2c80365981d3140ee57,train
a384e688e228,a384e688e228.png,raw/train_images/a384e688e228.png,0,dfd75f807409464789c9c21fa5ea7e7b802fd78b59fbae34721975b61237d807,train
a3957df90a78,a3957df90a78.png,raw/train_images/a3957df90a78.png,2,f8321f2d416e99780f92378e64e3d24c65cd4a6cb240c957625056b36cb91cc3,train
a3ad6c2db6f1,a3ad6c2db6f1.png,raw/train_images/a3ad6c2db6f1.png,1,3a272f5caa3a06898463c09c652aaece86fec15b65d8333d6f827509999b63a9,train
a3d2a0c4cd17,a3d2a0c4cd17.png,raw/train_images/a3d2a0c4cd17.png,1,fb4385449873cdb7560aa7d7b605920be2219831e70e9d5da6a5a45d1264f87d,train
a419fcb2dfb5,a419fcb2dfb5.png,raw/train_images/a419fcb2dfb5.png,0,7319cc2217e7d225b42b3a9c487348afe3c40f3def01210378a9828ff7df4e0a,train
a44345b27804,a44345b27804.png,raw/train_images/a44345b27804.png,0,a1e4ededc21ec9df64f8f7a942422e71e092cef097215c0264d88452f3d77b25,train
a443c4fd489c,a443c4fd489c.png,raw/train_images/a443c4fd489c.png,1,4c6d20bd10502d8d99730bb559eb229dfd205d67d7014f863fed6270afbed812,train
a45d77edf8d9,a45d77edf8d9.png,raw/train_images/a45d77edf8d9.png,2,e6faeb4dad2eb72c8ab836c6cef9f60722648026daf50b19d4fb4f1e830eefc7,train
a476fd984005,a476fd984005.png,raw/train_images/a476fd984005.png,2,ff891e2c817c5fe80cc3edb4802d6b2d5abe5ed325376b7597d053d218d79665,train
a47878630dc2,a47878630dc2.png,raw/train_images/a47878630dc2.png,2,ac741a0b39aa3455daef37d191e5692a41f5f3e2df6181f796d3ebd7638bec42,train
a484bdf85b4c,a484bdf85b4c.png,raw/train_images/a484bdf85b4c.png,0,bb4b518d9cab2db60ef7de292738069ec5a03b1bc5e8bd92a8b1c31fc0b039a5,train
a49b0b4484ea,a49b0b4484ea.png,raw/train_images/a49b0b4484ea.png,2,032dc113c5f97945e2c0981f5586293260d2ae41e0caef615f725689923b8d5c,train
a4b8de38eac1,a4b8de38eac1.png,raw/train_images/a4b8de38eac1.png,3,f90205364508ef70aed083a612b019261e25f6223287cee571162f9583803c10,train
a4d4b69f7404,a4d4b69f7404.png,raw/train_images/a4d4b69f7404.png,3,e795000d1dbfba7126b68212f95e3753b4470ead76d74ef239679bfcd1112637,train
a4ee03ecff60,a4ee03ecff60.png,raw/train_images/a4ee03ecff60.png,0,51960f4bb47b31a9f86af4dfe874af6c30b4c10a378f599f14a28b82d6986226,train
a505981d1cab,a505981d1cab.png,raw/train_images/a505981d1cab.png,2,bac8ae4828852f2c3e0d13e8af86de30d58c4eb8ab1c7bf301ae13446870a043,train
a5a2a7003d60,a5a2a7003d60.png,raw/train_images/a5a2a7003d60.png,1,4263195e6a5a541d9e940e68355943da4d722ce0e85e412d1be8f46a4d20cbe9,train
a5bb85afc6e8,a5bb85afc6e8.png,raw/train_images/a5bb85afc6e8.png,0,9c8f7c2f5873e955193ae47a59a7522a62465ee18a90728ec84fd9d09c845774,train
a5c9a8c726b2,a5c9a8c726b2.png,raw/train_images/a5c9a8c726b2.png,4,27dfd7d835852b422263423743be5f0f1a6fa6eff92b6bd632477c0fbcd49b64,train
a61723fc38c2,a61723fc38c2.png,raw/train_images/a61723fc38c2.png,0,7396ec59d8f0012a2dfee714ffd0cdf56c9f5c14b8038f3f302f64be36ff1f87,train
a627eb8c08c5,a627eb8c08c5.png,raw/train_images/a627eb8c08c5.png,0,def8d7253bf40f9da866b6e62ba6ddb7f54280d445e506b1960120febd8296a2,train
a62e995f167c,a62e995f167c.png,raw/train_images/a62e995f167c.png,0,f1ff5499629c8faaf60a34322bc3433f26b4a08054d0c4ffc36bfa66ac1559a6,train
a62ea0043aa7,a62ea0043aa7.png,raw/train_images/a62ea0043aa7.png,2,3cbd6763f51b0777bb7ec154a7db102d2b78c2973bea41c08c7a4ce1089d46d9,train
a6356a3c5d11,a6356a3c5d11.png,raw/train_images/a6356a3c5d11.png,0,0749f009e8d1541f59b5705fcc7ccf54a0599efd1edfb954179fe0d099cb8cba,train
a64273801bde,a64273801bde.png,raw/train_images/a64273801bde.png,2,c487a9f9f7d4e7db2aad5e482bdb5c6080487ed3bb63e9ae48d604be43060993,train
a654b25124c3,a654b25124c3.png,raw/train_images/a654b25124c3.png,0,c1f79f1ab2807eaa7315b563984fe9642d23806d1eaf8544c19fbff16b4c74ab,train
a664d2055886,a664d2055886.png,raw/train_images/a664d2055886.png,2,95f40dc49ce47275a91e2b08eda4f0fb5a7a39cf90d3ba32499eea3fd9d4a7fa,train
a66c3165876f,a66c3165876f.png,raw/train_images/a66c3165876f.png,2,c091a2527e142a1d4e947390b4ff9aa6a9fd17d264b84f08b0cc0912bd532ab2,train
a673193cd5a9,a673193cd5a9.png,raw/train_images/a673193cd5a9.png,0,ae5ddf92473c5e4de3cf9070aad147a51616c792d486936b0e3bbc4a6dd8a55f,train
a688f20f8895,a688f20f8895.png,raw/train_images/a688f20f8895.png,2,4c441d05fb709c71d8ede5e5ca175f93979ecc8f666fc130b908fdea6959a4b9,train
a6b6d27c1b32,a6b6d27c1b32.png,raw/train_images/a6b6d27c1b32.png,0,675758f47ec72ed072af5180613cb74431ba1683034f43d1563212b2b551ef49,train
a6c9e96a10d7,a6c9e96a10d7.png,raw/train_images/a6c9e96a10d7.png,2,e79ec5489a07688699c835a58362078062bdf06fda6637896780e27c65fe641d,train
a6d45de20e4d,a6d45de20e4d.png,raw/train_images/a6d45de20e4d.png,4,c3765a8160cfef303e3cb8004d90ab430114b74c0c4b36dacbc0eccf44426c1d,train
a70d0f12a641,a70d0f12a641.png,raw/train_images/a70d0f12a641.png,0,bc0dade1da796293a45eaacca44f0d964339329ca566b2bd7cdbcb54690188f1,train
a721efb1e049,a721efb1e049.png,raw/train_images/a721efb1e049.png,2,c2120a5be4d694ad7e200a4d40bb22da7f3540cdfead964277992dea2ef0fdf2,train
a73d012c4c38,a73d012c4c38.png,raw/train_images/a73d012c4c38.png,0,9c18119ee8faeb9356921a9e7eae2dcf9e9b9401c39b72685dc64b6afeb952fd,train
a763661f98a5,a763661f98a5.png,raw/train_images/a763661f98a5.png,3,eafddae1f652e2132c11e7ed3a8b89d9c164f7f8d38042db9eda963ccb4a33fe,train
a7673ac44509,a7673ac44509.png,raw/train_images/a7673ac44509.png,0,31e656c0e2ad1dc9f4e20aee93da3de07455ba8976b26ead65948e56a2e9884f,train
a77dbec966d4,a77dbec966d4.png,raw/train_images/a77dbec966d4.png,1,8ddccd0b0af0028282afeee75a0fd87e903eb45cb4bb3b377f407526a8da2035,train
a77eb914b383,a77eb914b383.png,raw/train_images/a77eb914b383.png,0,0ef57c893f3deff2ae710b3515bf7ac4bb44550893faca3c2a3a7a5261421a7e,train
a790a3b36390,a790a3b36390.png,raw/train_images/a790a3b36390.png,2,fb61009a4c73dad4763dfc7d7dac130a3531894a9251afba36c0e3012505a0b5,train
a7c10ca6c117,a7c10ca6c117.png,raw/train_images/a7c10ca6c117.png,0,aa30d73a7e8f177cf6503b20200b102e453631847d469cddd4ca4c3a13112c5d,train
a80dab8eddf4,a80dab8eddf4.png,raw/train_images/a80dab8eddf4.png,3,56d68c80e9efcf366164ccf755d111cc67463baa4f215692d2e332b90bfcf5ae,train
a81b06f50612,a81b06f50612.png,raw/train_images/a81b06f50612.png,4,57343e1a6cdf3aa129cd92392dd78eac757476510b5017593ffe8851ed9dc209,train
a821b6ecef33,a821b6ecef33.png,raw/train_images/a821b6ecef33.png,0,19daee3ec091d12bae2b9b98ab443cb5b3281a20fd49d78d63bb5cf6ea7f14db,train
a8263d248523,a8263d248523.png,raw/train_images/a8263d248523.png,0,638b608c070d6dbdc8e7eeaf3aa01bf99c9ba17b57062dafd3a07326cf884d0e,train
a82a12ad3fb1,a82a12ad3fb1.png,raw/train_images/a82a12ad3fb1.png,0,a6f28b842a3fe87f3249722c9cf83628795db2bc1f6d57eec065da76d0705a62,train
a8652b2de23f,a8652b2de23f.png,raw/train_images/a8652b2de23f.png,2,a0b9b903f5383e4537dd5cdf7568b3c1a62c57b9246bceeecb12ef3aede19428,train
a879c3569552,a879c3569552.png,raw/train_images/a879c3569552.png,2,6e585876ffc6c4bb9f05d5b87b60db061a4ad0c113b17bbee6148bc4e894f407,train
a87f53bc984a,a87f53bc984a.png,raw/train_images/a87f53bc984a.png,2,c8fccfa0b5a2919b6bb5ce5a74a3d02dc1381b5de3521b19483abbe361f42092,train
a88f68b0b114,a88f68b0b114.png,raw/train_images/a88f68b0b114.png,2,5d94f4da11d26903b6b2daa3a74e375cbd21c9733ba9304c082f3f864b7f324e,train
a8a6588c8eb7,a8a6588c8eb7.png,raw/train_images/a8a6588c8eb7.png,0,6659f5d5eb38c039a85bf52c4d3ed148a233763bed040740fde1d6953a949c22,train
a8aed92940fb,a8aed92940fb.png,raw/train_images/a8aed92940fb.png,0,026c3a578042f3e5a08e45c853df9ae1e087205f3fc5121b0666e5490d01cebf,train
a8b3c0961d42,a8b3c0961d42.png,raw/train_images/a8b3c0961d42.png,0,c7dc63cb238f5eebd6efb18b179adc7071fbcdcf5c559d9da2017252a875240b,train
a8c54e2a4b79,a8c54e2a4b79.png,raw/train_images/a8c54e2a4b79.png,1,09d72502b98d73a7bc5e926ae495ead93df707c3484da7e07266630837e72e98,train
a8dea22ef903,a8dea22ef903.png,raw/train_images/a8dea22ef903.png,0,928b47ff1aa8d1e55320478830f3a5de961f9bce6d0249aa59f5490f3628f2be,train
a8eb35b3bcd2,a8eb35b3bcd2.png,raw/train_images/a8eb35b3bcd2.png,2,21b490201175cbb0449543b4dcf663221c9bb62e57d6b5138819f576303df11f,train
a93f1ea3ff4a,a93f1ea3ff4a.png,raw/train_images/a93f1ea3ff4a.png,2,e3ca9f1027a6f59a5c90453707eb0afb9a34577a5946bbebb66610c16ab336e9,train
a95858e052d6,a95858e052d6.png,raw/train_images/a95858e052d6.png,1,8cbc6aa612111380fe79cee7c7408e84bcd32a3809417121e6f2bf019c524841,train
a95d9d61ddd4,a95d9d61ddd4.png,raw/train_images/a95d9d61ddd4.png,0,5a49f1244307af030900dfdba28cc8898ba6e34dead0c24505ab486428d8b20e,train
a963ac561580,a963ac561580.png,raw/train_images/a963ac561580.png,0,365b0401c5482e50780ae46c3e07b020923bc0c832b8c124140f5b5089e1b1d7,train
a96ff96bbae5,a96ff96bbae5.png,raw/train_images/a96ff96bbae5.png,0,30d71a6a12f48f22614b8850ae5ae580f2ba4c78cac21d8ecd6d81984b0fc8b6,train
a987aa7aac37,a987aa7aac37.png,raw/train_images/a987aa7aac37.png,0,c6b84d5ada3dee037312145d1f1249c645d38bd13095c78f662d2f15b42a61c7,train
a9a28c37c8c4,a9a28c37c8c4.png,raw/train_images/a9a28c37c8c4.png,2,29ddca0a4a97d6e716a003ed7df7d8f91a4c9de292988368710671bc502185bf,train
a9a3225cf4b5,a9a3225cf4b5.png,raw/train_images/a9a3225cf4b5.png,0,95fa9b83ed29053055f55fbab38bf8d530bae5c40894e9f8abbde53765c3b9b1,train
a9b3177f01c0,a9b3177f01c0.png,raw/train_images/a9b3177f01c0.png,0,26a619f23444d9ad187a02af9d519b24205c070eef59be1558ec8bd4ffbbe3a1,train
a9bc2f892cb3,a9bc2f892cb3.png,raw/train_images/a9bc2f892cb3.png,0,1ee393777239fb5c650057a753fa21f9dd660e0bde407236fa6bfc177a1c6558,train
a9dc80cba9a4,a9dc80cba9a4.png,raw/train_images/a9dc80cba9a4.png,0,ed38fc4ed307cc43e9d3fd32a5970524267db70e1286c3a35d48744a31841c03,train
a9e3d186cd1b,a9e3d186cd1b.png,raw/train_images/a9e3d186cd1b.png,0,4091205658ce1fbd86941b5ec35cf1ed3a933f3ff62195293c9cf55fb68f7d1a,train
aa10a4b2e709,aa10a4b2e709.png,raw/train_images/aa10a4b2e709.png,0,d30e73e9213e9d754cab5ca1d1e80d053a04783c84d954ae5ec33f9b27df7a4e,train
aa31bc6b8f4d,aa31bc6b8f4d.png,raw/train_images/aa31bc6b8f4d.png,2,336f61a82113423b13a0ee6eea3072a9ae021a60e65100a72610fda7a9ceb66a,train
aa5ce75edcf5,aa5ce75edcf5.png,raw/train_images/aa5ce75edcf5.png,2,fefdcb5ddd679dbf62f2853d24326245aea07abc6b0f311e8e5c6f71e81e12dc,train
aa60813e1a8d,aa60813e1a8d.png,raw/train_images/aa60813e1a8d.png,0,6cb95ede822773d292d751a3256e11d84d79ca49488d922a2a2340b82d795fe6,train
aa6242f9e08c,aa6242f9e08c.png,raw/train_images/aa6242f9e08c.png,0,9460f09b68d61a713bda2f9247d6a6cdb693fe2ade23e3671956aacdbed6a7f4,train
aa6673241154,aa6673241154.png,raw/train_images/aa6673241154.png,4,3e516efbea8640a2717352d5e2962357e0681191f66c9219f9bbe7523ec793df,train
aa841de1ee82,aa841de1ee82.png,raw/train_images/aa841de1ee82.png,2,55dd4044d995cd5dfb61201068d42949086f036d8d2a0111e12f48d7f56bac9a,train
aa8a1e814811,aa8a1e814811.png,raw/train_images/aa8a1e814811.png,0,624c80f7ea0b3a550ed548472703661a281f9d05452ca0523755158f16b0d586,train
aa94cc4bfd84,aa94cc4bfd84.png,raw/train_images/aa94cc4bfd84.png,0,e7f8f6abd06ba3622467c043220f3ef8b0e9fbef5fb9fee63ad555f3ccf90725,train
aa9b8f05f4bf,aa9b8f05f4bf.png,raw/train_images/aa9b8f05f4bf.png,2,2fe4ca05eae909919456955ac3f3b9e85b1f54fd3554e7cd839a31fb48a12916,train
aaaadb174012,aaaadb174012.png,raw/train_images/aaaadb174012.png,0,7a43452e9842977fc1dbcb6227b260441bbcadb943eb4ee63c40c5b6ea97fba2,train
aabd867043cf,aabd867043cf.png,raw/train_images/aabd867043cf.png,0,d9da9de70ce88a4ac36793aa8253bd34fb0e48b0b940fa2bd79697a86ecd6cb5,train
ab03d50bba2f,ab03d50bba2f.png,raw/train_images/ab03d50bba2f.png,0,417519dbd9c557e0007fef3c0223b9203a3ab8519f872cd96a7a5fafc4efb539,train
ab653b8554c0,ab653b8554c0.png,raw/train_images/ab653b8554c0.png,0,f49d090e7634512b8e35cca4dfc7ba3194f806cfab6c52cd7c8005ad578ca6a6,train
ab686895533e,ab686895533e.png,raw/train_images/ab686895533e.png,0,23fe4d17056f74bd3c957e0fc230179737241661ffccb731556c2810ce5539dc,train
ab724603ee93,ab724603ee93.png,raw/train_images/ab724603ee93.png,0,2345a466947e81554933302ef2996982ee3b9f4c4c402b3124dac1b82bc652eb,train
ab78a66dee6a,ab78a66dee6a.png,raw/train_images/ab78a66dee6a.png,0,3f0aafd87b0d596bd4d45e227fe8a2bb9e754f3ef4d0716bbfa5662e579429c4,train
ab7991df166b,ab7991df166b.png,raw/train_images/ab7991df166b.png,0,1787bba6c5c5257c90d9c870bb220a140bd494c7e9af50298d5d9f1ee2e1cfe3,train
ab88081e5654,ab88081e5654.png,raw/train_images/ab88081e5654.png,0,dbda8fa54b1977cc210976f5e19743dea0b78dbf7ee96da44b4d45d7189f46d8,train
aba3063c5413,aba3063c5413.png,raw/train_images/aba3063c5413.png,3,4da6c59f432df69d1a0411012e9f732a5f4d4bd1d59fe0b61c95053d4c1b6d8b,train
ababe19ed448,ababe19ed448.png,raw/train_images/ababe19ed448.png,1,9c182851e94cd6311470ab4562b03b28351af48f0a19570ed5dedb8be774ba1e,train
abbb8791785e,abbb8791785e.png,raw/train_images/abbb8791785e.png,0,7ed699b659de365bb8efb8a380b50226c9e3edfa1a4a443403c4b91c189678ea,train
abe940882578,abe940882578.png,raw/train_images/abe940882578.png,0,550506c9f3199e82ddd085751bcc3a54437356f8cef1fa1987b8aa34e1e04fe0,train
abf0f56c6f12,abf0f56c6f12.png,raw/train_images/abf0f56c6f12.png,2,2e50642ed53bf51999f1192f2fcd4aad8cf655d05e7b11b5b171e35ba9fb26fd,train
ac0a48ccbf70,ac0a48ccbf70.png,raw/train_images/ac0a48ccbf70.png,0,45955fca2c56a7feff5191af3efa185924fd8ac3e8ba9e67ff834d51669ab995,train
ac17cc18a994,ac17cc18a994.png,raw/train_images/ac17cc18a994.png,0,4fecd1221c79e1fd15a2ab71d5cf46898876372bbd70838178b119c802fe4b6c,train
ac5b5dddf91b,ac5b5dddf91b.png,raw/train_images/ac5b5dddf91b.png,2,ff14dff745e2641ed12800dd098e609f756e37979cb9d571902f0785aa229969,train
ac720570dd0f,ac720570dd0f.png,raw/train_images/ac720570dd0f.png,2,cb8162454340a3911ba4c169cd3ad4d80105b804d8f553f6da94d901010e23ea,train
ac81fc200162,ac81fc200162.png,raw/train_images/ac81fc200162.png,0,4d0e5b849628b69cfe9d0dcdb0bb714871c09d793924bf8f5ded384114009c23,train
acc9f29538c4,acc9f29538c4.png,raw/train_images/acc9f29538c4.png,2,355e7817b8b2b41e0f4250bad40a41e0499a96cadca54cc5e8f7d76e6c60a023,train
ace2281f00c4,ace2281f00c4.png,raw/train_images/ace2281f00c4.png,0,661b80b9b365e763eba0ff61e766cbdc552e9ddd9181f97a80a5f335ac5bb91f,train
acf976efd7ce,acf976efd7ce.png,raw/train_images/acf976efd7ce.png,0,d4e61c5c5866d40cca18e271cbb41d32ef4e49e7edcde4a69e5aa5946218a2d7,train
ad029ba7fa8b,ad029ba7fa8b.png,raw/train_images/ad029ba7fa8b.png,0,66f637fee0e25d3bf4545248de8e84e46bcf4370789bb3d5d01149906c3fc5a8,train
ad12cde115ab,ad12cde115ab.png,raw/train_images/ad12cde115ab.png,0,af2d1728947b4a8ab379980a9ad2c6d9ab4e3105d43f54875000aa9ba469d255,train
ad1aa75d5630,ad1aa75d5630.png,raw/train_images/ad1aa75d5630.png,0,3c3328b66677a0da77af0b5887f0bbf95816cca0a5d354445cb097b38c6aeb40,train
ad20080452de,ad20080452de.png,raw/train_images/ad20080452de.png,0,9f0c224637e991de8ba0f099c826949ae17b2a938ca64e4538ef5edac14e79b5,train
ad3fc5076852,ad3fc5076852.png,raw/train_images/ad3fc5076852.png,1,7ef4f33618c6f560fb8989a61d2fb0a2725b4bb9b9ccc48ccefb5486e455a80a,train
ad570b850a4f,ad570b850a4f.png,raw/train_images/ad570b850a4f.png,2,0351e83371a723473c1974cabf4f11b71896e3340588f828eb15a8295e0cc7a4,train
ad6b07d5c338,ad6b07d5c338.png,raw/train_images/ad6b07d5c338.png,0,1b792fdea90f9f5a16af37ccd991864aed941fbbb9353920b40df43587bdd2af,train
ad93d88c87ea,ad93d88c87ea.png,raw/train_images/ad93d88c87ea.png,0,a6ec75971f109cf93ed68ae340609731747baee36b28addf7ec862cab14bcb94,train
adb56cecafaf,adb56cecafaf.png,raw/train_images/adb56cecafaf.png,3,5da43747b82682cdd28aa95c7feec1a5fd0b59346dbebb9882b66ff374e67481,train
addf66a50f42,addf66a50f42.png,raw/train_images/addf66a50f42.png,0,cae515cf0e63190abe8377cb3a6c6ccc2462f79ea8542b5c243cbef4b872518c,train
ae1344610ebe,ae1344610ebe.png,raw/train_images/ae1344610ebe.png,2,175e553b42f5a1997fc53a0c05573f64c4350a661127454cd511854133267d72,train
ae20112e7a1e,ae20112e7a1e.png,raw/train_images/ae20112e7a1e.png,0,a0847c0d00dc32440f5e6f7b793d90411e7d67322c731a2f3da7681f95be9a02,train
ae2c3f6312ef,ae2c3f6312ef.png,raw/train_images/ae2c3f6312ef.png,0,aa689377f955ed106bd7012dd879b01823d944ca6eb345cd5093a36398934294,train
ae49cc60f251,ae49cc60f251.png,raw/train_images/ae49cc60f251.png,0,8a903b546a5f3bc9b970124a1307e117d4d80eb958e1735b786e953b6925e91f,train
ae57c8630249,ae57c8630249.png,raw/train_images/ae57c8630249.png,0,5401be8fe2e25aaed414a8f7907b66092d6f204b1b403605375bbcb1f5e420b1,train
ae58ccb5905e,ae58ccb5905e.png,raw/train_images/ae58ccb5905e.png,0,1c431fd961597992229975342e850e265e9213fa9b54b7a63dc4ccf7dae67f77,train
ae61e19fb766,ae61e19fb766.png,raw/train_images/ae61e19fb766.png,0,5de69c6f24ad43fca18be2ad76eed678f56abf8cc0ae9598158f78e2a5eaf6a7,train
ae8472f8d310,ae8472f8d310.png,raw/train_images/ae8472f8d310.png,1,f5f98df161d7a2ee146fe0100710530e8454ce1364d4b9448f31684af3c33e85,train
ae94ce412de9,ae94ce412de9.png,raw/train_images/ae94ce412de9.png,0,d6fa84282091872a1bace6bb0d3cbc968ef00207e2e4a1923f2717854635db1b,train
ae975c43bd8b,ae975c43bd8b.png,raw/train_images/ae975c43bd8b.png,0,a872ceeda7131561c1b2eb98483a6d1819beaa2d7eebc52133840001a7f32df2,train
aea59ebec445,aea59ebec445.png,raw/train_images/aea59ebec445.png,3,317b0ac24431cb5a051eb309053885ec489259efdf06085d989b95f282b4f074,train
aeab0a63bcaf,aeab0a63bcaf.png,raw/train_images/aeab0a63bcaf.png,0,cc6809277e5e52e5934df92d320b9bbc4e4d20571047fda9d0fa760cb9827654,train
aec51513cf45,aec51513cf45.png,raw/train_images/aec51513cf45.png,0,09781e6c20ef1e08489399e4887a4b58725b796ea54082a3afdcdd4993749d0f,train
aeccef0bdc26,aeccef0bdc26.png,raw/train_images/aeccef0bdc26.png,0,288cdaf31498ddeda2acb7e9dc3ad6fff288265574bbef5fed0f3642b91096db,train
aeed1f251ceb,aeed1f251ceb.png,raw/train_images/aeed1f251ceb.png,4,23f2c0cab0903f13bc9294d028363baaab4cf5b457abd0a1c1de6c8daee9494e,train
af133a85ea0c,af133a85ea0c.png,raw/train_images/af133a85ea0c.png,1,44ee9e797860310c26257aee54b8c75fcec2e619330806dc5806c662d4f9ac06,train
af5a0bc4e1fa,af5a0bc4e1fa.png,raw/train_images/af5a0bc4e1fa.png,0,f29ce23b731e8c9ee78c5141a0a77249a801bc7c0e815426023c1a2340cfb66d,train
af6166d57f13,af6166d57f13.png,raw/train_images/af6166d57f13.png,0,e5c96e91582880bf8fb17dad547f7eaeb42ca22e1ae3f041b7b3cb4934c8a56c,train
af6a1508cd95,af6a1508cd95.png,raw/train_images/af6a1508cd95.png,0,0d90b8b2421affccf2ab9ad86249c74ccef84cd2a3603b2b41940035aa634e97,train
af828dab3ffc,af828dab3ffc.png,raw/train_images/af828dab3ffc.png,2,64288d3265a03736111ece5cb12208eb96011a55163e3ab21fe35b22ec330be0,train
af87d48ffe01,af87d48ffe01.png,raw/train_images/af87d48ffe01.png,0,fc4cbaa14ef0351a19e1e14a72bd0dedc6d4fda423a8c24804f128263a99e71d,train
af8aa32beee4,af8aa32beee4.png,raw/train_images/af8aa32beee4.png,2,849bf5517320ced6192b2f760331e704d9f2b9b4612ef34286cf8231320e487b,train
afc345cc9145,afc345cc9145.png,raw/train_images/afc345cc9145.png,0,679221dc6467bf70e1d47bbecae1843d22109ec083f339e271a08359bc302861,train
afc744fad65e,afc744fad65e.png,raw/train_images/afc744fad65e.png,0,cd8656610f5c7ef248c746511adb09eb681a7bace4f13c710f7017d05dfb5d85,train
b019a49787c1,b019a49787c1.png,raw/train_images/b019a49787c1.png,3,9ac94c247f6a3a06f7cb82c445ab98a07ab34ce15dabf71f8c26ddafe4d49da2,train
b05922e7abd3,b05922e7abd3.png,raw/train_images/b05922e7abd3.png,0,05e449aec4f9814b2d61753928de64842721bd8b3a73fe5355a5f25b64b40e2a,train
b0619ca93a5f,b0619ca93a5f.png,raw/train_images/b0619ca93a5f.png,0,81c0660675acd6cdc61c55ef5da39a1e094406f7ddf6685277cc584166d17656,train
b06dabab4f09,b06dabab4f09.png,raw/train_images/b06dabab4f09.png,2,3015ccb4a17ebe4ca23f5bf28ccfa0fdd07603fbbdf8b39532b1ae1d98e7d29a,train
b07bc463b718,b07bc463b718.png,raw/train_images/b07bc463b718.png,1,9a2fdd6a51d7e17b5a5feb60104cd40bbd99812329750278683d029864d567e4,train
b085caa513a8,b085caa513a8.png,raw/train_images/b085caa513a8.png,0,807d2aec21ee424dd5a06a34f0645834cd2d60d671cd4eb104be2347a2c6fb89,train
b086c7cd3868,b086c7cd3868.png,raw/train_images/b086c7cd3868.png,0,492432b63b875f572494e5ae6cd91081842d32d8e5bb65b2b24e9c48e14c2fc2,train
b09101adb478,b09101adb478.png,raw/train_images/b09101adb478.png,0,da920d352fe65f886bdcc18c955eb35bf7c74a2b702910e806ac19ea57b3688e,train
b0acd3593310,b0acd3593310.png,raw/train_images/b0acd3593310.png,0,23b53177d71b007dbed0b673e9d4fa19b010439efb2eff2dae112edd62c2520f,train
b0c9a492e068,b0c9a492e068.png,raw/train_images/b0c9a492e068.png,0,de84b09ad39eb77a4900f2e47a8fabb957caa574cc0dbf1f36360f5d004b5aa2,train
b0cc9f8d06e4,b0cc9f8d06e4.png,raw/train_images/b0cc9f8d06e4.png,2,76eaf965c14589e8a907dce237b3862bd27dfbb7b81526e464e2f1d80f929304,train
b0d35981708b,b0d35981708b.png,raw/train_images/b0d35981708b.png,2,303df84de3f857fbcc842b81089762b3ae76d410ea4dca326dffe94566d239ed,train
b0d6417bad3e,b0d6417bad3e.png,raw/train_images/b0d6417bad3e.png,2,6cf7818b52c38ec54157ff2f7bfc86bf0543a424af1ad33cc28c3638597a9772,train
b0eeae01b8ab,b0eeae01b8ab.png,raw/train_images/b0eeae01b8ab.png,2,c31b42331a621197ebc694fcdd1524e8ad3f100c3bad04828e5e23159a8d9772,train
b0f0fa677d5f,b0f0fa677d5f.png,raw/train_images/b0f0fa677d5f.png,0,2608007eba4fb4917e1f2f4db878bf9469ae1d54ac4bb3878fbedf76e87ed2cd,train
b10fca20c885,b10fca20c885.png,raw/train_images/b10fca20c885.png,0,4e6a1f5b99db7b73a3eb1f7d9d41a46148cf77cd90ad00215c81b8fc453606b2,train
b11dcdcbc8c8,b11dcdcbc8c8.png,raw/train_images/b11dcdcbc8c8.png,0,f59db20735bc9d157b83df0047cd196fcd61fc74f4d553c4912950f05f961ac3,train
b13d72ceea26,b13d72ceea26.png,raw/train_images/b13d72ceea26.png,2,f77e824ed596b9052c1bd6aba523f2f74b70af2bdbc3b60e38aa0fd7b279bec4,train
b16dd4483ca5,b16dd4483ca5.png,raw/train_images/b16dd4483ca5.png,0,80d100bedc1255c9c4760384d1628b6666bbb7307a7e6c9656d9ddc56fdfd516,train
b17f0b81dab3,b17f0b81dab3.png,raw/train_images/b17f0b81dab3.png,1,a1e59a5e3c05ac820792449059e0ffe955ec6fa75e306d532704840c35673719,train
b191ba0a2b12,b191ba0a2b12.png,raw/train_images/b191ba0a2b12.png,3,7913998186c01ccd69423d2405a94350b06bbe9dd54ab4c98a524bddc1baa0d4,train
b1b3e7d0a5f3,b1b3e7d0a5f3.png,raw/train_images/b1b3e7d0a5f3.png,4,368bc451de330bf745f132cb6c6b4e49e02d49306fe8b9e8fc21425966979c0e,train
b200c23b299b,b200c23b299b.png,raw/train_images/b200c23b299b.png,0,fc6af9868251694b00182872b1580c2b19b280868c5f4d7c23769a3e43bd398e,train
b22354b5f94b,b22354b5f94b.png,raw/train_images/b22354b5f94b.png,1,a7a272cafcea2f87f2cc60aa816bbd65af114c28f0f0a76c27d82f14df278230,train
b2748ac28fc1,b2748ac28fc1.png,raw/train_images/b2748ac28fc1.png,2,4e9a4bb629cdd179ea6feae61e096ba459464a88863815e8f63ee0cfc50a09fe,train
b2b79b37d314,b2b79b37d314.png,raw/train_images/b2b79b37d314.png,0,3c037f9028ac051b903cacc7c38e452b86ce25236aa1c472599d1409fa9afe9a,train
b2b7ccd34cbd,b2b7ccd34cbd.png,raw/train_images/b2b7ccd34cbd.png,0,eb3457c980dfee3b684d414634e9848e6153116e7b5e9728a358d953739acd52,train
b2ffa3e18559,b2ffa3e18559.png,raw/train_images/b2ffa3e18559.png,3,56ba8ef1cbce95170ab2ced49c23538035626091512a6e0bedaa22171a712362,train
b310bd564329,b310bd564329.png,raw/train_images/b310bd564329.png,3,dea40beaee744420f1a025d1bb72cd2f011313027b26835a6044672d69000b7e,train
b351ae99413a,b351ae99413a.png,raw/train_images/b351ae99413a.png,0,3ac15f9622537824936ae8cf8d00019272f59163e7a7b173522c33d8f7d9e2b7,train
b35cad8fe2d7,b35cad8fe2d7.png,raw/train_images/b35cad8fe2d7.png,0,2b23362e1cfeb22179aa8d126bb683602ba70e6332818f79ff980ae9bd194ed4,train
b37aae3c8fe1,b37aae3c8fe1.png,raw/train_images/b37aae3c8fe1.png,4,3aaf1443752dd36ea4f46890e4d8d1022034e88bbe923115b07063b89f75e490,train
b3819a805dca,b3819a805dca.png,raw/train_images/b3819a805dca.png,4,2eda1f75fa2f9b5bcfa096f5e9b90b9a519da0350e6d1a52602c3d7cf2e25abd,train
b3d12069e1c5,b3d12069e1c5.png,raw/train_images/b3d12069e1c5.png,2,8a679a81fcb5eeac971c5063ed55fa7603cf52bf4129de7359f9585d2b432012,train
b3d135bd3bb5,b3d135bd3bb5.png,raw/train_images/b3d135bd3bb5.png,3,6c166309cde6d0b0dff853942156b5093abdb314e5b794df957d8ff09e8ba087,train
b402b18d99a5,b402b18d99a5.png,raw/train_images/b402b18d99a5.png,2,df54ac7891b3ed6163dc6f5b17149da9cb73e695373a75e8b499c543360d97a9,train
b402daa0864c,b402daa0864c.png,raw/train_images/b402daa0864c.png,2,c34fe0a6a823938258432296fab023c18bab6050f6fdd51293d330704e97c69a,train
b468ebf5cb11,b468ebf5cb11.png,raw/train_images/b468ebf5cb11.png,2,4429f8759645786dc55f62575a5b08800d9a22c752d757d28ba17a1dfd3d3380,train
b46b09a45f39,b46b09a45f39.png,raw/train_images/b46b09a45f39.png,0,5b6b126333ed0d8d5379eb2ab6d41e2517fd6d40bad2ce618c6cd7f27f4404b8,train
b498b84d383f,b498b84d383f.png,raw/train_images/b498b84d383f.png,2,46894abc7b6a4a4ea744901c6acb3c1d14802591ee7839ac37b7e5dfbf4871a4,train
b49b2fac2514,b49b2fac2514.png,raw/train_images/b49b2fac2514.png,4,8b3b9d101c7f016b2b7861d53a7c2b6a2eda7c876c9d2f94dfe01566bd181803,train
b4b04d81acbb,b4b04d81acbb.png,raw/train_images/b4b04d81acbb.png,0,364a64be89609efdb2db9b66cfcb6d6b5bdf55e3e2b938dee15041c773763f41,train
b5204c0decc7,b5204c0decc7.png,raw/train_images/b5204c0decc7.png,0,dad40077256383e457586ec94c670df1f22bede94d3b069c2bfa82913dbf0816,train
b532dedd928c,b532dedd928c.png,raw/train_images/b532dedd928c.png,0,5119989912edd717b824a3976d3822df8c8a32e40e82b46bc1fad969af372940,train
b549af91bd30,b549af91bd30.png,raw/train_images/b549af91bd30.png,0,2b061ce2286a6decbf55a8c7e1501bfa854caca92f5acef0a534941951d1e034,train
b56340f472d2,b56340f472d2.png,raw/train_images/b56340f472d2.png,1,fd281b06b13c17b42ba6c5a5a23c07ecee2dad22714718fddbdb88020eb2303c,train
b576c5269ad1,b576c5269ad1.png,raw/train_images/b576c5269ad1.png,1,f3f562147861e7d22b00fa656c243bb8f927561e46bb04c2cccb522521c219ee,train
b5834ee64541,b5834ee64541.png,raw/train_images/b5834ee64541.png,3,d76bbcf216ba01da575ea8c3f153013c7724fb88c5fdaf5d68f15ca2d4f8898c,train
b598bc9753c2,b598bc9753c2.png,raw/train_images/b598bc9753c2.png,0,81b6e7380afa7b9b7f542388015cb37d285a13f2e9c4915211443b39797b4dd9,train
b5bf7b84fc66,b5bf7b84fc66.png,raw/train_images/b5bf7b84fc66.png,0,69b430871d26e073cb8a0d37ff604ef6d632e40f6ef615dd5dbf35d8ebe5d7ac,train
b5c80d0ed0ff,b5c80d0ed0ff.png,raw/train_images/b5c80d0ed0ff.png,2,58ed052648a45b141504ca6f3960b22013771453b7ec2f0896e2223c38f9b15a,train
b5e6ae31493c,b5e6ae31493c.png,raw/train_images/b5e6ae31493c.png,0,9c5a91fedbe8def73ce354911a74200f9ae7ea8c2170c8a40ca55e5fde1bc5ac,train
b60dbf9f0744,b60dbf9f0744.png,raw/train_images/b60dbf9f0744.png,2,ced65013a4cdf2d88afa26b28975a962d1e69e3f76631ea567255c118ede290c,train
b64e1eef3d63,b64e1eef3d63.png,raw/train_images/b64e1eef3d63.png,0,0cfb4643f7a580546f33df0e23dce62f054aa0e8a926a73acaf5639d34dd9f6f,train
b65ff67743b2,b65ff67743b2.png,raw/train_images/b65ff67743b2.png,2,575f819cc6f281ce76fccb521bc1e67765ab22ff530047d14216184f756689ba,train
b69c224edd6e,b69c224edd6e.png,raw/train_images/b69c224edd6e.png,0,35d4da3a36e09e06e88f9dc97478cd05943d774d10fa6832e98428c4d4db1b78,train
b6bf847fbcb2,b6bf847fbcb2.png,raw/train_images/b6bf847fbcb2.png,0,0f5da31536e42ef1428c9c7a009f68b09471e1f4a1d1266ca2f6038893e088c0,train
b6bfe9db60e5,b6bfe9db60e5.png,raw/train_images/b6bfe9db60e5.png,3,53306d8a4939d780d6e3925f98faf6f529a4586f6632e47f61095d393aa8a147,train
b6fd109b1bc9,b6fd109b1bc9.png,raw/train_images/b6fd109b1bc9.png,0,a47007984872f3a61dd62a873957a40004e0665797aea709f2be17df28d0986e,train
b71428739d4e,b71428739d4e.png,raw/train_images/b71428739d4e.png,1,32985d51d0947ee6af2647d731f17985d3d4858c7a0e269e53a3f14ad921b4cf,train
b7278b4f2448,b7278b4f2448.png,raw/train_images/b7278b4f2448.png,1,0b66626741f39a4c2efdc8158e69e034793add31bcf9630f3d62307ed6141640,train
b72a86d61959,b72a86d61959.png,raw/train_images/b72a86d61959.png,0,bcaeec9fb0ee7cca74e0108dbb9d021d1bd6d7953bf26c59dba386330b2ab4db,train
b72f59b85f7c,b72f59b85f7c.png,raw/train_images/b72f59b85f7c.png,0,701141d85816653bfa42ddf15babf6c44b5b6e638e8200b14800d7191344bd0c,train
b746a6681ba9,b746a6681ba9.png,raw/train_images/b746a6681ba9.png,2,481bb3966e71aa99618d4ea5b40271855b9e04601a7ff278c53b3fed2861c582,train
b74de20d73de,b74de20d73de.png,raw/train_images/b74de20d73de.png,0,185ebcdf8f3ed06da3f0dd85519f4da3771e2fade3729d70b8068b3ac830a81e,train
b762c29cf2f3,b762c29cf2f3.png,raw/train_images/b762c29cf2f3.png,2,ce8b11fffd459199a6a63b162e32d623acdf47c6af8ebe1d94be8a013742f469,train
b77b88926843,b77b88926843.png,raw/train_images/b77b88926843.png,0,24834cf3a2be4fe61244c43a2314183bedab5bd130421e0f36cb9bb2de51a897,train
b7983cb3f270,b7983cb3f270.png,raw/train_images/b7983cb3f270.png,0,e2d47471ebb458b4ba1a362bd8c82361cd53114e383e021c4d418b94def2d312,train
b7a1bb106051,b7a1bb106051.png,raw/train_images/b7a1bb106051.png,0,a0bb3fd0745ada059ef51e677a76c3557a2fb544967adb87c033210e07840101,train
b7aca95b97b9,b7aca95b97b9.png,raw/train_images/b7aca95b97b9.png,0,42d324f44a6ba7f08e1522146f90c040de0bb9ea1d47ffe62cd6c4d5a3fe4b1e,train
b7bd4a6627b6,b7bd4a6627b6.png,raw/train_images/b7bd4a6627b6.png,0,19e7327d062f23cbf6c3668586cf99e13329d03a865e69ec913145574b1484c8,train
b7ce561a7328,b7ce561a7328.png,raw/train_images/b7ce561a7328.png,0,d4384af73d7ca2d63c2599385322646544c43cd2aa04b113e07a61281951c264,train
b7e0f95353f2,b7e0f95353f2.png,raw/train_images/b7e0f95353f2.png,3,60107576f2bd006ae45bed9de28904dcf73af030ce3a2d938940b0f94e657920,train
b7f0bc7d399e,b7f0bc7d399e.png,raw/train_images/b7f0bc7d399e.png,0,1b6c9cd61842f9b54563749bd5bf5d68a2edbbd191a97a0fdefdf9122dfb3143,train
b8297a2291f5,b8297a2291f5.png,raw/train_images/b8297a2291f5.png,0,9d82c86423777a1282183cd08f472d5b19767c7a620237690f78e1cc2cdbbc22,train
b82d5f1f1145,b82d5f1f1145.png,raw/train_images/b82d5f1f1145.png,2,13739cca9fa4d1e77a3e82876c56e54763dacaf1b49e5c76d344ef5a89e61131,train
b835b6e31a59,b835b6e31a59.png,raw/train_images/b835b6e31a59.png,0,025065915cbf1d56771d3ae937f77f6f38ee80502897258560fe0daf69e1c2e2,train
b83a6eca125f,b83a6eca125f.png,raw/train_images/b83a6eca125f.png,2,13a1d78910d164dd9a1d0290304cd68997597dcdead9402232074aee1bdf6eda,train
b842b43cb7fb,b842b43cb7fb.png,raw/train_images/b842b43cb7fb.png,0,c027df0c1727ef0fb6c1f29dc308224ed87a3a033c8b41eb943de4545516e5d7,train
b8ac328009e0,b8ac328009e0.png,raw/train_images/b8ac328009e0.png,2,f90a15fbea7e8afb434b1176305263e759d6cf977a67abd0048f45e7961e6794,train
b8e20c076b03,b8e20c076b03.png,raw/train_images/b8e20c076b03.png,0,66ad2ce9875342888bf8885f3c138401bf5c62ee40f71f7925e4949a552467a3,train
b8f1b30877db,b8f1b30877db.png,raw/train_images/b8f1b30877db.png,2,36b7a35ad96c28752d16fb90203f0516433706bcd908c9e5be64d1cc0f4bbeca,train
b8fb9f55cd6d,b8fb9f55cd6d.png,raw/train_images/b8fb9f55cd6d.png,2,c89c114f83b51456f7ab232095414b45501e17ccc1ad95b176601ed015180370,train
b90bc89ce8d8,b90bc89ce8d8.png,raw/train_images/b90bc89ce8d8.png,4,66235b8fc4b7e98b0fb5b64fa9492409a7d10a09246ac40c329324be3a7974ff,train
b927a9238434,b927a9238434.png,raw/train_images/b927a9238434.png,2,ce0e54e9eda02f6abaaa895464782ccf61b40d3c99ca327a6222bf236247c0a1,train
b92eacd1392a,b92eacd1392a.png,raw/train_images/b92eacd1392a.png,0,273b2725df115f1c75c6866b31061a8c7931c6356de5d8572cbce28b63669b63,train
b94c58d063bf,b94c58d063bf.png,raw/train_images/b94c58d063bf.png,1,181dd2cdd6f5cde42c39df3c901e4ba74b53c9193ffdb8f5fad608b5ba936dff,train
b9519abce0c1,b9519abce0c1.png,raw/train_images/b9519abce0c1.png,0,5133c75e50c33e08155d0b39207ef26aa9eb3e1728aa2f6a94427c233536675e,train
b95d4dd8e5e2,b95d4dd8e5e2.png,raw/train_images/b95d4dd8e5e2.png,2,34f6ef09ed683591e281abe2f6c3be351554f2415996864594e79fc600834db3,train
b960142a8de7,b960142a8de7.png,raw/train_images/b960142a8de7.png,3,3dd3cca578b987c2d4eea6780e36c27164d44ba97830183f2c0ec285b62a7393,train
b963a11638f2,b963a11638f2.png,raw/train_images/b963a11638f2.png,0,6d714de18ed8fc449967945151ed4fe615f0e9a83255473d7ef6e390c4773257,train
b96b518596b3,b96b518596b3.png,raw/train_images/b96b518596b3.png,4,29e35d6eb2a5677056cdef45e4a7ae46f43cc7b4ddd117f35e7a36ca21e29796,train
b98f77098b9d,b98f77098b9d.png,raw/train_images/b98f77098b9d.png,2,925d584b1e3f5e2b47b28bd86fc3c769ca3e63496d7ec0bee8b189bc2ec66fd1,train
b99afe7137fb,b99afe7137fb.png,raw/train_images/b99afe7137fb.png,4,135b472a537bd4a04f5d084be5f83f95a7eec670f367a64cd4ba4ee9e2f4fb72,train
b9b6ee2b9453,b9b6ee2b9453.png,raw/train_images/b9b6ee2b9453.png,2,7c681dc236d8525d000760e833659f3a1f049e5b2a45e0eb1615c2e70e0cc2e4,train
b9b99dad668d,b9b99dad668d.png,raw/train_images/b9b99dad668d.png,1,844470744cd2663bc574242b52412f026d7d0ca41c22d9df78d29da0d08abbd8,train
b9c7c5182075,b9c7c5182075.png,raw/train_images/b9c7c5182075.png,0,01839fb63e4ca72b54f50199480a4a1b7a3b9f9fbbaf9115dad77d7d2616d280,train
b9fe7da14a32,b9fe7da14a32.png,raw/train_images/b9fe7da14a32.png,0,9c54884c5a2a99acfa150d7444c0a8ce425f2d5c99ffa7ccc0b2177bcc12885e,train
ba0107fb1bfd,ba0107fb1bfd.png,raw/train_images/ba0107fb1bfd.png,0,ff8fc389699dcff9683cf5b388f9ba80846974bab8e194af615a0a881892fd70,train
ba08cee68c71,ba08cee68c71.png,raw/train_images/ba08cee68c71.png,4,46f9f27be84cb4affb5330cf6ffe65dcaf5399b0570306d6e2326bab811b1a60,train
ba25f947f4ec,ba25f947f4ec.png,raw/train_images/ba25f947f4ec.png,2,f861d1a5c399dcd55f21642154339b1854fb001317e8ac19569d032024887299,train
ba4e62c11cc0,ba4e62c11cc0.png,raw/train_images/ba4e62c11cc0.png,0,6b1969f18175409091fa68c2e800321b7eb8c8d4d7a09eb09c6048ccd4540d8d,train
baaca2f7e1f0,baaca2f7e1f0.png,raw/train_images/baaca2f7e1f0.png,0,2b6dbee15bf133e14840d79dd8782ed5e3a4c13ed5acecea1f015ae374e62e0b,train
bab776139279,bab776139279.png,raw/train_images/bab776139279.png,0,f5ca9e762ffff8f009179f9dd00b4f1dde08900d4a938e26568e6a10fe02ec9c,train
bac1744955c2,bac1744955c2.png,raw/train_images/bac1744955c2.png,0,d2e99127b96e4f659d2030e21630ac06f4b9baf087e59215934e691adf12e76b,train
bacfa2b8e706,bacfa2b8e706.png,raw/train_images/bacfa2b8e706.png,0,5301765465e21a709fe085c6d26884197addb5aaafaf65b97c61b02e274bf753,train
bb08949dd70a,bb08949dd70a.png,raw/train_images/bb08949dd70a.png,0,0156f0d8ff474f9bcc4a25ddaa765a82359ad7ee285b1de02fb30b6ddc4fb55e,train
bb11db08584a,bb11db08584a.png,raw/train_images/bb11db08584a.png,1,b25d46e4602946cf80f001a76729e533d6ec22107dca809543169fc0b2259054,train
bb2f89488ecd,bb2f89488ecd.png,raw/train_images/bb2f89488ecd.png,0,9e7db8e386c196bd1154670d477a445265b6f29083968b1cfd07ad045686e191,train
bb45257258cc,bb45257258cc.png,raw/train_images/bb45257258cc.png,1,9703cc95fa4cf381dc7db5133729a062f39f06747ed63144c3fe640b9e5c2071,train
bb733062f494,bb733062f494.png,raw/train_images/bb733062f494.png,2,a588afc6afc080d27cdda4fc613c241f924637121cca9401f51aa773a1eb9cfc,train
bb783d8e496f,bb783d8e496f.png,raw/train_images/bb783d8e496f.png,1,77497c74c2a43415a767e5d515226b53fe5b3e402253e1c67291eb285555d0e4,train
bb85097857fa,bb85097857fa.png,raw/train_images/bb85097857fa.png,0,5ca910f7217ee47c3bb4f03322c5e930ec97bbe6d841869109ba788fcd6ec21a,train
bb9a3d835a94,bb9a3d835a94.png,raw/train_images/bb9a3d835a94.png,1,aa59ba7e73eeca16fb7b0db0a3cd6c84652db53a430438c0e6d61b830a61ddfc,train
bba38f2294a3,bba38f2294a3.png,raw/train_images/bba38f2294a3.png,4,09d8bae300bac8f30d6fcd1bf73587b2a13363d5eec7903fdeff58059dac7135,train
bc23f74e14dd,bc23f74e14dd.png,raw/train_images/bc23f74e14dd.png,2,40fb45d3b5d9f0c6aef06d391f3c267303bdab5730f0c2b70a40d8ea8fe28256,train
bc34f52c37c7,bc34f52c37c7.png,raw/train_images/bc34f52c37c7.png,0,54bd75d8d770636373a6dd19af18e876a6f49873d819d5808be69c9b0873826e,train
bc73ce76ec43,bc73ce76ec43.png,raw/train_images/bc73ce76ec43.png,1,bc97613ffb5e1cf96d1815de245b4343b443596475ff9e80706d91ae99e40feb,train
bc8c6a778cde,bc8c6a778cde.png,raw/train_images/bc8c6a778cde.png,0,7d3727bd7436e9f6230baf8c93cf1a4bd75d829f279e3ca8092541db0e941b82,train
bcb0498ed2c1,bcb0498ed2c1.png,raw/train_images/bcb0498ed2c1.png,0,7032a10405b9e1bd643401600c13e9ae3f8e529a345792c13fb18b145db4db78,train
bcc762618e7d,bcc762618e7d.png,raw/train_images/bcc762618e7d.png,2,c9a50e0501aa3185d1ceed5d89f7098e297044f0950c5ac31b0c3deb9191630f,train
bcd503c726ba,bcd503c726ba.png,raw/train_images/bcd503c726ba.png,4,a954b0c5ad56ee4d4cc123432c48dc097520da9e69b9a03482f25dfc0b0b7330,train
bcdc8db5423b,bcdc8db5423b.png,raw/train_images/bcdc8db5423b.png,2,0a9a014e61ea5e61725885d51abaa709193b086d5ec6fc617de7122ee963ba84,train
bd06028eb7dd,bd06028eb7dd.png,raw/train_images/bd06028eb7dd.png,0,40800635ab38afc5c9f7141cdc676e1e66d38b0215fde4e493c38db751ffe4e5,train
bd34a0639575,bd34a0639575.png,raw/train_images/bd34a0639575.png,0,63e606fbbddeb6c9c9e6d9dbd2de8aa5b007a2f8ee19414a90860b738324eaf2,train
bd375ba756b1,bd375ba756b1.png,raw/train_images/bd375ba756b1.png,0,5d3bdc86bb28471d93d14eede16ba043485819eefe2987c295278e6ef5d3e4a5,train
bd500a73beae,bd500a73beae.png,raw/train_images/bd500a73beae.png,0,6a3b6542f308fd3b0ad061322fcbbebe0c7085dba7390edccf45ec0604131dc5,train
bd9904495ccd,bd9904495ccd.png,raw/train_images/bd9904495ccd.png,4,176627fa0ef17a089725405fdbe8a5b71ec2902ee106f4dc411c1ada7ba8b48f,train
bda8c973b09d,bda8c973b09d.png,raw/train_images/bda8c973b09d.png,2,057493d7a125a1b3bd21ce515e114b2ea843b4b9a8192450c22c8dc50c7bb1c4,train
bda91b76095b,bda91b76095b.png,raw/train_images/bda91b76095b.png,0,0c9c91e8ce532854f0dbf10573f569fe5f62298e4c3da6b00ed2b2af6333bb8b,train
bdc6c60e9133,bdc6c60e9133.png,raw/train_images/bdc6c60e9133.png,0,9bddc223b5a52905dea854a391393815345e8b0b832adf5201ba224ca09b266a,train
bdf47b9f10c4,bdf47b9f10c4.png,raw/train_images/bdf47b9f10c4.png,0,a4ca923216c52048df7aed9b8046a98426a8b626a8660ca77d77683ab24470de,train
be197b663520,be197b663520.png,raw/train_images/be197b663520.png,0,a81a3b821c348d3b0a16474429004e9a9d6f901b01d6934b2a864ea5aec1f520,train
be21d8b60e2a,be21d8b60e2a.png,raw/train_images/be21d8b60e2a.png,2,c00157eecaefd3e86629126379b8fd2d3a0ea4896a36f41af1f64ca72681326b,train
be521870a0ea,be521870a0ea.png,raw/train_images/be521870a0ea.png,0,575969bbec4a3cfd31adc5196a84384c2acd6016abda80b6b1264585f91679ac,train
be7f791a7877,be7f791a7877.png,raw/train_images/be7f791a7877.png,0,03b51b61e992c9eddc46c42b11e3f1cec884d331c0866420fbd6d222c888982e,train
beb2ad14fd2d,beb2ad14fd2d.png,raw/train_images/beb2ad14fd2d.png,0,d3d1e1f9178e91c272bfaa36a81c07f2e2f89944eb53e2368ebe3c230a06ff7c,train
bec0acd539b2,bec0acd539b2.png,raw/train_images/bec0acd539b2.png,3,c79bc5791bfdc01852a49a94cb4170117ddb874e18f5aff576d9b702e3968d89,train
bed8296c8dfe,bed8296c8dfe.png,raw/train_images/bed8296c8dfe.png,0,3817afa3cd684e666aaac5bd0efbd6afc798c561867b378eab378b0706decdb9,train
beeca5f14618,beeca5f14618.png,raw/train_images/beeca5f14618.png,0,7c21ec5b58fbb046911ee430493bac163d90017c21a69c1312ce3e23bf62cd5d,train
bf18ff30a8f6,bf18ff30a8f6.png,raw/train_images/bf18ff30a8f6.png,1,3ef2c6ec4d7f2d43883ce7ec9bb638e742d995d0a5bbcd7c226ec38a094fd248,train
bf1b7e21e774,bf1b7e21e774.png,raw/train_images/bf1b7e21e774.png,2,70228f0d6140e3d6c90c43842546aa8501a8a7de694365d911acb02013326ec7,train
bf6cbccacf39,bf6cbccacf39.png,raw/train_images/bf6cbccacf39.png,0,d8bea9e93adfcf83bd752b5e5a1a301de48799e85a9aa2b93d9df3fdc7075955,train
bf7047dc683c,bf7047dc683c.png,raw/train_images/bf7047dc683c.png,2,c56f332640a79d505b5ff7c10c915322917bed45d17e7da35f9eeba8424bd613,train
bf7221a016b5,bf7221a016b5.png,raw/train_images/bf7221a016b5.png,0,006894d93a376910bf7f7723cdb336a6bb41fafb436c87d3f5f077edf57352a4,train
bf7b4eae7ad0,bf7b4eae7ad0.png,raw/train_images/bf7b4eae7ad0.png,0,6a9383bd4caa8bc446fa1d7e56389ac9b748ee2efd31beef4ee8b849b9fa5304,train
bf8092e4001d,bf8092e4001d.png,raw/train_images/bf8092e4001d.png,3,996a5f609fa1729c4bb60b12cb86cbe37d8a9f2da0309d08362055e04d1cfb84,train
bf811911acf9,bf811911acf9.png,raw/train_images/bf811911acf9.png,0,6110e623788f91bb8a80a75fb17ab0cc13cbb7e46501355998da2ffeddd5e8b7,train
bf9cba745efc,bf9cba745efc.png,raw/train_images/bf9cba745efc.png,2,c324ddc6cf5615c2832eb593ebe7606eaadc2d2af1d067dd50d4236a77fe4ecf,train
bfa30ebf63a8,bfa30ebf63a8.png,raw/train_images/bfa30ebf63a8.png,0,08bb99cec27cef6cf685a5ef063f70879b20ad291a42cfbee33f5a691398a210,train
bfaa0080ab61,bfaa0080ab61.png,raw/train_images/bfaa0080ab61.png,2,d01bafdfc1598e1641fb578c1d70f925be8d5ac2791336420a8a6948db85a0b5,train
bfb578c0e8d8,bfb578c0e8d8.png,raw/train_images/bfb578c0e8d8.png,0,77ea64990e3df5992cd3bd9977d308a085c9a743033ed535265459fa5eb4757b,train
bfd5c0e55420,bfd5c0e55420.png,raw/train_images/bfd5c0e55420.png,2,f7d1c53c7831c35ae6f92f55b3b0804f088babaeb80059a8e25434400882900f,train
bfdee9be1f1d,bfdee9be1f1d.png,raw/train_images/bfdee9be1f1d.png,4,e3fe3807df82f8739e21c4c2eace0a5c584a46d7d695374796ca71a104f55bb0,train
bff51afc76d4,bff51afc76d4.png,raw/train_images/bff51afc76d4.png,0,831031f1af6c99988df56fbbc2d06ebf1af8c305682be9e4a5e8e5b377503a4f,train
bffca6eeb2bf,bffca6eeb2bf.png,raw/train_images/bffca6eeb2bf.png,0,d14356f7f56b96d86ba306e568eb767425e1ba79af82467dedca0fd09ba76c09,train
c01eae4b4939,c01eae4b4939.png,raw/train_images/c01eae4b4939.png,4,0eb81720a1f42a6e859e9fb6914782983d5847435b5f66a4227ccfd0351368ba,train
c06024f05a16,c06024f05a16.png,raw/train_images/c06024f05a16.png,0,6bc66380cb9156db71ed19d2aec3f84cc71e8c1947368509be50846c9120c04d,train
c0a0828e01b4,c0a0828e01b4.png,raw/train_images/c0a0828e01b4.png,3,4a0172ce7f23431cd81f9a01de87c1fb0fd735e77bcaa9e9af91421594013167,train
c0a117de7d0a,c0a117de7d0a.png,raw/train_images/c0a117de7d0a.png,0,32c2a1fd4217ae26d7f542b7c1934ad1f3bd9420d5e5d0aebc4cf717d80faf05,train
c0e15e8e2b46,c0e15e8e2b46.png,raw/train_images/c0e15e8e2b46.png,1,3b644c11ad0a632475872e097b925a9feae00bd769a60a10e6d8d7246ca76cb1,train
c102db7634d8,c102db7634d8.png,raw/train_images/c102db7634d8.png,1,b23975859a1ecf604e3082afa582f07a1898dd385f8bcfebf83562b0dbbafe62,train
c12e9ca420a5,c12e9ca420a5.png,raw/train_images/c12e9ca420a5.png,0,5b758546f6cc3ee234480764a601b24507198553768861008e1ac7e370ce0891,train
c1799a6f5c65,c1799a6f5c65.png,raw/train_images/c1799a6f5c65.png,4,e6c6cf4bd4b19eb3f68351e9c140a0eac9b6818c691a705f704658f75148661a,train
c1819db0aece,c1819db0aece.png,raw/train_images/c1819db0aece.png,0,70d6552c8952e12e12b451bd1dfd60a9fb50ed3de3461ab1c4eb3319234ab0cc,train
c1896142a20a,c1896142a20a.png,raw/train_images/c1896142a20a.png,4,9a986f8bc9e1281d58187f0d7d5dc2e0d2b03a827aa88128d5cdb041dc5d7f9b,train
c18a006f7f1d,c18a006f7f1d.png,raw/train_images/c18a006f7f1d.png,0,3528e0a05e83f83de222cbb603f27a66700bd82685ce922ee61a0aa1200a7e2f,train
c1e6fa1ad314,c1e6fa1ad314.png,raw/train_images/c1e6fa1ad314.png,1,2e4e6640e8b8029ce0732707467aa5287557ba9ca4727ebc64525025a494d3b2,train
c1ebe785503a,c1ebe785503a.png,raw/train_images/c1ebe785503a.png,1,fa3f29b5b7390d1e686e4bf6a8c5242544b6f966cb15e388184af58f11626b19,train
c21eb81de9fc,c21eb81de9fc.png,raw/train_images/c21eb81de9fc.png,0,043b193ab2cc90c31d7af3fef63376f608a5b4c03d2f42c977d3b086efd0c535,train
c23ff6dcf15e,c23ff6dcf15e.png,raw/train_images/c23ff6dcf15e.png,0,e97ff2693efb7e3a8735257142730d20a89873b7f24826b9cf8981fa09756763,train
c24bcf7a1bc4,c24bcf7a1bc4.png,raw/train_images/c24bcf7a1bc4.png,0,7386a7c9d51bbff3190932101d50e8e207e7a124e7058577280f69c4c06b7f40,train
c25e02b39c01,c25e02b39c01.png,raw/train_images/c25e02b39c01.png,0,4cb41f2b2d3cf44c46230bf8a20d465094943d8009ed7dfc86d80886a3a871c4,train
c261b1aaa828,c261b1aaa828.png,raw/train_images/c261b1aaa828.png,2,ee4ea63f89c7aab59d1ac2714d732bb2394703052a6aac9854af05b195451dcc,train
c26f98f58350,c26f98f58350.png,raw/train_images/c26f98f58350.png,0,ce3e50479992fcb70cc67b0b1ff3f2e561b02ff6f009de1530b69e70f767f666,train
c2a58b2cfd0b,c2a58b2cfd0b.png,raw/train_images/c2a58b2cfd0b.png,0,21c474a4710959d1ab44059f95fa407b7890d3b48efb48d2d220d950fd977190,train
c334f8688b77,c334f8688b77.png,raw/train_images/c334f8688b77.png,0,9b3a1800a42033d44386c10edf784be784484a2d047f96f9880c244c09c409b0,train
c365c598ad4e,c365c598ad4e.png,raw/train_images/c365c598ad4e.png,0,ef71fcca0cd01a0732dd40253e3288ab256e9f3aadededfa647efbcb2eb4c4d7,train
c373b73a80c8,c373b73a80c8.png,raw/train_images/c373b73a80c8.png,0,8e88383813d0b0f59081de278306b5d890bb656d891c2551ef2420ff941ac2d5,train
c38dec54a9f7,c38dec54a9f7.png,raw/train_images/c38dec54a9f7.png,0,37b1fc5f5f72b993b80180dc7d986400804800d9b335c1feb3d945f95256483d,train
c3a82acb7d7a,c3a82acb7d7a.png,raw/train_images/c3a82acb7d7a.png,3,a801508f46e1ec08b2de09ec5f5b1af22f7a7cb3218002ca43aa84c334d216bb,train
c3acf47700ea,c3acf47700ea.png,raw/train_images/c3acf47700ea.png,2,c7061427fd610768c5ee9e7a041c3a5a7efb370157a088b0ce8e810e5ea07444,train
c3cd0200df79,c3cd0200df79.png,raw/train_images/c3cd0200df79.png,3,9670ad318c026ab2f5e396d00ad3481cba0be088f9ce7bd3cd51feea5a7c7d3d,train
c40976189f22,c40976189f22.png,raw/train_images/c40976189f22.png,1,22248c6976edc9ad44023b6749059e5cd8d3b54c325dba434ff9686728112670,train
c48ae5da188e,c48ae5da188e.png,raw/train_images/c48ae5da188e.png,2,52b15c32a5a81fa87bd61e39f45c280ac5983d64ccdad0a3c80ec3aeeb4c7bbc,train
c4a8f2fcf6e8,c4a8f2fcf6e8.png,raw/train_images/c4a8f2fcf6e8.png,1,0aa777bfc615e150d494ed212e61fbc727e64136800d60256ded5e1edbe21387,train
c5431b81cbc9,c5431b81cbc9.png,raw/train_images/c5431b81cbc9.png,2,a2f0285d68d3a694f65fdd80c0a7966f46253a23beb653d345c19901b51137b3,train
c561bcd519e9,c561bcd519e9.png,raw/train_images/c561bcd519e9.png,2,9fb4547d416db8d3b119c2f7a9c7252ac2675a401ef0e7a0a6f46a5dbfa47b10,train
c56293f53191,c56293f53191.png,raw/train_images/c56293f53191.png,0,61bf9bca364d486d9ea3178deef57d5eee8851e75d63cf978936dc1f917b4f85,train
c56e65f74187,c56e65f74187.png,raw/train_images/c56e65f74187.png,1,51860f1141b44c9b2b07cddb99745a1ee0b88c347093e91214e267da91a5853b,train
c57c164bca05,c57c164bca05.png,raw/train_images/c57c164bca05.png,0,1c93a9cebc7c001b5b190ba72952cd83cc81c6112b983e7b5e259ce6db8fe43f,train
c58971bcebb2,c58971bcebb2.png,raw/train_images/c58971bcebb2.png,0,56234bee8ec077e4d5142b58f103bac23aaef293ae6831bd554de2daa48e79d0,train
c597ef460944,c597ef460944.png,raw/train_images/c597ef460944.png,0,f5c76504e9637be9443838d21d4b3e2a82bb39d51d4cb1e4b5127c202f5d72d4,train
c5a0e84e955d,c5a0e84e955d.png,raw/train_images/c5a0e84e955d.png,0,16e9b011fe1d4e84d88d87270076dacc42270eb572bcff9f4a060fc8b2544afc,train
c5a6f432a1ec,c5a6f432a1ec.png,raw/train_images/c5a6f432a1ec.png,0,01900fbdf4119b336cc606a6147979823f328a4b41ddc9ed544076e83a2c4907,train
c5ad60521f8c,c5ad60521f8c.png,raw/train_images/c5ad60521f8c.png,2,b9b7596288ff6758a86f45b4b34f3c7e91ace505767e914e4ef864f8c11c1c15,train
c5b58cc992af,c5b58cc992af.png,raw/train_images/c5b58cc992af.png,0,4b7f18cfc6c6843cfb6321deb719a51ccabb26b4c2404ce24ea02198c654f118,train
c5ba9e455d5e,c5ba9e455d5e.png,raw/train_images/c5ba9e455d5e.png,3,07b08ebf34bebad7c253ada8ade8a37f8dbed48a72b633171310b4d51df302b4,train
c5e238aa18be,c5e238aa18be.png,raw/train_images/c5e238aa18be.png,4,f5c57ae8e5b74e2d593298d13404b5b7b008c5a04eb4338eac3f8a0d341633c9,train
c613db1cab27,c613db1cab27.png,raw/train_images/c613db1cab27.png,2,6aa00f2a84417cd2aa7ab565c861c957f0e01bcd0e2c36c9bfac0bdbb102a34d,train
c6229222bf22,c6229222bf22.png,raw/train_images/c6229222bf22.png,0,bff3d8132da2de17f0096d7f80722059d9eaabc535ac7748c7675645acb54045,train
c62cef02efa2,c62cef02efa2.png,raw/train_images/c62cef02efa2.png,0,e7d186f4b0e231c159c88f19dfea92b13813c1cf39ee60ab5dda4a54f3a634ea,train
c639d837f5e4,c639d837f5e4.png,raw/train_images/c639d837f5e4.png,0,36f9520af8eba30e5a7682895191533f67aba9ef650ce4c44fe71d9f5de416df,train
c67117c6ab3b,c67117c6ab3b.png,raw/train_images/c67117c6ab3b.png,3,ddbdb14be93d92660c34ca773da72275f763852509388fa0f57cf62550515e61,train
c6916bc42016,c6916bc42016.png,raw/train_images/c6916bc42016.png,0,939ff4b2cd00f0cdc0af76ee4dfa424391ebcf5cbf5f3851802ec55558870efe,train
c6a145742708,c6a145742708.png,raw/train_images/c6a145742708.png,4,f8cb112c295eedcbf7742eb87e18c03ef6c53fce4d08818ca212f410f147befb,train
c6a2975228af,c6a2975228af.png,raw/train_images/c6a2975228af.png,2,d725ef15d793900df3d85f9d0663728fabf35465a01c66080f83610737c941f1,train
c6a8f8f998a2,c6a8f8f998a2.png,raw/train_images/c6a8f8f998a2.png,0,833b50502f29e6f5889079bc5bbf919408e1cbb2c11e9f55c2712c3bab8f7d8a,train
c6c2bad91f23,c6c2bad91f23.png,raw/train_images/c6c2bad91f23.png,2,3c06d6676d54503a211c67f1e4acb119ee43bcaf0846154316440af1ebc450b6,train
c6d4e4a3bd4c,c6d4e4a3bd4c.png,raw/train_images/c6d4e4a3bd4c.png,0,e81dfce9006b14fed7795606889d8430366430f8fedec79ca54b6608edd17c39,train
c6e1e9fbf39b,c6e1e9fbf39b.png,raw/train_images/c6e1e9fbf39b.png,2,ffc2a9778450431ea104cc370bedfab154bcb0b8a2ce04a1ea4620aee4519a7c,train
c704bd669f36,c704bd669f36.png,raw/train_images/c704bd669f36.png,0,e663b801bd96f03d14055ba23b6b8b733663bc3a0214ccf6b6895457be9c7f7c,train
c70d09370109,c70d09370109.png,raw/train_images/c70d09370109.png,2,32e9b718af59c1fd4765acc5bb75bf5aa674c2054c8b99d87787ea3e02a7f675,train
c739ff9580d3,c739ff9580d3.png,raw/train_images/c739ff9580d3.png,1,056ae605790e7f92c5bff4738bd54243cdb4dcd2921c7a707f900f089f5f4942,train
c73c5f6ef664,c73c5f6ef664.png,raw/train_images/c73c5f6ef664.png,2,0f7e4acf20ff81040e370a0366bd685f687b95d2f1b3cbe747cb8e986b554e24,train
c755a0c4edcc,c755a0c4edcc.png,raw/train_images/c755a0c4edcc.png,0,e54b092ddc402599a7d682d8f93a2e495b6476174f82638873f6bf53ad2f4025,train
c76664770c07,c76664770c07.png,raw/train_images/c76664770c07.png,3,f2755a488298aaa745e7e5f4e7a4e78d92ca2ba7737a74eb6debb53cec094f32,train
c7b622ec8104,c7b622ec8104.png,raw/train_images/c7b622ec8104.png,1,f31c38b3162bffc0e4699473a7229284c804a099bd25eeb39a5b774b852e6042,train
c7c3d363bc86,c7c3d363bc86.png,raw/train_images/c7c3d363bc86.png,0,4dde1e423cc2851a2c1b4151da6fe09c2d0a0222bd87d9e1dbbb8c7041773634,train
c7d0deb71576,c7d0deb71576.png,raw/train_images/c7d0deb71576.png,0,ed75f8de1427005082f421ddbf8387694b192c40f716315805fbb357ed4b11f7,train
c7e827fc7f41,c7e827fc7f41.png,raw/train_images/c7e827fc7f41.png,2,6f5399684d32dcf5e42affedb7ec71c51cf2e0a70be7ce4bf79b38470877d8e0,train
c80b0f27541a,c80b0f27541a.png,raw/train_images/c80b0f27541a.png,0,2c6242788d63ee0cc226cb28727e1cf867a47e99312bc456bbec5e025955ea99,train
c80f79579fed,c80f79579fed.png,raw/train_images/c80f79579fed.png,2,fc197a53d3f6d124d248f86ac4119985b5699440b390b960927c7210b6a31abe,train
c8823cdaf7fa,c8823cdaf7fa.png,raw/train_images/c8823cdaf7fa.png,2,4836c4b570435775bbd81fd40a9e41ae17ab27cee7c831bc41189fafe38f8041,train
c8905b8d5cf1,c8905b8d5cf1.png,raw/train_images/c8905b8d5cf1.png,2,b50e06cd3f8570ff5deb668481bf17b53419617cc3c7f114f9af5f72bb15368d,train
c8a3eb9a5b52,c8a3eb9a5b52.png,raw/train_images/c8a3eb9a5b52.png,2,df23e6610ff65d5f680db09f0aed55cf601e63ae6923e0e41ac14a439470cb79,train
c8fc0df22999,c8fc0df22999.png,raw/train_images/c8fc0df22999.png,1,67b189a19fa121e749a1a936e64476e60c7891de9547bd73789c89765b28b881,train
c9485c38fdd5,c9485c38fdd5.png,raw/train_images/c9485c38fdd5.png,1,565cf4f0131c13dbdc2cc9fb07f6c785014a5a435b2d7fafa76f4990e7f1223a,train
c96f743915b5,c96f743915b5.png,raw/train_images/c96f743915b5.png,1,a8d287c0ecb29fddb9288cac3969ee546d61ffdfa1e742864ae123b6dc308b93,train
c97472ef2c66,c97472ef2c66.png,raw/train_images/c97472ef2c66.png,0,f47e319ac20a008ba6278ce9219ac5874b8897315e3d3db110e82bedf2f7377a,train
c98f623d08d1,c98f623d08d1.png,raw/train_images/c98f623d08d1.png,0,91330e38848fc5d133fd811372c0d3db97141f3cfa1b62ad441ec881f56d651e,train
c9c563864ab1,c9c563864ab1.png,raw/train_images/c9c563864ab1.png,0,dcddec4965c5a4469fcccb44b97a15db42e3e05c1ab7971eee83467d54c3dcef,train
c9d42d7534e0,c9d42d7534e0.png,raw/train_images/c9d42d7534e0.png,2,55064aa61b8e3bae5e8e94810f54a7c75dfcec736d501acbb9fe7018f1f5f4da,train
c9e697117f3f,c9e697117f3f.png,raw/train_images/c9e697117f3f.png,0,d2436021fd691e6512399fac34a0aed009c5d865973e1ef8c1dfceb5f3225bc8,train
c9ea9d5eab65,c9ea9d5eab65.png,raw/train_images/c9ea9d5eab65.png,3,8e72f801cca48313fe72c57119ae0ddf4bc8758c979f3e1a0cada62dbd502f13,train
ca05f7e7801b,ca05f7e7801b.png,raw/train_images/ca05f7e7801b.png,0,02c884519e1636f1890eca1b641ee12f07664bc7394a81f0e5c0a496513b15df,train
ca1036496659,ca1036496659.png,raw/train_images/ca1036496659.png,1,99fc9fa82288d467f40af244c80dde331f707808dd000ac1431bda74e6491174,train
ca30a97e9d13,ca30a97e9d13.png,raw/train_images/ca30a97e9d13.png,1,c9621224d90ec994229597af578f1a11d6d40ca7f9ffbff9cd7afd4c20393a54,train
ca360bec5851,ca360bec5851.png,raw/train_images/ca360bec5851.png,2,c0e47d1c8befdec9ad776d2736db6dbaf848ca0d52d2e2d3550fed41ab253e14,train
ca63fe4f4b52,ca63fe4f4b52.png,raw/train_images/ca63fe4f4b52.png,1,6ffc40b424d486ea9eb2fcb2c9b8a99cd4b9d11283476fa2e265701f26a9518c,train
ca7570c5925c,ca7570c5925c.png,raw/train_images/ca7570c5925c.png,2,ce1c4b55ae763dc7d115ff5595c6e77c4a168b9f6a320873b98fc37115756ca8,train
ca7f5caddf96,ca7f5caddf96.png,raw/train_images/ca7f5caddf96.png,2,4f12325e430ac4f72442ed05ad1096a722858c6c24b36e6d8adfe62eec55dc8b,train
ca9c912ebad7,ca9c912ebad7.png,raw/train_images/ca9c912ebad7.png,2,30c42676bac82c5171161c58096bbe21eca9d97663a21935cd3df42a5f7795fc,train
cab3dfa7962d,cab3dfa7962d.png,raw/train_images/cab3dfa7962d.png,1,bf24a7bac076cff9bbbc606c94c30d997d1c1ed8af47115ee9cd6129ae5472b3,train
cac80797770f,cac80797770f.png,raw/train_images/cac80797770f.png,2,b9b46093b1fb9cb94d6fc306558cb52d496e9eda98bc984e60fe288f8c00e210,train
cad5b1a82e60,cad5b1a82e60.png,raw/train_images/cad5b1a82e60.png,0,48cc6aa215cbd5cf3852409880f3e8389a2f2f3d52eb28ec4eaeba80b80bb688,train
cae51154e1ce,cae51154e1ce.png,raw/train_images/cae51154e1ce.png,1,0e6858ad007fceddc121b85328d55a14bbc4b72381a126bfeb477404b92fde3d,train
cb2201c226d6,cb2201c226d6.png,raw/train_images/cb2201c226d6.png,0,db817c13d522225bc18fab69c9a7d9ac3373ebf77dc975ca8d40b1a360046b80,train
cb2f3c5d71a7,cb2f3c5d71a7.png,raw/train_images/cb2f3c5d71a7.png,1,550eb7480194a2b3fc8bfd5def90664d6b7e68bb274e5888e3407beddae31db7,train
cb39761f0712,cb39761f0712.png,raw/train_images/cb39761f0712.png,0,7053186c907167954f5dd12398183a08b82f44ac42dbec5636045224ea7b77b6,train
cb547e723a16,cb547e723a16.png,raw/train_images/cb547e723a16.png,4,e957d41e7c25f9022dd7570a7aaf41de487733f3070f70e9bb82ef08fe6ec8be,train
cb602182cde3,cb602182cde3.png,raw/train_images/cb602182cde3.png,2,ac28603e1d31d1848d38cf215b3e1b57710514776b24ca3954efa6828590a267,train
cb68fce07789,cb68fce07789.png,raw/train_images/cb68fce07789.png,0,d4914fa0fa8a5af49c9c6a8963fbb8ca801d523b33d2300564a48cd084f44099,train
cb75210abebe,cb75210abebe.png,raw/train_images/cb75210abebe.png,2,a11d7372612b6654642635e45c3907f5c412a0fd22c3decf654d5f6c8155fa6e,train
cbc23af521f3,cbc23af521f3.png,raw/train_images/cbc23af521f3.png,0,eaa81ac758a979e4149b3aa4096ef5eaf7d3f004f467e86721464f216bcffd75,train
cbc2e57447c2,cbc2e57447c2.png,raw/train_images/cbc2e57447c2.png,2,6698171dc7497ce3a92c26fca99ef01d08d5c02706ebf8e190eaa37ccd77c258,train
cbf0394039f8,cbf0394039f8.png,raw/train_images/cbf0394039f8.png,2,578aabf0ce20a1f9c04b310a20a63409c4391f875ab5d52428cd5d71877967ce,train
cc1eebed9276,cc1eebed9276.png,raw/train_images/cc1eebed9276.png,2,fc1a84d29137f9a02b7e939dca22acd80f959e9e0f140c199bc7576cfd4d7de1,train
cc671a73e1cb,cc671a73e1cb.png,raw/train_images/cc671a73e1cb.png,0,5c4228503c92ea7941f9a260f8f062396816051e75f9090d760cb7c95ad8b619,train
cc839823755b,cc839823755b.png,raw/train_images/cc839823755b.png,2,834c25ab2f71e8c5caf98b4a0e89894a790907bcacc42b326f51426accc78bc0,train
cc9270f06b65,cc9270f06b65.png,raw/train_images/cc9270f06b65.png,1,610d20e22156e4e22f3b14bd90accd64c0f956ea5f66f825bd677a7d5acd7a41,train
ccd34029493d,ccd34029493d.png,raw/train_images/ccd34029493d.png,2,1c509c2f582ace1d63bc10ba4a02cb06b802da4e93a41347072fdec2af51cef3,train
ccea49708830,ccea49708830.png,raw/train_images/ccea49708830.png,0,316ba10cca6863bf93aeb72f9bbc3f16dd4aece8e91acb2835a4f0166c6f8ef1,train
cd01f4f83336,cd01f4f83336.png,raw/train_images/cd01f4f83336.png,0,42fa5e14d45c367f201b27bcb6ea57325c9b61a78ff9dace6d6f54377cc19679,train
cd1c98ec48b1,cd1c98ec48b1.png,raw/train_images/cd1c98ec48b1.png,0,6861106cb40f5976f099d2c3de6d2e9637211bc0993dbcada799a62ffe35fe96,train
cd29c88c9e36,cd29c88c9e36.png,raw/train_images/cd29c88c9e36.png,2,f9328e4acd4e346561b47112df18a5bf9a61b0bed324e700500549cfc9f6f26f,train
cd314653a4d8,cd314653a4d8.png,raw/train_images/cd314653a4d8.png,0,11b12f6391315b6e66bc6224c22aef083659911551bf606263e7b84757e5e8e7,train
cd3fd04d72f5,cd3fd04d72f5.png,raw/train_images/cd3fd04d72f5.png,2,920cf6161212415be5284af311538a9018d3be5d4dab4f10b5717c71db616dfd,train
cd45bfa07d41,cd45bfa07d41.png,raw/train_images/cd45bfa07d41.png,1,e6ea921aebe5f7b5e20ed75a6c0d525e6746ee6d7f89a8c965627d7dcfc53779,train
cd54d022e37d,cd54d022e37d.png,raw/train_images/cd54d022e37d.png,4,9e22c486d508add868da3d55ed224f4c4e1a1d7cc77179d0fefe0294a1538fba,train
cd563556cb57,cd563556cb57.png,raw/train_images/cd563556cb57.png,0,f98dab2961f69819ee97d5e4677e0595db22bd0b3ba8b5364978d141816675fa,train
cd5714db652d,cd5714db652d.png,raw/train_images/cd5714db652d.png,1,ed091c1ef2c82d70a8cc05290d9f044db26f084bf840ffad9d83312192d856b9,train
cd66754e1b3b,cd66754e1b3b.png,raw/train_images/cd66754e1b3b.png,0,a98fb88114768511377733e753ebc22f090ee1764025efc81ac5d25ec5052e9b,train
cd8da43e3069,cd8da43e3069.png,raw/train_images/cd8da43e3069.png,0,151334d13959dedb318ed564bd2f6ef196e0039d2b726bde34102d4f393fb3b9,train
cd972e5639e0,cd972e5639e0.png,raw/train_images/cd972e5639e0.png,4,0858449eda73a42c62503f10eca2dc46686149769f5631f6c1dcd80e1b71c543,train
cd9e2190c73f,cd9e2190c73f.png,raw/train_images/cd9e2190c73f.png,2,78cd90d2222aa5d98ae0f26102cc04585718d0a4f8a91d9de7a50cc6b9829fdb,train
ce6f33a81ad5,ce6f33a81ad5.png,raw/train_images/ce6f33a81ad5.png,0,1aaad5b9b7f984f71cacd77803918c7950714d23b6518d3cc1720fc11d42d730,train
ce754234d760,ce754234d760.png,raw/train_images/ce754234d760.png,0,7219835687cd55464c7744bbcdb4168b195d003dc87f8c2b6c7be460bdc145c6,train
ce887b196c23,ce887b196c23.png,raw/train_images/ce887b196c23.png,2,d949f1b5ffb33d227ef3b6c43299bb8fed54ccda62a234d403f8ccf1975fe6b6,train
ce8d2efd9d4f,ce8d2efd9d4f.png,raw/train_images/ce8d2efd9d4f.png,0,40a3efffb89348eacb80a99e63ba4dc5d4b5418e86811873102a5017b951f1ff,train
ceaa5803d780,ceaa5803d780.png,raw/train_images/ceaa5803d780.png,2,b61ac9cb9276a780d683fc99a407e1dd49f5dbf101431dcf4ca269d4aeecf1f2,train
cf1b9d26d38d,cf1b9d26d38d.png,raw/train_images/cf1b9d26d38d.png,4,44547d54c5f775cd9b72505133295cd5389d1f591ef4191fe15da4a5c1a63328,train
cf603a9ef2d5,cf603a9ef2d5.png,raw/train_images/cf603a9ef2d5.png,1,e66c994ce58a791a1833c1cb25bdbb4c4ab2e2a0f3d728001bc59a6e249a103b,train
cf6551521a35,cf6551521a35.png,raw/train_images/cf6551521a35.png,0,6a54223815d5fa5dd5a39ef1209f292d22c4c53ffb8647db8e1a8299d29be856,train
cf8f1bc7a215,cf8f1bc7a215.png,raw/train_images/cf8f1bc7a215.png,0,371fea9605fc73bb4e8e146d98286bd2544f7a8f57badde66997e6b33f0c16ee,train
cfd1bd0fcbb4,cfd1bd0fcbb4.png,raw/train_images/cfd1bd0fcbb4.png,1,55cb1999f4a4d4bc457c93f3619573f92b07e0e376eb2195663ecef67444731a,train
cfdbaef73a8b,cfdbaef73a8b.png,raw/train_images/cfdbaef73a8b.png,0,ff3cf5433df25d045ea34ea2a8c02f78459ef27feee13d07c48b3da39afe5788,train
cff262ed8f4c,cff262ed8f4c.png,raw/train_images/cff262ed8f4c.png,0,f6620942ccaf66956f3918f2b02f00b6234444275af6f8763d268181ef79c2de,train
cffc50047828,cffc50047828.png,raw/train_images/cffc50047828.png,0,948f849b0edbca90b48078f3a0e9fad94054083b083c1af560afcd1dd20153a2,train
d02b79fc3200,d02b79fc3200.png,raw/train_images/d02b79fc3200.png,0,ba621f7e38b1700aef60d4c6573b9f7003df9e5a474831dd7eb0af8ea0fc8f2f,train
d06ccd0cf4b8,d06ccd0cf4b8.png,raw/train_images/d06ccd0cf4b8.png,1,8adc27b573e8fb215ea05f1f09e099cd40496353af646a66559125436812122d,train
d0926ed2c8e5,d0926ed2c8e5.png,raw/train_images/d0926ed2c8e5.png,0,957ac3fde98b37930a8630edf07257ad702903772d234ac293e0ba114a83cd9e,train
d0b132d2c7ec,d0b132d2c7ec.png,raw/train_images/d0b132d2c7ec.png,4,5e327bbcd2524e1a615c61c4a8a5c9fe449d9812d4bd7de8c999bdbedb5380e3,train
d10d315f123f,d10d315f123f.png,raw/train_images/d10d315f123f.png,2,da71ec8320b7c60e2df183ff52b4ac159b5b810df27d58e4b9ed9069bab7db44,train
d141728fa392,d141728fa392.png,raw/train_images/d141728fa392.png,2,1fae4b689c26a429fa190ca0f00ab3dee0c6b11b70fca0347d7307bcbf24a943,train
d160ebef4117,d160ebef4117.png,raw/train_images/d160ebef4117.png,0,64d425d89de7535273447eab22130ea7b317c69f6d47e87ea1c979c1a607a5c8,train
d16398c971e9,d16398c971e9.png,raw/train_images/d16398c971e9.png,3,36e0fae24dadda65c00fec7f334fdbcb5bde1e9b35569bf41754856fe5c2b858,train
d16e39b9d6f0,d16e39b9d6f0.png,raw/train_images/d16e39b9d6f0.png,0,29dc4af8491d8967bc8e448f7e587856b607b6ac3ab665a6c263816dfab118b8,train
d16e59a2b33a,d16e59a2b33a.png,raw/train_images/d16e59a2b33a.png,0,1087a64d655e4648bff8816d0010581bdc21a26d8a21ca95618626a7a973fe82,train
d18e5b68f6d2,d18e5b68f6d2.png,raw/train_images/d18e5b68f6d2.png,2,e20ba7837a6af20c3c0413f479e3c18ff3b2b3b92d5194cf8d3903a741a9afb1,train
d18f6431ebce,d18f6431ebce.png,raw/train_images/d18f6431ebce.png,0,2114826e0c79c48a6c3a443cbd9db20ed1b7b7433fe7d9e73d903ffeacdf68ac,train
d1a24527a15d,d1a24527a15d.png,raw/train_images/d1a24527a15d.png,4,be81b76efc1de6ae7af7b99eaa9abf5a7dbd0bbf27aaa1c69714ec231b0d4b0e,train
d1a60c3b9fe5,d1a60c3b9fe5.png,raw/train_images/d1a60c3b9fe5.png,0,46730b4f74cb6d13c3c5e89fb514dd643abdc056063456ccbf1d15a38f12a117,train
d1b279cc02ae,d1b279cc02ae.png,raw/train_images/d1b279cc02ae.png,0,a12aa81d18b71a02d56fee85f67d5012fc7b39b434e5d75591d77772267c93c9,train
d1cf31577a59,d1cf31577a59.png,raw/train_images/d1cf31577a59.png,0,8a9a9aa67dd9ab0838d75fcbf56827474b60a4ffffe6962399d02d1d37197520,train
d1f7ea924a01,d1f7ea924a01.png,raw/train_images/d1f7ea924a01.png,0,53de2566926b6d05a8d043b50e133a3c1709bee9f132eeff7706da7ce441d102,train
d25b8a8ad3c4,d25b8a8ad3c4.png,raw/train_images/d25b8a8ad3c4.png,2,8cf5299888a5fe753398e6eece51d18c0d0aa00808e396b260ec30ecf2667eed,train
d26bc6e1230d,d26bc6e1230d.png,raw/train_images/d26bc6e1230d.png,0,7eddf4c0b38bbb6b9a289025946118b162a4f98bd64c9f5f9d6b77b306a55959,train
d2901144070c,d2901144070c.png,raw/train_images/d2901144070c.png,4,955212537df9561f0275636d07ab08225494b537c727eb3c87f938a6b7d29e0f,train
d2afca74cbc3,d2afca74cbc3.png,raw/train_images/d2afca74cbc3.png,0,665f52501011b1bfcfea3ce1727640b3c1fdd5cb1448894e2afaae572c1969dd,train
d2c2f02bb313,d2c2f02bb313.png,raw/train_images/d2c2f02bb313.png,4,5997e5b287aaedaf77b347b37b5d052984d6cb75b1d4b9ce4c3f1a13bde0f0ee,train
d2c6b99ef62c,d2c6b99ef62c.png,raw/train_images/d2c6b99ef62c.png,2,b07e5a92d7ede10a3438741d49dec623208c21fc3e3cba1b79091b1c7005b937,train
d2cd47ed2c1d,d2cd47ed2c1d.png,raw/train_images/d2cd47ed2c1d.png,0,4c2cc40212451af4917fdddc72b94bf8e65aee7ae6bcd79efdeb1bd79b3d1079,train
d2dc86021c67,d2dc86021c67.png,raw/train_images/d2dc86021c67.png,0,33e3d8b157e1a317951dcd1c25b2d79b4c79024e172b6560c48d1b2cb7f3c540,train
d30d079e6f9a,d30d079e6f9a.png,raw/train_images/d30d079e6f9a.png,0,def6871924db51df06e4390faff5cff76a3392f1d2f09bc031773fe9027edbc2,train
d332d7b8a26e,d332d7b8a26e.png,raw/train_images/d332d7b8a26e.png,0,6ae543f4432de0961516b7c19c2ac8af721b7314c7825a6a47d2ef28e2f51047,train
d364423ec6f9,d364423ec6f9.png,raw/train_images/d364423ec6f9.png,2,ba819b61eb520f1f526fa81a2c3d29f21fa3074130c41801f861d628e4aec2c4,train
d39752cb6e57,d39752cb6e57.png,raw/train_images/d39752cb6e57.png,0,e0fbc1fc8bbd90933f08a7a6e63e2f187937ab1b8fcd30a7ff8165a242c85c10,train
d3d578fe433f,d3d578fe433f.png,raw/train_images/d3d578fe433f.png,2,683594102db308a398ec4226fb2b97778d9d4b1768d8fa63dd3b99995a9e5a4f,train
d3de0d313d61,d3de0d313d61.png,raw/train_images/d3de0d313d61.png,1,e1b7b7e1d31a58ff950397278e5672598303c33c5f478356bbed01e664822016,train
d3dfd0a2dee6,d3dfd0a2dee6.png,raw/train_images/d3dfd0a2dee6.png,0,e1d446e16b61fb00108bb1359f3346f9f6423e20fb47e12dd568ff5aa7785c66,train
d3e56584a481,d3e56584a481.png,raw/train_images/d3e56584a481.png,0,f95aa63da7f01d501ff0dd32d0aa191f92e8095483bce9b5b3375282b1e87fc2,train
d3e884109b45,d3e884109b45.png,raw/train_images/d3e884109b45.png,3,c8a303bd2565edd9e590ef2a6e593b6fa21969fac3587838f7d0bb40f18f2f92,train
d436c06f0490,d436c06f0490.png,raw/train_images/d436c06f0490.png,0,eba7a770a73303e1dea8b37c7317234a3679b9437378d0b32446e0c3ef8a83d9,train
d4583e9525dc,d4583e9525dc.png,raw/train_images/d4583e9525dc.png,0,cf4839193693ea0269e7b661b1f6f1140b91b1e2d50092f1a7ae5fd83b62c6e9,train
d473f6fafba0,d473f6fafba0.png,raw/train_images/d473f6fafba0.png,2,cacc689d647afe8e0934d35d108db73c9557d79c91df54605ed47bd443e18eea,train
d48178e4a49b,d48178e4a49b.png,raw/train_images/d48178e4a49b.png,4,a2eab58ed0729682d2f0084779bfe08772bc378be74492c42e742514f2c32238,train
d4bc001f7224,d4bc001f7224.png,raw/train_images/d4bc001f7224.png,0,9a8ecc3749f8d1dfb1d8347422a21edb2e7e0709b278d073c95de8190a8b3595,train
d4be0403e6ab,d4be0403e6ab.png,raw/train_images/d4be0403e6ab.png,2,943aeea5df495e15aadf06702a4074a8e3dcdcc6391b740b0c0c819356ff3edb,train
d4f32b9c07df,d4f32b9c07df.png,raw/train_images/d4f32b9c07df.png,1,79b0d760f97c552fa5d475b984eea7bc55dce7895e1362066b2d3a0ae341a135,train
d516f77d4516,d516f77d4516.png,raw/train_images/d516f77d4516.png,0,1255d9b29f51a5c906a2c7b103853c3dbc1f11fd4407587d17e3917f9a24314d,train
d51b3fe0fa1b,d51b3fe0fa1b.png,raw/train_images/d51b3fe0fa1b.png,4,3829474155ff566cfafe3f3cdb7cb37ec194a8cb6816331d4317e223789de012,train
d5a39339ff3d,d5a39339ff3d.png,raw/train_images/d5a39339ff3d.png,2,50b7ce404f59eddf4d72238b62da30949688e460f4a1a53e0e8c841ea5e601be,train
d5ad3362424c,d5ad3362424c.png,raw/train_images/d5ad3362424c.png,0,11121edb93beb1625771a3d87ff304b34687fc42577707e8b5b63289021ce81a,train
d5b4705ac2ee,d5b4705ac2ee.png,raw/train_images/d5b4705ac2ee.png,1,1f91358562f66fb530b9ff468ee6504e8908d8e8063aec06775f798a229af756,train
d5c63a8d9e94,d5c63a8d9e94.png,raw/train_images/d5c63a8d9e94.png,0,d65d5ab3c46fe1e03bffd501435d1df85682895bb0250b5d45592d96c906f6d9,train
d6228d951958,d6228d951958.png,raw/train_images/d6228d951958.png,2,28ecc60260e8d1898c5b9be60ee44ca9a77ec3a46f8f1869fa4e7d5178f77c08,train
d6283ded6aea,d6283ded6aea.png,raw/train_images/d6283ded6aea.png,2,f4ff33a791b3acaec6351c85a1a7893f3f21ef6d95eddc4e2ad92c5d7a817de1,train
d659d7fd5ccf,d659d7fd5ccf.png,raw/train_images/d659d7fd5ccf.png,4,f01a9b47fec52ceef849b4a74dd9d564662019ee678da1829b11fd6eced6aa51,train
d667af5742f6,d667af5742f6.png,raw/train_images/d667af5742f6.png,0,93860b9bb1b5aef5515396cecba3aaee8950d8e7e63f4afbff0c264919098178,train
d66b6f333dc7,d66b6f333dc7.png,raw/train_images/d66b6f333dc7.png,1,27bb3df46b6e8227fcdb16e711281221369b38b32146ab9f745608510c96f37a,train
d67374d3fa2a,d67374d3fa2a.png,raw/train_images/d67374d3fa2a.png,2,34d0b285c98469f93b02f14cf6c2423bcf1092e4871dc41600aac49273c4ef9f,train
d6dbb0820ea5,d6dbb0820ea5.png,raw/train_images/d6dbb0820ea5.png,0,36defd0d000df55f871ce94a1647fb8508608ca648f7408b4157470ac0655b06,train
d6e26fe51dce,d6e26fe51dce.png,raw/train_images/d6e26fe51dce.png,1,d9a992d7395a998f817c88db558eec9ba90936e4e30398621575b22f94318cea,train
d6f36ec5564a,d6f36ec5564a.png,raw/train_images/d6f36ec5564a.png,0,04d06e2aca6be6017d80fe2a33909139afc8e9b5ca29c391c0dad0fa373826ec,train
d6f6bdfd8011,d6f6bdfd8011.png,raw/train_images/d6f6bdfd8011.png,0,a34bae6a58a1ba03b42eb353fb159971b38b4554d4fee81dee773374ea311c0d,train
d7078e8b0349,d7078e8b0349.png,raw/train_images/d7078e8b0349.png,0,d507186e18dd2de30f78e8a92c00ff2bdb55f5c0938c2c12dcf8e1b1fd6c232f,train
d74ccc796517,d74ccc796517.png,raw/train_images/d74ccc796517.png,0,e01ac5cea0795fed38432231921f0dfc40e9e4ec7bcaf9c68208c81ec7b69344,train
d774692d9919,d774692d9919.png,raw/train_images/d774692d9919.png,0,7a5f4e22307c84e0d9bde4520c63310e5a283f75a0a0b6367f0c9dff612415da,train
d78b7401096f,d78b7401096f.png,raw/train_images/d78b7401096f.png,0,dea9a5828f78818106a9112e6925061a2978c66c5872cda0310b8c2d0c973404,train
d7ac4a0c9760,d7ac4a0c9760.png,raw/train_images/d7ac4a0c9760.png,0,7a8aa97f16546592ccf053916ebb12d289217a82b2780f97c05a435916e9447c,train
d7bc00091cfc,d7bc00091cfc.png,raw/train_images/d7bc00091cfc.png,0,2726a758d14eb599ce5d170e415e0311e5462dcee077ffdd05a5a8b1214eab86,train
d803598dabda,d803598dabda.png,raw/train_images/d803598dabda.png,4,9d15670802dba57f0ed202936454ab5c8cbd90fb72257b5986312e39d1842349,train
d81338217fc5,d81338217fc5.png,raw/train_images/d81338217fc5.png,2,fd639f436d79e16c3590c879b8ea10f626d45255e2c818ec4d9d4c00ccbf9b4b,train
d838d5b9f571,d838d5b9f571.png,raw/train_images/d838d5b9f571.png,0,bbe398f436ab8c1d7c339cfa675931a732c9e9be1b4f47d12d58224a9721d931,train
d83c3efade75,d83c3efade75.png,raw/train_images/d83c3efade75.png,2,3434b7b61b29ace4c0cf77468494e84f18136c8f0c3f63d8272131c44c5b09a9,train
d83d0695e215,d83d0695e215.png,raw/train_images/d83d0695e215.png,2,73f367e374a8b2d8113c4461abd3a989bcbb6108c465cb29453f721a6e84bc1a,train
d8404680bba6,d8404680bba6.png,raw/train_images/d8404680bba6.png,2,981b9029cbd28c0da77fd5dbed60ab5640f3955d800e941fb302f434fe9cf08a,train
d85588ff2ebd,d85588ff2ebd.png,raw/train_images/d85588ff2ebd.png,1,59a8865eb558be0337e0491cf3087a393e9aa75bd8a83b7cdc2fa70dfa5bdf93,train
d85a842d20bd,d85a842d20bd.png,raw/train_images/d85a842d20bd.png,2,3dd39a5e751c11f85cf324f7239335e2e859844d759f528348c28d2b4d92abfe,train
d85d052900b4,d85d052900b4.png,raw/train_images/d85d052900b4.png,1,ae78fa3af782f6305cfbf3f9f148d96cf3887fe89dbdd78d30f08fafa77e9578,train
d881c04f01fe,d881c04f01fe.png,raw/train_images/d881c04f01fe.png,0,69a5f865c378f9476a17a0c9c7eb99aa0c5533f0415c7297994f54b4342d1a7f,train
d88806d9ece9,d88806d9ece9.png,raw/train_images/d88806d9ece9.png,2,29155a210dfd0820a3bebfc99ddd80c865163dffef7596fda62828965aa5396c,train
d8cdb7d7283a,d8cdb7d7283a.png,raw/train_images/d8cdb7d7283a.png,2,b0ed0fe67d358368d341c52893256100772eae2fa7b93f3e98a1e4c3db72cc6c,train
d911dd40c63b,d911dd40c63b.png,raw/train_images/d911dd40c63b.png,0,0fa0eead84dae141bcc1c8d2fd92783e84d7036ad8d184bd61e4faf0ec9b89c7,train
d91273efb92a,d91273efb92a.png,raw/train_images/d91273efb92a.png,2,a29fea9f020a2638a3b3b9ad109b3e84aebe835a69c96a92f602cd149181a967,train
d91635f380b4,d91635f380b4.png,raw/train_images/d91635f380b4.png,0,a07be9ee877cc6d69b51eb3fdf6876f5067c9ef4ef41760e0d8b8bd30ee95b39,train
d93b61dc8f64,d93b61dc8f64.png,raw/train_images/d93b61dc8f64.png,0,0d7f49503b168d64681c40c106107799dfa39a8c88fedddbceac5f5b4f8e47d3,train
d94e10f42861,d94e10f42861.png,raw/train_images/d94e10f42861.png,2,107b34f0bd58fceaae88e76025011990e2873d9ea21cb1ca32ac25ea4a4dcd1e,train
d95959798b57,d95959798b57.png,raw/train_images/d95959798b57.png,2,04d57109fe8ba7c322ce06171c36c7501f656b1e27e8bc7274d2ccd0a870e3df,train
d968a983d4d2,d968a983d4d2.png,raw/train_images/d968a983d4d2.png,2,397d7d726fb7ea2cacc4323174e165a922f983987acf5e2852f20ecc02107c97,train
d990a3f0cbdb,d990a3f0cbdb.png,raw/train_images/d990a3f0cbdb.png,2,0ff07d08738a9b0ed8277ccc7f8e64c69ffcf3553e679e839ace2d515195c826,train
d99b0f7dd9b9,d99b0f7dd9b9.png,raw/train_images/d99b0f7dd9b9.png,0,b400491c9ee1e02a7bc30c25ae17935168fb56b14d46fba1253797331618a6a9,train
d9a475dfe59a,d9a475dfe59a.png,raw/train_images/d9a475dfe59a.png,2,582ae68408692ba89a3fcb8542749813a6ea2eca79a390685414f2d7b62cb0a3,train
d9ad2a0ec026,d9ad2a0ec026.png,raw/train_images/d9ad2a0ec026.png,0,604e267975405ff98198fe9288adc3372cb74269a4f713f442688764f98fd2b2,train
d9ba044671e1,d9ba044671e1.png,raw/train_images/d9ba044671e1.png,4,cf2e69a79e5f693dc0788bc5e93965936fb1bf48ec7bef87ce5f0c90660ff604,train
d9d2631f043c,d9d2631f043c.png,raw/train_images/d9d2631f043c.png,0,04e16d1dd0309275d5fdd1c95a93d9efd38e98ce32c87d91e3554f7facd44267,train
d9e58e4d8689,d9e58e4d8689.png,raw/train_images/d9e58e4d8689.png,0,a6300eff113dea932b999d742ec2515087375e35ca98bffac2384c583f448fcb,train
da1fb35f5df9,da1fb35f5df9.png,raw/train_images/da1fb35f5df9.png,1,16053cbbd38015ded82712ae704f7d4d2b7e02fc7ddc694fdc5b3bea5311d45e,train
da2bdf4236ac,da2bdf4236ac.png,raw/train_images/da2bdf4236ac.png,0,9d2603ae0c96dd5e49776869732a7d6261e8bc42ca903d7e5c57431181d7b8db,train
da44f80b422b,da44f80b422b.png,raw/train_images/da44f80b422b.png,2,b67c509d0dd0a51234d6f104c0fe701841681a0ff80c9696a380ff6b3638192b,train
da8900ac7f29,da8900ac7f29.png,raw/train_images/da8900ac7f29.png,2,fbb74409c79c44931597cd227f90b209e857c61edbe951c807a43f143db8c7bc,train
da9262d9f5d9,da9262d9f5d9.png,raw/train_images/da9262d9f5d9.png,0,87df3241a8e4b1298403328d81545391094ceb53a46e71b2f4370c7ecd9b5078,train
da9574d35b82,da9574d35b82.png,raw/train_images/da9574d35b82.png,0,aad22dd65b3a98fbd108a91658b84084945780395b8517bb7084ac144d4ef6db,train
dad71ba27a9b,dad71ba27a9b.png,raw/train_images/dad71ba27a9b.png,4,58b9942f71d904774caa416850ac4bdf35dade28b52d86724cd434c2708e0577,train
daeaa5d8cf70,daeaa5d8cf70.png,raw/train_images/daeaa5d8cf70.png,2,5b348b99130b20d40485ae3b785adb5620a0e1a1946039c819337b6a54c361ee,train
daff5427c9b2,daff5427c9b2.png,raw/train_images/daff5427c9b2.png,0,2759a78dd23c508734c562e7b1e22c32edaa069f2e2af716ddc1109968988a90,train
db3cd58aa315,db3cd58aa315.png,raw/train_images/db3cd58aa315.png,0,d5f426450adc821109a0e17e6edf4db916b0e38da639dd876a645a552510c8aa,train
db49cdf1ea64,db49cdf1ea64.png,raw/train_images/db49cdf1ea64.png,2,0785d1f7ef9f8510c1727d724e6ae9120156961d06a8ad30ab426f784c1b4ba0,train
db4ed1e07aa3,db4ed1e07aa3.png,raw/train_images/db4ed1e07aa3.png,1,323f9896a183e055b2f835f85be7fa4234bfe793c2b2fbd4f183dde1c248c79f,train
db52626d450c,db52626d450c.png,raw/train_images/db52626d450c.png,0,34438853de4debb0bd630a72de35253e696128fd2703b6c515edbed11cb99638,train
db690e2d02f8,db690e2d02f8.png,raw/train_images/db690e2d02f8.png,1,7a5027d1d98442e4165f2cf7895fb6ea25e4a6f88340236400d8eddec72fe05e,train
dbb2c63f6f08,dbb2c63f6f08.png,raw/train_images/dbb2c63f6f08.png,3,a91e0b42c42114d7f4e143181176a5d91db042fe1ec9c32434d125d0e58bbe6c,train
dbfd238b3468,dbfd238b3468.png,raw/train_images/dbfd238b3468.png,3,1b2dcafbda6c78ca9c17a456b442b47ed1ef11a22fef44dade2366a22888374d,train
dc0f6e5b489b,dc0f6e5b489b.png,raw/train_images/dc0f6e5b489b.png,0,93e542243c240dc5339d9418d0e4953ca4db15863b6ac5f4c2e2eebf1d03595c,train
dc6fa1b38b83,dc6fa1b38b83.png,raw/train_images/dc6fa1b38b83.png,2,f62e1dd9c7cb67fe3cca61257c82997c5f1e105b8b8bee30b230ddd4309af2cc,train
dcc6c0ad5cad,dcc6c0ad5cad.png,raw/train_images/dcc6c0ad5cad.png,0,602b89ab3d15f2e5ed73fdc53ebc16005285564aa0a5d84d2384250d6963f7c3,train
dccdf750c962,dccdf750c962.png,raw/train_images/dccdf750c962.png,0,3c3ec88be87f97f742541001a08589db2492c69ba49cb264a500a5234eb475ad,train
dce73d90c00c,dce73d90c00c.png,raw/train_images/dce73d90c00c.png,0,6cd11c7919b992eedeba601b694db0c601044672b4bacddc7b0a0ae5fa20461e,train
dcf109df1a2b,dcf109df1a2b.png,raw/train_images/dcf109df1a2b.png,0,f198f98e57d96fba4c119c54baf0883ca59e7d057181b4377a9e5401dc2cfdbf,train
dd02d60bef14,dd02d60bef14.png,raw/train_images/dd02d60bef14.png,0,2cb729299690deacac472c3d61f87c588d77e3c4c55d208b117a8064eaa02d0c,train
dd3176bacfe2,dd3176bacfe2.png,raw/train_images/dd3176bacfe2.png,0,443389abdf7b7bece1fde8ebd2e601ef0a816d9823f6e1cea8396e02a27eadfd,train
dd90c321d7bc,dd90c321d7bc.png,raw/train_images/dd90c321d7bc.png,0,519de57d5f666d68049d85b307ebbab732b306dbbbc5ba0a39bce95b7afaabc9,train
ddb222ff7c1d,ddb222ff7c1d.png,raw/train_images/ddb222ff7c1d.png,0,874a97a84b2d56eb7086da3c3c861e901c5c18517f582e4885d1d7eb545cb5ec,train
dde43aa22ae6,dde43aa22ae6.png,raw/train_images/dde43aa22ae6.png,2,8f140c9b22c4a0841fa088745d589fddb88b0852e21c0266d02780c3929d9ef2,train
de16416220de,de16416220de.png,raw/train_images/de16416220de.png,4,d83468b27f382779cacebff55bace36cab06bf1037c7e462125eba8a600ee038,train
de18071c36e6,de18071c36e6.png,raw/train_images/de18071c36e6.png,0,d326f8df25d97774665e81851b367b18b0c599f299b14c94c04529268f2b0253,train
de2eb5c8aa83,de2eb5c8aa83.png,raw/train_images/de2eb5c8aa83.png,0,632e51f3f612bc75fce2a380d2007b384d13c22ab27d930fe29a5df967ee9d41,train
de38adaae009,de38adaae009.png,raw/train_images/de38adaae009.png,0,f27989b866aa9e15de204f88f8315b61438eec9c63e1489a6ddc2a8808fe8553,train
de4cdabbce6d,de4cdabbce6d.png,raw/train_images/de4cdabbce6d.png,0,fa963955c1eb58b8bf1d6f3c18cd46d2a328e12689ed4f2a549755dbe80ea27f,train
de50dfa745f8,de50dfa745f8.png,raw/train_images/de50dfa745f8.png,2,5f4a9e6db114bf8ead0ee4b258f0ff1124d38c488f4afee18f1be84d1ff96e3a,train
de55ed25e0e8,de55ed25e0e8.png,raw/train_images/de55ed25e0e8.png,0,9be7e0a68151ba74c4b84ff5606e890c13677b3d0086340608c50ea92f0f5580,train
de57c9e9fa93,de57c9e9fa93.png,raw/train_images/de57c9e9fa93.png,0,495ade7cd0789e4be58706a73a47b9a8dc63bec9da87b42119d44d35663e8b78,train
de6210f88536,de6210f88536.png,raw/train_images/de6210f88536.png,0,61d46d10554fb6dd5099a00b063b16a79d128abcf8dc8baff132f81fecdb1333,train
de778495a1cd,de778495a1cd.png,raw/train_images/de778495a1cd.png,2,6de49a43d4a5b2792dc4366cd7ac71e8090c94961e843dd8711bf6f74cf072e0,train
dea7538bb91a,dea7538bb91a.png,raw/train_images/dea7538bb91a.png,0,bc7ecc4f891adb9cc5301d163fd752495cf781dcab671cfc97737899f9c9a995,train
dec5595e6154,dec5595e6154.png,raw/train_images/dec5595e6154.png,0,f31404871ff034be0796317b622a7b93ec8826b1f540f6c6d5fcbcad6a0ac3ca,train
dee1031a76ae,dee1031a76ae.png,raw/train_images/dee1031a76ae.png,0,c1fee00705523129be636a6d55b507bc2e2eb86c890b5b0665c7ecb7e6fc94e7,train
dee31065f8fe,dee31065f8fe.png,raw/train_images/dee31065f8fe.png,0,f48b445085c45eaa612cfbbbe1904ef18fcba23b04963f8d1720b703d51668d4,train
dee687c6e88a,dee687c6e88a.png,raw/train_images/dee687c6e88a.png,2,6790ae50c90c79da2d6a4641ae75d96fc700eb7a4eca49e11303043d12ea843a,train
df0886f1e76b,df0886f1e76b.png,raw/train_images/df0886f1e76b.png,0,228e8591dee80f2c551468f1739eef906f09865365094e26a220fa880e7cc929,train
df4aec4a0eaf,df4aec4a0eaf.png,raw/train_images/df4aec4a0eaf.png,4,8ec038faf6dffd47ef5a90a0f003de198786db0053214a12aabbe8eddd3735d2,train
df84e7113003,df84e7113003.png,raw/train_images/df84e7113003.png,4,7688eb4e37edaa181cb7eacf74bc6b582c514e7bd91e9461c1760a91d0393920,train
df9cb3729eb1,df9cb3729eb1.png,raw/train_images/df9cb3729eb1.png,0,5962b0e7f01a5b20c92225222527644ebf9482640dfd77419f2ebe56c73e7fed,train
dfc7ec7db0e0,dfc7ec7db0e0.png,raw/train_images/dfc7ec7db0e0.png,0,58f7d9f81582074210f9ffb1e47fcba195856d7440367b51304b5effb5f1b3b0,train
e01b7bac822b,e01b7bac822b.png,raw/train_images/e01b7bac822b.png,0,ea3147d5c54cd4a1244136cff4ed75664f87f28228439f024a47427cb08ae40f,train
e03a74e7d74f,e03a74e7d74f.png,raw/train_images/e03a74e7d74f.png,0,ec64e896b5f527f067f994a8ac1626d9599e961ed4600f4a345bfa9c1794255e,train
e03e70bc8bba,e03e70bc8bba.png,raw/train_images/e03e70bc8bba.png,2,6bfe230068c4391e11f29fe3c958e91a941315e90316b21ed4e058d9949d1c08,train
e04f3c6619a3,e04f3c6619a3.png,raw/train_images/e04f3c6619a3.png,0,0c37ef30abee9d5ee0baafd7e9828a2c829ec5571053a7bb774b18557f1d5914,train
e067b06fd655,e067b06fd655.png,raw/train_images/e067b06fd655.png,0,cc850bafc6acf9b7498ce66711eb6f504e2528812886c05d146a3aee7f2f3e65,train
e06d3d4733f0,e06d3d4733f0.png,raw/train_images/e06d3d4733f0.png,2,b585313fa3786b329a9f0c17bf245cc5982e359db9cf203dc65c4915430c52ae,train
e07045d7c5f7,e07045d7c5f7.png,raw/train_images/e07045d7c5f7.png,1,5f77766c55ecf3031d7d02318567cf41dc2e2a1bfa7fbaccb39e2fb9d3edc04c,train
e0863b353093,e0863b353093.png,raw/train_images/e0863b353093.png,2,c00d25c7f57008dfd10258d32ffdf17e57fba5a2b92923dcf21d84bbcdfa629c,train
e087bd4b88f2,e087bd4b88f2.png,raw/train_images/e087bd4b88f2.png,0,76f1a110580742e5e3cdc34adf89167a5ba6046aa02fc7dc91e2894cc5c98bce,train
e0d229db881a,e0d229db881a.png,raw/train_images/e0d229db881a.png,0,29d957e8fccfee7d7d565bca731c7e18ba83ded84dd3208fd8d321eb5ece5537,train
e10190a9d52f,e10190a9d52f.png,raw/train_images/e10190a9d52f.png,2,d8a026ff0db90c78954aaaccfe123521c59b3ee7b2c5aaca2ca5e2b7e2c93a3e,train
e12b67835e03,e12b67835e03.png,raw/train_images/e12b67835e03.png,2,51b4a100cea160753537a4f0b924175ea8d39c8224e068f1d6584966d72ac6fa,train
e12f9f19d1be,e12f9f19d1be.png,raw/train_images/e12f9f19d1be.png,0,bcf574c3fe32a5cae6dccbee5f4e763f2b1f7c43ebc4a872b44a5e91af4c67fd,train
e13412678eff,e13412678eff.png,raw/train_images/e13412678eff.png,3,3aeae679ea4278ae8c81798245c9d07abe86af01fc1af5b0920b6ddcc96db8a7,train
e1418d28d668,e1418d28d668.png,raw/train_images/e1418d28d668.png,2,d339cd8a7cf13e9dc47986194d111ae3320b2c633ce8d73812ddbd97f1d3459e,train
e150935f66a6,e150935f66a6.png,raw/train_images/e150935f66a6.png,2,b68cdebdfdef8d1e1bb8989812eb1ee3a19b2b8ea03570b0421e1f5d210e29f3,train
e16af45285e5,e16af45285e5.png,raw/train_images/e16af45285e5.png,0,d27a9c41851f316aec3e71f2e888578147be5735bfc0fd2854e7781c77ca5bd5,train
e16fc934069f,e16fc934069f.png,raw/train_images/e16fc934069f.png,2,644863a61ac35064f8103c9c7e412fc534cccddf4872f02ab13ead80cd5bfe8c,train
e17507a4a1f5,e17507a4a1f5.png,raw/train_images/e17507a4a1f5.png,2,684882151138eee60f935e95fb3c7d3bceeeb22b0a075b90d9b1cc39934bba37,train
e1900014dabf,e1900014dabf.png,raw/train_images/e1900014dabf.png,3,b09a2be9a24ff2675878be45519ecb8bcbd00e0adf546e4035ffd484f8c360a0,train
e19936582c61,e19936582c61.png,raw/train_images/e19936582c61.png,3,fc67434b596a3ed75ddd5aaa7721560d43c9bc51222d56f0faea9bb814a2eaf5,train
e1dc02a3dc2a,e1dc02a3dc2a.png,raw/train_images/e1dc02a3dc2a.png,0,d1b2e7d75bd9ee8bd02c797aed0af1e1024734400be9edee7df7d4d21b984ffb,train
e2161692a0b4,e2161692a0b4.png,raw/train_images/e2161692a0b4.png,2,b884d1e8a6d31dd5b9b1df9d8a2590a613f3b96a7a9897248cbb093ac17ce087,train
e229aca862c7,e229aca862c7.png,raw/train_images/e229aca862c7.png,2,63e3ab620afb4a463711d67c0c58c6510c01ebe1e30565bcbacf63334d8cecb4,train
e246cd89e1cc,e246cd89e1cc.png,raw/train_images/e246cd89e1cc.png,0,203c49f7c345fc769a495732308fb1813997d09c539d6dd1d1fce3cca7810fe4,train
e251bdf05b85,e251bdf05b85.png,raw/train_images/e251bdf05b85.png,0,e23ee94e8d8052763594f8411e461c703bf79f08f1bae086ddc1392c53c8cae9,train
e25ccfe38e44,e25ccfe38e44.png,raw/train_images/e25ccfe38e44.png,1,01f3994011c14b3f3e808b0292a9c9ab8c494e7a1d40b86301503670d34637ad,train
e265c870f9b3,e265c870f9b3.png,raw/train_images/e265c870f9b3.png,2,912781673afacd3a5b69b5713d8b1a09f05c157a39a034d4a0bf524e1ad14943,train
e26bcae6c67b,e26bcae6c67b.png,raw/train_images/e26bcae6c67b.png,0,a9f1c3d8abcb3aeef7d81e52acd55318507d1a6a2bd0378cb1d8f41ab54dd381,train
e26d8718ca58,e26d8718ca58.png,raw/train_images/e26d8718ca58.png,1,272dd3e7bc1703f38ca1d817c8a6965c8ed4979171646d47f11b572143eda25c,train
e29e54ff921e,e29e54ff921e.png,raw/train_images/e29e54ff921e.png,0,5129e6ddc39e4da8f984aff232c0923e66d82ff901b00030a5fe104a0145b03e,train
e2a233493b90,e2a233493b90.png,raw/train_images/e2a233493b90.png,1,3769beb4c3625f4cbc4101874fab4ca75df37ee476ef91c68e83c3919002b209,train
e2a47a74e6e1,e2a47a74e6e1.png,raw/train_images/e2a47a74e6e1.png,2,71618e238d8a4c7bc89255310f05e6aacb119a103ae1944e9a97246b753ac705,train
e30a890600e1,e30a890600e1.png,raw/train_images/e30a890600e1.png,0,f41a4dfc6d408585989831b793d895a7e1c566dfb9a0f099a997d04d422992a8,train
e322acd46152,e322acd46152.png,raw/train_images/e322acd46152.png,0,cc9bf91e88e7081e275bfa5a3470caa90107ea211299be41ca4584b9c4d617e6,train
e32a359be36d,e32a359be36d.png,raw/train_images/e32a359be36d.png,3,58158a93b60c092a0750620abeab8e01554a7e24555e755d784d01068a714c43,train
e32dc722eca5,e32dc722eca5.png,raw/train_images/e32dc722eca5.png,4,8df22d00ca32636bc3b337dc5e01eecec38cd4bf3c865fb3b0b7755a9eebdd2a,train
e33766353db2,e33766353db2.png,raw/train_images/e33766353db2.png,0,03e20ef233fc72a2000d5928fa77bacfa80a596cd710af82007abf5edb7673ac,train
e34fa07bd64d,e34fa07bd64d.png,raw/train_images/e34fa07bd64d.png,2,2ddd2c61bd9ee8d79f0e3673fd802e7d9d27d4d0412328a308b885fce56051ab,train
e387311a840e,e387311a840e.png,raw/train_images/e387311a840e.png,2,0a755f007e669dbf4c5ddff0ddf98728560eccac99edfa67d89215d4d9594b37,train
e38f3a65b02b,e38f3a65b02b.png,raw/train_images/e38f3a65b02b.png,1,f5a294c02180149ba664cc63f66a492a5a87ed4270228265291d60fd32f76810,train
e3b47ed5b511,e3b47ed5b511.png,raw/train_images/e3b47ed5b511.png,0,d42f59c874a435eb4d264ab04b89155e36bfaa4f881c4a72aab6c5ca89b580a5,train
e3e490babc0c,e3e490babc0c.png,raw/train_images/e3e490babc0c.png,2,6fe54a20167fa1d9371d427f52adbd669c46e63714bf786b49716e4d72323de4,train
e3ec668f6fad,e3ec668f6fad.png,raw/train_images/e3ec668f6fad.png,4,1d2fdd9958fd88695e0940a472e143d712e71a265cc45460fc62a089c71aeb02,train
e4210e7fe587,e4210e7fe587.png,raw/train_images/e4210e7fe587.png,3,6c246bec28f2513f76f6e73c01ba83a8c970be150ef71f7e4e9da872cb7a7704,train
e42d9a94a66d,e42d9a94a66d.png,raw/train_images/e42d9a94a66d.png,0,3f51aff61856b53ed56af0d87b738fa43ead7c5322faa7e6921700bf5de1fd91,train
e4730ddde408,e4730ddde408.png,raw/train_images/e4730ddde408.png,4,ee8e060664139bf102aaa5ef7f5fb856d91debec2bad25259eed3ce230a056ee,train
e47452069ea1,e47452069ea1.png,raw/train_images/e47452069ea1.png,0,f73325f393d723f8b9c21d318cf6e611bb1589bc6bb75c15b973152bf6e2cc64,train
e499434242cc,e499434242cc.png,raw/train_images/e499434242cc.png,2,183e692d7b9e69fa3d53c7ab9dad1346834962191408a04ac629cad38dc57d1f,train
e4ae1ee6aada,e4ae1ee6aada.png,raw/train_images/e4ae1ee6aada.png,0,cec4168d8ba84555b940234cb590b9e847e4321f08663c62034624c30f7b96f1,train
e4b0df29b96f,e4b0df29b96f.png,raw/train_images/e4b0df29b96f.png,0,071f94a04b8b78afcb7687826aba9615c506e8e30e6fed2fcfcd0e4014ee1910,train
e4dcca36ceb4,e4dcca36ceb4.png,raw/train_images/e4dcca36ceb4.png,0,8115eb28b5f7a7098bee9691c604169989b827e92021e9f26103d918d5e46190,train
e529c5757d64,e529c5757d64.png,raw/train_images/e529c5757d64.png,0,d6fb53a84afe46aafc91d834ff678961fb5492eb634307e0f6f7a77b90f99287,train
e52ed5c29c5e,e52ed5c29c5e.png,raw/train_images/e52ed5c29c5e.png,3,612930c1033d1fbce59ae6617cfa0b06001421cd2e6fc61358e71489d1c86d52,train
e540d2e35d15,e540d2e35d15.png,raw/train_images/e540d2e35d15.png,2,fa168e663c18f8505f9fa90c12499374a135e8edba2fa480de22a11501c1d414,train
e55188915f9d,e55188915f9d.png,raw/train_images/e55188915f9d.png,1,2f78fc88eb1723a40f442f41c2815aab4268639508a6ab5785fc95c9e0cd4d15,train
e580676516b0,e580676516b0.png,raw/train_images/e580676516b0.png,1,e929ff796905e800ccea6bfef097f066d227e180b0bef341610c34f2334cec27,train
e582e56e7942,e582e56e7942.png,raw/train_images/e582e56e7942.png,0,fce8f9aa378146e5a8e80f459fcfccd9ee0a7a70eb8de58ce137d9e5435074e9,train
e594c19e2e1d,e594c19e2e1d.png,raw/train_images/e594c19e2e1d.png,0,5b97f6d02c76056758c9530a37ec57b32f5535ff50bc41eb99c95f43ced16fcb,train
e599151ca14b,e599151ca14b.png,raw/train_images/e599151ca14b.png,2,f8633a84308928a25c2356c577f00f5713906c4c3d070f13cef6d5b7b1f459b9,train
e5d56f4f359b,e5d56f4f359b.png,raw/train_images/e5d56f4f359b.png,2,1a868f2efd1bc843f6d73c79cd58d23e94ea857862ba17fe6bf8a1c9fcae09b3,train
e5de79795c1d,e5de79795c1d.png,raw/train_images/e5de79795c1d.png,0,202ae671912cf86fa48e5fdc3b524d5ce0b33b3bdcb76f9ff6e5dc0fb87a09c8,train
e5f73f2855c0,e5f73f2855c0.png,raw/train_images/e5f73f2855c0.png,0,bd4af21da9eb0a6323a74440adcea7727688b71339a1e2d7690d18967447c872,train
e60e4edb3ca9,e60e4edb3ca9.png,raw/train_images/e60e4edb3ca9.png,0,4dc7b9395efb53a37eedf82b130ded659748f55ded0ef7c5b574b4271490f4db,train
e62490b7d0e9,e62490b7d0e9.png,raw/train_images/e62490b7d0e9.png,4,1c3b5600162f9733797444f072a7ab2171ddba2938f839cee399333a76ed4fdf,train
e6552b7432b3,e6552b7432b3.png,raw/train_images/e6552b7432b3.png,0,5483db4b60eb7c82a8135c7b4bb80a0fa31506620ff0c67da3319672b989ed6a,train
e65a2ff90494,e65a2ff90494.png,raw/train_images/e65a2ff90494.png,2,9e786866c245e5b38bd7b6ef097324bc170223fff4b4b18fe701da10c53bc7c4,train
e663c6627a95,e663c6627a95.png,raw/train_images/e663c6627a95.png,2,cb2cfd12b354ab573f29fb7822438926e8f981cb2a7e8f1a1db396be6d7a2ce1,train
e66855a5c583,e66855a5c583.png,raw/train_images/e66855a5c583.png,0,0a9524aae4f3e9747366da693a6ef73618e406513cabbf62ed3f4aed0418038b,train
e66ad813a508,e66ad813a508.png,raw/train_images/e66ad813a508.png,0,326bb191e7a3dfc0ecaf0f86e67a8d2653b7e250cf71005541bdbb527a2d2151,train
e68746d426b2,e68746d426b2.png,raw/train_images/e68746d426b2.png,0,d338a4b345f10e314e8950802c6ce99b705d46da4ff8ec4fe8bf271dafcc6255,train
e68bdd36e589,e68bdd36e589.png,raw/train_images/e68bdd36e589.png,0,d64e331109da74035a10bebb8e661f955cb862d514bc36911951d720d3d3322d,train
e69b48516577,e69b48516577.png,raw/train_images/e69b48516577.png,0,71ad21e72bdbe5aff01174ef8a083fb99f4a0aaaadad81553b1a6e74b9b01f09,train
e6a58edc5b42,e6a58edc5b42.png,raw/train_images/e6a58edc5b42.png,2,3d26d8793e6e22c07380d36e7c9d800d52d70edc42208a569df351e3dcde5c12,train
e6a5e4718873,e6a5e4718873.png,raw/train_images/e6a5e4718873.png,0,a3407c7874029589de10dce3c38305c55c0e63d2e5724ebccd57bcc95c56bbaa,train
e6a6acf7fca1,e6a6acf7fca1.png,raw/train_images/e6a6acf7fca1.png,2,b2517c414897da79f4e60fae30baf9763a6562258cde6e4fede20ea876bf075f,train
e6f0ce5bf282,e6f0ce5bf282.png,raw/train_images/e6f0ce5bf282.png,2,fa070acdf785dd9a932d361ed38388e32a26d42c574de719202fc84ec36f1f77,train
e7578d8dba72,e7578d8dba72.png,raw/train_images/e7578d8dba72.png,0,1cce81493578008d3ce5589b809e67c5b7a725b31c07a373cd657b01a5f5e3f3,train
e77a93c3d9a9,e77a93c3d9a9.png,raw/train_images/e77a93c3d9a9.png,0,c72fd6c3c7383c5784be0cb924b6cac6c16a785074bddfbae956d5c7641f563f,train
e7a372a1c3a4,e7a372a1c3a4.png,raw/train_images/e7a372a1c3a4.png,2,f834484d01ca6ea4147bc3a65cf0afff57c112ab425b9afa07393f37956b110b,train
e7d2c2c3b30f,e7d2c2c3b30f.png,raw/train_images/e7d2c2c3b30f.png,4,c9d5868acd1a3bf648e3ef8249c13678a56bfe46d8799a507c77972977122c92,train
e7fc93ac5b6d,e7fc93ac5b6d.png,raw/train_images/e7fc93ac5b6d.png,2,710e3e413cb3b8fea3a0d0756e677d8fa838c4243e5463b80e4385bab39f44d4,train
e811f39a1243,e811f39a1243.png,raw/train_images/e811f39a1243.png,2,67120835d6989a495c77583c65e9506e7bae259110b3cf27057a1c50e0e38ebb,train
e821c1b6417a,e821c1b6417a.png,raw/train_images/e821c1b6417a.png,4,2c8a559777a52df422f65511b25ea78cde5ed6d966acf9d0643b9276d3e1a10f,train
e82232a3c28b,e82232a3c28b.png,raw/train_images/e82232a3c28b.png,0,6e051144918e228d13678c5e0e00c43bbc8e4578b02082e23ce4b73745ad058a,train
e85d410d6836,e85d410d6836.png,raw/train_images/e85d410d6836.png,2,a2ea50a12d7aa88048fba89524fa22cec59aa3eea79d3bd5e573ad6fa823e8f5,train
e893e86dde94,e893e86dde94.png,raw/train_images/e893e86dde94.png,0,ec2d36b236b7c5f7661d3536b0bc9a7659a1ab8b717e895a17434d9615eb3dfc,train
e8ddfc9709ce,e8ddfc9709ce.png,raw/train_images/e8ddfc9709ce.png,0,5abc4c8d9ecbe5233ffa0f5ec05f8c447cfadc59372846941d01925ab9eaea2c,train
e8e44b3160e3,e8e44b3160e3.png,raw/train_images/e8e44b3160e3.png,0,0a48d7e10a2ee375782b09c95e07b615d3e88d4611f29edc58eeb6db7935d48c,train
e9286ddf6ffe,e9286ddf6ffe.png,raw/train_images/e9286ddf6ffe.png,1,711543cb4aa5d49507b7a696c154c1ea61001a19debd49858ad546351e63b321,train
e933923aab15,e933923aab15.png,raw/train_images/e933923aab15.png,0,ab817498d2ce4b76d0ae38b76cfe24a6638528d4fc04fa1ca0e7a2a6d8e328ac,train
e93394175a19,e93394175a19.png,raw/train_images/e93394175a19.png,3,647e20bcbce93e67af6b019b6fc94717f4a2dbc2041976861d057059ed5ad2ef,train
e96099b961b4,e96099b961b4.png,raw/train_images/e96099b961b4.png,2,6dea8b443320151b22842e9791c291978d4e401be956687eb0e647f35de5f95d,train
e966850247f4,e966850247f4.png,raw/train_images/e966850247f4.png,0,693a38e9d7defee4b3d5dfbd4a9cc6ad5b78a21a615bcd3bea23ef754152df8e,train
e9678824215d,e9678824215d.png,raw/train_images/e9678824215d.png,0,1e50da00df34bc974b684fd4df5929c598336b589a3853922d066624f326db8c,train
e96bd80a8a53,e96bd80a8a53.png,raw/train_images/e96bd80a8a53.png,1,eff825ad7d041b60ee4445da16381b5b21504340a94cf95c7d2790a6f580eeb1,train
e97ecf4355cb,e97ecf4355cb.png,raw/train_images/e97ecf4355cb.png,0,75dc3965d87f00298b1f52f0edc09d499a943f0b56aff66ea7b31404bd0baff1,train
e9ab8413e771,e9ab8413e771.png,raw/train_images/e9ab8413e771.png,4,9ca3ff305572a5063f53bbd57368d19670ae294c87c2bcc441f344ba7836a8a0,train
e9ce5bf645ab,e9ce5bf645ab.png,raw/train_images/e9ce5bf645ab.png,0,ad824da32a9bdc4977ec949cd66b67c34030d2b7191b65d694c2e125649bb404,train
e9f3c85a2a02,e9f3c85a2a02.png,raw/train_images/e9f3c85a2a02.png,0,e933c44216d4375342fb77fcee8a2a1e0d5d9cab6c51970083540f53972d1318,train
e9f82b5bbaf4,e9f82b5bbaf4.png,raw/train_images/e9f82b5bbaf4.png,2,3fb25cfca5787b47219a16db5797252e8532bdd3e44475fd99437f8457d4695e,train
e9faf0296643,e9faf0296643.png,raw/train_images/e9faf0296643.png,0,dfff2ca4a9cedf098489b7a9472272a3bb9db8e47fe3dde9f2133032401518ec,train
e9ff9352ccb3,e9ff9352ccb3.png,raw/train_images/e9ff9352ccb3.png,1,bfd8e270085d23c0f9f649a134ba73bd279f324f6ee575f0f1ba7a4155b1409d,train
ea1d045f9fea,ea1d045f9fea.png,raw/train_images/ea1d045f9fea.png,2,c1fe824a55e9aeff466a23aba7e9636e2d707accfab255757d49a080e8fae0aa,train
ea4ce9516144,ea4ce9516144.png,raw/train_images/ea4ce9516144.png,0,1b2ed4fd43ed543e7e6e13c042989daa690788a1527e6e38fa731002200448c8,train
ea4dcb055139,ea4dcb055139.png,raw/train_images/ea4dcb055139.png,2,efe4423c4a5573a37e3ca10d1c632e9bc2ab9ad3c018009d4bbe616a22e96ba3,train
ea6a53e54d0f,ea6a53e54d0f.png,raw/train_images/ea6a53e54d0f.png,0,a2cc6d876984e63bd1cd204d4b13c4c6f6b0cf69ec71a63d3a7c5a59697dd112,train
ea7e21bab610,ea7e21bab610.png,raw/train_images/ea7e21bab610.png,0,e480c2b49c5f9a14c78a408c8fa82fb5d948a0d0d857f3b13d641d91a148a3e9,train
ea9c41e1ced0,ea9c41e1ced0.png,raw/train_images/ea9c41e1ced0.png,0,c724c78db011cebf4faac7d8137934951072f6499810100e691b283f6d6e21e0,train
eabc7c716255,eabc7c716255.png,raw/train_images/eabc7c716255.png,0,a6aceb4343584495716d00ead5dbf778bffbe89ae998ae30b43a044e433046d2,train
eadfc8809ec8,eadfc8809ec8.png,raw/train_images/eadfc8809ec8.png,2,5f0270dc62d429ca945ee5944100366b7281e5a4d30505dc71a5164545d461a1,train
eb175669d789,eb175669d789.png,raw/train_images/eb175669d789.png,0,9443ff228b61ed3a2bc7588221fab44b5cf7e38dab9206027c5de26b4fd1a81e,train
eb1ad14dd281,eb1ad14dd281.png,raw/train_images/eb1ad14dd281.png,2,658c14361a9de32ea559cd30f04dcb36230797c5f944888aedbac7e0527724c0,train
eb32a815f78c,eb32a815f78c.png,raw/train_images/eb32a815f78c.png,2,188bc17c9cb56ba00645ac47b6e8eda515d6b46e6b398032405d8513d76c0cd6,train
ebd96d853918,ebd96d853918.png,raw/train_images/ebd96d853918.png,0,58a432f95c613a0bddee482ec0592ef3143dbb2b9e389fc30d48f5237b91d41e,train
ebf4b22240f4,ebf4b22240f4.png,raw/train_images/ebf4b22240f4.png,0,4e5a82810ca6266e0ed9e38208d2ebd9dd38e5df8ac4f688443ed452c1b42410,train
ec0c9f817b03,ec0c9f817b03.png,raw/train_images/ec0c9f817b03.png,0,3950d62507c33e815f508b8d823f80693c16de62ec306d7acde1168531e69d31,train
ec4649213ccf,ec4649213ccf.png,raw/train_images/ec4649213ccf.png,1,a7ebe0252946d00ee61dee2290edc3927175c0dc1a906aaf6bfe67b21d927820,train
ec57cc20d776,ec57cc20d776.png,raw/train_images/ec57cc20d776.png,0,a9ecdd702e4779fa7e18dc35db4890fae44c286c300b262422c65f9ca454ab0e,train
ec6f1797a25a,ec6f1797a25a.png,raw/train_images/ec6f1797a25a.png,0,b445d6696ed7d22e1f12f8b0154ff1b8c71fa44505f23ab1fff2c92bcbbe9a1f,train
ecb4500285ed,ecb4500285ed.png,raw/train_images/ecb4500285ed.png,0,8236dbbdc0b87f4c2a00fa823711f74c7f417449171734010b44b85a962e9011,train
ed246ae1ed08,ed246ae1ed08.png,raw/train_images/ed246ae1ed08.png,4,ec77bd2fdc342bc6f7b4e419efde6ed9d1750eb1c533086ff621681c05e3cbb5,train
ed2c06fcc573,ed2c06fcc573.png,raw/train_images/ed2c06fcc573.png,2,26058f70bd13d5d020e1bdbfa0dc64621827773064b4f5e932cdac908bb94713,train
ed2c52c14493,ed2c52c14493.png,raw/train_images/ed2c52c14493.png,0,716e36bcc2705a993ac5382f7e20c3e63721192e0668bd07e2b35e5a3b1faa42,train
ed3ce1674761,ed3ce1674761.png,raw/train_images/ed3ce1674761.png,0,45c99a4ed91e7a28f883ee059a0f4dab811a56b0647acd8faae191da4b6ce60f,train
ed648b9bcd95,ed648b9bcd95.png,raw/train_images/ed648b9bcd95.png,0,300dcedc571e49353f44eb8b54598cb9c98b3c7da319978ef564008b69881453,train
ed6704e3b72e,ed6704e3b72e.png,raw/train_images/ed6704e3b72e.png,3,8212d3c77f5a5ff55e076b7a3644c7e3705eecd1886bed62f5984da287920558,train
ed88faaa325a,ed88faaa325a.png,raw/train_images/ed88faaa325a.png,2,0243dd6279f6bef55e028a5e3c911a7ecf0205247a10c4dd439179ff82081ca0,train
eda1d75cbcf0,eda1d75cbcf0.png,raw/train_images/eda1d75cbcf0.png,0,63c9c6da45e63d2153a28db0bf490133f0774da09d218f9214c033798d87246e,train
eda29a9d78f3,eda29a9d78f3.png,raw/train_images/eda29a9d78f3.png,0,083d6e991502ddb20bac5ece59567b70979a7b649563c1b3177df7d51135e66d,train
edceb0657d77,edceb0657d77.png,raw/train_images/edceb0657d77.png,0,5bc1a0d1bdf8273e90da02bd5b7a2e090cf36e6f5af9e6c5f3721d72f9d07461,train
ee059945b08a,ee059945b08a.png,raw/train_images/ee059945b08a.png,2,0ec1234e3e1252b3dd8f91bfa28137eb42faa4933aca59b298243164a1ab652a,train
ee1ec90b980f,ee1ec90b980f.png,raw/train_images/ee1ec90b980f.png,4,0bc0eae279e645b50194dc99817492477fad11e2451f02316413c10fe56f8046,train
ee36ca728641,ee36ca728641.png,raw/train_images/ee36ca728641.png,0,461d5318ca6829290bd31ef9a04cb522b364fea45f8944332330a99abe1fa524,train
ee3f5cf52188,ee3f5cf52188.png,raw/train_images/ee3f5cf52188.png,0,eff2106f7e009f10b92cf173922e6b053fceeccffd06c6923aa56b6045be9d3a,train
ee3fe7809e6a,ee3fe7809e6a.png,raw/train_images/ee3fe7809e6a.png,0,f6a9945666f57f4565ca54ba3020f94344a0f1a8f3dc0a7b0df1e198e3a609c5,train
ee6e39319b39,ee6e39319b39.png,raw/train_images/ee6e39319b39.png,2,e01b6b63716c52659b284ff09c81feadd93baaccdd114aabd846967b92750206,train
ee74c3b177e0,ee74c3b177e0.png,raw/train_images/ee74c3b177e0.png,2,3411eba6732f30c10dadb05d77d6c9361435cd6fc9ba8876c8cf514f276de383,train
ee77763a6afb,ee77763a6afb.png,raw/train_images/ee77763a6afb.png,0,7e97eea894954845ea25aa67a1c2f3960b0451bd3af0b4e73a7891ebf5b1c55c,train
ee78ce914066,ee78ce914066.png,raw/train_images/ee78ce914066.png,1,8e5f97a3328b4fcf96b73ef0f32eca2754297763c5298c9a61961473327c7a10,train
eeaea2c5ff34,eeaea2c5ff34.png,raw/train_images/eeaea2c5ff34.png,0,2cee0f544fd259df35cadd54187b6e838bf7dd4f2356576cfcb3823582ef7787,train
eeb231c3ef1f,eeb231c3ef1f.png,raw/train_images/eeb231c3ef1f.png,1,c68ed299e1aba0b7b83672eaff3ee84f2336999e0bb88710d0e91375fb9e8a76,train
eebd1e195952,eebd1e195952.png,raw/train_images/eebd1e195952.png,0,a2e4b854bff9a269769b0ea65a48c28efc5ac6f77d9356f72f622fb84b6e37fd,train
eed4afc8ec83,eed4afc8ec83.png,raw/train_images/eed4afc8ec83.png,1,d241d54c5e9fc626c058ea6fcb13173bcd2db84e3f68c8849863aa4c37a3c923,train
ef247f28004f,ef247f28004f.png,raw/train_images/ef247f28004f.png,0,33aede9ecc765ef2b41f86b1154c80d8076095bc31873396a76a62ae0ec66e18,train
ef26625121b3,ef26625121b3.png,raw/train_images/ef26625121b3.png,4,59b538dfbdc1ae52a92f8680cf9e48cebfac7d56c6e0a027d8186db6ef49869c,train
ef476be214d4,ef476be214d4.png,raw/train_images/ef476be214d4.png,0,48ba63fa761e7ef73ab4155eded520f51ba4d489bbc868232807fc2c18907b7b,train
ef48780f5d5f,ef48780f5d5f.png,raw/train_images/ef48780f5d5f.png,0,01e69983c31345db1c8d4cfdf5f6fbfd11de9ee8e61fcb7886eecfc98df48636,train
ef5155990874,ef5155990874.png,raw/train_images/ef5155990874.png,0,b1d000f107cea95b602382c4374ba17c09ced4c413d22e17c0cdfabd37d8c7cc,train
ef8109305128,ef8109305128.png,raw/train_images/ef8109305128.png,1,537b3ff11322be8086327f44c5184c5824b2f8ce1f77fcd1f1b6df1559168d06,train
ef81cd8854cb,ef81cd8854cb.png,raw/train_images/ef81cd8854cb.png,0,45e5c2dd5f8e86563c7fab0d5e4a9ef6dcff92834d8bfff2cd232ffbdc49c515,train
ef8c39eb9157,ef8c39eb9157.png,raw/train_images/ef8c39eb9157.png,0,fb6b5c18dc352c4b9b083fb23aa2ac90ca249196bbe482d3598e4f38c84ddaae,train
ef99c499d665,ef99c499d665.png,raw/train_images/ef99c499d665.png,0,289fcbab995ed7afee85f58cf7c465a9ebe949c32c9b7d1368223169ff6fa2e1,train
efff2f1a35f5,efff2f1a35f5.png,raw/train_images/efff2f1a35f5.png,2,2703c7f1bb6ee94400e212644b39b8413ee2213b25b08ac2af54e646f15e8d58,train
f002ce614c59,f002ce614c59.png,raw/train_images/f002ce614c59.png,0,a102886401c37fec15fe9e1b8e86fc02e949b68dd5b4c6422fdaa7a2fb3fc3b5,train
f02057c41256,f02057c41256.png,raw/train_images/f02057c41256.png,0,a44c506abc61a9778c1114d9d9dc7208a1a548b2861fecdc0f8d982c5844c366,train
f025f33b2c9b,f025f33b2c9b.png,raw/train_images/f025f33b2c9b.png,4,ea7adc19c4401695f8cee37da19cb48f0b83e1860c77217ecc94a537f65ae7bd,train
f02956bd7c50,f02956bd7c50.png,raw/train_images/f02956bd7c50.png,0,d279f2bac0939ea2d52c32f110fbe30a7bef7f3d94598a8e850ca53fab5115d3,train
f0546a45ef10,f0546a45ef10.png,raw/train_images/f0546a45ef10.png,0,994ff159072aaaf5c88c7c7280581145a957606e0e8c13318ff9773c62eba179,train
f06e7a9df795,f06e7a9df795.png,raw/train_images/f06e7a9df795.png,0,a429f51f3768d781549147780d339275de0a60eb2f16ebeff263dcbf6df63397,train
f0800723bc63,f0800723bc63.png,raw/train_images/f0800723bc63.png,2,5d38c3c2cdf2140754810a477ef51106bc8bdf845b44bbe3491d0affaff361d8,train
f080a22008be,f080a22008be.png,raw/train_images/f080a22008be.png,3,2415ef5827cb33341bc7e35f1de6d33420ac26087cf235ce8102392acf2868db,train
f09cfc6a4dbd,f09cfc6a4dbd.png,raw/train_images/f09cfc6a4dbd.png,0,b9c6cdc0d5f7ab429e2d477154a11779935570236ed85c683a13e628063727ac,train
f09fd9433dff,f09fd9433dff.png,raw/train_images/f09fd9433dff.png,0,3cbd9583cb4700513ee5ab77d8e6819ee5e309cae1247b4878ce24fce0dd4193,train
f18abfa690ab,f18abfa690ab.png,raw/train_images/f18abfa690ab.png,2,db6051f917d49af16c382dace2e4ce94a25a5aad50a3a8c2b5ee429bb914b774,train
f1979147aad4,f1979147aad4.png,raw/train_images/f1979147aad4.png,0,3da9693c71ffce378e4f2b56fc3f3c90137be71904c8342d036c3bb1980ca9a7,train
f1d719c97838,f1d719c97838.png,raw/train_images/f1d719c97838.png,0,e4f4a5a5a97709e1d18ac7afb447a72dcd94eb1be4e27969f6d0895a8b5d7ef4,train
f1dc26c4bfa3,f1dc26c4bfa3.png,raw/train_images/f1dc26c4bfa3.png,4,d504e164139621eefad7cb61a9c670dd062f4996dc741a7346aa32c4eb70f153,train
f233638e0e90,f233638e0e90.png,raw/train_images/f233638e0e90.png,0,1142b3ece9fc7d2adce26e8790806e032e8a96aa76b67096afdb953e779850bb,train
f26b02ead915,f26b02ead915.png,raw/train_images/f26b02ead915.png,0,03d86723a52de4717557ae38cf17ee924ce6413c6de4c90a6a095a6204acb94b,train
f298b7d05958,f298b7d05958.png,raw/train_images/f298b7d05958.png,0,6ca7fc3daeff80857b31901f4992c6bd3ad07aeb9f283b44393599bfccf6dfd5,train
f2d2a0c92034,f2d2a0c92034.png,raw/train_images/f2d2a0c92034.png,4,53d7c21e67e3f1f6581918c93617c4401309e8839dfbd93f88ae7d47bf53ce09,train
f2ee81781411,f2ee81781411.png,raw/train_images/f2ee81781411.png,2,ca25633291ced69a7862c491182f85e2ae1883fe51f28bb65ea3b909a61febb1,train
f361060eda3e,f361060eda3e.png,raw/train_images/f361060eda3e.png,0,9d7f9c57de0d4fcbf84dc49e0d7f8c75d340ef8c687c447fb9ec4b4eca458338,train
f36cb007a1ef,f36cb007a1ef.png,raw/train_images/f36cb007a1ef.png,0,746695513c468e487247c8b335c97d3e5a999a01bb98d2ac2582f18db4a8bb2c,train
f3a268d2726d,f3a268d2726d.png,raw/train_images/f3a268d2726d.png,2,69998473f32cd4b08fcde278d52acd7e694d48b0430a3a3a00bb08145a53e5d4,train
f3a4751af42e,f3a4751af42e.png,raw/train_images/f3a4751af42e.png,0,9817f8af6d71fd9f0c5c1db2213c2f2d8498a6f1c872907942721a51af00fd0d,train
f3b27ac2d371,f3b27ac2d371.png,raw/train_images/f3b27ac2d371.png,0,66e860461d1d2e133dff3111de2cafaa2a5a79641551359e5232e111d2d29690,train
f3b6b7ca1eb1,f3b6b7ca1eb1.png,raw/train_images/f3b6b7ca1eb1.png,2,d5666b9e47b815471af35b6a55d0e15a3d18cd38d1834cf5e16a926c03e699d2,train
f3bb996b45ce,f3bb996b45ce.png,raw/train_images/f3bb996b45ce.png,0,c00f76bb5291c7f0076f5558fea2aaaf08c35bee8dfc0db712101ad6433f9872,train
f3cd489acbee,f3cd489acbee.png,raw/train_images/f3cd489acbee.png,2,d13faeb54e517a613fbd8d5f72a16b72b3e0090cbafea4cd66dd5a832a0a162c,train
f42b693a9414,f42b693a9414.png,raw/train_images/f42b693a9414.png,0,1a0d849f7b415ed799ec7220f2bc6fd455554fcfdddadfa4e154b4a5d0b4e544,train
f45f1485c940,f45f1485c940.png,raw/train_images/f45f1485c940.png,2,e86201a24a75165c014b16de64e737cc46d2701400ce73c22b6a28b442d44407,train
f460608cf4cc,f460608cf4cc.png,raw/train_images/f460608cf4cc.png,2,298f7fe0fdf7e1cffdea672560773a483a2833410d9d9aa8594961125b2059e5,train
f47a2a4a0411,f47a2a4a0411.png,raw/train_images/f47a2a4a0411.png,1,d54d4fb64493841cdce82917982e33ecf4a34bab770a4782d7b92d53c6d0de06,train
f481f76a6b75,f481f76a6b75.png,raw/train_images/f481f76a6b75.png,1,28d7253d4fc01bfadf3021f5339a0fbdada4c89889a9c2151d88802f95d89104,train
f48241b0c995,f48241b0c995.png,raw/train_images/f48241b0c995.png,0,9db4e987e0537ed87c3d72ab84827fe62e12f262fbb45024c01520f173b07d8c,train
f4c7ae514c54,f4c7ae514c54.png,raw/train_images/f4c7ae514c54.png,0,77ad7bdbe494ee62fa2d2a79cec29bfe0a909a92ce3e7d20d97792cf808945c3,train
f4d3169b468a,f4d3169b468a.png,raw/train_images/f4d3169b468a.png,0,e176b49912115642b3b0dd27708876f3fe701204cdc266b60095ad4f3f0b84f6,train
f4de9620e3f2,f4de9620e3f2.png,raw/train_images/f4de9620e3f2.png,0,cf7258cd9d9e2029b2dd4f5421bd9d55e218d18f1c201fb823c3718386f0d276,train
f4e68b61f480,f4e68b61f480.png,raw/train_images/f4e68b61f480.png,0,207709d0f65750b41d318877574a2889fd71d1b5732924118031a5a4f24fb350,train
f531232ecb55,f531232ecb55.png,raw/train_images/f531232ecb55.png,0,9216fa21679026729466163fd3b7905e58783b1fa1686ed6eb1b275f284e0016,train
f549294e12e1,f549294e12e1.png,raw/train_images/f549294e12e1.png,4,37be2ba55fcfbd8055ad9be166281105093226fd8778970010a1958742b82dd5,train
f55e1d2a19e4,f55e1d2a19e4.png,raw/train_images/f55e1d2a19e4.png,1,607ce1c89d9e76c20c653836fef2e6555ed2d97332c8319bf90188eadb034a95,train
f5650eb52640,f5650eb52640.png,raw/train_images/f5650eb52640.png,1,8dd77762798744f542e2508fb2d64c32e4abb3d9c54528d64ae4eece50f717cd,train
f5733f77273d,f5733f77273d.png,raw/train_images/f5733f77273d.png,0,79fc01ea84d3380013c6e9bfcf0b0fc3a94c1f54065aab3b038509da863f2d4c,train
f580566e27f5,f580566e27f5.png,raw/train_images/f580566e27f5.png,0,890882ca91bf92f2a676788b983a9003dd694c7a17852044b07ec6f04c1b7497,train
f58cdfa968be,f58cdfa968be.png,raw/train_images/f58cdfa968be.png,0,2396fc569f11028834d8c5f7ff885096cdda7c67a249ced32cc1ae39e12a97a9,train
f58f0b2fd718,f58f0b2fd718.png,raw/train_images/f58f0b2fd718.png,0,2a4fd246ad8f0210cdd142a6b521509a71580954a5f04af718361199c96a6944,train
f5c953bee7cd,f5c953bee7cd.png,raw/train_images/f5c953bee7cd.png,0,f4de1956a2a7b3cac6024026f66e2297a07841d690cca06605b14bd609c11f7f,train
f5e6226bd2e0,f5e6226bd2e0.png,raw/train_images/f5e6226bd2e0.png,4,ff53b8fec19cb52301213cb3c8c0978264e35d673f116a05bfb48b1b97573840,train
f5e9a307288c,f5e9a307288c.png,raw/train_images/f5e9a307288c.png,2,77dfa0d6ea8f23ce1c6b0dd5a396a29130604fcb5bcda03da1f7e2931f5ed88b,train
f61bf44c677c,f61bf44c677c.png,raw/train_images/f61bf44c677c.png,2,1ba2386fe0234a110ab4ab918d17ec3c3d36465a20e191f572b606efe566f64d,train
f62b8a076833,f62b8a076833.png,raw/train_images/f62b8a076833.png,0,ac09502731c9477a8d9ac0f7e0b272dad0a038f6e5403bc3c6c6a6cc46611bed,train
f64214bed40e,f64214bed40e.png,raw/train_images/f64214bed40e.png,3,bd6708d6614d94fc15df94bf56eea103e1925d6bc09bdddfaf6f0641d957a3a3,train
f64b6e85f1c9,f64b6e85f1c9.png,raw/train_images/f64b6e85f1c9.png,0,191da508e456456d3a57bcb22cb3436899a864376d5b70033f2055952bd9c2ee,train
f68690db78d3,f68690db78d3.png,raw/train_images/f68690db78d3.png,0,bb24c315830137cb26cc791bb50e62aa62ef2fc20a797b35c5b732ff798c265e,train
f69400b316a7,f69400b316a7.png,raw/train_images/f69400b316a7.png,2,6b615db9125a005efe4809259382e6197b52027e489e862fe97205b383271470,train
f69835dc7c50,f69835dc7c50.png,raw/train_images/f69835dc7c50.png,4,f955072be1f7ebb89a80315f443ac7c6cee92cef84ea41691b0ffaea1ebeb696,train
f6d760566a51,f6d760566a51.png,raw/train_images/f6d760566a51.png,0,0fb50205cea43954a7a0e25ccfa23b14377431a6f93b09dc31504153a8ab5f32,train
f6f7dba7104d,f6f7dba7104d.png,raw/train_images/f6f7dba7104d.png,1,b1166fd4de6fa156cea9550b0bdd883a8ca9daa77c9daf003ad1264562dd7137,train
f7116e7b2f4e,f7116e7b2f4e.png,raw/train_images/f7116e7b2f4e.png,0,04b216fccaae0a0bb09db687cc1e49dae0eb8d18df454aa891fa2f7c511af8ec,train
f71333204618,f71333204618.png,raw/train_images/f71333204618.png,0,b90c55e78d6b67f18839ecaf687fcc26226d30411af59b78504af394ae7f5246,train
f71aca5a7dc3,f71aca5a7dc3.png,raw/train_images/f71aca5a7dc3.png,0,cff1dd304fc3c4f908932680667d2ecc3285948d4d376dffc4d5378754976e79,train
f71bea807c96,f71bea807c96.png,raw/train_images/f71bea807c96.png,0,5ac50fec59e82e98b268628ae167b36f72fa7b7956152bb7be50ce338efd7248,train
f72ef9ceeaa8,f72ef9ceeaa8.png,raw/train_images/f72ef9ceeaa8.png,1,bcdfd334ec078f7b657c74c35d9cfa6ab09644ef0b3e0124ce9df6a37a8d6eef,train
f7508f14dd7b,f7508f14dd7b.png,raw/train_images/f7508f14dd7b.png,0,850ef1d677b00cf9980e035aa05a58b62c79598d4f8bf9bf87d392f724302ed0,train
f7defe70afc3,f7defe70afc3.png,raw/train_images/f7defe70afc3.png,0,f156b27d52939edfc788934e0472c1f7c40e5881efebbd5d36dc1a4ddd585609,train
f7e9fa75c7c1,f7e9fa75c7c1.png,raw/train_images/f7e9fa75c7c1.png,0,336ee2fdd6fac6cdbdbc88163f895ac7897cd5891fc84b51a2a88acddd21dc01,train
f7fec8935126,f7fec8935126.png,raw/train_images/f7fec8935126.png,1,de685ef01fe7ab45931f13610b0064fe2e4c8035435780af2cc8b8bb54f6ddeb,train
f80118bbda18,f80118bbda18.png,raw/train_images/f80118bbda18.png,2,751bc9368a084113ccf8ba952ea10368869a3e675fff28afcce2c1669009f63d,train
f819c65b803c,f819c65b803c.png,raw/train_images/f819c65b803c.png,0,2e347828659be8c581990c2677efa99423566c12f874ac2c7669b6a350b7d9f6,train
f8372e80f731,f8372e80f731.png,raw/train_images/f8372e80f731.png,2,e96c153e271e7f869bfca7ab7dd41d5edf66b991a55e8c26d8d9aab7d33b332f,train
f850cb51fdba,f850cb51fdba.png,raw/train_images/f850cb51fdba.png,4,56142dd450856d5d4afabdb725bb686d6c56a17991d7c74d9a23b24dee00ef0f,train
f85c78201a50,f85c78201a50.png,raw/train_images/f85c78201a50.png,0,9103bb83c272c628db8050d178b0f791f3b4f79d5c65b53d8c2bf9304c6908eb,train
f85fd4fac887,f85fd4fac887.png,raw/train_images/f85fd4fac887.png,0,105ca85dd9f1bb9cd2e276f840ca3805a870f0b0d02030688936e459b782398f,train
f86d1c404acb,f86d1c404acb.png,raw/train_images/f86d1c404acb.png,0,49aaf290c8e218db1888301a88b366406d9ea9f42f6b44090b068e2e0581f818,train
f8d62557ad0c,f8d62557ad0c.png,raw/train_images/f8d62557ad0c.png,0,46d6f7e0080a3f42ffa36fbfb301de13dbbf3d8684a54be5b7089414ad327539,train
f8fc411092c7,f8fc411092c7.png,raw/train_images/f8fc411092c7.png,2,002f907127367b07fd9d5380ab5257ef7d891362b76b0c7019af1601e233c61e,train
f901d460517c,f901d460517c.png,raw/train_images/f901d460517c.png,3,f2cb0f8fa14cf7302bb93ac280fc4a40e8f850ca78e4fe039bd3a65a35ddb93a,train
f9156aeffc5e,f9156aeffc5e.png,raw/train_images/f9156aeffc5e.png,3,31fb60d6a075352fd929e1f72d9ecb3844152c187b70af6c282934a245854041,train
f91cfa82b9d4,f91cfa82b9d4.png,raw/train_images/f91cfa82b9d4.png,0,ff3c2ceaf1a86d6858ab6d584ce63a25128cc60661c038dcc08507b5fd7c8aba,train
f952ad2e4356,f952ad2e4356.png,raw/train_images/f952ad2e4356.png,0,78d34804dc6ef0408bea6a933c19b29f3a0cb8ef6193dd0f315e252fc848e527,train
f994a3b07935,f994a3b07935.png,raw/train_images/f994a3b07935.png,0,5240989d24de125f17c032121ef234490f890c40b249cac304671ed74099fe33,train
f999c6921e6d,f999c6921e6d.png,raw/train_images/f999c6921e6d.png,2,4de8a2da7f2ab41d48a3703697469043e15b26f47f3b66e05d401dbdcf12e760,train
f9aa35187bf3,f9aa35187bf3.png,raw/train_images/f9aa35187bf3.png,2,2171b2ea4a5d724e9e87e4a4edf6ee9e7edc827a174aa11da06046117f21967f,train
f9e779a13204,f9e779a13204.png,raw/train_images/f9e779a13204.png,2,fa0ce92cf082f6ebbf2bace73c3b50cc70e7d9473dffeba5b6b5f184cba305e3,train
fa0c87bd75ce,fa0c87bd75ce.png,raw/train_images/fa0c87bd75ce.png,0,04cbb28caa101957e6d7d5e86c1655c7df2b1c33f3835d7493fd575fd16d3c43,train
fa3e544a7401,fa3e544a7401.png,raw/train_images/fa3e544a7401.png,2,d29e2d096aa91708163d954571a1a952d52ba94f021d617ce2b88da1fe13a2c5,train
fa573163dd8b,fa573163dd8b.png,raw/train_images/fa573163dd8b.png,0,875db09b631a13aec3c394388dcdacba404efbc32fcdaa839d103badfc21b4f6,train
fa6f3d8bb1d5,fa6f3d8bb1d5.png,raw/train_images/fa6f3d8bb1d5.png,0,df470c0280d6a08e08b22fca2039dde3c78374f71fb2354aa880aabe7e7f42dc,train
fa7fa797c650,fa7fa797c650.png,raw/train_images/fa7fa797c650.png,0,45994ea3b5e9580eda5453510ec66617b98fe1bfc35a9d94cf4f4fb0404a6e9b,train
fa9bece586fc,fa9bece586fc.png,raw/train_images/fa9bece586fc.png,0,1af77d1aa75a670993704879093489e1ef8851ec3941db187da25c488cfa0103,train
fa9f1bc03f21,fa9f1bc03f21.png,raw/train_images/fa9f1bc03f21.png,0,e0d263c1f081a74059285d66b1c7ac5066413ae4db75f195617a3faec6545250,train
fac399455195,fac399455195.png,raw/train_images/fac399455195.png,2,b14b288396279ce6af188b10c98ef17e120dda2befcdb531fbd41f996a4b57e1,train
fb1b8771c70a,fb1b8771c70a.png,raw/train_images/fb1b8771c70a.png,0,1392ad1aec35480985e8400be9e1becfcb55c68c1ea2f2692231fcf071b7fad2,train
fb696a8e055a,fb696a8e055a.png,raw/train_images/fb696a8e055a.png,4,6a5faf6c663e9c952a8d17e50fab8b262feadfb8f5a024dc03947a7030942bce,train
fb6b8200b7f8,fb6b8200b7f8.png,raw/train_images/fb6b8200b7f8.png,1,eb4e2e8dd36f830056b3abd5c5957de72386e4a3b58ee88ad3439b0d69e021bb,train
fb767cea406c,fb767cea406c.png,raw/train_images/fb767cea406c.png,0,f884c21821fab6d2fddb3a87bf2734eb64dcbf8c5a3d65ed66d96f032a88b416,train
fb88783de055,fb88783de055.png,raw/train_images/fb88783de055.png,0,7325e93688bdef83125e508e481a19c2ec4fc0e6d5c0cccc74ec3ff0dfc0276d,train
fb88d23fc5fe,fb88d23fc5fe.png,raw/train_images/fb88d23fc5fe.png,0,602326dde8f58a5804b6ff455f53df55b1bd6553cd5392b5931726757e66531c,train
fba493e17448,fba493e17448.png,raw/train_images/fba493e17448.png,2,4273a4e4dc37a22f0d8afdb9003a6f247c4d93afaa3d461ad78757b405ddbd53,train
fbcbc81cf9be,fbcbc81cf9be.png,raw/train_images/fbcbc81cf9be.png,0,46f09638b7c4e6f5be75b013e6757342ff1a998cfe9baf8290707bc28dfbea44,train
fbfa925506f6,fbfa925506f6.png,raw/train_images/fbfa925506f6.png,0,b2339e6cd83a7c776173259f07337b52a1404d3f1935956bbd31d403cea1371b,train
fc1b1841eadf,fc1b1841eadf.png,raw/train_images/fc1b1841eadf.png,2,7c9c038dd44681ea6a22513420cd0fa3449a58996178964c0db4389d7e5d1b4a,train
fc4c2d35c6f8,fc4c2d35c6f8.png,raw/train_images/fc4c2d35c6f8.png,2,7f64a1673b0bc67abea7ea6b67a9079c7b0ccf01b6f985f72e55904aff4425a4,train
fc4d69128e7c,fc4d69128e7c.png,raw/train_images/fc4d69128e7c.png,2,3430b08e13659a2b4760cb0935a8ed1c23fa7108897cfebb5415474864b34a00,train
fc782722a50c,fc782722a50c.png,raw/train_images/fc782722a50c.png,0,e42d9487f0f13fa8a31fa3b5e092f1e02db37399f955cdfe0519595dc920f4b3,train
fc898dfeb24f,fc898dfeb24f.png,raw/train_images/fc898dfeb24f.png,0,f552555037087cec8b227e3d7858e32609998239cdd422e3af26c1e1d53e5452,train
fc8fce67fbf8,fc8fce67fbf8.png,raw/train_images/fc8fce67fbf8.png,0,989dc5d844117f9f98828eeaac77a59d5a10895ffac4b1fff7dbe6ebd26893f1,train
fca1a8738b8a,fca1a8738b8a.png,raw/train_images/fca1a8738b8a.png,0,31c4e18d96668735659ae7b6be64ba7fae82832fada2bfe91bcda58dd4a2aab5,train
fca931da5c5e,fca931da5c5e.png,raw/train_images/fca931da5c5e.png,1,b213099a4d6f1fbdbd3d43c4fba90e633deb861d348576a9e067b00af0b6c476,train
fcc32dffd24d,fcc32dffd24d.png,raw/train_images/fcc32dffd24d.png,0,e70128cc4ec8f97db2205c723803d4fbf90edae1b23a3f47a5dd73a627a8bfa9,train
fce73678f650,fce73678f650.png,raw/train_images/fce73678f650.png,0,8c43db73eff3b3c9dc73400550446c728649d3f7d4138ac40d134e0d82831ed5,train
fce93caa4758,fce93caa4758.png,raw/train_images/fce93caa4758.png,4,814b96065e9bdb4f07ecc0f633d6996838ad47d93282cb823762c1f150a00e4d,train
fd079d2e93a2,fd079d2e93a2.png,raw/train_images/fd079d2e93a2.png,0,6663c80ea7aec3cd4b605f51773d790de1366e81af4d002dae6d2c80bb8798cc,train
fd0a70082e7c,fd0a70082e7c.png,raw/train_images/fd0a70082e7c.png,0,99fb1add81c9ad60c3925a02799e5266396509494bda30d0a2b8f74db8166847,train
fd48cf452e9d,fd48cf452e9d.png,raw/train_images/fd48cf452e9d.png,2,ee5cd79c61fa4065eb629eeb9e5874deeaece5cebd7ceae4fd70c4071d7da313,train
fd4c946c52bf,fd4c946c52bf.png,raw/train_images/fd4c946c52bf.png,0,43ac8b994bd9ecfc77feab78e5e37812206674cd72690a2d2dba58b327e661ac,train
fdbc252813b1,fdbc252813b1.png,raw/train_images/fdbc252813b1.png,0,cd64831a3436318f3c33c9dca372539024c4911094d6f2711d386567f4e99bbb,train
fdc685055659,fdc685055659.png,raw/train_images/fdc685055659.png,0,4b95c4f87ee6a2fa5731a2c75bcbc4b13acfc015aa2ecddbce0c43521779b19c,train
fe06dad6851c,fe06dad6851c.png,raw/train_images/fe06dad6851c.png,0,eaa2fd8f4dc157e6469ec4265d33c1f2fec6d0b48fddd1f65e7db16c8ff4306b,train
fe0e2dee1834,fe0e2dee1834.png,raw/train_images/fe0e2dee1834.png,0,141bc1d3bf38508b89afba62e43725eebcb905112393cadaea5ef827a2366c91,train
fe37f4492920,fe37f4492920.png,raw/train_images/fe37f4492920.png,2,1bdcc26b0833aa849a924199f82f6fe07d8c54f41e8a798d8691c815533a4dfc,train
fe3b0e50be78,fe3b0e50be78.png,raw/train_images/fe3b0e50be78.png,0,4e52c7ef1f1c7d6ec092c481dd3c94017f5f1ac36ef09ad69f7db5936a9b1ace,train
febfb20dc311,febfb20dc311.png,raw/train_images/febfb20dc311.png,0,0efb3531e897cf2278549ac29429701510df9fb96aac87853562e5828298dfa1,train
fed5bb685832,fed5bb685832.png,raw/train_images/fed5bb685832.png,0,2673988bfce034402250191efab34d2390ee1f2493bb87619ca5aad87c18a165,train
fefded6bf135,fefded6bf135.png,raw/train_images/fefded6bf135.png,0,fe32310a7efcf12d3a41da8f5e49d0ecc76a5a5a59a5abfdf51c7e51bdcb807a,train
ff03f74667df,ff03f74667df.png,raw/train_images/ff03f74667df.png,0,c880e546f5a40dbb5724528a9969e9debe47c19e88c7ac4bf9bb2a2560f80382,train
ff344e5c9341,ff344e5c9341.png,raw/train_images/ff344e5c9341.png,2,c3c484ae4e288bc29e6cdcdc1da00829be23c3220ed5144eebcd2255f7cff45d,train
ff631653374e,ff631653374e.png,raw/train_images/ff631653374e.png,0,86272849b51cc5e47dae55773c6d03b1390192732bedad4269d45352ed1fdeba,train
ff77e8e5b5f3,ff77e8e5b5f3.png,raw/train_images/ff77e8e5b5f3.png,2,b77b62bb47c9269aaf1df39a7800f89ce132074671e0de57b497c9ce04f3fc4d,train
ff8a0b45c789,ff8a0b45c789.png,raw/train_images/ff8a0b45c789.png,4,3f623853feb415579fa414c1286a0593f746d27b73d5bed6b82589ea5b4a2500,train
ffa47f6a7bf4,ffa47f6a7bf4.png,raw/train_images/ffa47f6a7bf4.png,2,204b4fce9d51baa778049b147d5da77257c1d8ababd3b87ca3dfc79154a632d4,train
ffc04fed30e6,ffc04fed30e6.png,raw/train_images/ffc04fed30e6.png,0,cd1c269d1445278b1bdc8dc2c1e1f74ab27102cafd77e33c9e8c965736f529f4,train
ffcf7b45f213,ffcf7b45f213.png,raw/train_images/ffcf7b45f213.png,2,f040a166afd5147d3c42c633cc1f849b80872dd82100bb05facfb233beb6bd94,train
ffd97f8cd5aa,ffd97f8cd5aa.png,raw/train_images/ffd97f8cd5aa.png,0,76d914a84c0ebf88195bf0ca2a57546749a98dad4c4ab43677fd2ce612ac0e49,train
