id_code,image_name,width,height,aspect_ratio,mode,format
000c1434d8d7,000c1434d8d7.png,3216,2136,1.5056179775280898,RGB,PNG
001639a390f0,001639a390f0.png,3216,2136,1.5056179775280898,RGB,PNG
0024cdab0c1e,0024cdab0c1e.png,2416,1736,1.391705069124424,RGB,PNG
002c21358ce6,002c21358ce6.png,1050,1050,1.0,RGB,PNG
005b95c28852,005b95c28852.png,2048,1536,1.3333333333333333,RGB,PNG
0083ee8054ee,0083ee8054ee.png,3388,2588,1.3091190108191655,RGB,PNG
0097f532ac9f,0097f532ac9f.png,2588,1958,1.3217568947906027,RGB,PNG
00a8624548a9,00a8624548a9.png,3216,2136,1.5056179775280898,RGB,PNG
00b74780d31d,00b74780d31d.png,2588,1958,1.3217568947906027,RGB,PNG
00cb6555d108,00cb6555d108.png,2416,1736,1.391705069124424,RGB,PNG
00cc2b75cddd,00cc2b75cddd.png,1050,1050,1.0,RGB,PNG
00e4ddff966a,00e4ddff966a.png,2416,1736,1.391705069124424,RGB,PNG
00f6c1be5a33,00f6c1be5a33.png,1050,1050,1.0,RGB,PNG
0104b032c141,0104b032c141.png,2416,1736,1.391705069124424,RGB,PNG
0124dffecf29,0124dffecf29.png,3216,2136,1.5056179775280898,RGB,PNG
0125fbd2e791,0125fbd2e791.png,1050,1050,1.0,RGB,PNG
012a242ac6ff,012a242ac6ff.png,3216,2136,1.5056179775280898,RGB,PNG
014508ccb9cb,014508ccb9cb.png,819,614,1.3338762214983713,RGB,PNG
0151781fe50b,0151781fe50b.png,2048,1536,1.3333333333333333,RGB,PNG
0161338f53cc,0161338f53cc.png,1504,1000,1.504,RGB,PNG
0180bfa26c0b,0180bfa26c0b.png,1844,1226,1.504078303425775,RGB,PNG
0182152c50de,0182152c50de.png,1050,1050,1.0,RGB,PNG
01b3aed3ed4c,01b3aed3ed4c.png,2416,1736,1.391705069124424,RGB,PNG
01c7808d901d,01c7808d901d.png,4288,2848,1.5056179775280898,RGB,PNG
01d9477b1171,01d9477b1171.png,819,614,1.3338762214983713,RGB,PNG
01eb826f6467,01eb826f6467.png,2416,1736,1.391705069124424,RGB,PNG
01f7bb8be950,01f7bb8be950.png,2588,1958,1.3217568947906027,RGB,PNG
0212dd31f623,0212dd31f623.png,1050,1050,1.0,RGB,PNG
022f820027b8,022f820027b8.png,2048,1536,1.3333333333333333,RGB,PNG
0231642cf1c2,0231642cf1c2.png,2588,1958,1.3217568947906027,RGB,PNG
0232dfea7547,0232dfea7547.png,1050,1050,1.0,RGB,PNG
02358b47ea89,02358b47ea89.png,2588,1958,1.3217568947906027,RGB,PNG
0243404e8a00,0243404e8a00.png,2588,1958,1.3217568947906027,RGB,PNG
025a169a0bb0,025a169a0bb0.png,1050,1050,1.0,RGB,PNG
02685f13cefd,02685f13cefd.png,1844,1226,1.504078303425775,RGB,PNG
026dcd9af143,026dcd9af143.png,3216,2136,1.5056179775280898,RGB,PNG
02cd34a85b24,02cd34a85b24.png,1050,1050,1.0,RGB,PNG
02da652c74b8,02da652c74b8.png,1050,1050,1.0,RGB,PNG
02dda30d3acf,02dda30d3acf.png,2588,1958,1.3217568947906027,RGB,PNG
0304bedad8fe,0304bedad8fe.png,1050,1050,1.0,RGB,PNG
0318598cfd16,0318598cfd16.png,2588,1958,1.3217568947906027,RGB,PNG
032d7b0b4bf6,032d7b0b4bf6.png,2588,1958,1.3217568947906027,RGB,PNG
033f2b43de6d,033f2b43de6d.png,2588,1958,1.3217568947906027,RGB,PNG
034cb07a550f,034cb07a550f.png,3216,2136,1.5056179775280898,RGB,PNG
03676c71ed1b,03676c71ed1b.png,1050,1050,1.0,RGB,PNG
0369f3efe69b,0369f3efe69b.png,4288,2848,1.5056179775280898,RGB,PNG
03747397839f,03747397839f.png,3216,2136,1.5056179775280898,RGB,PNG
03a7f4a5786f,03a7f4a5786f.png,2588,1958,1.3217568947906027,RGB,PNG
03b373718013,03b373718013.png,1050,1050,1.0,RGB,PNG
03c85870824c,03c85870824c.png,2416,1736,1.391705069124424,RGB,PNG
03e25101e8e8,03e25101e8e8.png,2588,1958,1.3217568947906027,RGB,PNG
03fd50da928d,03fd50da928d.png,3388,2588,1.3091190108191655,RGB,PNG
03ff7d159f10,03ff7d159f10.png,3216,2136,1.5056179775280898,RGB,PNG
0415fc68b176,0415fc68b176.png,2588,1958,1.3217568947906027,RGB,PNG
041f09eec1e8,041f09eec1e8.png,3216,2136,1.5056179775280898,RGB,PNG
0423237770a7,0423237770a7.png,1050,1050,1.0,RGB,PNG
042470a92154,042470a92154.png,2416,1736,1.391705069124424,RGB,PNG
04579e31e4be,04579e31e4be.png,1050,1050,1.0,RGB,PNG
04a6fc58dabc,04a6fc58dabc.png,2416,1736,1.391705069124424,RGB,PNG
04ac765f91a1,04ac765f91a1.png,2416,1736,1.391705069124424,RGB,PNG
04aef84a2cc1,04aef84a2cc1.png,819,614,1.3338762214983713,RGB,PNG
04d029cfb612,04d029cfb612.png,3216,2136,1.5056179775280898,RGB,PNG
04efb1a284cc,04efb1a284cc.png,1050,1050,1.0,RGB,PNG
050bb1eafa76,050bb1eafa76.png,819,614,1.3338762214983713,RGB,PNG
05113073b268,05113073b268.png,2588,1958,1.3217568947906027,RGB,PNG
05195a3db5e2,05195a3db5e2.png,819,614,1.3338762214983713,RGB,PNG
0519b934f6b1,0519b934f6b1.png,2588,1958,1.3217568947906027,RGB,PNG
052d9a3fe55a,052d9a3fe55a.png,2588,1958,1.3217568947906027,RGB,PNG
05339950962e,05339950962e.png,1050,1050,1.0,RGB,PNG
054b1b305160,054b1b305160.png,1050,1050,1.0,RGB,PNG
0551676cc2aa,0551676cc2aa.png,2588,1958,1.3217568947906027,RGB,PNG
059bc89df7f4,059bc89df7f4.png,2416,1736,1.391705069124424,RGB,PNG
05a5183c92d0,05a5183c92d0.png,2416,1736,1.391705069124424,RGB,PNG
05b1bb2bdb81,05b1bb2bdb81.png,2588,1958,1.3217568947906027,RGB,PNG
05cd0178ccfe,05cd0178ccfe.png,2416,1736,1.391705069124424,RGB,PNG
05e9126dfa5c,05e9126dfa5c.png,1050,1050,1.0,RGB,PNG
06024377d573,06024377d573.png,640,480,1.3333333333333333,RGB,PNG
060e00d1e2ab,060e00d1e2ab.png,819,614,1.3338762214983713,RGB,PNG
064af6592ba6,064af6592ba6.png,3388,2588,1.3091190108191655,RGB,PNG
06586082a24d,06586082a24d.png,2048,1536,1.3333333333333333,RGB,PNG
0684311afdfc,0684311afdfc.png,2416,1736,1.391705069124424,RGB,PNG
069f43616fab,069f43616fab.png,2896,1944,1.4897119341563787,RGB,PNG
06b71823f9cd,06b71823f9cd.png,4288,2848,1.5056179775280898,RGB,PNG
06be1092a062,06be1092a062.png,819,614,1.3338762214983713,RGB,PNG
07083738b75e,07083738b75e.png,3216,2136,1.5056179775280898,RGB,PNG
0709652336e2,0709652336e2.png,2048,1536,1.3333333333333333,RGB,PNG
070d4ce5fd90,070d4ce5fd90.png,2048,1536,1.3333333333333333,RGB,PNG
070f67572d03,070f67572d03.png,2416,1736,1.391705069124424,RGB,PNG
07122e268a1d,07122e268a1d.png,1844,1226,1.504078303425775,RGB,PNG
071435a218ec,071435a218ec.png,3216,2136,1.5056179775280898,RGB,PNG
07419eddd6be,07419eddd6be.png,2144,1424,1.5056179775280898,RGB,PNG
07596907347b,07596907347b.png,1050,1050,1.0,RGB,PNG
0773a1c326ad,0773a1c326ad.png,2048,1536,1.3333333333333333,RGB,PNG
07751b94a88a,07751b94a88a.png,1050,1050,1.0,RGB,PNG
0790515cf5af,0790515cf5af.png,1050,1050,1.0,RGB,PNG
07929d32b5b3,07929d32b5b3.png,2588,1958,1.3217568947906027,RGB,PNG
07a0be6b347f,07a0be6b347f.png,2048,1536,1.3333333333333333,RGB,PNG
07a0e34c8d20,07a0e34c8d20.png,2588,1958,1.3217568947906027,RGB,PNG
07a1c7073982,07a1c7073982.png,2588,1958,1.3217568947906027,RGB,PNG
07a2b8cabf6b,07a2b8cabf6b.png,1050,1050,1.0,RGB,PNG
07a3be30563b,07a3be30563b.png,3216,2136,1.5056179775280898,RGB,PNG
07d8db76b301,07d8db76b301.png,3216,2136,1.5056179775280898,RGB,PNG
07e827469099,07e827469099.png,2048,1536,1.3333333333333333,RGB,PNG
07f5d7baf907,07f5d7baf907.png,2588,1958,1.3217568947906027,RGB,PNG
08037e4490e5,08037e4490e5.png,819,614,1.3338762214983713,RGB,PNG
080ee76c958c,080ee76c958c.png,3216,2136,1.5056179775280898,RGB,PNG
080f66eedfb9,080f66eedfb9.png,2416,1736,1.391705069124424,RGB,PNG
084c02cf077f,084c02cf077f.png,819,614,1.3338762214983713,RGB,PNG
0851d6a69589,0851d6a69589.png,1050,1050,1.0,RGB,PNG
086d41d17da8,086d41d17da8.png,1844,1226,1.504078303425775,RGB,PNG
08752092140d,08752092140d.png,3388,2588,1.3091190108191655,RGB,PNG
08a3875063c3,08a3875063c3.png,3216,2136,1.5056179775280898,RGB,PNG
08b6e3240858,08b6e3240858.png,2588,1958,1.3217568947906027,RGB,PNG
08bef347f40d,08bef347f40d.png,1050,1050,1.0,RGB,PNG
08c17a2d95b7,08c17a2d95b7.png,2588,1958,1.3217568947906027,RGB,PNG
08c60c647673,08c60c647673.png,2588,1958,1.3217568947906027,RGB,PNG
08ee569d4721,08ee569d4721.png,1050,1050,1.0,RGB,PNG
08f8838d69bb,08f8838d69bb.png,1050,1050,1.0,RGB,PNG
09237bf783a4,09237bf783a4.png,1050,1050,1.0,RGB,PNG
0924cec998fa,0924cec998fa.png,2048,1536,1.3333333333333333,RGB,PNG
093a42649c29,093a42649c29.png,4288,2848,1.5056179775280898,RGB,PNG
093cf723fede,093cf723fede.png,2048,1536,1.3333333333333333,RGB,PNG
094858f005ab,094858f005ab.png,2416,1736,1.391705069124424,RGB,PNG
0953c0ac1735,0953c0ac1735.png,3388,2588,1.3091190108191655,RGB,PNG
096436d68d06,096436d68d06.png,2588,1958,1.3217568947906027,RGB,PNG
09662e462531,09662e462531.png,2588,1958,1.3217568947906027,RGB,PNG
0981195eb9fb,0981195eb9fb.png,4288,2848,1.5056179775280898,RGB,PNG
099021fac3c9,099021fac3c9.png,2048,1536,1.3333333333333333,RGB,PNG
09934421c79e,09934421c79e.png,2048,1536,1.3333333333333333,RGB,PNG
09935d72892b,09935d72892b.png,2588,1958,1.3217568947906027,RGB,PNG
09c8323c612e,09c8323c612e.png,1050,1050,1.0,RGB,PNG
09eeafa9656a,09eeafa9656a.png,3216,2136,1.5056179775280898,RGB,PNG
09f1111a388a,09f1111a388a.png,2048,1536,1.3333333333333333,RGB,PNG
09f6ab477654,09f6ab477654.png,2416,1736,1.391705069124424,RGB,PNG
0a09aa7356c0,0a09aa7356c0.png,2588,1958,1.3217568947906027,RGB,PNG
0a1076183736,0a1076183736.png,3388,2588,1.3091190108191655,RGB,PNG
0a3202889f4d,0a3202889f4d.png,2416,1736,1.391705069124424,RGB,PNG
0a38b552372d,0a38b552372d.png,1050,1050,1.0,RGB,PNG
0a4e1a29ffff,0a4e1a29ffff.png,1050,1050,1.0,RGB,PNG
0a61bddab956,0a61bddab956.png,2416,1736,1.391705069124424,RGB,PNG
0a74c92e287c,0a74c92e287c.png,2048,1536,1.3333333333333333,RGB,PNG
0a85a1e8f9e9,0a85a1e8f9e9.png,2588,1958,1.3217568947906027,RGB,PNG
0a902c80d5da,0a902c80d5da.png,1050,1050,1.0,RGB,PNG
0a9ec1e99ce4,0a9ec1e99ce4.png,2588,1958,1.3217568947906027,RGB,PNG
0abf0c485f66,0abf0c485f66.png,2048,1536,1.3333333333333333,RGB,PNG
0ac436400db4,0ac436400db4.png,1504,1000,1.504,RGB,PNG
0ad7f631dedb,0ad7f631dedb.png,2416,1736,1.391705069124424,RGB,PNG
0ada12c0e78f,0ada12c0e78f.png,2588,1958,1.3217568947906027,RGB,PNG
0ae2dd2e09ea,0ae2dd2e09ea.png,1050,1050,1.0,RGB,PNG
0af296d2f04a,0af296d2f04a.png,3216,2136,1.5056179775280898,RGB,PNG
0afbeeef0ff7,0afbeeef0ff7.png,1050,1050,1.0,RGB,PNG
0afdfe5f422c,0afdfe5f422c.png,3216,2136,1.5056179775280898,RGB,PNG
0b00f8a77510,0b00f8a77510.png,819,614,1.3338762214983713,RGB,PNG
0b2ea8f268cf,0b2ea8f268cf.png,819,614,1.3338762214983713,RGB,PNG
0b3efe669365,0b3efe669365.png,2048,1536,1.3333333333333333,RGB,PNG
0b64a0a06f9a,0b64a0a06f9a.png,819,614,1.3338762214983713,RGB,PNG
0b8bdec9d869,0b8bdec9d869.png,2048,1536,1.3333333333333333,RGB,PNG
0babc12807b2,0babc12807b2.png,2416,1736,1.391705069124424,RGB,PNG
0bf37ca3156a,0bf37ca3156a.png,2588,1958,1.3217568947906027,RGB,PNG
0c2e2369dfff,0c2e2369dfff.png,1844,1226,1.504078303425775,RGB,PNG
0c38940e1f80,0c38940e1f80.png,819,614,1.3338762214983713,RGB,PNG
0c43c79e8cfb,0c43c79e8cfb.png,2588,1958,1.3217568947906027,RGB,PNG
0c55d58bebaf,0c55d58bebaf.png,2416,1736,1.391705069124424,RGB,PNG
0c76fd494af6,0c76fd494af6.png,3216,2136,1.5056179775280898,RGB,PNG
0c7e82daf5a0,0c7e82daf5a0.png,1504,1000,1.504,RGB,PNG
0c917c372572,0c917c372572.png,2416,1736,1.391705069124424,RGB,PNG
0ca0aee4d57e,0ca0aee4d57e.png,4288,2848,1.5056179775280898,RGB,PNG
0cae727cf119,0cae727cf119.png,2048,1536,1.3333333333333333,RGB,PNG
0cb14014117d,0cb14014117d.png,3216,2136,1.5056179775280898,RGB,PNG
0cb6b898389f,0cb6b898389f.png,819,614,1.3338762214983713,RGB,PNG
0cbcc7b23613,0cbcc7b23613.png,2588,1958,1.3217568947906027,RGB,PNG
0cd31078cd08,0cd31078cd08.png,2048,1536,1.3333333333333333,RGB,PNG
0ce062f26edc,0ce062f26edc.png,819,614,1.3338762214983713,RGB,PNG
0ceb222f6629,0ceb222f6629.png,2416,1736,1.391705069124424,RGB,PNG
0cecc2864b7f,0cecc2864b7f.png,819,614,1.3338762214983713,RGB,PNG
0d0a21fd354f,0d0a21fd354f.png,2588,1958,1.3217568947906027,RGB,PNG
0d0b8fc9ab5c,0d0b8fc9ab5c.png,2048,1536,1.3333333333333333,RGB,PNG
0d310aba6373,0d310aba6373.png,2588,1958,1.3217568947906027,RGB,PNG
0d744aed4d64,0d744aed4d64.png,1050,1050,1.0,RGB,PNG
0d8f60ed9280,0d8f60ed9280.png,2048,1536,1.3333333333333333,RGB,PNG
0d9a9896f801,0d9a9896f801.png,1050,1050,1.0,RGB,PNG
0da09e3ce8f1,0da09e3ce8f1.png,3216,2136,1.5056179775280898,RGB,PNG
0da321efbce6,0da321efbce6.png,819,614,1.3338762214983713,RGB,PNG
0da632ca45e0,0da632ca45e0.png,2048,1536,1.3333333333333333,RGB,PNG
0daddc45d832,0daddc45d832.png,1050,1050,1.0,RGB,PNG
0db1d8dcf219,0db1d8dcf219.png,2048,1536,1.3333333333333333,RGB,PNG
0dbaa09a458c,0dbaa09a458c.png,2416,1736,1.391705069124424,RGB,PNG
0dbe6c26cedc,0dbe6c26cedc.png,819,614,1.3338762214983713,RGB,PNG
0dc031c94225,0dc031c94225.png,2416,1736,1.391705069124424,RGB,PNG
0dc8d25b3f69,0dc8d25b3f69.png,2416,1736,1.391705069124424,RGB,PNG
0dce95217626,0dce95217626.png,2416,1736,1.391705069124424,RGB,PNG
0e0003ddd8df,0e0003ddd8df.png,1050,1050,1.0,RGB,PNG
0e0fc1d9810c,0e0fc1d9810c.png,4288,2848,1.5056179775280898,RGB,PNG
0e3572b5884a,0e3572b5884a.png,1050,1050,1.0,RGB,PNG
0e43c8298fc0,0e43c8298fc0.png,2048,1536,1.3333333333333333,RGB,PNG
0e75d51152fc,0e75d51152fc.png,3216,2136,1.5056179775280898,RGB,PNG
0e82bcacc475,0e82bcacc475.png,2588,1958,1.3217568947906027,RGB,PNG
0e94cd271c00,0e94cd271c00.png,1050,1050,1.0,RGB,PNG
0eb52045349f,0eb52045349f.png,4288,2848,1.5056179775280898,RGB,PNG
0eced86c9db8,0eced86c9db8.png,2048,1536,1.3333333333333333,RGB,PNG
0edadb2aa127,0edadb2aa127.png,4288,2848,1.5056179775280898,RGB,PNG
0ef4c61dc056,0ef4c61dc056.png,1050,1050,1.0,RGB,PNG
0efc93ec838b,0efc93ec838b.png,3388,2588,1.3091190108191655,RGB,PNG
0eff8eacb2f7,0eff8eacb2f7.png,2416,1736,1.391705069124424,RGB,PNG
0f364b7d4384,0f364b7d4384.png,2588,1958,1.3217568947906027,RGB,PNG
0f495d87656a,0f495d87656a.png,2416,1736,1.391705069124424,RGB,PNG
0f6e645466a2,0f6e645466a2.png,819,614,1.3338762214983713,RGB,PNG
0f882877bf13,0f882877bf13.png,2588,1958,1.3217568947906027,RGB,PNG
0f96c358a250,0f96c358a250.png,2416,1736,1.391705069124424,RGB,PNG
0fb1053285cf,0fb1053285cf.png,2416,1736,1.391705069124424,RGB,PNG
0fb560f9adb2,0fb560f9adb2.png,2588,1958,1.3217568947906027,RGB,PNG
0fbbd665431f,0fbbd665431f.png,819,614,1.3338762214983713,RGB,PNG
0fc6829da85b,0fc6829da85b.png,2588,1958,1.3217568947906027,RGB,PNG
0fcfc6301f3d,0fcfc6301f3d.png,3216,2136,1.5056179775280898,RGB,PNG
0fd16b64697e,0fd16b64697e.png,1844,1226,1.504078303425775,RGB,PNG
0fe31196e0e8,0fe31196e0e8.png,1050,1050,1.0,RGB,PNG
0fffa73e2402,0fffa73e2402.png,2416,1736,1.391705069124424,RGB,PNG
1002b5151b8e,1002b5151b8e.png,819,614,1.3338762214983713,RGB,PNG
1002f3fe38f0,1002f3fe38f0.png,1050,1050,1.0,RGB,PNG
1006345f70b7,1006345f70b7.png,2416,1736,1.391705069124424,RGB,PNG
101b9ebfc720,101b9ebfc720.png,2416,1736,1.391705069124424,RGB,PNG
103abbd8b63e,103abbd8b63e.png,2048,1536,1.3333333333333333,RGB,PNG
103f97a2ab15,103f97a2ab15.png,2588,1958,1.3217568947906027,RGB,PNG
107aea0d9289,107aea0d9289.png,2416,1736,1.391705069124424,RGB,PNG
10a5026eb8e6,10a5026eb8e6.png,2588,1958,1.3217568947906027,RGB,PNG
10bf25731c08,10bf25731c08.png,1050,1050,1.0,RGB,PNG
10de500cf0c5,10de500cf0c5.png,2048,1536,1.3333333333333333,RGB,PNG
10ecc5292ab1,10ecc5292ab1.png,3388,2588,1.3091190108191655,RGB,PNG
10eefba568dd,10eefba568dd.png,3216,2136,1.5056179775280898,RGB,PNG
10f10fd30718,10f10fd30718.png,1050,1050,1.0,RGB,PNG
10f36b0239fb,10f36b0239fb.png,4288,2848,1.5056179775280898,RGB,PNG
10f6ef37fe43,10f6ef37fe43.png,1050,1050,1.0,RGB,PNG
10fca1abf338,10fca1abf338.png,1844,1226,1.504078303425775,RGB,PNG
1116271db4ea,1116271db4ea.png,2416,1736,1.391705069124424,RGB,PNG
111898ab463d,111898ab463d.png,2416,1736,1.391705069124424,RGB,PNG
1120f6d08d95,1120f6d08d95.png,2588,1958,1.3217568947906027,RGB,PNG
11242a67122d,11242a67122d.png,2144,1424,1.5056179775280898,RGB,PNG
1124ffcd76c2,1124ffcd76c2.png,3388,2588,1.3091190108191655,RGB,PNG
115e42dd6a81,115e42dd6a81.png,2416,1736,1.391705069124424,RGB,PNG
1177d583c807,1177d583c807.png,2416,1736,1.391705069124424,RGB,PNG
11b220a397b8,11b220a397b8.png,2048,1536,1.3333333333333333,RGB,PNG
11b5c77fbf79,11b5c77fbf79.png,2588,1958,1.3217568947906027,RGB,PNG
11d8e5eaee5b,11d8e5eaee5b.png,1050,1050,1.0,RGB,PNG
12025b34deb8,12025b34deb8.png,2588,1958,1.3217568947906027,RGB,PNG
12058bbb8299,12058bbb8299.png,1050,1050,1.0,RGB,PNG
1269ab57c2e6,1269ab57c2e6.png,2416,1736,1.391705069124424,RGB,PNG
12a82fc7d73e,12a82fc7d73e.png,3388,2588,1.3091190108191655,RGB,PNG
12ab2f6397f0,12ab2f6397f0.png,1050,1050,1.0,RGB,PNG
12ae44be0d38,12ae44be0d38.png,1050,1050,1.0,RGB,PNG
12b57dac703e,12b57dac703e.png,2588,1958,1.3217568947906027,RGB,PNG
12bc439d373a,12bc439d373a.png,1050,1050,1.0,RGB,PNG
12ce6a1a1f31,12ce6a1a1f31.png,2416,1736,1.391705069124424,RGB,PNG
12e3f5f2cb17,12e3f5f2cb17.png,2416,1736,1.391705069124424,RGB,PNG
12e6e66c80a7,12e6e66c80a7.png,640,480,1.3333333333333333,RGB,PNG
12ef75375322,12ef75375322.png,1050,1050,1.0,RGB,PNG
13063d1bc4ea,13063d1bc4ea.png,2588,1958,1.3217568947906027,RGB,PNG
13073f075a56,13073f075a56.png,1050,1050,1.0,RGB,PNG
135575dc57c9,135575dc57c9.png,1504,1000,1.504,RGB,PNG
13ab8db8c700,13ab8db8c700.png,2416,1736,1.391705069124424,RGB,PNG
13c191b59ed0,13c191b59ed0.png,2048,1536,1.3333333333333333,RGB,PNG
13d014ccd136,13d014ccd136.png,1050,1050,1.0,RGB,PNG
13d411c85ffd,13d411c85ffd.png,1050,1050,1.0,RGB,PNG
13d71389563f,13d71389563f.png,2416,1736,1.391705069124424,RGB,PNG
1409ab48175a,1409ab48175a.png,1050,1050,1.0,RGB,PNG
1411c8ab7161,1411c8ab7161.png,1504,1000,1.504,RGB,PNG
1414128bead0,1414128bead0.png,2588,1958,1.3217568947906027,RGB,PNG
141735b57ec0,141735b57ec0.png,2416,1736,1.391705069124424,RGB,PNG
1438288bb2e1,1438288bb2e1.png,2588,1958,1.3217568947906027,RGB,PNG
143db89c11c8,143db89c11c8.png,1050,1050,1.0,RGB,PNG
144a1a426137,144a1a426137.png,1050,1050,1.0,RGB,PNG
144b01e7b993,144b01e7b993.png,1504,1000,1.504,RGB,PNG
14515b8f19b6,14515b8f19b6.png,3216,2136,1.5056179775280898,RGB,PNG
14c3b41d289c,14c3b41d289c.png,2588,1958,1.3217568947906027,RGB,PNG
14e3f84445f7,14e3f84445f7.png,1504,1000,1.504,RGB,PNG
14ee87d6cc42,14ee87d6cc42.png,640,480,1.3333333333333333,RGB,PNG
1509d097b69a,1509d097b69a.png,1050,1050,1.0,RGB,PNG
150f92b45349,150f92b45349.png,1050,1050,1.0,RGB,PNG
150fc7127582,150fc7127582.png,1050,1050,1.0,RGB,PNG
152db3de8120,152db3de8120.png,2048,1536,1.3333333333333333,RGB,PNG
1541226c5d72,1541226c5d72.png,3216,2136,1.5056179775280898,RGB,PNG
15528e740543,15528e740543.png,2588,1958,1.3217568947906027,RGB,PNG
155e2df6bfcf,155e2df6bfcf.png,1050,1050,1.0,RGB,PNG
157d17349cc6,157d17349cc6.png,3388,2588,1.3091190108191655,RGB,PNG
1594ca6c30d3,1594ca6c30d3.png,1844,1226,1.504078303425775,RGB,PNG
15b21c80cc31,15b21c80cc31.png,1050,1050,1.0,RGB,PNG
15bed5adde74,15bed5adde74.png,2896,1944,1.4897119341563787,RGB,PNG
15c24478ac72,15c24478ac72.png,1050,1050,1.0,RGB,PNG
15cc2aef772a,15cc2aef772a.png,2416,1736,1.391705069124424,RGB,PNG
15cd5f52d300,15cd5f52d300.png,3216,2136,1.5056179775280898,RGB,PNG
15e24b73d4a7,15e24b73d4a7.png,1050,1050,1.0,RGB,PNG
15e96e848b46,15e96e848b46.png,2588,1958,1.3217568947906027,RGB,PNG
15f440753916,15f440753916.png,2416,1736,1.391705069124424,RGB,PNG
15f8d769935c,15f8d769935c.png,1050,1050,1.0,RGB,PNG
1601c939412f,1601c939412f.png,1050,1050,1.0,RGB,PNG
16060f05d047,16060f05d047.png,1050,1050,1.0,RGB,PNG
1608c82a263f,1608c82a263f.png,2588,1958,1.3217568947906027,RGB,PNG
1623e8e3adc4,1623e8e3adc4.png,3216,2136,1.5056179775280898,RGB,PNG
1632c4311fc9,1632c4311fc9.png,2416,1736,1.391705069124424,RGB,PNG
1633f8291a80,1633f8291a80.png,819,614,1.3338762214983713,RGB,PNG
1638404f385c,1638404f385c.png,1504,1000,1.504,RGB,PNG
164cd5a3a6cd,164cd5a3a6cd.png,2588,1958,1.3217568947906027,RGB,PNG
165634a6167e,165634a6167e.png,2588,1958,1.3217568947906027,RGB,PNG
165c548185f8,165c548185f8.png,1050,1050,1.0,RGB,PNG
165cd2070ebd,165cd2070ebd.png,3216,2136,1.5056179775280898,RGB,PNG
166068a24416,166068a24416.png,2416,1736,1.391705069124424,RGB,PNG
16ce555748d8,16ce555748d8.png,2416,1736,1.391705069124424,RGB,PNG
17188c13e635,17188c13e635.png,2588,1958,1.3217568947906027,RGB,PNG
172df1330a60,172df1330a60.png,2416,1736,1.391705069124424,RGB,PNG
174db0854291,174db0854291.png,1050,1050,1.0,RGB,PNG
175dd560810a,175dd560810a.png,2416,1736,1.391705069124424,RGB,PNG
1782142e17d9,1782142e17d9.png,1050,1050,1.0,RGB,PNG
178412895d5e,178412895d5e.png,2048,1536,1.3333333333333333,RGB,PNG
17d7d6b092f4,17d7d6b092f4.png,2048,1536,1.3333333333333333,RGB,PNG
17d997fe1090,17d997fe1090.png,2588,1958,1.3217568947906027,RGB,PNG
17e6116b89b3,17e6116b89b3.png,1050,1050,1.0,RGB,PNG
17eb5d4ad740,17eb5d4ad740.png,3216,2136,1.5056179775280898,RGB,PNG
17eff993386f,17eff993386f.png,2416,1736,1.391705069124424,RGB,PNG
17f6c7072f61,17f6c7072f61.png,1050,1050,1.0,RGB,PNG
180afe1d5ef7,180afe1d5ef7.png,2416,1736,1.391705069124424,RGB,PNG
18323d8f2470,18323d8f2470.png,1844,1226,1.504078303425775,RGB,PNG
1844a039b4ea,1844a039b4ea.png,3388,2588,1.3091190108191655,RGB,PNG
184a185e7447,184a185e7447.png,819,614,1.3338762214983713,RGB,PNG
18621b9ca978,18621b9ca978.png,819,614,1.3338762214983713,RGB,PNG
1864d3411143,1864d3411143.png,2048,1536,1.3333333333333333,RGB,PNG
186c1835eec5,186c1835eec5.png,1050,1050,1.0,RGB,PNG
187f6ccda87a,187f6ccda87a.png,4288,2848,1.5056179775280898,RGB,PNG
188219f2d9c6,188219f2d9c6.png,2048,1536,1.3333333333333333,RGB,PNG
188a9323be03,188a9323be03.png,640,480,1.3333333333333333,RGB,PNG
1891698febce,1891698febce.png,2588,1958,1.3217568947906027,RGB,PNG
189cbbc9e5e3,189cbbc9e5e3.png,2048,1536,1.3333333333333333,RGB,PNG
18af532e7e1e,18af532e7e1e.png,2588,1958,1.3217568947906027,RGB,PNG
18b06f56ab27,18b06f56ab27.png,3388,2588,1.3091190108191655,RGB,PNG
18b7e34eab8f,18b7e34eab8f.png,1050,1050,1.0,RGB,PNG
18b99159a14f,18b99159a14f.png,1050,1050,1.0,RGB,PNG
18cde9649e90,18cde9649e90.png,2048,1536,1.3333333333333333,RGB,PNG
18ce0cdc473d,18ce0cdc473d.png,2588,1958,1.3217568947906027,RGB,PNG
18d8fdb140b7,18d8fdb140b7.png,3216,2136,1.5056179775280898,RGB,PNG
18f1f979d30d,18f1f979d30d.png,2588,1958,1.3217568947906027,RGB,PNG
190a309f2cc5,190a309f2cc5.png,819,614,1.3338762214983713,RGB,PNG
19113e5f45ec,19113e5f45ec.png,3216,2136,1.5056179775280898,RGB,PNG
191348830ddf,191348830ddf.png,2588,1958,1.3217568947906027,RGB,PNG
191a711852bd,191a711852bd.png,2416,1736,1.391705069124424,RGB,PNG
191cf5668f33,191cf5668f33.png,1050,1050,1.0,RGB,PNG
19244004583f,19244004583f.png,2416,1736,1.391705069124424,RGB,PNG
1943983492e5,1943983492e5.png,3216,2136,1.5056179775280898,RGB,PNG
194814669fee,194814669fee.png,2416,1736,1.391705069124424,RGB,PNG
19545647508e,19545647508e.png,1050,1050,1.0,RGB,PNG
1968183f0e61,1968183f0e61.png,3216,2136,1.5056179775280898,RGB,PNG
196e6a186452,196e6a186452.png,2416,1736,1.391705069124424,RGB,PNG
19722bff5a09,19722bff5a09.png,2416,1736,1.391705069124424,RGB,PNG
197af0de76e2,197af0de76e2.png,1050,1050,1.0,RGB,PNG
19b0e3c734f5,19b0e3c734f5.png,1050,1050,1.0,RGB,PNG
19e350c7c83c,19e350c7c83c.png,2416,1736,1.391705069124424,RGB,PNG
19ef4d292196,19ef4d292196.png,1844,1226,1.504078303425775,RGB,PNG
1a03a7970337,1a03a7970337.png,2416,1736,1.391705069124424,RGB,PNG
1a0dbc6c0cda,1a0dbc6c0cda.png,1050,1050,1.0,RGB,PNG
1a19f2ef4472,1a19f2ef4472.png,2588,1958,1.3217568947906027,RGB,PNG
1a1b4b2450ca,1a1b4b2450ca.png,3216,2136,1.5056179775280898,RGB,PNG
1a1e974a7dbf,1a1e974a7dbf.png,1050,1050,1.0,RGB,PNG
1a369baf9ee6,1a369baf9ee6.png,2588,1958,1.3217568947906027,RGB,PNG
1a7e3356b39c,1a7e3356b39c.png,4288,2848,1.5056179775280898,RGB,PNG
1a90fad9ffa2,1a90fad9ffa2.png,3388,2588,1.3091190108191655,RGB,PNG
1ab3f1c71a5f,1ab3f1c71a5f.png,3216,2136,1.5056179775280898,RGB,PNG
1ab8d3431ffc,1ab8d3431ffc.png,2588,1958,1.3217568947906027,RGB,PNG
1ade1e949383,1ade1e949383.png,3216,2136,1.5056179775280898,RGB,PNG
1ae3c58759fb,1ae3c58759fb.png,1050,1050,1.0,RGB,PNG
1ae8c165fd53,1ae8c165fd53.png,3216,2136,1.5056179775280898,RGB,PNG
1b329a127307,1b329a127307.png,2588,1958,1.3217568947906027,RGB,PNG
1b32e1d775ea,1b32e1d775ea.png,1504,1000,1.504,RGB,PNG
1b3647865779,1b3647865779.png,819,614,1.3338762214983713,RGB,PNG
1b398c0494d1,1b398c0494d1.png,1050,1050,1.0,RGB,PNG
1b4625877527,1b4625877527.png,1504,1000,1.504,RGB,PNG
1b495ac025b7,1b495ac025b7.png,2416,1736,1.391705069124424,RGB,PNG
1b862fb6f65d,1b862fb6f65d.png,1050,1050,1.0,RGB,PNG
1b8701231c8f,1b8701231c8f.png,819,614,1.3338762214983713,RGB,PNG
1b8ad0afe9fb,1b8ad0afe9fb.png,2588,1958,1.3217568947906027,RGB,PNG
1bb0ddfe753a,1bb0ddfe753a.png,2416,1736,1.391705069124424,RGB,PNG
1bea04b2bb2d,1bea04b2bb2d.png,3216,2136,1.5056179775280898,RGB,PNG
1bf30c84bbad,1bf30c84bbad.png,4288,2848,1.5056179775280898,RGB,PNG
1c0cf251b426,1c0cf251b426.png,2416,1736,1.391705069124424,RGB,PNG
1c0e5dd1b14c,1c0e5dd1b14c.png,3216,2136,1.5056179775280898,RGB,PNG
1c13a1483f4a,1c13a1483f4a.png,1050,1050,1.0,RGB,PNG
1c3a6b4449e9,1c3a6b4449e9.png,2416,1736,1.391705069124424,RGB,PNG
1c47815f4a6b,1c47815f4a6b.png,1476,1117,1.3213965980304387,RGB,PNG
1c4d87baaffc,1c4d87baaffc.png,2416,1736,1.391705069124424,RGB,PNG
1c4f3aa4df06,1c4f3aa4df06.png,3216,2136,1.5056179775280898,RGB,PNG
1c578b72d7b3,1c578b72d7b3.png,3388,2588,1.3091190108191655,RGB,PNG
1c5ad36fb799,1c5ad36fb799.png,3216,2136,1.5056179775280898,RGB,PNG
1c5e6cdc7ee1,1c5e6cdc7ee1.png,2144,1424,1.5056179775280898,RGB,PNG
1c6d119c3d70,1c6d119c3d70.png,1504,1000,1.504,RGB,PNG
1c7a013eeba7,1c7a013eeba7.png,1050,1050,1.0,RGB,PNG
1c9521878baf,1c9521878baf.png,3216,2136,1.5056179775280898,RGB,PNG
1c9c583c10bf,1c9c583c10bf.png,2416,1736,1.391705069124424,RGB,PNG
1ca35d483772,1ca35d483772.png,1050,1050,1.0,RGB,PNG
1ca62b3e4fd3,1ca62b3e4fd3.png,2588,1958,1.3217568947906027,RGB,PNG
1ca91751be4d,1ca91751be4d.png,1050,1050,1.0,RGB,PNG
1caba2fb38f6,1caba2fb38f6.png,1050,1050,1.0,RGB,PNG
1cb6961d141c,1cb6961d141c.png,819,614,1.3338762214983713,RGB,PNG
1cb814ed6332,1cb814ed6332.png,1504,1000,1.504,RGB,PNG
1cc58b15f466,1cc58b15f466.png,2588,1958,1.3217568947906027,RGB,PNG
1d0b93317aa8,1d0b93317aa8.png,2048,1536,1.3333333333333333,RGB,PNG
1d11794057ff,1d11794057ff.png,819,614,1.3338762214983713,RGB,PNG
1d14dd912671,1d14dd912671.png,3216,2136,1.5056179775280898,RGB,PNG
1d2472849dce,1d2472849dce.png,1050,1050,1.0,RGB,PNG
1d29cb2f4296,1d29cb2f4296.png,2588,1958,1.3217568947906027,RGB,PNG
1d37f1c8b6d8,1d37f1c8b6d8.png,1050,1050,1.0,RGB,PNG
1d3e9b939732,1d3e9b939732.png,1050,1050,1.0,RGB,PNG
1d46f1326394,1d46f1326394.png,1050,1050,1.0,RGB,PNG
1d55e689cf84,1d55e689cf84.png,3388,2588,1.3091190108191655,RGB,PNG
1d674e2e32e0,1d674e2e32e0.png,4288,2848,1.5056179775280898,RGB,PNG
1d74c4713e21,1d74c4713e21.png,2048,1536,1.3333333333333333,RGB,PNG
1da25637859b,1da25637859b.png,3388,2588,1.3091190108191655,RGB,PNG
1da4a17c18c9,1da4a17c18c9.png,1050,1050,1.0,RGB,PNG
1db0393cdbc1,1db0393cdbc1.png,819,614,1.3338762214983713,RGB,PNG
1db18bdd43aa,1db18bdd43aa.png,2588,1958,1.3217568947906027,RGB,PNG
1db6bb46c102,1db6bb46c102.png,1050,1050,1.0,RGB,PNG
1dbdc32c17db,1dbdc32c17db.png,640,480,1.3333333333333333,RGB,PNG
1dd9adcbfff4,1dd9adcbfff4.png,3388,2588,1.3091190108191655,RGB,PNG
1df0431bfa73,1df0431bfa73.png,2048,1536,1.3333333333333333,RGB,PNG
1df0a4c23c95,1df0a4c23c95.png,819,614,1.3338762214983713,RGB,PNG
1df1530b9b8d,1df1530b9b8d.png,1050,1050,1.0,RGB,PNG
1df3e03a8f5f,1df3e03a8f5f.png,2416,1736,1.391705069124424,RGB,PNG
1dfbede13143,1dfbede13143.png,2144,1424,1.5056179775280898,RGB,PNG
1dfe599d12a9,1dfe599d12a9.png,819,614,1.3338762214983713,RGB,PNG
1e036f2e7095,1e036f2e7095.png,2588,1958,1.3217568947906027,RGB,PNG
1e143fa3de57,1e143fa3de57.png,1504,1000,1.504,RGB,PNG
1e1fb019710d,1e1fb019710d.png,2416,1736,1.391705069124424,RGB,PNG
1e4650743fa2,1e4650743fa2.png,3216,2136,1.5056179775280898,RGB,PNG
1e4b3b823b95,1e4b3b823b95.png,2588,1958,1.3217568947906027,RGB,PNG
1e742358e0b9,1e742358e0b9.png,1476,1117,1.3213965980304387,RGB,PNG
1e7ccd4a1c87,1e7ccd4a1c87.png,2588,1958,1.3217568947906027,RGB,PNG
1e8a1fdee5b9,1e8a1fdee5b9.png,2416,1736,1.391705069124424,RGB,PNG
1e8c31e29dd3,1e8c31e29dd3.png,1050,1050,1.0,RGB,PNG
1e9224ccca95,1e9224ccca95.png,3216,2136,1.5056179775280898,RGB,PNG
1ec95179cdfe,1ec95179cdfe.png,819,614,1.3338762214983713,RGB,PNG
1ee1eb7943db,1ee1eb7943db.png,3216,2136,1.5056179775280898,RGB,PNG
1ee355480567,1ee355480567.png,2048,1536,1.3333333333333333,RGB,PNG
1eee55494271,1eee55494271.png,2048,1536,1.3333333333333333,RGB,PNG
1efa5d443707,1efa5d443707.png,1844,1226,1.504078303425775,RGB,PNG
1f07dae3cadb,1f07dae3cadb.png,3216,2136,1.5056179775280898,RGB,PNG
1f0e223b8055,1f0e223b8055.png,3388,2588,1.3091190108191655,RGB,PNG
1f15ca672675,1f15ca672675.png,2048,1536,1.3333333333333333,RGB,PNG
1f31701dd61b,1f31701dd61b.png,1050,1050,1.0,RGB,PNG
1f3f32efaf20,1f3f32efaf20.png,1050,1050,1.0,RGB,PNG
1f4bf8e28b41,1f4bf8e28b41.png,2416,1736,1.391705069124424,RGB,PNG
1f4fb37e0854,1f4fb37e0854.png,819,614,1.3338762214983713,RGB,PNG
1f543a86c4d4,1f543a86c4d4.png,3216,2136,1.5056179775280898,RGB,PNG
1f5496352859,1f5496352859.png,2048,1536,1.3333333333333333,RGB,PNG
1f63d44d9e3c,1f63d44d9e3c.png,1050,1050,1.0,RGB,PNG
1f9ccda4ddf2,1f9ccda4ddf2.png,819,614,1.3338762214983713,RGB,PNG
1faf8664816c,1faf8664816c.png,1050,1050,1.0,RGB,PNG
1fb455685328,1fb455685328.png,1050,1050,1.0,RGB,PNG
1fd5d860d4d7,1fd5d860d4d7.png,3388,2588,1.3091190108191655,RGB,PNG
1fddd7c98fd2,1fddd7c98fd2.png,2588,1958,1.3217568947906027,RGB,PNG
1ffaa51a6245,1ffaa51a6245.png,640,480,1.3333333333333333,RGB,PNG
200d947f75db,200d947f75db.png,2144,1424,1.5056179775280898,RGB,PNG
2017cd92c63d,2017cd92c63d.png,2416,1736,1.391705069124424,RGB,PNG
201f6e10c108,201f6e10c108.png,1050,1050,1.0,RGB,PNG
201f882365d3,201f882365d3.png,819,614,1.3338762214983713,RGB,PNG
203275daf46d,203275daf46d.png,2416,1736,1.391705069124424,RGB,PNG
20404ec7b518,20404ec7b518.png,2416,1736,1.391705069124424,RGB,PNG
20688cb25704,20688cb25704.png,2416,1736,1.391705069124424,RGB,PNG
207a580de0ea,207a580de0ea.png,3216,2136,1.5056179775280898,RGB,PNG
207dd0487264,207dd0487264.png,1050,1050,1.0,RGB,PNG
20c883d3bd38,20c883d3bd38.png,3388,2588,1.3091190108191655,RGB,PNG
20d5fdd450ae,20d5fdd450ae.png,3216,2136,1.5056179775280898,RGB,PNG
20f86e068276,20f86e068276.png,2588,1958,1.3217568947906027,RGB,PNG
21037f5c7790,21037f5c7790.png,1050,1050,1.0,RGB,PNG
210bfe0127c6,210bfe0127c6.png,2588,1958,1.3217568947906027,RGB,PNG
211518c46162,211518c46162.png,3388,2588,1.3091190108191655,RGB,PNG
2131aa3a1e6f,2131aa3a1e6f.png,1844,1226,1.504078303425775,RGB,PNG
215d2b7c3fde,215d2b7c3fde.png,819,614,1.3338762214983713,RGB,PNG
217dad18a5ed,217dad18a5ed.png,3388,2588,1.3091190108191655,RGB,PNG
218c822a3dd9,218c822a3dd9.png,2588,1958,1.3217568947906027,RGB,PNG
21abd36095a1,21abd36095a1.png,3216,2136,1.5056179775280898,RGB,PNG
21d18b022429,21d18b022429.png,2588,1958,1.3217568947906027,RGB,PNG
22098b1fe461,22098b1fe461.png,2896,1944,1.4897119341563787,RGB,PNG
2209daf71aab,2209daf71aab.png,2588,1958,1.3217568947906027,RGB,PNG
2221cf5c7935,2221cf5c7935.png,2588,1958,1.3217568947906027,RGB,PNG
222d0ac042b4,222d0ac042b4.png,2588,1958,1.3217568947906027,RGB,PNG
222f3ee3a1e8,222f3ee3a1e8.png,2416,1736,1.391705069124424,RGB,PNG
22325552a4e3,22325552a4e3.png,2416,1736,1.391705069124424,RGB,PNG
2241b7e90782,2241b7e90782.png,640,480,1.3333333333333333,RGB,PNG
22449af52060,22449af52060.png,1050,1050,1.0,RGB,PNG
224bb938e2dd,224bb938e2dd.png,3216,2136,1.5056179775280898,RGB,PNG
224c14366e11,224c14366e11.png,1050,1050,1.0,RGB,PNG
226c6ceb9185,226c6ceb9185.png,2048,1536,1.3333333333333333,RGB,PNG
22895c89792f,22895c89792f.png,1504,1000,1.504,RGB,PNG
22a6da005395,22a6da005395.png,2416,1736,1.391705069124424,RGB,PNG
22ce8ef69357,22ce8ef69357.png,2588,1958,1.3217568947906027,RGB,PNG
22d843b2bbd1,22d843b2bbd1.png,2048,1536,1.3333333333333333,RGB,PNG
23148a40ecb0,23148a40ecb0.png,2416,1736,1.391705069124424,RGB,PNG
23175b7ef453,23175b7ef453.png,3216,2136,1.5056179775280898,RGB,PNG
232549883508,232549883508.png,2416,1736,1.391705069124424,RGB,PNG
233d948e2544,233d948e2544.png,2588,1958,1.3217568947906027,RGB,PNG
234399352d36,234399352d36.png,1844,1226,1.504078303425775,RGB,PNG
236f56771ec6,236f56771ec6.png,2416,1736,1.391705069124424,RGB,PNG
2376e5415458,2376e5415458.png,2588,1958,1.3217568947906027,RGB,PNG
237aa50edc34,237aa50edc34.png,2588,1958,1.3217568947906027,RGB,PNG
237c078d00fc,237c078d00fc.png,2588,1958,1.3217568947906027,RGB,PNG
2399d68d407f,2399d68d407f.png,2048,1536,1.3333333333333333,RGB,PNG
239f2c348ea4,239f2c348ea4.png,2588,1958,1.3217568947906027,RGB,PNG
23d7ca170bdb,23d7ca170bdb.png,2144,1424,1.5056179775280898,RGB,PNG
23fca0693e2a,23fca0693e2a.png,2416,1736,1.391705069124424,RGB,PNG
2408799a09b2,2408799a09b2.png,1050,1050,1.0,RGB,PNG
240b25a7debe,240b25a7debe.png,819,614,1.3338762214983713,RGB,PNG
242fc19be06f,242fc19be06f.png,1050,1050,1.0,RGB,PNG
2463bb04ebc3,2463bb04ebc3.png,3216,2136,1.5056179775280898,RGB,PNG
246e4506824a,246e4506824a.png,3216,2136,1.5056179775280898,RGB,PNG
247ac63e5510,247ac63e5510.png,3216,2136,1.5056179775280898,RGB,PNG
247e98aba610,247e98aba610.png,2416,1736,1.391705069124424,RGB,PNG
248139c423c4,248139c423c4.png,2588,1958,1.3217568947906027,RGB,PNG
248dec89b3a2,248dec89b3a2.png,819,614,1.3338762214983713,RGB,PNG
24b87f744598,24b87f744598.png,3216,2136,1.5056179775280898,RGB,PNG
24b943fe725e,24b943fe725e.png,1844,1226,1.504078303425775,RGB,PNG
24de56d433cd,24de56d433cd.png,1050,1050,1.0,RGB,PNG
24f271c87e73,24f271c87e73.png,2588,1958,1.3217568947906027,RGB,PNG
24f3e70f0419,24f3e70f0419.png,2588,1958,1.3217568947906027,RGB,PNG
25002fe43f92,25002fe43f92.png,2588,1958,1.3217568947906027,RGB,PNG
252305189b3a,252305189b3a.png,1050,1050,1.0,RGB,PNG
2532613a584a,2532613a584a.png,3388,2588,1.3091190108191655,RGB,PNG
253e96488cfb,253e96488cfb.png,2416,1736,1.391705069124424,RGB,PNG
254052cf3e48,254052cf3e48.png,3216,2136,1.5056179775280898,RGB,PNG
2585bbc91909,2585bbc91909.png,2048,1536,1.3333333333333333,RGB,PNG
259d30f693b6,259d30f693b6.png,1050,1050,1.0,RGB,PNG
25a0a1e41afd,25a0a1e41afd.png,1050,1050,1.0,RGB,PNG
25b0e72705a8,25b0e72705a8.png,2416,1736,1.391705069124424,RGB,PNG
25b4080f598b,25b4080f598b.png,2048,1536,1.3333333333333333,RGB,PNG
25d069089c5e,25d069089c5e.png,2416,1736,1.391705069124424,RGB,PNG
25dc1b41ed9c,25dc1b41ed9c.png,2588,1958,1.3217568947906027,RGB,PNG
25e9fd872182,25e9fd872182.png,2416,1736,1.391705069124424,RGB,PNG
2608e1dac5b1,2608e1dac5b1.png,2416,1736,1.391705069124424,RGB,PNG
260a455692b5,260a455692b5.png,2048,1536,1.3333333333333333,RGB,PNG
261c6bd63bff,261c6bd63bff.png,3388,2588,1.3091190108191655,RGB,PNG
2628305cbb29,2628305cbb29.png,2416,1736,1.391705069124424,RGB,PNG
262ad704319c,262ad704319c.png,640,480,1.3333333333333333,RGB,PNG
263d8851e33b,263d8851e33b.png,2048,1536,1.3333333333333333,RGB,PNG
26453eb7e989,26453eb7e989.png,640,480,1.3333333333333333,RGB,PNG
26463a5fb949,26463a5fb949.png,4288,2848,1.5056179775280898,RGB,PNG
2665f72e2dd3,2665f72e2dd3.png,2896,1944,1.4897119341563787,RGB,PNG
266fbefa58fb,266fbefa58fb.png,1050,1050,1.0,RGB,PNG
2682e6da9050,2682e6da9050.png,2588,1958,1.3217568947906027,RGB,PNG
26999ebc21de,26999ebc21de.png,2416,1736,1.391705069124424,RGB,PNG
269b44e628eb,269b44e628eb.png,2588,1958,1.3217568947906027,RGB,PNG
269f0792f11f,269f0792f11f.png,2588,1958,1.3217568947906027,RGB,PNG
26cd40b57ad1,26cd40b57ad1.png,1050,1050,1.0,RGB,PNG
26d60db3bbfd,26d60db3bbfd.png,819,614,1.3338762214983713,RGB,PNG
26d9576e8043,26d9576e8043.png,819,614,1.3338762214983713,RGB,PNG
26e231747848,26e231747848.png,1504,1000,1.504,RGB,PNG
26fc2358a38d,26fc2358a38d.png,1050,1050,1.0,RGB,PNG
2700754f71e9,2700754f71e9.png,819,614,1.3338762214983713,RGB,PNG
272d9c043c81,272d9c043c81.png,3388,2588,1.3091190108191655,RGB,PNG
2735be026d44,2735be026d44.png,3388,2588,1.3091190108191655,RGB,PNG
274f4de2a59d,274f4de2a59d.png,1050,1050,1.0,RGB,PNG
274f5029189b,274f5029189b.png,2416,1736,1.391705069124424,RGB,PNG
276b14f72328,276b14f72328.png,2588,1958,1.3217568947906027,RGB,PNG
2776d70724d3,2776d70724d3.png,3216,2136,1.5056179775280898,RGB,PNG
278aa860dffd,278aa860dffd.png,2416,1736,1.391705069124424,RGB,PNG
27933cdbe0cc,27933cdbe0cc.png,1050,1050,1.0,RGB,PNG
27b68863349f,27b68863349f.png,2416,1736,1.391705069124424,RGB,PNG
27bab1432f61,27bab1432f61.png,2416,1736,1.391705069124424,RGB,PNG
27e2be850a99,27e2be850a99.png,2416,1736,1.391705069124424,RGB,PNG
27e4c800a449,27e4c800a449.png,2416,1736,1.391705069124424,RGB,PNG
27f82ada84ac,27f82ada84ac.png,819,614,1.3338762214983713,RGB,PNG
27fca9f12b3c,27fca9f12b3c.png,2416,1736,1.391705069124424,RGB,PNG
281d7b7c7676,281d7b7c7676.png,3388,2588,1.3091190108191655,RGB,PNG
2821998fc002,2821998fc002.png,1050,1050,1.0,RGB,PNG
282bc792d23a,282bc792d23a.png,3216,2136,1.5056179775280898,RGB,PNG
283c3aeba594,283c3aeba594.png,2048,1536,1.3333333333333333,RGB,PNG
28503940d10b,28503940d10b.png,1050,1050,1.0,RGB,PNG
286e9981dd9b,286e9981dd9b.png,2588,1958,1.3217568947906027,RGB,PNG
28751f290ba3,28751f290ba3.png,1050,1050,1.0,RGB,PNG
28824d12d31d,28824d12d31d.png,4288,2848,1.5056179775280898,RGB,PNG
289a47dcbb82,289a47dcbb82.png,2048,1536,1.3333333333333333,RGB,PNG
28a4d00927b7,28a4d00927b7.png,2588,1958,1.3217568947906027,RGB,PNG
28dc010a0780,28dc010a0780.png,1050,1050,1.0,RGB,PNG
28f73575e1f2,28f73575e1f2.png,819,614,1.3338762214983713,RGB,PNG
28f93cad89c5,28f93cad89c5.png,3388,2588,1.3091190108191655,RGB,PNG
28f98cfe3858,28f98cfe3858.png,3388,2588,1.3091190108191655,RGB,PNG
290ecdba359f,290ecdba359f.png,3388,2588,1.3091190108191655,RGB,PNG
29192375ab1b,29192375ab1b.png,1050,1050,1.0,RGB,PNG
291e2ff3d834,291e2ff3d834.png,2416,1736,1.391705069124424,RGB,PNG
291f581d365e,291f581d365e.png,2416,1736,1.391705069124424,RGB,PNG
2923971566fe,2923971566fe.png,2416,1736,1.391705069124424,RGB,PNG
2927665214e1,2927665214e1.png,1050,1050,1.0,RGB,PNG
29580bed2f7d,29580bed2f7d.png,2416,1736,1.391705069124424,RGB,PNG
295fdc964f6e,295fdc964f6e.png,2416,1736,1.391705069124424,RGB,PNG
2967e578939f,2967e578939f.png,2588,1958,1.3217568947906027,RGB,PNG
2974c6ad1d58,2974c6ad1d58.png,1050,1050,1.0,RGB,PNG
299086c6d1b5,299086c6d1b5.png,2588,1958,1.3217568947906027,RGB,PNG
2994f17f58a5,2994f17f58a5.png,2416,1736,1.391705069124424,RGB,PNG
29a13e666266,29a13e666266.png,1050,1050,1.0,RGB,PNG
29b52f64d2db,29b52f64d2db.png,2896,1944,1.4897119341563787,RGB,PNG
29bc0e721cfe,29bc0e721cfe.png,3388,2588,1.3091190108191655,RGB,PNG
29d059522fa1,29d059522fa1.png,1050,1050,1.0,RGB,PNG
29f44aea93a4,29f44aea93a4.png,3216,2136,1.5056179775280898,RGB,PNG
29f9e1ac9507,29f9e1ac9507.png,819,614,1.3338762214983713,RGB,PNG
2a08ed6bbcbc,2a08ed6bbcbc.png,2416,1736,1.391705069124424,RGB,PNG
2a099b247b10,2a099b247b10.png,1050,1050,1.0,RGB,PNG
2a2274bcb00a,2a2274bcb00a.png,2588,1958,1.3217568947906027,RGB,PNG
2a2a6435f7f3,2a2a6435f7f3.png,1050,1050,1.0,RGB,PNG
2a3378bcfbcc,2a3378bcfbcc.png,2416,1736,1.391705069124424,RGB,PNG
2a3a1ed1c285,2a3a1ed1c285.png,3216,2136,1.5056179775280898,RGB,PNG
2a4520f1f9a3,2a4520f1f9a3.png,1050,1050,1.0,RGB,PNG
2a47e5b21791,2a47e5b21791.png,2416,1736,1.391705069124424,RGB,PNG
2a5a8b744f08,2a5a8b744f08.png,2416,1736,1.391705069124424,RGB,PNG
2a7373eeb352,2a7373eeb352.png,819,614,1.3338762214983713,RGB,PNG
2a8a9e957a6c,2a8a9e957a6c.png,2416,1736,1.391705069124424,RGB,PNG
2a93334f663a,2a93334f663a.png,1050,1050,1.0,RGB,PNG
2af1bf226f51,2af1bf226f51.png,2588,1958,1.3217568947906027,RGB,PNG
2b074afdf626,2b074afdf626.png,2416,1736,1.391705069124424,RGB,PNG
2b07790a2422,2b07790a2422.png,3388,2588,1.3091190108191655,RGB,PNG
2b10f138e67d,2b10f138e67d.png,819,614,1.3338762214983713,RGB,PNG
2b21d293fdf2,2b21d293fdf2.png,3216,2136,1.5056179775280898,RGB,PNG
2b2f5a0f880d,2b2f5a0f880d.png,2048,1536,1.3333333333333333,RGB,PNG
2b3a4a81d748,2b3a4a81d748.png,1050,1050,1.0,RGB,PNG
2b48daf24be0,2b48daf24be0.png,2416,1736,1.391705069124424,RGB,PNG
2b4c7b5f1f1e,2b4c7b5f1f1e.png,1050,1050,1.0,RGB,PNG
2b5bb6d33959,2b5bb6d33959.png,2048,1536,1.3333333333333333,RGB,PNG
2b88cb6e31cd,2b88cb6e31cd.png,3216,2136,1.5056179775280898,RGB,PNG
2ba0b0d9bda2,2ba0b0d9bda2.png,2416,1736,1.391705069124424,RGB,PNG
2bb063318cf1,2bb063318cf1.png,3216,2136,1.5056179775280898,RGB,PNG
2bb3c492d6d3,2bb3c492d6d3.png,2588,1958,1.3217568947906027,RGB,PNG
2bbcfdc477db,2bbcfdc477db.png,1844,1226,1.504078303425775,RGB,PNG
2bbd1f99ecc3,2bbd1f99ecc3.png,2896,1944,1.4897119341563787,RGB,PNG
2bd4d4fbed5c,2bd4d4fbed5c.png,3216,2136,1.5056179775280898,RGB,PNG
2c1d5be654dd,2c1d5be654dd.png,3388,2588,1.3091190108191655,RGB,PNG
2c2aa057afc5,2c2aa057afc5.png,1504,1000,1.504,RGB,PNG
2c77bf969079,2c77bf969079.png,2588,1958,1.3217568947906027,RGB,PNG
2c8101f14723,2c8101f14723.png,2048,1536,1.3333333333333333,RGB,PNG
2c827005b8f8,2c827005b8f8.png,1050,1050,1.0,RGB,PNG
2c9dfc270f1b,2c9dfc270f1b.png,1050,1050,1.0,RGB,PNG
2cacdb0dffae,2cacdb0dffae.png,1050,1050,1.0,RGB,PNG
2cbfc6182ba2,2cbfc6182ba2.png,3216,2136,1.5056179775280898,RGB,PNG
2cceb07ff706,2cceb07ff706.png,1504,1000,1.504,RGB,PNG
2cdcc910778d,2cdcc910778d.png,819,614,1.3338762214983713,RGB,PNG
2cef97083e6f,2cef97083e6f.png,3216,2136,1.5056179775280898,RGB,PNG
2cf18033da31,2cf18033da31.png,2048,1536,1.3333333333333333,RGB,PNG
2cfe8703f265,2cfe8703f265.png,2588,1958,1.3217568947906027,RGB,PNG
2d04cead4d3a,2d04cead4d3a.png,2048,1536,1.3333333333333333,RGB,PNG
2d07162a13b1,2d07162a13b1.png,2588,1958,1.3217568947906027,RGB,PNG
2d3f4094c08a,2d3f4094c08a.png,2048,1536,1.3333333333333333,RGB,PNG
2d552318eb07,2d552318eb07.png,474,358,1.324022346368715,RGB,PNG
2d558de2cabe,2d558de2cabe.png,2048,1536,1.3333333333333333,RGB,PNG
2d7666b8884f,2d7666b8884f.png,1844,1226,1.504078303425775,RGB,PNG
2d870833c0c9,2d870833c0c9.png,3388,2588,1.3091190108191655,RGB,PNG
2d9d97a6e713,2d9d97a6e713.png,2416,1736,1.391705069124424,RGB,PNG
2da82d14e1b7,2da82d14e1b7.png,1050,1050,1.0,RGB,PNG
2db0cd3e30da,2db0cd3e30da.png,2588,1958,1.3217568947906027,RGB,PNG
2dc647e00ad3,2dc647e00ad3.png,2588,1958,1.3217568947906027,RGB,PNG
2dd28ac497d2,2dd28ac497d2.png,1050,1050,1.0,RGB,PNG
2df07eb5779f,2df07eb5779f.png,3216,2136,1.5056179775280898,RGB,PNG
2e26762daed5,2e26762daed5.png,3216,2136,1.5056179775280898,RGB,PNG
2e79041ef722,2e79041ef722.png,2588,1958,1.3217568947906027,RGB,PNG
2eba4279e503,2eba4279e503.png,1050,1050,1.0,RGB,PNG
2ecbc2e3f239,2ecbc2e3f239.png,3388,2588,1.3091190108191655,RGB,PNG
2ef10194e80d,2ef10194e80d.png,2048,1536,1.3333333333333333,RGB,PNG
2ef4a04aed1b,2ef4a04aed1b.png,1050,1050,1.0,RGB,PNG
2ef955d6d9ff,2ef955d6d9ff.png,819,614,1.3338762214983713,RGB,PNG
2f143453bb71,2f143453bb71.png,2588,1958,1.3217568947906027,RGB,PNG
2f284b6a1940,2f284b6a1940.png,2416,1736,1.391705069124424,RGB,PNG
2f2e1949ad56,2f2e1949ad56.png,2416,1736,1.391705069124424,RGB,PNG
2f42e20db938,2f42e20db938.png,2588,1958,1.3217568947906027,RGB,PNG
2f4e81787d9b,2f4e81787d9b.png,3388,2588,1.3091190108191655,RGB,PNG
2f5c9cdfb333,2f5c9cdfb333.png,2588,1958,1.3217568947906027,RGB,PNG
2f7789c1e046,2f7789c1e046.png,1504,1000,1.504,RGB,PNG
2f7fbdcc9a4b,2f7fbdcc9a4b.png,2048,1536,1.3333333333333333,RGB,PNG
2f81ee5f2926,2f81ee5f2926.png,819,614,1.3338762214983713,RGB,PNG
2f8d14a7d390,2f8d14a7d390.png,2588,1958,1.3217568947906027,RGB,PNG
2f9b66784109,2f9b66784109.png,3216,2136,1.5056179775280898,RGB,PNG
2fb3a8606a77,2fb3a8606a77.png,3388,2588,1.3091190108191655,RGB,PNG
2fde69f20585,2fde69f20585.png,4288,2848,1.5056179775280898,RGB,PNG
2fdfb80ea53c,2fdfb80ea53c.png,1050,1050,1.0,RGB,PNG
2fdffb6160a6,2fdffb6160a6.png,2416,1736,1.391705069124424,RGB,PNG
2fe06bedb2c4,2fe06bedb2c4.png,2588,1958,1.3217568947906027,RGB,PNG
2fefb720869a,2fefb720869a.png,2048,1536,1.3333333333333333,RGB,PNG
300305ce82d2,300305ce82d2.png,3216,2136,1.5056179775280898,RGB,PNG
30263a7d5609,30263a7d5609.png,2588,1958,1.3217568947906027,RGB,PNG
302bcdb635ff,302bcdb635ff.png,1844,1226,1.504078303425775,RGB,PNG
3044022c6969,3044022c6969.png,2416,1736,1.391705069124424,RGB,PNG
306c841af3fc,306c841af3fc.png,2588,1958,1.3217568947906027,RGB,PNG
3079490a4b9c,3079490a4b9c.png,1050,1050,1.0,RGB,PNG
308f7fce6f0d,308f7fce6f0d.png,2588,1958,1.3217568947906027,RGB,PNG
30941b65348b,30941b65348b.png,2416,1736,1.391705069124424,RGB,PNG
30cab14951ac,30cab14951ac.png,2416,1736,1.391705069124424,RGB,PNG
30db694bee42,30db694bee42.png,2048,1536,1.3333333333333333,RGB,PNG
310c27067ac0,310c27067ac0.png,1050,1050,1.0,RGB,PNG
312694ea8e6a,312694ea8e6a.png,2416,1736,1.391705069124424,RGB,PNG
3128eb593012,3128eb593012.png,2588,1958,1.3217568947906027,RGB,PNG
3132556f5352,3132556f5352.png,1050,1050,1.0,RGB,PNG
31360e44ac64,31360e44ac64.png,2588,1958,1.3217568947906027,RGB,PNG
31452ad8808c,31452ad8808c.png,1844,1226,1.504078303425775,RGB,PNG
314862758acf,314862758acf.png,2416,1736,1.391705069124424,RGB,PNG
315c1a0d87fd,315c1a0d87fd.png,1050,1050,1.0,RGB,PNG
31616ff6b53b,31616ff6b53b.png,2416,1736,1.391705069124424,RGB,PNG
3178559fbf57,3178559fbf57.png,1050,1050,1.0,RGB,PNG
318eb706a134,318eb706a134.png,2048,1536,1.3333333333333333,RGB,PNG
31b5d6fb0256,31b5d6fb0256.png,2416,1736,1.391705069124424,RGB,PNG
31cb39681f6a,31cb39681f6a.png,1844,1226,1.504078303425775,RGB,PNG
3206171db5be,3206171db5be.png,4288,2848,1.5056179775280898,RGB,PNG
3218a6d8eb2c,3218a6d8eb2c.png,3388,2588,1.3091190108191655,RGB,PNG
3232b34cbe99,3232b34cbe99.png,1050,1050,1.0,RGB,PNG
3246f07e65b4,3246f07e65b4.png,1844,1226,1.504078303425775,RGB,PNG
3254e48c8aa0,3254e48c8aa0.png,1050,1050,1.0,RGB,PNG
3286073a976e,3286073a976e.png,819,614,1.3338762214983713,RGB,PNG
328d141ed3aa,328d141ed3aa.png,1050,1050,1.0,RGB,PNG
32a3eb37ff40,32a3eb37ff40.png,2416,1736,1.391705069124424,RGB,PNG
32d7d360d891,32d7d360d891.png,1050,1050,1.0,RGB,PNG
32ed318235b8,32ed318235b8.png,1050,1050,1.0,RGB,PNG
33105f9b3a04,33105f9b3a04.png,2416,1736,1.391705069124424,RGB,PNG
331121c65e88,331121c65e88.png,2048,1536,1.3333333333333333,RGB,PNG
331b87d1b9d1,331b87d1b9d1.png,2416,1736,1.391705069124424,RGB,PNG
3323fd59782e,3323fd59782e.png,1050,1050,1.0,RGB,PNG
3325b1fe55d2,3325b1fe55d2.png,1050,1050,1.0,RGB,PNG
33596a635b53,33596a635b53.png,2048,1536,1.3333333333333333,RGB,PNG
33778d136069,33778d136069.png,1476,1117,1.3213965980304387,RGB,PNG
338326891d84,338326891d84.png,2048,1536,1.3333333333333333,RGB,PNG
33b893e18eb3,33b893e18eb3.png,2416,1736,1.391705069124424,RGB,PNG
33b91def2035,33b91def2035.png,819,614,1.3338762214983713,RGB,PNG
33b978734eab,33b978734eab.png,2048,1536,1.3333333333333333,RGB,PNG
33d72035c27a,33d72035c27a.png,2048,1536,1.3333333333333333,RGB,PNG
33e7bf536fc5,33e7bf536fc5.png,2588,1958,1.3217568947906027,RGB,PNG
33e8e26a75d4,33e8e26a75d4.png,2416,1736,1.391705069124424,RGB,PNG
33ffddea8c6e,33ffddea8c6e.png,1050,1050,1.0,RGB,PNG
3402124408ea,3402124408ea.png,2416,1736,1.391705069124424,RGB,PNG
3428230bf1bd,3428230bf1bd.png,2416,1736,1.391705069124424,RGB,PNG
342edf9b889d,342edf9b889d.png,819,614,1.3338762214983713,RGB,PNG
3435fd8675a2,3435fd8675a2.png,1476,1117,1.3213965980304387,RGB,PNG
345b1f0abbba,345b1f0abbba.png,2588,1958,1.3217568947906027,RGB,PNG
3461dc601cc2,3461dc601cc2.png,2588,1958,1.3217568947906027,RGB,PNG
34723fae6475,34723fae6475.png,2416,1736,1.391705069124424,RGB,PNG
348598d01e18,348598d01e18.png,1050,1050,1.0,RGB,PNG
3486f7096276,3486f7096276.png,2588,1958,1.3217568947906027,RGB,PNG
349f3c0ac83e,349f3c0ac83e.png,2588,1958,1.3217568947906027,RGB,PNG
34a7dbd3f05c,34a7dbd3f05c.png,2048,1536,1.3333333333333333,RGB,PNG
34acae864963,34acae864963.png,2048,1536,1.3333333333333333,RGB,PNG
351e842842a2,351e842842a2.png,2588,1958,1.3217568947906027,RGB,PNG
352e4a939242,352e4a939242.png,2588,1958,1.3217568947906027,RGB,PNG
35362d43e753,35362d43e753.png,1050,1050,1.0,RGB,PNG
354b8911d6ed,354b8911d6ed.png,3388,2588,1.3091190108191655,RGB,PNG
356304d15a5c,356304d15a5c.png,1050,1050,1.0,RGB,PNG
35777eb7859d,35777eb7859d.png,2588,1958,1.3217568947906027,RGB,PNG
357f02a779d7,357f02a779d7.png,1050,1050,1.0,RGB,PNG
3580a545016d,3580a545016d.png,1050,1050,1.0,RGB,PNG
358d2224de73,358d2224de73.png,3388,2588,1.3091190108191655,RGB,PNG
3599029efeb3,3599029efeb3.png,2588,1958,1.3217568947906027,RGB,PNG
359bab5d784b,359bab5d784b.png,1050,1050,1.0,RGB,PNG
35aa7f5c2ec0,35aa7f5c2ec0.png,2416,1736,1.391705069124424,RGB,PNG
35ac70c0d08f,35ac70c0d08f.png,1050,1050,1.0,RGB,PNG
35beb47fe159,35beb47fe159.png,1050,1050,1.0,RGB,PNG
35cd9832fc0a,35cd9832fc0a.png,1050,1050,1.0,RGB,PNG
35d6c4c50072,35d6c4c50072.png,2416,1736,1.391705069124424,RGB,PNG
35df2bc6ae95,35df2bc6ae95.png,1050,1050,1.0,RGB,PNG
3601dac9bed7,3601dac9bed7.png,2588,1958,1.3217568947906027,RGB,PNG
36041171f441,36041171f441.png,2416,1736,1.391705069124424,RGB,PNG
360832d84ce0,360832d84ce0.png,819,614,1.3338762214983713,RGB,PNG
362c4a96cebb,362c4a96cebb.png,4288,2848,1.5056179775280898,RGB,PNG
365f8c01d994,365f8c01d994.png,1050,1050,1.0,RGB,PNG
36677b70b1ef,36677b70b1ef.png,2416,1736,1.391705069124424,RGB,PNG
367c7049929c,367c7049929c.png,1050,1050,1.0,RGB,PNG
36865bbc64d6,36865bbc64d6.png,2896,1944,1.4897119341563787,RGB,PNG
369229040a34,369229040a34.png,1050,1050,1.0,RGB,PNG
3694e8c8e09a,3694e8c8e09a.png,2588,1958,1.3217568947906027,RGB,PNG
36a1e3c780a0,36a1e3c780a0.png,2416,1736,1.391705069124424,RGB,PNG
36b5b3c9fb32,36b5b3c9fb32.png,2588,1958,1.3217568947906027,RGB,PNG
36e4b704b905,36e4b704b905.png,819,614,1.3338762214983713,RGB,PNG
36ec36c301c1,36ec36c301c1.png,1504,1000,1.504,RGB,PNG
370f575adb23,370f575adb23.png,1050,1050,1.0,RGB,PNG
3710ff45299c,3710ff45299c.png,1050,1050,1.0,RGB,PNG
3730c322d35b,3730c322d35b.png,1050,1050,1.0,RGB,PNG
3732de8b416f,3732de8b416f.png,2588,1958,1.3217568947906027,RGB,PNG
374535e0adb8,374535e0adb8.png,4288,2848,1.5056179775280898,RGB,PNG
3748349334f6,3748349334f6.png,3216,2136,1.5056179775280898,RGB,PNG
378963f9df22,378963f9df22.png,1844,1226,1.504078303425775,RGB,PNG
3796af4d987a,3796af4d987a.png,2588,1958,1.3217568947906027,RGB,PNG
37c4dfe03aba,37c4dfe03aba.png,640,480,1.3333333333333333,RGB,PNG
37c523296d42,37c523296d42.png,1050,1050,1.0,RGB,PNG
37de05ef12a5,37de05ef12a5.png,3216,2136,1.5056179775280898,RGB,PNG
38055d8b9f08,38055d8b9f08.png,2416,1736,1.391705069124424,RGB,PNG
3810040096cb,3810040096cb.png,3216,2136,1.5056179775280898,RGB,PNG
3823acc4e464,3823acc4e464.png,2048,1536,1.3333333333333333,RGB,PNG
382752f6694a,382752f6694a.png,2416,1736,1.391705069124424,RGB,PNG
38373431d996,38373431d996.png,2048,1536,1.3333333333333333,RGB,PNG
383e72af1955,383e72af1955.png,2416,1736,1.391705069124424,RGB,PNG
384631079d1e,384631079d1e.png,3388,2588,1.3091190108191655,RGB,PNG
38487e1a5b1f,38487e1a5b1f.png,1504,1000,1.504,RGB,PNG
384db24ebbd7,384db24ebbd7.png,1050,1050,1.0,RGB,PNG
384e6c915722,384e6c915722.png,2588,1958,1.3217568947906027,RGB,PNG
387138ddf43d,387138ddf43d.png,819,614,1.3338762214983713,RGB,PNG
388279491b5d,388279491b5d.png,2048,1536,1.3333333333333333,RGB,PNG
388f12e8df0b,388f12e8df0b.png,3216,2136,1.5056179775280898,RGB,PNG
389552047476,389552047476.png,1050,1050,1.0,RGB,PNG
38b9bb961847,38b9bb961847.png,1050,1050,1.0,RGB,PNG
38c7153457e2,38c7153457e2.png,1050,1050,1.0,RGB,PNG
38e0e28d35d3,38e0e28d35d3.png,1050,1050,1.0,RGB,PNG
38e111cac46f,38e111cac46f.png,3388,2588,1.3091190108191655,RGB,PNG
38f1901f214a,38f1901f214a.png,2588,1958,1.3217568947906027,RGB,PNG
38fe9f854046,38fe9f854046.png,2144,1424,1.5056179775280898,RGB,PNG
3908b3cfd620,3908b3cfd620.png,1050,1050,1.0,RGB,PNG
39134907127a,39134907127a.png,3216,2136,1.5056179775280898,RGB,PNG
393fa5a023a5,393fa5a023a5.png,1050,1050,1.0,RGB,PNG
39923b29988a,39923b29988a.png,1844,1226,1.504078303425775,RGB,PNG
39aa3cd93c50,39aa3cd93c50.png,2588,1958,1.3217568947906027,RGB,PNG
39b5b05d6cd9,39b5b05d6cd9.png,2588,1958,1.3217568947906027,RGB,PNG
39f8935185e6,39f8935185e6.png,1050,1050,1.0,RGB,PNG
39fd8ef3a45c,39fd8ef3a45c.png,1050,1050,1.0,RGB,PNG
3a122851e526,3a122851e526.png,640,480,1.3333333333333333,RGB,PNG
3a1d3ce00f0c,3a1d3ce00f0c.png,3216,2136,1.5056179775280898,RGB,PNG
3a1ecf5e2839,3a1ecf5e2839.png,2416,1736,1.391705069124424,RGB,PNG
3a4cfea0a766,3a4cfea0a766.png,1050,1050,1.0,RGB,PNG
3a61e690f4bb,3a61e690f4bb.png,640,480,1.3333333333333333,RGB,PNG
3a643599f852,3a643599f852.png,2048,1536,1.3333333333333333,RGB,PNG
3a6e9730b298,3a6e9730b298.png,2588,1958,1.3217568947906027,RGB,PNG
3aa2b1ce6700,3aa2b1ce6700.png,2416,1736,1.391705069124424,RGB,PNG
3abac0961bfd,3abac0961bfd.png,1050,1050,1.0,RGB,PNG
3ac3fbfca7d4,3ac3fbfca7d4.png,3216,2136,1.5056179775280898,RGB,PNG
3ac92ac3d65a,3ac92ac3d65a.png,2048,1536,1.3333333333333333,RGB,PNG
3af9aaa880e9,3af9aaa880e9.png,1050,1050,1.0,RGB,PNG
3b018e8b7303,3b018e8b7303.png,2588,1958,1.3217568947906027,RGB,PNG
3b0190bbe615,3b0190bbe615.png,1050,1050,1.0,RGB,PNG
3b10191dfd25,3b10191dfd25.png,819,614,1.3338762214983713,RGB,PNG
3b185ac445d0,3b185ac445d0.png,640,480,1.3333333333333333,RGB,PNG
3b232b394e4f,3b232b394e4f.png,2588,1958,1.3217568947906027,RGB,PNG
3b2b91590590,3b2b91590590.png,1050,1050,1.0,RGB,PNG
3b4a5fcbe5e0,3b4a5fcbe5e0.png,1504,1000,1.504,RGB,PNG
3b58b02c89ed,3b58b02c89ed.png,3216,2136,1.5056179775280898,RGB,PNG
3b5dffe159b6,3b5dffe159b6.png,1050,1050,1.0,RGB,PNG
3b73a3a4a734,3b73a3a4a734.png,2416,1736,1.391705069124424,RGB,PNG
3b9817a39adf,3b9817a39adf.png,1050,1050,1.0,RGB,PNG
3b9c1f42c2f2,3b9c1f42c2f2.png,3216,2136,1.5056179775280898,RGB,PNG
3bf2deaa5ef0,3bf2deaa5ef0.png,1050,1050,1.0,RGB,PNG
3bf3085ac167,3bf3085ac167.png,1050,1050,1.0,RGB,PNG
3c1efa38d0da,3c1efa38d0da.png,2588,1958,1.3217568947906027,RGB,PNG
3c28fd846b43,3c28fd846b43.png,1050,1050,1.0,RGB,PNG
3c311c9109b0,3c311c9109b0.png,2416,1736,1.391705069124424,RGB,PNG
3c326543fff6,3c326543fff6.png,2048,1536,1.3333333333333333,RGB,PNG
3c42512c81e0,3c42512c81e0.png,1050,1050,1.0,RGB,PNG
3c53198519f7,3c53198519f7.png,2144,1424,1.5056179775280898,RGB,PNG
3c726de3ee90,3c726de3ee90.png,3216,2136,1.5056179775280898,RGB,PNG
3c72f580d4ba,3c72f580d4ba.png,1050,1050,1.0,RGB,PNG
3c78bfca247b,3c78bfca247b.png,3388,2588,1.3091190108191655,RGB,PNG
3c9529918097,3c9529918097.png,1050,1050,1.0,RGB,PNG
3ca12e02dd4e,3ca12e02dd4e.png,1050,1050,1.0,RGB,PNG
3ca637fddd56,3ca637fddd56.png,1504,1000,1.504,RGB,PNG
3ca8be3b40d6,3ca8be3b40d6.png,819,614,1.3338762214983713,RGB,PNG
3cab32dd6ef9,3cab32dd6ef9.png,1050,1050,1.0,RGB,PNG
3ccf96c1dd6d,3ccf96c1dd6d.png,3216,2136,1.5056179775280898,RGB,PNG
3cd801ffdbf0,3cd801ffdbf0.png,1504,1000,1.504,RGB,PNG
3cd9713c0ecb,3cd9713c0ecb.png,1050,1050,1.0,RGB,PNG
3cdda8b3df19,3cdda8b3df19.png,2416,1736,1.391705069124424,RGB,PNG
3cdef7c591cc,3cdef7c591cc.png,819,614,1.3338762214983713,RGB,PNG
3ce2f8a77a32,3ce2f8a77a32.png,2048,1536,1.3333333333333333,RGB,PNG
3d2ecffe0386,3d2ecffe0386.png,819,614,1.3338762214983713,RGB,PNG
3d3e288d490e,3d3e288d490e.png,2896,1944,1.4897119341563787,RGB,PNG
3d663a6a50a3,3d663a6a50a3.png,1844,1226,1.504078303425775,RGB,PNG
3dbc90c7ee7d,3dbc90c7ee7d.png,2588,1958,1.3217568947906027,RGB,PNG
3dbfbc11e105,3dbfbc11e105.png,3216,2136,1.5056179775280898,RGB,PNG
3ddb86eb530e,3ddb86eb530e.png,2588,1958,1.3217568947906027,RGB,PNG
3de8ad4151e1,3de8ad4151e1.png,2416,1736,1.391705069124424,RGB,PNG
3dec415b188a,3dec415b188a.png,1050,1050,1.0,RGB,PNG
3dfc50108072,3dfc50108072.png,2416,1736,1.391705069124424,RGB,PNG
3e1f8fecb06f,3e1f8fecb06f.png,1504,1000,1.504,RGB,PNG
3e3a3955b9c5,3e3a3955b9c5.png,2416,1736,1.391705069124424,RGB,PNG
3e61703b5ab2,3e61703b5ab2.png,2048,1536,1.3333333333333333,RGB,PNG
3e6bfc4d5c65,3e6bfc4d5c65.png,2588,1958,1.3217568947906027,RGB,PNG
3e86335bc2fd,3e86335bc2fd.png,1504,1000,1.504,RGB,PNG
3ee17aa12e46,3ee17aa12e46.png,2416,1736,1.391705069124424,RGB,PNG
3ee4841936ef,3ee4841936ef.png,2416,1736,1.391705069124424,RGB,PNG
3f0d3629d69e,3f0d3629d69e.png,2048,1536,1.3333333333333333,RGB,PNG
3f3de2a6b0f5,3f3de2a6b0f5.png,2588,1958,1.3217568947906027,RGB,PNG
3f44d749cd0b,3f44d749cd0b.png,2416,1736,1.391705069124424,RGB,PNG
3f47f83217b5,3f47f83217b5.png,2416,1736,1.391705069124424,RGB,PNG
3f49f8d100e9,3f49f8d100e9.png,2588,1958,1.3217568947906027,RGB,PNG
3f5b4c2948e8,3f5b4c2948e8.png,1050,1050,1.0,RGB,PNG
3f6bccf21ce8,3f6bccf21ce8.png,1050,1050,1.0,RGB,PNG
3f6c627e2ff2,3f6c627e2ff2.png,1050,1050,1.0,RGB,PNG
3f73c91b7e32,3f73c91b7e32.png,2416,1736,1.391705069124424,RGB,PNG
3f752fcccec0,3f752fcccec0.png,2416,1736,1.391705069124424,RGB,PNG
3f82631e9080,3f82631e9080.png,2048,1536,1.3333333333333333,RGB,PNG
3f8d5c940ba4,3f8d5c940ba4.png,3388,2588,1.3091190108191655,RGB,PNG
3f98be586fe3,3f98be586fe3.png,1050,1050,1.0,RGB,PNG
3fa4f4d77177,3fa4f4d77177.png,2416,1736,1.391705069124424,RGB,PNG
3fc219927a97,3fc219927a97.png,2416,1736,1.391705069124424,RGB,PNG
3fd45879afe6,3fd45879afe6.png,1050,1050,1.0,RGB,PNG
3fd7df6099e3,3fd7df6099e3.png,2144,1424,1.5056179775280898,RGB,PNG
3fe282197c1c,3fe282197c1c.png,2048,1536,1.3333333333333333,RGB,PNG
3ffa14d60b24,3ffa14d60b24.png,3216,2136,1.5056179775280898,RGB,PNG
40140a925c43,40140a925c43.png,2416,1736,1.391705069124424,RGB,PNG
401fdfd0db07,401fdfd0db07.png,1050,1050,1.0,RGB,PNG
4029d70e9d8a,4029d70e9d8a.png,4288,2848,1.5056179775280898,RGB,PNG
4036471a1bb7,4036471a1bb7.png,2048,1536,1.3333333333333333,RGB,PNG
404ede327e98,404ede327e98.png,819,614,1.3338762214983713,RGB,PNG
405085b53d7b,405085b53d7b.png,1050,1050,1.0,RGB,PNG
40527a5e95dd,40527a5e95dd.png,2416,1736,1.391705069124424,RGB,PNG
405b4f78658f,405b4f78658f.png,2146,1764,1.2165532879818595,RGB,PNG
408ea9d5e082,408ea9d5e082.png,3388,2588,1.3091190108191655,RGB,PNG
40c24aded50c,40c24aded50c.png,1050,1050,1.0,RGB,PNG
40dd4e6e4444,40dd4e6e4444.png,2048,1536,1.3333333333333333,RGB,PNG
40e9b5630438,40e9b5630438.png,2416,1736,1.391705069124424,RGB,PNG
41345cec5957,41345cec5957.png,2048,1536,1.3333333333333333,RGB,PNG
4134b290f5f3,4134b290f5f3.png,2588,1958,1.3217568947906027,RGB,PNG
4145dcb25053,4145dcb25053.png,2048,1536,1.3333333333333333,RGB,PNG
4158c340fa49,4158c340fa49.png,2588,1958,1.3217568947906027,RGB,PNG
415d5c5e785f,415d5c5e785f.png,1050,1050,1.0,RGB,PNG
415f2d2bd2a1,415f2d2bd2a1.png,1050,1050,1.0,RGB,PNG
417f408ee8e0,417f408ee8e0.png,2588,1958,1.3217568947906027,RGB,PNG
4189d4e631ec,4189d4e631ec.png,2416,1736,1.391705069124424,RGB,PNG
419406328dcd,419406328dcd.png,3216,2136,1.5056179775280898,RGB,PNG
41960d5f58c2,41960d5f58c2.png,2588,1958,1.3217568947906027,RGB,PNG
41ab357d103f,41ab357d103f.png,819,614,1.3338762214983713,RGB,PNG
4205e9deb058,4205e9deb058.png,1050,1050,1.0,RGB,PNG
4210809074c1,4210809074c1.png,1050,1050,1.0,RGB,PNG
423abbaa5fad,423abbaa5fad.png,3216,2136,1.5056179775280898,RGB,PNG
4242c0d87f57,4242c0d87f57.png,2588,1958,1.3217568947906027,RGB,PNG
4246ed634f25,4246ed634f25.png,2416,1736,1.391705069124424,RGB,PNG
4276b82e4489,4276b82e4489.png,2048,1536,1.3333333333333333,RGB,PNG
4289af3afbd2,4289af3afbd2.png,3216,2136,1.5056179775280898,RGB,PNG
4294a14c656a,4294a14c656a.png,3216,2136,1.5056179775280898,RGB,PNG
42985aa2e32f,42985aa2e32f.png,2416,1736,1.391705069124424,RGB,PNG
42a67337fa8e,42a67337fa8e.png,2588,1958,1.3217568947906027,RGB,PNG
42a850acd2ac,42a850acd2ac.png,2416,1736,1.391705069124424,RGB,PNG
42af7282349b,42af7282349b.png,2588,1958,1.3217568947906027,RGB,PNG
42b08dca9b2f,42b08dca9b2f.png,2416,1736,1.391705069124424,RGB,PNG
42b93b574f23,42b93b574f23.png,1050,1050,1.0,RGB,PNG
42b9c1977681,42b9c1977681.png,1050,1050,1.0,RGB,PNG
42c65af5ab16,42c65af5ab16.png,2048,1536,1.3333333333333333,RGB,PNG
42cc993f23a9,42cc993f23a9.png,2588,1958,1.3217568947906027,RGB,PNG
4318b6adeb97,4318b6adeb97.png,2048,1536,1.3333333333333333,RGB,PNG
4350a1b2f3cb,4350a1b2f3cb.png,1050,1050,1.0,RGB,PNG
435414ccccf7,435414ccccf7.png,2048,1536,1.3333333333333333,RGB,PNG
435d900fa7b2,435d900fa7b2.png,2416,1736,1.391705069124424,RGB,PNG
4360a112db10,4360a112db10.png,2896,1944,1.4897119341563787,RGB,PNG
436e1793d240,436e1793d240.png,2588,1958,1.3217568947906027,RGB,PNG
436e7a7af761,436e7a7af761.png,2048,1536,1.3333333333333333,RGB,PNG
436fa3fd145a,436fa3fd145a.png,2048,1536,1.3333333333333333,RGB,PNG
437900a99871,437900a99871.png,2588,1958,1.3217568947906027,RGB,PNG
437cbec4a3f8,437cbec4a3f8.png,2416,1736,1.391705069124424,RGB,PNG
43823561c3f0,43823561c3f0.png,2048,1536,1.3333333333333333,RGB,PNG
4384fa687afa,4384fa687afa.png,2416,1736,1.391705069124424,RGB,PNG
4393c5bc576a,4393c5bc576a.png,2896,1944,1.4897119341563787,RGB,PNG
43bc7c066dfb,43bc7c066dfb.png,1050,1050,1.0,RGB,PNG
43ddd0ab0cc4,43ddd0ab0cc4.png,3388,2588,1.3091190108191655,RGB,PNG
43e9c66eb0f3,43e9c66eb0f3.png,2588,1958,1.3217568947906027,RGB,PNG
43f22d1be8dd,43f22d1be8dd.png,819,614,1.3338762214983713,RGB,PNG
43fb6eda9b97,43fb6eda9b97.png,2144,1424,1.5056179775280898,RGB,PNG
4403538fb50f,4403538fb50f.png,1050,1050,1.0,RGB,PNG
4409965eb2a4,4409965eb2a4.png,1050,1050,1.0,RGB,PNG
441117562359,441117562359.png,3216,2136,1.5056179775280898,RGB,PNG
441848e0f308,441848e0f308.png,819,614,1.3338762214983713,RGB,PNG
441affbe99aa,441affbe99aa.png,640,480,1.3333333333333333,RGB,PNG
44271f3cb18f,44271f3cb18f.png,819,614,1.3338762214983713,RGB,PNG
445a8a6da55c,445a8a6da55c.png,1050,1050,1.0,RGB,PNG
4462fba1d2a1,4462fba1d2a1.png,3216,2136,1.5056179775280898,RGB,PNG
4464bb62bf20,4464bb62bf20.png,2588,1958,1.3217568947906027,RGB,PNG
4478b870e549,4478b870e549.png,2416,1736,1.391705069124424,RGB,PNG
44855f666225,44855f666225.png,2588,1958,1.3217568947906027,RGB,PNG
44878f34e31f,44878f34e31f.png,1050,1050,1.0,RGB,PNG
4489d421e5aa,4489d421e5aa.png,3216,2136,1.5056179775280898,RGB,PNG
44976c3b11a6,44976c3b11a6.png,2588,1958,1.3217568947906027,RGB,PNG
44a4d04162cc,44a4d04162cc.png,1050,1050,1.0,RGB,PNG
44a86263117b,44a86263117b.png,1050,1050,1.0,RGB,PNG
44c869174e3a,44c869174e3a.png,3216,2136,1.5056179775280898,RGB,PNG
44e0d56e9d42,44e0d56e9d42.png,3216,2136,1.5056179775280898,RGB,PNG
44e951e45dca,44e951e45dca.png,2416,1736,1.391705069124424,RGB,PNG
44ecf3f4efa5,44ecf3f4efa5.png,2416,1736,1.391705069124424,RGB,PNG
44f4ae58990e,44f4ae58990e.png,2416,1736,1.391705069124424,RGB,PNG
44f7f3ef9d50,44f7f3ef9d50.png,2588,1958,1.3217568947906027,RGB,PNG
4528fbbd43a3,4528fbbd43a3.png,1050,1050,1.0,RGB,PNG
45369821d6a3,45369821d6a3.png,1050,1050,1.0,RGB,PNG
453a1e2754b2,453a1e2754b2.png,640,480,1.3333333333333333,RGB,PNG
453d553b0a94,453d553b0a94.png,3216,2136,1.5056179775280898,RGB,PNG
454792eb6e05,454792eb6e05.png,2048,1536,1.3333333333333333,RGB,PNG
454a944eb557,454a944eb557.png,819,614,1.3338762214983713,RGB,PNG
4554062fa836,4554062fa836.png,2588,1958,1.3217568947906027,RGB,PNG
45693d027798,45693d027798.png,1050,1050,1.0,RGB,PNG
457c7c927e27,457c7c927e27.png,2588,1958,1.3217568947906027,RGB,PNG
45ae04cfde5d,45ae04cfde5d.png,3216,2136,1.5056179775280898,RGB,PNG
45c39ab9e797,45c39ab9e797.png,2588,1958,1.3217568947906027,RGB,PNG
45e4b7eada54,45e4b7eada54.png,2416,1736,1.391705069124424,RGB,PNG
460893cd86e3,460893cd86e3.png,1050,1050,1.0,RGB,PNG
461fa5292fda,461fa5292fda.png,1050,1050,1.0,RGB,PNG
462937ece243,462937ece243.png,1050,1050,1.0,RGB,PNG
465c618f7b23,465c618f7b23.png,2416,1736,1.391705069124424,RGB,PNG
4661006f3ba6,4661006f3ba6.png,2416,1736,1.391705069124424,RGB,PNG
467b7d9d811c,467b7d9d811c.png,2416,1736,1.391705069124424,RGB,PNG
4689b739d240,4689b739d240.png,2416,1736,1.391705069124424,RGB,PNG
46923eea9a4e,46923eea9a4e.png,2416,1736,1.391705069124424,RGB,PNG
46acc506fa61,46acc506fa61.png,1050,1050,1.0,RGB,PNG
46c1548d730e,46c1548d730e.png,2588,1958,1.3217568947906027,RGB,PNG
46cdc8b685bd,46cdc8b685bd.png,3216,2136,1.5056179775280898,RGB,PNG
46d3316c4857,46d3316c4857.png,3216,2136,1.5056179775280898,RGB,PNG
46f56c38051f,46f56c38051f.png,3388,2588,1.3091190108191655,RGB,PNG
4704dbb59536,4704dbb59536.png,2048,1536,1.3333333333333333,RGB,PNG
4731e708ede3,4731e708ede3.png,819,614,1.3338762214983713,RGB,PNG
475300735b7f,475300735b7f.png,1050,1050,1.0,RGB,PNG
47536db39f00,47536db39f00.png,2588,1958,1.3217568947906027,RGB,PNG
475c7ded0f7a,475c7ded0f7a.png,3388,2588,1.3091190108191655,RGB,PNG
478fc46eaa49,478fc46eaa49.png,1050,1050,1.0,RGB,PNG
47b756014447,47b756014447.png,2416,1736,1.391705069124424,RGB,PNG
47d1603a555b,47d1603a555b.png,2416,1736,1.391705069124424,RGB,PNG
47e51065b819,47e51065b819.png,3216,2136,1.5056179775280898,RGB,PNG
4818672273af,4818672273af.png,3388,2588,1.3091190108191655,RGB,PNG
482088e6be44,482088e6be44.png,2048,1536,1.3333333333333333,RGB,PNG
4826d10030b3,4826d10030b3.png,1050,1050,1.0,RGB,PNG
484dbeb9bf2a,484dbeb9bf2a.png,2048,1536,1.3333333333333333,RGB,PNG
48543037d0b3,48543037d0b3.png,2416,1736,1.391705069124424,RGB,PNG
4860f7813654,4860f7813654.png,2588,1958,1.3217568947906027,RGB,PNG
486e852a3b4d,486e852a3b4d.png,819,614,1.3338762214983713,RGB,PNG
48a45619d1a3,48a45619d1a3.png,819,614,1.3338762214983713,RGB,PNG
48afe8c47454,48afe8c47454.png,3216,2136,1.5056179775280898,RGB,PNG
48c49f662f7d,48c49f662f7d.png,1504,1000,1.504,RGB,PNG
48c72dec46e5,48c72dec46e5.png,2416,1736,1.391705069124424,RGB,PNG
48fda42bd5d4,48fda42bd5d4.png,3216,2136,1.5056179775280898,RGB,PNG
4926dea289f8,4926dea289f8.png,1050,1050,1.0,RGB,PNG
4927945ecfed,4927945ecfed.png,1050,1050,1.0,RGB,PNG
49386d603494,49386d603494.png,2416,1736,1.391705069124424,RGB,PNG
493d99f030e2,493d99f030e2.png,2588,1958,1.3217568947906027,RGB,PNG
49419f8d5cb4,49419f8d5cb4.png,3216,2136,1.5056179775280898,RGB,PNG
494fc9c745a3,494fc9c745a3.png,2416,1736,1.391705069124424,RGB,PNG
495106ae3b68,495106ae3b68.png,1050,1050,1.0,RGB,PNG
495255c7492f,495255c7492f.png,2416,1736,1.391705069124424,RGB,PNG
4958bfcc9f38,4958bfcc9f38.png,1050,1050,1.0,RGB,PNG
496155f71d0a,496155f71d0a.png,1050,1050,1.0,RGB,PNG
4982378d72f9,4982378d72f9.png,2048,1536,1.3333333333333333,RGB,PNG
498f143c0374,498f143c0374.png,4288,2848,1.5056179775280898,RGB,PNG
499c8df39222,499c8df39222.png,2416,1736,1.391705069124424,RGB,PNG
49a4765f8822,49a4765f8822.png,3216,2136,1.5056179775280898,RGB,PNG
49c5e7f6b8d2,49c5e7f6b8d2.png,2416,1736,1.391705069124424,RGB,PNG
49d69c4c6290,49d69c4c6290.png,2416,1736,1.391705069124424,RGB,PNG
49e4b95ee2dc,49e4b95ee2dc.png,2588,1958,1.3217568947906027,RGB,PNG
49eb73968c44,49eb73968c44.png,819,614,1.3338762214983713,RGB,PNG
4a05f81b3aba,4a05f81b3aba.png,819,614,1.3338762214983713,RGB,PNG
4a0890b08532,4a0890b08532.png,3216,2136,1.5056179775280898,RGB,PNG
4a0bba3b7d83,4a0bba3b7d83.png,2416,1736,1.391705069124424,RGB,PNG
4a1afe4044f4,4a1afe4044f4.png,819,614,1.3338762214983713,RGB,PNG
4a213b405ee4,4a213b405ee4.png,3388,2588,1.3091190108191655,RGB,PNG
4a3da369b227,4a3da369b227.png,3216,2136,1.5056179775280898,RGB,PNG
4a44cc840ebe,4a44cc840ebe.png,3216,2136,1.5056179775280898,RGB,PNG
4a4cb731f91a,4a4cb731f91a.png,2048,1536,1.3333333333333333,RGB,PNG
4a558a1cd243,4a558a1cd243.png,2588,1958,1.3217568947906027,RGB,PNG
4a589edaea60,4a589edaea60.png,1050,1050,1.0,RGB,PNG
4a5a6efc0bef,4a5a6efc0bef.png,1050,1050,1.0,RGB,PNG
4a693dd3921a,4a693dd3921a.png,2588,1958,1.3217568947906027,RGB,PNG
4a7dc013e802,4a7dc013e802.png,2588,1958,1.3217568947906027,RGB,PNG
4a96c28f3f07,4a96c28f3f07.png,819,614,1.3338762214983713,RGB,PNG
4aa07d720638,4aa07d720638.png,2416,1736,1.391705069124424,RGB,PNG
4aa3d771c5e4,4aa3d771c5e4.png,1050,1050,1.0,RGB,PNG
4ab8c0cece7f,4ab8c0cece7f.png,1050,1050,1.0,RGB,PNG
4abca30b676b,4abca30b676b.png,2416,1736,1.391705069124424,RGB,PNG
4ad6109706e8,4ad6109706e8.png,3216,2136,1.5056179775280898,RGB,PNG
4ad8d3ec8789,4ad8d3ec8789.png,2048,1536,1.3333333333333333,RGB,PNG
4b1001050f1d,4b1001050f1d.png,2588,1958,1.3217568947906027,RGB,PNG
4b237b958555,4b237b958555.png,1050,1050,1.0,RGB,PNG
4b422b48d0d4,4b422b48d0d4.png,2588,1958,1.3217568947906027,RGB,PNG
4b5ffea77373,4b5ffea77373.png,3216,2136,1.5056179775280898,RGB,PNG
4b618537d52f,4b618537d52f.png,2416,1736,1.391705069124424,RGB,PNG
4b6895d0cf8d,4b6895d0cf8d.png,819,614,1.3338762214983713,RGB,PNG
4b6cb0bcfd44,4b6cb0bcfd44.png,2048,1536,1.3333333333333333,RGB,PNG
4bcee3cbe232,4bcee3cbe232.png,1050,1050,1.0,RGB,PNG
4bd5d0b30198,4bd5d0b30198.png,1050,1050,1.0,RGB,PNG
4bd941611343,4bd941611343.png,2588,1958,1.3217568947906027,RGB,PNG
4beeca5cc859,4beeca5cc859.png,1050,1050,1.0,RGB,PNG
4c129470cec4,4c129470cec4.png,2416,1736,1.391705069124424,RGB,PNG
4c17e85686f0,4c17e85686f0.png,1050,1050,1.0,RGB,PNG
4c389d033cb0,4c389d033cb0.png,2048,1536,1.3333333333333333,RGB,PNG
4c3c1ed09771,4c3c1ed09771.png,2416,1736,1.391705069124424,RGB,PNG
4c52922f3bfd,4c52922f3bfd.png,2416,1736,1.391705069124424,RGB,PNG
4c53cc97ea13,4c53cc97ea13.png,2048,1536,1.3333333333333333,RGB,PNG
4c570172778b,4c570172778b.png,3388,2588,1.3091190108191655,RGB,PNG
4c5ab774a381,4c5ab774a381.png,2048,1536,1.3333333333333333,RGB,PNG
4c60b10a3a6a,4c60b10a3a6a.png,2588,1958,1.3217568947906027,RGB,PNG
4c60f6fcea75,4c60f6fcea75.png,819,614,1.3338762214983713,RGB,PNG
4c635a01593d,4c635a01593d.png,2048,1536,1.3333333333333333,RGB,PNG
4c6c5a1bf5ab,4c6c5a1bf5ab.png,819,614,1.3338762214983713,RGB,PNG
4c78d9d18da9,4c78d9d18da9.png,2416,1736,1.391705069124424,RGB,PNG
4c9f0fdaaef7,4c9f0fdaaef7.png,2588,1958,1.3217568947906027,RGB,PNG
4cae247d9909,4cae247d9909.png,1050,1050,1.0,RGB,PNG
4ccee4db09b6,4ccee4db09b6.png,2048,1536,1.3333333333333333,RGB,PNG
4ccfa0b4e96c,4ccfa0b4e96c.png,1476,1117,1.3213965980304387,RGB,PNG
4cddfc22b0ad,4cddfc22b0ad.png,819,614,1.3338762214983713,RGB,PNG
4cde86044ad1,4cde86044ad1.png,1050,1050,1.0,RGB,PNG
4ce74e5eb51d,4ce74e5eb51d.png,3216,2136,1.5056179775280898,RGB,PNG
4cf4d528c08e,4cf4d528c08e.png,2048,1536,1.3333333333333333,RGB,PNG
4cfd22ae43d4,4cfd22ae43d4.png,1050,1050,1.0,RGB,PNG
4d009cebabc9,4d009cebabc9.png,3216,2136,1.5056179775280898,RGB,PNG
4d167ca69ea8,4d167ca69ea8.png,1050,1050,1.0,RGB,PNG
4d17559ac1e2,4d17559ac1e2.png,2588,1958,1.3217568947906027,RGB,PNG
4d1cf360b2d7,4d1cf360b2d7.png,3388,2588,1.3091190108191655,RGB,PNG
4d1e7def7624,4d1e7def7624.png,2588,1958,1.3217568947906027,RGB,PNG
4d21ce39c905,4d21ce39c905.png,3216,2136,1.5056179775280898,RGB,PNG
4d3de40ced3a,4d3de40ced3a.png,1050,1050,1.0,RGB,PNG
4d47300e3ddb,4d47300e3ddb.png,2588,1958,1.3217568947906027,RGB,PNG
4d7d6928534a,4d7d6928534a.png,1504,1000,1.504,RGB,PNG
4d9fc85a8259,4d9fc85a8259.png,2416,1736,1.391705069124424,RGB,PNG
4da2961e62fe,4da2961e62fe.png,2588,1958,1.3217568947906027,RGB,PNG
4da6e2089d57,4da6e2089d57.png,3216,2136,1.5056179775280898,RGB,PNG
4dbce359d0e1,4dbce359d0e1.png,3388,2588,1.3091190108191655,RGB,PNG
4dc2211a1c31,4dc2211a1c31.png,2588,1958,1.3217568947906027,RGB,PNG
4dd14c380696,4dd14c380696.png,819,614,1.3338762214983713,RGB,PNG
4dd4a4bf2421,4dd4a4bf2421.png,1050,1050,1.0,RGB,PNG
4dd5d5ccddcf,4dd5d5ccddcf.png,2416,1736,1.391705069124424,RGB,PNG
4dd71fc7f22b,4dd71fc7f22b.png,640,480,1.3333333333333333,RGB,PNG
4dd7b322f342,4dd7b322f342.png,819,614,1.3338762214983713,RGB,PNG
4dd9d29eae5d,4dd9d29eae5d.png,2588,1958,1.3217568947906027,RGB,PNG
4df6a81b476e,4df6a81b476e.png,2588,1958,1.3217568947906027,RGB,PNG
4e0656629d02,4e0656629d02.png,2588,1958,1.3217568947906027,RGB,PNG
4e1e252317b5,4e1e252317b5.png,1050,1050,1.0,RGB,PNG
4e231670b48c,4e231670b48c.png,1050,1050,1.0,RGB,PNG
4e43d05cc2ef,4e43d05cc2ef.png,2416,1736,1.391705069124424,RGB,PNG
4e4a6224a04e,4e4a6224a04e.png,1050,1050,1.0,RGB,PNG
4e54ccfd49b2,4e54ccfd49b2.png,1050,1050,1.0,RGB,PNG
4e6071b73120,4e6071b73120.png,1844,1226,1.504078303425775,RGB,PNG
4e7694eebb91,4e7694eebb91.png,2416,1736,1.391705069124424,RGB,PNG
4e82c3c8d31f,4e82c3c8d31f.png,3388,2588,1.3091190108191655,RGB,PNG
4e8585a96739,4e8585a96739.png,819,614,1.3338762214983713,RGB,PNG
4e85aa647534,4e85aa647534.png,819,614,1.3338762214983713,RGB,PNG
4eabad7948cf,4eabad7948cf.png,2048,1536,1.3333333333333333,RGB,PNG
4eaf2f81819d,4eaf2f81819d.png,1050,1050,1.0,RGB,PNG
4ec7796df40e,4ec7796df40e.png,2048,1536,1.3333333333333333,RGB,PNG
4ecd1fdd1435,4ecd1fdd1435.png,2416,1736,1.391705069124424,RGB,PNG
4ed31cc07366,4ed31cc07366.png,3216,2136,1.5056179775280898,RGB,PNG
4ee1ad981a6d,4ee1ad981a6d.png,2588,1958,1.3217568947906027,RGB,PNG
4ef0b485a7da,4ef0b485a7da.png,1050,1050,1.0,RGB,PNG
4ef16a53d899,4ef16a53d899.png,819,614,1.3338762214983713,RGB,PNG
4ef7144e24ff,4ef7144e24ff.png,2416,1736,1.391705069124424,RGB,PNG
4f0866b90c27,4f0866b90c27.png,2896,1944,1.4897119341563787,RGB,PNG
4f20f9a9a65b,4f20f9a9a65b.png,2588,1958,1.3217568947906027,RGB,PNG
4f46d7ee61ed,4f46d7ee61ed.png,3216,2136,1.5056179775280898,RGB,PNG
4f5dd7660b17,4f5dd7660b17.png,2416,1736,1.391705069124424,RGB,PNG
4f60129e9a5b,4f60129e9a5b.png,3216,2136,1.5056179775280898,RGB,PNG
4f6abc40c72d,4f6abc40c72d.png,1050,1050,1.0,RGB,PNG
4f7755e74a9e,4f7755e74a9e.png,2416,1736,1.391705069124424,RGB,PNG
4fa26d065ad3,4fa26d065ad3.png,2416,1736,1.391705069124424,RGB,PNG
4faf4063db8c,4faf4063db8c.png,1050,1050,1.0,RGB,PNG
4fd5ec0dca09,4fd5ec0dca09.png,819,614,1.3338762214983713,RGB,PNG
4fecf87184e6,4fecf87184e6.png,2416,1736,1.391705069124424,RGB,PNG
4fef9ed8a4c5,4fef9ed8a4c5.png,3216,2136,1.5056179775280898,RGB,PNG
4ffa38550c95,4ffa38550c95.png,2048,1536,1.3333333333333333,RGB,PNG
500aad15b7c8,500aad15b7c8.png,2048,1536,1.3333333333333333,RGB,PNG
501c319f7a9f,501c319f7a9f.png,1050,1050,1.0,RGB,PNG
504a69096fcb,504a69096fcb.png,1050,1050,1.0,RGB,PNG
5056fa7d505f,5056fa7d505f.png,819,614,1.3338762214983713,RGB,PNG
5069feccd866,5069feccd866.png,2048,1536,1.3333333333333333,RGB,PNG
5077cdb88aed,5077cdb88aed.png,1050,1050,1.0,RGB,PNG
5078caaf1f57,5078caaf1f57.png,819,614,1.3338762214983713,RGB,PNG
50840c36f0b4,50840c36f0b4.png,2588,1958,1.3217568947906027,RGB,PNG
5090917a2676,5090917a2676.png,2588,1958,1.3217568947906027,RGB,PNG
50915e2329a1,50915e2329a1.png,2048,1536,1.3333333333333333,RGB,PNG
50916d67bb51,50916d67bb51.png,1050,1050,1.0,RGB,PNG
50a2aef380c8,50a2aef380c8.png,3216,2136,1.5056179775280898,RGB,PNG
50d8249f7bc9,50d8249f7bc9.png,2048,1536,1.3333333333333333,RGB,PNG
50d8a8fb7737,50d8a8fb7737.png,2588,1958,1.3217568947906027,RGB,PNG
50ddd7d976df,50ddd7d976df.png,2588,1958,1.3217568947906027,RGB,PNG
50f5201fd18a,50f5201fd18a.png,819,614,1.3338762214983713,RGB,PNG
51030843fde2,51030843fde2.png,3216,2136,1.5056179775280898,RGB,PNG
510aa0a898fa,510aa0a898fa.png,2588,1958,1.3217568947906027,RGB,PNG
51131b48f9d4,51131b48f9d4.png,2416,1736,1.391705069124424,RGB,PNG
511fd66b2df8,511fd66b2df8.png,2588,1958,1.3217568947906027,RGB,PNG
51269b77d312,51269b77d312.png,2416,1736,1.391705069124424,RGB,PNG
513b0a4651fa,513b0a4651fa.png,1050,1050,1.0,RGB,PNG
51405d042000,51405d042000.png,3216,2136,1.5056179775280898,RGB,PNG
5152bf091152,5152bf091152.png,3216,2136,1.5056179775280898,RGB,PNG
5173d54fc214,5173d54fc214.png,3216,2136,1.5056179775280898,RGB,PNG
5188a8afa879,5188a8afa879.png,3216,2136,1.5056179775280898,RGB,PNG
518e880613de,518e880613de.png,3216,2136,1.5056179775280898,RGB,PNG
519c6e8f78dc,519c6e8f78dc.png,2048,1536,1.3333333333333333,RGB,PNG
51a078d6d43a,51a078d6d43a.png,1050,1050,1.0,RGB,PNG
51a1d162e223,51a1d162e223.png,1844,1226,1.504078303425775,RGB,PNG
51aa3361294c,51aa3361294c.png,819,614,1.3338762214983713,RGB,PNG
51af8a689511,51af8a689511.png,1050,1050,1.0,RGB,PNG
51af8c112682,51af8c112682.png,2588,1958,1.3217568947906027,RGB,PNG
51cd8d2057fa,51cd8d2057fa.png,1050,1050,1.0,RGB,PNG
51cfeccaf40d,51cfeccaf40d.png,3216,2136,1.5056179775280898,RGB,PNG
51d0034d177d,51d0034d177d.png,2588,1958,1.3217568947906027,RGB,PNG
51d574513bcb,51d574513bcb.png,1844,1226,1.504078303425775,RGB,PNG
51d780864365,51d780864365.png,2416,1736,1.391705069124424,RGB,PNG
51da6aebba8f,51da6aebba8f.png,2588,1958,1.3217568947906027,RGB,PNG
51e656e5a541,51e656e5a541.png,819,614,1.3338762214983713,RGB,PNG
521b5377a727,521b5377a727.png,819,614,1.3338762214983713,RGB,PNG
521d3e264d71,521d3e264d71.png,1504,1000,1.504,RGB,PNG
52230bbef30e,52230bbef30e.png,2416,1736,1.391705069124424,RGB,PNG
523b3f0fc646,523b3f0fc646.png,2588,1958,1.3217568947906027,RGB,PNG
523d0c2cb4d6,523d0c2cb4d6.png,3216,2136,1.5056179775280898,RGB,PNG
523ff163211b,523ff163211b.png,4288,2848,1.5056179775280898,RGB,PNG
524f240e0c90,524f240e0c90.png,3216,2136,1.5056179775280898,RGB,PNG
5257cb536da2,5257cb536da2.png,819,614,1.3338762214983713,RGB,PNG
525acfea47e8,525acfea47e8.png,2416,1736,1.391705069124424,RGB,PNG
525d0dd8dc45,525d0dd8dc45.png,819,614,1.3338762214983713,RGB,PNG
5264a54e1830,5264a54e1830.png,819,614,1.3338762214983713,RGB,PNG
5265dc9acdf8,5265dc9acdf8.png,3216,2136,1.5056179775280898,RGB,PNG
527bea76116c,527bea76116c.png,2416,1736,1.391705069124424,RGB,PNG
52886bed8a07,52886bed8a07.png,3216,2136,1.5056179775280898,RGB,PNG
5288f7441f64,5288f7441f64.png,819,614,1.3338762214983713,RGB,PNG
5293576816aa,5293576816aa.png,1050,1050,1.0,RGB,PNG
529906ff9dfa,529906ff9dfa.png,1050,1050,1.0,RGB,PNG
5299a532f0e0,5299a532f0e0.png,1050,1050,1.0,RGB,PNG
52ae917fcea4,52ae917fcea4.png,2416,1736,1.391705069124424,RGB,PNG
52dbec057cc8,52dbec057cc8.png,3216,2136,1.5056179775280898,RGB,PNG
52ddde91a349,52ddde91a349.png,1050,1050,1.0,RGB,PNG
52edbe29d655,52edbe29d655.png,1050,1050,1.0,RGB,PNG
530d78467615,530d78467615.png,3216,2136,1.5056179775280898,RGB,PNG
531b39880c32,531b39880c32.png,2416,1736,1.391705069124424,RGB,PNG
5321ab64f9ea,5321ab64f9ea.png,1050,1050,1.0,RGB,PNG
53273d664cd8,53273d664cd8.png,1050,1050,1.0,RGB,PNG
5327f88a1919,5327f88a1919.png,2588,1958,1.3217568947906027,RGB,PNG
53327edb9e4d,53327edb9e4d.png,1050,1050,1.0,RGB,PNG
5347b4c8e9b3,5347b4c8e9b3.png,2588,1958,1.3217568947906027,RGB,PNG
535682537302,535682537302.png,1050,1050,1.0,RGB,PNG
53704c80f0d8,53704c80f0d8.png,2416,1736,1.391705069124424,RGB,PNG
537e50fdf22e,537e50fdf22e.png,2896,1944,1.4897119341563787,RGB,PNG
537e5c578f40,537e5c578f40.png,819,614,1.3338762214983713,RGB,PNG
53c874dbc594,53c874dbc594.png,2048,1536,1.3333333333333333,RGB,PNG
53ddae6a619e,53ddae6a619e.png,2048,1536,1.3333333333333333,RGB,PNG
53f6c1c65c04,53f6c1c65c04.png,2416,1736,1.391705069124424,RGB,PNG
54038e56131d,54038e56131d.png,1050,1050,1.0,RGB,PNG
540e4973829e,540e4973829e.png,819,614,1.3338762214983713,RGB,PNG
541db13517e2,541db13517e2.png,1844,1226,1.504078303425775,RGB,PNG
542964865b1e,542964865b1e.png,1050,1050,1.0,RGB,PNG
54334705a34d,54334705a34d.png,2048,1536,1.3333333333333333,RGB,PNG
5445255635f0,5445255635f0.png,2588,1958,1.3217568947906027,RGB,PNG
545df1bbcd61,545df1bbcd61.png,1050,1050,1.0,RGB,PNG
547b37da9223,547b37da9223.png,3388,2588,1.3091190108191655,RGB,PNG
5486da4273d7,5486da4273d7.png,3388,2588,1.3091190108191655,RGB,PNG
549381330191,549381330191.png,1050,1050,1.0,RGB,PNG
54b322c66d01,54b322c66d01.png,2048,1536,1.3333333333333333,RGB,PNG
54bbe3da103e,54bbe3da103e.png,2588,1958,1.3217568947906027,RGB,PNG
54bdcdecd8f3,54bdcdecd8f3.png,2048,1536,1.3333333333333333,RGB,PNG
54cab3596214,54cab3596214.png,1050,1050,1.0,RGB,PNG
54dc6e8107cd,54dc6e8107cd.png,2416,1736,1.391705069124424,RGB,PNG
54f57cf26126,54f57cf26126.png,2048,1536,1.3333333333333333,RGB,PNG
55034b1dbff2,55034b1dbff2.png,3216,2136,1.5056179775280898,RGB,PNG
55092c0071eb,55092c0071eb.png,2416,1736,1.391705069124424,RGB,PNG
5511f114e7ee,5511f114e7ee.png,2048,1536,1.3333333333333333,RGB,PNG
5548a7961a3e,5548a7961a3e.png,2588,1958,1.3217568947906027,RGB,PNG
555d0bef3c5b,555d0bef3c5b.png,1050,1050,1.0,RGB,PNG
55968f0e63c4,55968f0e63c4.png,1050,1050,1.0,RGB,PNG
55eac26bd383,55eac26bd383.png,2416,1736,1.391705069124424,RGB,PNG
55eb405ec71e,55eb405ec71e.png,3388,2588,1.3091190108191655,RGB,PNG
55f7f018c61c,55f7f018c61c.png,2588,1958,1.3217568947906027,RGB,PNG
55fd453001cc,55fd453001cc.png,2416,1736,1.391705069124424,RGB,PNG
5633ced07d8e,5633ced07d8e.png,2416,1736,1.391705069124424,RGB,PNG
565f3404f9b2,565f3404f9b2.png,1050,1050,1.0,RGB,PNG
5671eb95512b,5671eb95512b.png,2416,1736,1.391705069124424,RGB,PNG
568455854a11,568455854a11.png,819,614,1.3338762214983713,RGB,PNG
56e56aa08362,56e56aa08362.png,3216,2136,1.5056179775280898,RGB,PNG
5712e2aa73a2,5712e2aa73a2.png,2416,1736,1.391705069124424,RGB,PNG
571bbdbf585e,571bbdbf585e.png,1050,1050,1.0,RGB,PNG
5723d0ec895e,5723d0ec895e.png,2588,1958,1.3217568947906027,RGB,PNG
5728b8aa98ef,5728b8aa98ef.png,1050,1050,1.0,RGB,PNG
573ea80a53be,573ea80a53be.png,2048,1536,1.3333333333333333,RGB,PNG
57469423a012,57469423a012.png,2416,1736,1.391705069124424,RGB,PNG
576e189d23d4,576e189d23d4.png,1504,1000,1.504,RGB,PNG
57760be09c03,57760be09c03.png,3216,2136,1.5056179775280898,RGB,PNG
5777ef74c9ec,5777ef74c9ec.png,2416,1736,1.391705069124424,RGB,PNG
578109578b46,578109578b46.png,2588,1958,1.3217568947906027,RGB,PNG
57a5e4274275,57a5e4274275.png,2048,1536,1.3333333333333333,RGB,PNG
57a5f1015504,57a5f1015504.png,3216,2136,1.5056179775280898,RGB,PNG
57a710de68a4,57a710de68a4.png,1050,1050,1.0,RGB,PNG
57ce57a8cfb0,57ce57a8cfb0.png,2416,1736,1.391705069124424,RGB,PNG
57db4781e7ec,57db4781e7ec.png,1050,1050,1.0,RGB,PNG
57f5ad4b5b29,57f5ad4b5b29.png,819,614,1.3338762214983713,RGB,PNG
57f933d3d7c7,57f933d3d7c7.png,2588,1958,1.3217568947906027,RGB,PNG
58059e73d2d4,58059e73d2d4.png,819,614,1.3338762214983713,RGB,PNG
5814cbd2e9bf,5814cbd2e9bf.png,1050,1050,1.0,RGB,PNG
58184d6fd087,58184d6fd087.png,2416,1736,1.391705069124424,RGB,PNG
582115961a3d,582115961a3d.png,2416,1736,1.391705069124424,RGB,PNG
582f739b8f62,582f739b8f62.png,2416,1736,1.391705069124424,RGB,PNG
58529a8638d0,58529a8638d0.png,3216,2136,1.5056179775280898,RGB,PNG
586f5c56081e,586f5c56081e.png,1050,1050,1.0,RGB,PNG
587146a55885,587146a55885.png,2416,1736,1.391705069124424,RGB,PNG
5879285f9d8d,5879285f9d8d.png,2588,1958,1.3217568947906027,RGB,PNG
5889a0c75cac,5889a0c75cac.png,1050,1050,1.0,RGB,PNG
58a9e0d7f7af,58a9e0d7f7af.png,1050,1050,1.0,RGB,PNG
58af2c054ced,58af2c054ced.png,1050,1050,1.0,RGB,PNG
58b866484a05,58b866484a05.png,1844,1226,1.504078303425775,RGB,PNG
58c12863f33d,58c12863f33d.png,1050,1050,1.0,RGB,PNG
58ccba7eec9c,58ccba7eec9c.png,2416,1736,1.391705069124424,RGB,PNG
58eb3809f456,58eb3809f456.png,2048,1536,1.3333333333333333,RGB,PNG
58f07741ee3b,58f07741ee3b.png,2048,1536,1.3333333333333333,RGB,PNG
5905a9b06a73,5905a9b06a73.png,2588,1958,1.3217568947906027,RGB,PNG
594f69b503ad,594f69b503ad.png,4288,2848,1.5056179775280898,RGB,PNG
595446774178,595446774178.png,2416,1736,1.391705069124424,RGB,PNG
596f4fdb0004,596f4fdb0004.png,1050,1050,1.0,RGB,PNG
598b8f5b3822,598b8f5b3822.png,819,614,1.3338762214983713,RGB,PNG
59928f999ae7,59928f999ae7.png,2048,1536,1.3333333333333333,RGB,PNG
599498e9e4bc,599498e9e4bc.png,2048,1536,1.3333333333333333,RGB,PNG
5995321563b7,5995321563b7.png,1050,1050,1.0,RGB,PNG
599b89048034,599b89048034.png,3388,2588,1.3091190108191655,RGB,PNG
59bd19c1c5bb,59bd19c1c5bb.png,1050,1050,1.0,RGB,PNG
59e5212f7139,59e5212f7139.png,2416,1736,1.391705069124424,RGB,PNG
59ee65760535,59ee65760535.png,2588,1958,1.3217568947906027,RGB,PNG
59f3f70abddd,59f3f70abddd.png,3216,2136,1.5056179775280898,RGB,PNG
59fee5bc3479,59fee5bc3479.png,2588,1958,1.3217568947906027,RGB,PNG
5a03fe3ed15c,5a03fe3ed15c.png,2416,1736,1.391705069124424,RGB,PNG
5a091e8cd95c,5a091e8cd95c.png,2416,1736,1.391705069124424,RGB,PNG
5a0fe0ee4301,5a0fe0ee4301.png,1050,1050,1.0,RGB,PNG
5a11d21c2828,5a11d21c2828.png,3388,2588,1.3091190108191655,RGB,PNG
5a179c123fd8,5a179c123fd8.png,819,614,1.3338762214983713,RGB,PNG
5a27b9b2a9c1,5a27b9b2a9c1.png,819,614,1.3338762214983713,RGB,PNG
5a2c27b95c7c,5a2c27b95c7c.png,2416,1736,1.391705069124424,RGB,PNG
5a36cea278ae,5a36cea278ae.png,3216,2136,1.5056179775280898,RGB,PNG
5a444c32cd9a,5a444c32cd9a.png,1050,1050,1.0,RGB,PNG
5a5d3798c357,5a5d3798c357.png,3216,2136,1.5056179775280898,RGB,PNG
5a93c0f783c4,5a93c0f783c4.png,819,614,1.3338762214983713,RGB,PNG
5ac7a414560e,5ac7a414560e.png,1050,1050,1.0,RGB,PNG
5ad3dabeb2cd,5ad3dabeb2cd.png,1050,1050,1.0,RGB,PNG
5b068765e846,5b068765e846.png,2416,1736,1.391705069124424,RGB,PNG
5b0e53f53ef3,5b0e53f53ef3.png,2416,1736,1.391705069124424,RGB,PNG
5b1c4cefeb24,5b1c4cefeb24.png,2048,1536,1.3333333333333333,RGB,PNG
5b2648ad455e,5b2648ad455e.png,2048,1536,1.3333333333333333,RGB,PNG
5b301a6d1ac7,5b301a6d1ac7.png,2588,1958,1.3217568947906027,RGB,PNG
5b32ece9c627,5b32ece9c627.png,1050,1050,1.0,RGB,PNG
5b3d41626ec5,5b3d41626ec5.png,1050,1050,1.0,RGB,PNG
5b3e7197ac1c,5b3e7197ac1c.png,2416,1736,1.391705069124424,RGB,PNG
5b47043942f4,5b47043942f4.png,819,614,1.3338762214983713,RGB,PNG
5b5b80a3edee,5b5b80a3edee.png,2588,1958,1.3217568947906027,RGB,PNG
5b644a403e1f,5b644a403e1f.png,2416,1736,1.391705069124424,RGB,PNG
5b72ff04333d,5b72ff04333d.png,2416,1736,1.391705069124424,RGB,PNG
5b76117c4bcb,5b76117c4bcb.png,2416,1736,1.391705069124424,RGB,PNG
5b804948e35f,5b804948e35f.png,819,614,1.3338762214983713,RGB,PNG
5b994ff78547,5b994ff78547.png,1050,1050,1.0,RGB,PNG
5ba156a35ff2,5ba156a35ff2.png,1050,1050,1.0,RGB,PNG
5baed382f062,5baed382f062.png,819,614,1.3338762214983713,RGB,PNG
5bda2ed09e62,5bda2ed09e62.png,3388,2588,1.3091190108191655,RGB,PNG
5bea250d8bf5,5bea250d8bf5.png,1050,1050,1.0,RGB,PNG
5bf3357a2823,5bf3357a2823.png,2048,1536,1.3333333333333333,RGB,PNG
5bf6f2958e53,5bf6f2958e53.png,1050,1050,1.0,RGB,PNG
5c6194562ed2,5c6194562ed2.png,3216,2136,1.5056179775280898,RGB,PNG
5c7ab966a3ee,5c7ab966a3ee.png,2588,1958,1.3217568947906027,RGB,PNG
5c817060c0ed,5c817060c0ed.png,1050,1050,1.0,RGB,PNG
5c8482926a08,5c8482926a08.png,3216,2136,1.5056179775280898,RGB,PNG
5c85d22bd0de,5c85d22bd0de.png,1050,1050,1.0,RGB,PNG
5ca73d28f17f,5ca73d28f17f.png,2048,1536,1.3333333333333333,RGB,PNG
5ca779ace6e7,5ca779ace6e7.png,1050,1050,1.0,RGB,PNG
5cab3ef4b31c,5cab3ef4b31c.png,2588,1958,1.3217568947906027,RGB,PNG
5cbe88914a72,5cbe88914a72.png,1050,1050,1.0,RGB,PNG
5cc6dea19614,5cc6dea19614.png,2588,1958,1.3217568947906027,RGB,PNG
5cde55f745af,5cde55f745af.png,2416,1736,1.391705069124424,RGB,PNG
5ce5eeaf757a,5ce5eeaf757a.png,2048,1536,1.3333333333333333,RGB,PNG
5cf9127f251a,5cf9127f251a.png,3216,2136,1.5056179775280898,RGB,PNG
5d024177e214,5d024177e214.png,3216,2136,1.5056179775280898,RGB,PNG
5d3c8c1f57da,5d3c8c1f57da.png,819,614,1.3338762214983713,RGB,PNG
5d4e5fd34d91,5d4e5fd34d91.png,2048,1536,1.3333333333333333,RGB,PNG
5d5b5da5f939,5d5b5da5f939.png,1050,1050,1.0,RGB,PNG
5d6239c0fd39,5d6239c0fd39.png,1050,1050,1.0,RGB,PNG
5d74f98d62be,5d74f98d62be.png,1844,1226,1.504078303425775,RGB,PNG
5d9c841eb245,5d9c841eb245.png,2048,1536,1.3333333333333333,RGB,PNG
5db2e3a4594a,5db2e3a4594a.png,1050,1050,1.0,RGB,PNG
5db895d3f1fc,5db895d3f1fc.png,2048,1536,1.3333333333333333,RGB,PNG
5dc23e440de3,5dc23e440de3.png,3216,2136,1.5056179775280898,RGB,PNG
5dd2e26fc244,5dd2e26fc244.png,1050,1050,1.0,RGB,PNG
5de4615a5161,5de4615a5161.png,1050,1050,1.0,RGB,PNG
5e18af29d812,5e18af29d812.png,2416,1736,1.391705069124424,RGB,PNG
5e505e25cd3e,5e505e25cd3e.png,2048,1536,1.3333333333333333,RGB,PNG
5e5275ddee29,5e5275ddee29.png,1050,1050,1.0,RGB,PNG
5e52c9fe676f,5e52c9fe676f.png,2588,1958,1.3217568947906027,RGB,PNG
5e7630f8438e,5e7630f8438e.png,3216,2136,1.5056179775280898,RGB,PNG
5e7cc6ab4ac4,5e7cc6ab4ac4.png,2416,1736,1.391705069124424,RGB,PNG
5e7db41b3bee,5e7db41b3bee.png,3216,2136,1.5056179775280898,RGB,PNG
5e97cb2b0888,5e97cb2b0888.png,819,614,1.3338762214983713,RGB,PNG
5ea9e447bb62,5ea9e447bb62.png,1050,1050,1.0,RGB,PNG
5ead17e894ae,5ead17e894ae.png,819,614,1.3338762214983713,RGB,PNG
5eb311bcb5f9,5eb311bcb5f9.png,1504,1000,1.504,RGB,PNG
5eb8fb1aad41,5eb8fb1aad41.png,1050,1050,1.0,RGB,PNG
5ed6dc419e4d,5ed6dc419e4d.png,2416,1736,1.391705069124424,RGB,PNG
5efa24b03d5e,5efa24b03d5e.png,2896,1944,1.4897119341563787,RGB,PNG
5f13e8a07344,5f13e8a07344.png,640,480,1.3333333333333333,RGB,PNG
5f4a8c074bd5,5f4a8c074bd5.png,1050,1050,1.0,RGB,PNG
5f51192841f7,5f51192841f7.png,1050,1050,1.0,RGB,PNG
5f6db235c04d,5f6db235c04d.png,1050,1050,1.0,RGB,PNG
5f70ad48a525,5f70ad48a525.png,3388,2588,1.3091190108191655,RGB,PNG
5fcff7280019,5fcff7280019.png,819,614,1.3338762214983713,RGB,PNG
6028a575dc27,6028a575dc27.png,2416,1736,1.391705069124424,RGB,PNG
6061f5b7378d,6061f5b7378d.png,2896,1944,1.4897119341563787,RGB,PNG
606daaf0bfc7,606daaf0bfc7.png,819,614,1.3338762214983713,RGB,PNG
6089fa333013,6089fa333013.png,2588,1958,1.3217568947906027,RGB,PNG
609be3ca5ddf,609be3ca5ddf.png,819,614,1.3338762214983713,RGB,PNG
60aa4e649abf,60aa4e649abf.png,2588,1958,1.3217568947906027,RGB,PNG
60e269e3e188,60e269e3e188.png,2416,1736,1.391705069124424,RGB,PNG
60edda7b4871,60edda7b4871.png,2048,1536,1.3333333333333333,RGB,PNG
60eeae3ba23d,60eeae3ba23d.png,3216,2136,1.5056179775280898,RGB,PNG
60f15dd68d30,60f15dd68d30.png,2896,1944,1.4897119341563787,RGB,PNG
6107a2e9f60e,6107a2e9f60e.png,1476,1117,1.3213965980304387,RGB,PNG
6110ecb3bb1c,6110ecb3bb1c.png,1050,1050,1.0,RGB,PNG
612f2df37a1d,612f2df37a1d.png,2416,1736,1.391705069124424,RGB,PNG
613028ede6a0,613028ede6a0.png,1050,1050,1.0,RGB,PNG
613bacb35c05,613bacb35c05.png,2416,1736,1.391705069124424,RGB,PNG
6155cf375354,6155cf375354.png,1050,1050,1.0,RGB,PNG
6165081b9021,6165081b9021.png,2416,1736,1.391705069124424,RGB,PNG
6180920bc224,6180920bc224.png,1050,1050,1.0,RGB,PNG
6181aa9f75f4,6181aa9f75f4.png,2588,1958,1.3217568947906027,RGB,PNG
6194e0fff071,6194e0fff071.png,1844,1226,1.504078303425775,RGB,PNG
61a62b1dcc36,61a62b1dcc36.png,2048,1536,1.3333333333333333,RGB,PNG
61ac9b0dc6b9,61ac9b0dc6b9.png,4288,2848,1.5056179775280898,RGB,PNG
61bbc11fe503,61bbc11fe503.png,2416,1736,1.391705069124424,RGB,PNG
61bbe8db6f3a,61bbe8db6f3a.png,2416,1736,1.391705069124424,RGB,PNG
61c2fbd16e38,61c2fbd16e38.png,2588,1958,1.3217568947906027,RGB,PNG
61c667663f2f,61c667663f2f.png,1050,1050,1.0,RGB,PNG
61d9c88a3a4b,61d9c88a3a4b.png,2048,1536,1.3333333333333333,RGB,PNG
61da799bf0aa,61da799bf0aa.png,2588,1958,1.3217568947906027,RGB,PNG
61e301bd3c25,61e301bd3c25.png,3388,2588,1.3091190108191655,RGB,PNG
61f403fdb434,61f403fdb434.png,2588,1958,1.3217568947906027,RGB,PNG
62318d514160,62318d514160.png,2416,1736,1.391705069124424,RGB,PNG
624fb7317106,624fb7317106.png,2416,1736,1.391705069124424,RGB,PNG
6253f23229b1,6253f23229b1.png,2896,1944,1.4897119341563787,RGB,PNG
628b581aa905,628b581aa905.png,2048,1536,1.3333333333333333,RGB,PNG
6294b378d09f,6294b378d09f.png,819,614,1.3338762214983713,RGB,PNG
6298468d7d75,6298468d7d75.png,3388,2588,1.3091190108191655,RGB,PNG
62ab144d5cee,62ab144d5cee.png,2144,1424,1.5056179775280898,RGB,PNG
62b4be2799ca,62b4be2799ca.png,1050,1050,1.0,RGB,PNG
62b826899151,62b826899151.png,1050,1050,1.0,RGB,PNG
62cc7ddb53b6,62cc7ddb53b6.png,3216,2136,1.5056179775280898,RGB,PNG
62e6f814c8f5,62e6f814c8f5.png,2416,1736,1.391705069124424,RGB,PNG
62ecdc90dd42,62ecdc90dd42.png,1050,1050,1.0,RGB,PNG
6324d77cf926,6324d77cf926.png,1050,1050,1.0,RGB,PNG
63363410389a,63363410389a.png,2416,1736,1.391705069124424,RGB,PNG
633fe9dbaf39,633fe9dbaf39.png,2588,1958,1.3217568947906027,RGB,PNG
6363b360aefb,6363b360aefb.png,3216,2136,1.5056179775280898,RGB,PNG
6377e23928f6,6377e23928f6.png,3216,2136,1.5056179775280898,RGB,PNG
639915f58a2f,639915f58a2f.png,1050,1050,1.0,RGB,PNG
63a03880939c,63a03880939c.png,2416,1736,1.391705069124424,RGB,PNG
63b4d030b016,63b4d030b016.png,2416,1736,1.391705069124424,RGB,PNG
63b71347e95d,63b71347e95d.png,1050,1050,1.0,RGB,PNG
63c0eafd6aa9,63c0eafd6aa9.png,1050,1050,1.0,RGB,PNG
63c3c571b8ee,63c3c571b8ee.png,640,480,1.3333333333333333,RGB,PNG
63c7b0265775,63c7b0265775.png,1476,1117,1.3213965980304387,RGB,PNG
63d217b059b6,63d217b059b6.png,2416,1736,1.391705069124424,RGB,PNG
63e041a757eb,63e041a757eb.png,2588,1958,1.3217568947906027,RGB,PNG
64678182d8a8,64678182d8a8.png,2416,1736,1.391705069124424,RGB,PNG
64a13949e879,64a13949e879.png,3216,2136,1.5056179775280898,RGB,PNG
64ac539f58cb,64ac539f58cb.png,2048,1536,1.3333333333333333,RGB,PNG
64b9206afb3f,64b9206afb3f.png,1050,1050,1.0,RGB,PNG
64bad93fde3f,64bad93fde3f.png,1844,1226,1.504078303425775,RGB,PNG
64c6c6ee0d98,64c6c6ee0d98.png,2588,1958,1.3217568947906027,RGB,PNG
64eb5a79dfdd,64eb5a79dfdd.png,2588,1958,1.3217568947906027,RGB,PNG
64fedbf97473,64fedbf97473.png,2588,1958,1.3217568947906027,RGB,PNG
650104ede84c,650104ede84c.png,1050,1050,1.0,RGB,PNG
6504b703c429,6504b703c429.png,1050,1050,1.0,RGB,PNG
650fbed3fdca,650fbed3fdca.png,3216,2136,1.5056179775280898,RGB,PNG
6531070bf03c,6531070bf03c.png,3216,2136,1.5056179775280898,RGB,PNG
653534ded339,653534ded339.png,1050,1050,1.0,RGB,PNG
655cafb4c932,655cafb4c932.png,2416,1736,1.391705069124424,RGB,PNG
657859f893d9,657859f893d9.png,3216,2136,1.5056179775280898,RGB,PNG
658ad9f09f5d,658ad9f09f5d.png,819,614,1.3338762214983713,RGB,PNG
65a3b13ad9a0,65a3b13ad9a0.png,2416,1736,1.391705069124424,RGB,PNG
65a7fe9482fe,65a7fe9482fe.png,1050,1050,1.0,RGB,PNG
65c958379680,65c958379680.png,2144,1424,1.5056179775280898,RGB,PNG
65cf00be6fb4,65cf00be6fb4.png,819,614,1.3338762214983713,RGB,PNG
65dda202653d,65dda202653d.png,2588,1958,1.3217568947906027,RGB,PNG
65e120143825,65e120143825.png,2416,1736,1.391705069124424,RGB,PNG
65e51e18242b,65e51e18242b.png,2416,1736,1.391705069124424,RGB,PNG
65e530ee2e79,65e530ee2e79.png,1467,1110,1.3216216216216217,RGB,PNG
65e6f1bd9875,65e6f1bd9875.png,2588,1958,1.3217568947906027,RGB,PNG
65f5d2a6eb7e,65f5d2a6eb7e.png,1050,1050,1.0,RGB,PNG
65f69234c8a7,65f69234c8a7.png,1050,1050,1.0,RGB,PNG
6630f8675a97,6630f8675a97.png,4288,2848,1.5056179775280898,RGB,PNG
66366a90d1ef,66366a90d1ef.png,2588,1958,1.3217568947906027,RGB,PNG
66375b3c64db,66375b3c64db.png,3388,2588,1.3091190108191655,RGB,PNG
66393d8c60ba,66393d8c60ba.png,1050,1050,1.0,RGB,PNG
663a923d5398,663a923d5398.png,2588,1958,1.3217568947906027,RGB,PNG
66460ecab347,66460ecab347.png,2048,1536,1.3333333333333333,RGB,PNG
664b1f9a2087,664b1f9a2087.png,3216,2136,1.5056179775280898,RGB,PNG
6653ad026901,6653ad026901.png,1050,1050,1.0,RGB,PNG
665ce639a331,665ce639a331.png,2416,1736,1.391705069124424,RGB,PNG
6666c4f18396,6666c4f18396.png,3216,2136,1.5056179775280898,RGB,PNG
668a319c2d23,668a319c2d23.png,1050,1050,1.0,RGB,PNG
668e853258cd,668e853258cd.png,2588,1958,1.3217568947906027,RGB,PNG
66a0bf258013,66a0bf258013.png,2416,1736,1.391705069124424,RGB,PNG
66b88a4bc474,66b88a4bc474.png,2048,1536,1.3333333333333333,RGB,PNG
66bae1ba227f,66bae1ba227f.png,4288,2848,1.5056179775280898,RGB,PNG
66bfec8d6bcd,66bfec8d6bcd.png,1050,1050,1.0,RGB,PNG
66cd9c28e636,66cd9c28e636.png,2416,1736,1.391705069124424,RGB,PNG
66d2ca47aa44,66d2ca47aa44.png,2588,1958,1.3217568947906027,RGB,PNG
6733544ae7a6,6733544ae7a6.png,2588,1958,1.3217568947906027,RGB,PNG
6735931000ec,6735931000ec.png,3216,2136,1.5056179775280898,RGB,PNG
674057ab250c,674057ab250c.png,2588,1958,1.3217568947906027,RGB,PNG
675de69373f8,675de69373f8.png,819,614,1.3338762214983713,RGB,PNG
6762b2b48ea5,6762b2b48ea5.png,2416,1736,1.391705069124424,RGB,PNG
677f087cd697,677f087cd697.png,2416,1736,1.391705069124424,RGB,PNG
67844c46bc61,67844c46bc61.png,3216,2136,1.5056179775280898,RGB,PNG
67c03349bb31,67c03349bb31.png,1050,1050,1.0,RGB,PNG
67d8f94f04e0,67d8f94f04e0.png,2048,1536,1.3333333333333333,RGB,PNG
67ed8cc78b97,67ed8cc78b97.png,819,614,1.3338762214983713,RGB,PNG
67f5d89da548,67f5d89da548.png,2416,1736,1.391705069124424,RGB,PNG
6810410187a0,6810410187a0.png,3216,2136,1.5056179775280898,RGB,PNG
681c3c115684,681c3c115684.png,2588,1958,1.3217568947906027,RGB,PNG
682312e82ee3,682312e82ee3.png,2588,1958,1.3217568947906027,RGB,PNG
683023cda6a5,683023cda6a5.png,819,614,1.3338762214983713,RGB,PNG
68332fdcaa70,68332fdcaa70.png,2416,1736,1.391705069124424,RGB,PNG
684dd88a0d49,684dd88a0d49.png,819,614,1.3338762214983713,RGB,PNG
6852f4531591,6852f4531591.png,1050,1050,1.0,RGB,PNG
686ed1dbae20,686ed1dbae20.png,2144,1424,1.5056179775280898,RGB,PNG
687759336b0d,687759336b0d.png,2588,1958,1.3217568947906027,RGB,PNG
6889bc64ab09,6889bc64ab09.png,2588,1958,1.3217568947906027,RGB,PNG
68987fb159ab,68987fb159ab.png,1050,1050,1.0,RGB,PNG
68ddb15a74de,68ddb15a74de.png,1050,1050,1.0,RGB,PNG
691eeb59b4cb,691eeb59b4cb.png,1050,1050,1.0,RGB,PNG
692e946b1f85,692e946b1f85.png,1050,1050,1.0,RGB,PNG
69591ebb198d,69591ebb198d.png,3216,2136,1.5056179775280898,RGB,PNG
6966abf40b8c,6966abf40b8c.png,1050,1050,1.0,RGB,PNG
697538183db5,697538183db5.png,2896,1944,1.4897119341563787,RGB,PNG
6987804eb464,6987804eb464.png,1844,1226,1.504078303425775,RGB,PNG
698d6e422a80,698d6e422a80.png,640,480,1.3333333333333333,RGB,PNG
69b3a00927fc,69b3a00927fc.png,1050,1050,1.0,RGB,PNG
69c4cbb630de,69c4cbb630de.png,819,614,1.3338762214983713,RGB,PNG
69df7ade0575,69df7ade0575.png,2416,1736,1.391705069124424,RGB,PNG
69f43381317b,69f43381317b.png,2048,1536,1.3333333333333333,RGB,PNG
69fff98cb32a,69fff98cb32a.png,2416,1736,1.391705069124424,RGB,PNG
6a244e855d0e,6a244e855d0e.png,3216,2136,1.5056179775280898,RGB,PNG
6a2642131e4a,6a2642131e4a.png,1050,1050,1.0,RGB,PNG
6a2c3f4ef329,6a2c3f4ef329.png,2588,1958,1.3217568947906027,RGB,PNG
6a57a3db3eff,6a57a3db3eff.png,1050,1050,1.0,RGB,PNG
6a905a7202d2,6a905a7202d2.png,1050,1050,1.0,RGB,PNG
6a91eb157f47,6a91eb157f47.png,3388,2588,1.3091190108191655,RGB,PNG
6af071b0ac6e,6af071b0ac6e.png,2588,1958,1.3217568947906027,RGB,PNG
6b00cb764237,6b00cb764237.png,2416,1736,1.391705069124424,RGB,PNG
6b07971c3bf6,6b07971c3bf6.png,819,614,1.3338762214983713,RGB,PNG
6b128e648646,6b128e648646.png,3216,2136,1.5056179775280898,RGB,PNG
6b30767595d8,6b30767595d8.png,2048,1536,1.3333333333333333,RGB,PNG
6b3860e8f64f,6b3860e8f64f.png,1050,1050,1.0,RGB,PNG
6b664ed2a938,6b664ed2a938.png,2048,1536,1.3333333333333333,RGB,PNG
6b66b0e86f7e,6b66b0e86f7e.png,1050,1050,1.0,RGB,PNG
6b7cf869622a,6b7cf869622a.png,2588,1958,1.3217568947906027,RGB,PNG
6b869f37cdf3,6b869f37cdf3.png,2416,1736,1.391705069124424,RGB,PNG
6b91e99c9408,6b91e99c9408.png,2048,1536,1.3333333333333333,RGB,PNG
6ba5ed791444,6ba5ed791444.png,3388,2588,1.3091190108191655,RGB,PNG
6baafa56895c,6baafa56895c.png,2588,1958,1.3217568947906027,RGB,PNG
6bb30ec3231a,6bb30ec3231a.png,1050,1050,1.0,RGB,PNG
6bcce181be65,6bcce181be65.png,2588,1958,1.3217568947906027,RGB,PNG
6bf26b777e3a,6bf26b777e3a.png,2588,1958,1.3217568947906027,RGB,PNG
6bf2a81a5d91,6bf2a81a5d91.png,819,614,1.3338762214983713,RGB,PNG
6c00dd8bf708,6c00dd8bf708.png,1050,1050,1.0,RGB,PNG
6c250a30593b,6c250a30593b.png,2416,1736,1.391705069124424,RGB,PNG
6c2555a9cae4,6c2555a9cae4.png,2416,1736,1.391705069124424,RGB,PNG
6c30dd481717,6c30dd481717.png,819,614,1.3338762214983713,RGB,PNG
6c315ad3d07f,6c315ad3d07f.png,640,480,1.3333333333333333,RGB,PNG
6c3589d7ed8d,6c3589d7ed8d.png,1050,1050,1.0,RGB,PNG
6c3745a222da,6c3745a222da.png,1050,1050,1.0,RGB,PNG
6c4ec95dd8ba,6c4ec95dd8ba.png,2588,1958,1.3217568947906027,RGB,PNG
6c6505a0c637,6c6505a0c637.png,2048,1536,1.3333333333333333,RGB,PNG
6c6efb6b1358,6c6efb6b1358.png,4288,2848,1.5056179775280898,RGB,PNG
6c9c902a97de,6c9c902a97de.png,1050,1050,1.0,RGB,PNG
6cb96a6fb029,6cb96a6fb029.png,2048,1536,1.3333333333333333,RGB,PNG
6cb98da77e3e,6cb98da77e3e.png,1504,1000,1.504,RGB,PNG
6cbc3dad809c,6cbc3dad809c.png,3216,2136,1.5056179775280898,RGB,PNG
6ccfdb031184,6ccfdb031184.png,819,614,1.3338762214983713,RGB,PNG
6cd606dc52e9,6cd606dc52e9.png,4288,2848,1.5056179775280898,RGB,PNG
6cdd0f985270,6cdd0f985270.png,4288,2848,1.5056179775280898,RGB,PNG
6cee2e148520,6cee2e148520.png,2588,1958,1.3217568947906027,RGB,PNG
6cfb7b44ef6f,6cfb7b44ef6f.png,1844,1226,1.504078303425775,RGB,PNG
6cffc6c6851a,6cffc6c6851a.png,819,614,1.3338762214983713,RGB,PNG
6d0c0531083f,6d0c0531083f.png,2416,1736,1.391705069124424,RGB,PNG
6d10709053ae,6d10709053ae.png,1050,1050,1.0,RGB,PNG
6d259b5b4c76,6d259b5b4c76.png,3388,2588,1.3091190108191655,RGB,PNG
6d292ca4c9ad,6d292ca4c9ad.png,2416,1736,1.391705069124424,RGB,PNG
6d3d1fe6c32a,6d3d1fe6c32a.png,2416,1736,1.391705069124424,RGB,PNG
6d454444f17c,6d454444f17c.png,2416,1736,1.391705069124424,RGB,PNG
6d4f6c9a8406,6d4f6c9a8406.png,1050,1050,1.0,RGB,PNG
6d5a8362dd1e,6d5a8362dd1e.png,2588,1958,1.3217568947906027,RGB,PNG
6d6be4cfc73f,6d6be4cfc73f.png,1050,1050,1.0,RGB,PNG
6d6fcf49e515,6d6fcf49e515.png,1050,1050,1.0,RGB,PNG
6d7d26025122,6d7d26025122.png,3388,2588,1.3091190108191655,RGB,PNG
6d9effbcde78,6d9effbcde78.png,2588,1958,1.3217568947906027,RGB,PNG
6daef3e5ca22,6daef3e5ca22.png,1844,1226,1.504078303425775,RGB,PNG
6dc0281f11e3,6dc0281f11e3.png,1050,1050,1.0,RGB,PNG
6dc07f968794,6dc07f968794.png,1050,1050,1.0,RGB,PNG
6dcde47060f9,6dcde47060f9.png,3216,2136,1.5056179775280898,RGB,PNG
6de39b94f634,6de39b94f634.png,2048,1536,1.3333333333333333,RGB,PNG
6df8b7b6e837,6df8b7b6e837.png,2588,1958,1.3217568947906027,RGB,PNG
6dfd80748e72,6dfd80748e72.png,2416,1736,1.391705069124424,RGB,PNG
6e018411ba4a,6e018411ba4a.png,2588,1958,1.3217568947906027,RGB,PNG
6e092b306fe1,6e092b306fe1.png,2588,1958,1.3217568947906027,RGB,PNG
6e092caa065f,6e092caa065f.png,1050,1050,1.0,RGB,PNG
6e0f78e188ff,6e0f78e188ff.png,2588,1958,1.3217568947906027,RGB,PNG
6e1db8711879,6e1db8711879.png,2048,1536,1.3333333333333333,RGB,PNG
6e3526053de0,6e3526053de0.png,819,614,1.3338762214983713,RGB,PNG
6e44f6d04fc9,6e44f6d04fc9.png,1050,1050,1.0,RGB,PNG
6e68e742f5bc,6e68e742f5bc.png,3216,2136,1.5056179775280898,RGB,PNG
6e73acb2cf60,6e73acb2cf60.png,2416,1736,1.391705069124424,RGB,PNG
6e861bc3bd7b,6e861bc3bd7b.png,819,614,1.3338762214983713,RGB,PNG
6e92b1c5ac8e,6e92b1c5ac8e.png,2144,1424,1.5056179775280898,RGB,PNG
6ea07d19b4ce,6ea07d19b4ce.png,3216,2136,1.5056179775280898,RGB,PNG
6efa36d59ada,6efa36d59ada.png,2588,1958,1.3217568947906027,RGB,PNG
6f0463c1ff18,6f0463c1ff18.png,3216,2136,1.5056179775280898,RGB,PNG
6f0e5848d9ce,6f0e5848d9ce.png,1050,1050,1.0,RGB,PNG
6f3b62e5b7f5,6f3b62e5b7f5.png,819,614,1.3338762214983713,RGB,PNG
6f460f9968c7,6f460f9968c7.png,1050,1050,1.0,RGB,PNG
6f4719c6bb4b,6f4719c6bb4b.png,2588,1958,1.3217568947906027,RGB,PNG
6f4e0538d1e4,6f4e0538d1e4.png,2416,1736,1.391705069124424,RGB,PNG
6f689fced922,6f689fced922.png,1050,1050,1.0,RGB,PNG
6f923b60934b,6f923b60934b.png,2416,1736,1.391705069124424,RGB,PNG
6fb656d506b2,6fb656d506b2.png,3388,2588,1.3091190108191655,RGB,PNG
6fbaaf8eb67a,6fbaaf8eb67a.png,819,614,1.3338762214983713,RGB,PNG
6fe4751a3b42,6fe4751a3b42.png,1050,1050,1.0,RGB,PNG
6fe67482bfae,6fe67482bfae.png,3216,2136,1.5056179775280898,RGB,PNG
6fe67fd7f5d1,6fe67fd7f5d1.png,1050,1050,1.0,RGB,PNG
7005be54cab1,7005be54cab1.png,2416,1736,1.391705069124424,RGB,PNG
702de9dcde32,702de9dcde32.png,2416,1736,1.391705069124424,RGB,PNG
705f508d1e42,705f508d1e42.png,1050,1050,1.0,RGB,PNG
709784f7fcc2,709784f7fcc2.png,1844,1226,1.504078303425775,RGB,PNG
70d0392397de,70d0392397de.png,2588,1958,1.3217568947906027,RGB,PNG
70d657f8f503,70d657f8f503.png,1050,1050,1.0,RGB,PNG
70ed3ec68b94,70ed3ec68b94.png,2416,1736,1.391705069124424,RGB,PNG
70f5caf5f305,70f5caf5f305.png,1050,1050,1.0,RGB,PNG
7102f29e052e,7102f29e052e.png,3388,2588,1.3091190108191655,RGB,PNG
710b05a96e0f,710b05a96e0f.png,4288,2848,1.5056179775280898,RGB,PNG
7116128c65ab,7116128c65ab.png,1844,1226,1.504078303425775,RGB,PNG
711d1480d2e3,711d1480d2e3.png,2416,1736,1.391705069124424,RGB,PNG
7131bf4c9e6f,7131bf4c9e6f.png,819,614,1.3338762214983713,RGB,PNG
7179f85bfd6f,7179f85bfd6f.png,819,614,1.3338762214983713,RGB,PNG
71a39c660432,71a39c660432.png,3216,2136,1.5056179775280898,RGB,PNG
71c1a3cdbe47,71c1a3cdbe47.png,2416,1736,1.391705069124424,RGB,PNG
71c22da3d6c6,71c22da3d6c6.png,2048,1536,1.3333333333333333,RGB,PNG
71e4130bf5c8,71e4130bf5c8.png,3216,2136,1.5056179775280898,RGB,PNG
71e43b4f8ba6,71e43b4f8ba6.png,1050,1050,1.0,RGB,PNG
71f6a6e4620a,71f6a6e4620a.png,2416,1736,1.391705069124424,RGB,PNG
720b5f62ce80,720b5f62ce80.png,2048,1536,1.3333333333333333,RGB,PNG
721214151233,721214151233.png,1050,1050,1.0,RGB,PNG
7214fc7cbe03,7214fc7cbe03.png,2048,1536,1.3333333333333333,RGB,PNG
7247a2c97f71,7247a2c97f71.png,3216,2136,1.5056179775280898,RGB,PNG
72595230840c,72595230840c.png,2588,1958,1.3217568947906027,RGB,PNG
72606afaf3da,72606afaf3da.png,2048,1536,1.3333333333333333,RGB,PNG
7269a1d84a57,7269a1d84a57.png,2048,1536,1.3333333333333333,RGB,PNG
726dff37edc0,726dff37edc0.png,819,614,1.3338762214983713,RGB,PNG
7270367410a1,7270367410a1.png,3216,2136,1.5056179775280898,RGB,PNG
72a867980067,72a867980067.png,819,614,1.3338762214983713,RGB,PNG
72c31aa48e2c,72c31aa48e2c.png,1050,1050,1.0,RGB,PNG
72d98188648f,72d98188648f.png,3388,2588,1.3091190108191655,RGB,PNG
731b19a460ad,731b19a460ad.png,2416,1736,1.391705069124424,RGB,PNG
7335a2d43ada,7335a2d43ada.png,4288,2848,1.5056179775280898,RGB,PNG
7347bd23ba80,7347bd23ba80.png,1050,1050,1.0,RGB,PNG
7347f5133a6a,7347f5133a6a.png,2416,1736,1.391705069124424,RGB,PNG
7350c50667c5,7350c50667c5.png,2416,1736,1.391705069124424,RGB,PNG
7356dd08b0ae,7356dd08b0ae.png,640,480,1.3333333333333333,RGB,PNG
735836b1ffa6,735836b1ffa6.png,2416,1736,1.391705069124424,RGB,PNG
737ef6226677,737ef6226677.png,1050,1050,1.0,RGB,PNG
73881f55a3ec,73881f55a3ec.png,2416,1736,1.391705069124424,RGB,PNG
73a07e2ea23e,73a07e2ea23e.png,819,614,1.3338762214983713,RGB,PNG
73ba798fee25,73ba798fee25.png,1050,1050,1.0,RGB,PNG
73d40ce06a67,73d40ce06a67.png,1050,1050,1.0,RGB,PNG
73e83a07a16d,73e83a07a16d.png,2588,1958,1.3217568947906027,RGB,PNG
73ef3c3dcbe4,73ef3c3dcbe4.png,2588,1958,1.3217568947906027,RGB,PNG
74211a2b6dcf,74211a2b6dcf.png,2588,1958,1.3217568947906027,RGB,PNG
7427dedafccf,7427dedafccf.png,4288,2848,1.5056179775280898,RGB,PNG
7435e9a3e36e,7435e9a3e36e.png,2588,1958,1.3217568947906027,RGB,PNG
74418f620068,74418f620068.png,3216,2136,1.5056179775280898,RGB,PNG
7455e2b5fc57,7455e2b5fc57.png,3388,2588,1.3091190108191655,RGB,PNG
74898f372d2b,74898f372d2b.png,2588,1958,1.3217568947906027,RGB,PNG
74eee788edee,74eee788edee.png,2416,1736,1.391705069124424,RGB,PNG
750e0168399d,750e0168399d.png,2048,1536,1.3333333333333333,RGB,PNG
75238d945315,75238d945315.png,1050,1050,1.0,RGB,PNG
7525ebb3434d,7525ebb3434d.png,1504,1000,1.504,RGB,PNG
7526c59c36d3,7526c59c36d3.png,1050,1050,1.0,RGB,PNG
7526cf435753,7526cf435753.png,819,614,1.3338762214983713,RGB,PNG
75369248dba0,75369248dba0.png,1050,1050,1.0,RGB,PNG
753b14c27c83,753b14c27c83.png,2416,1736,1.391705069124424,RGB,PNG
7550966ef777,7550966ef777.png,2144,1424,1.5056179775280898,RGB,PNG
7569ac24762e,7569ac24762e.png,2048,1536,1.3333333333333333,RGB,PNG
756b0d6488bb,756b0d6488bb.png,2416,1736,1.391705069124424,RGB,PNG
757572337fd0,757572337fd0.png,3216,2136,1.5056179775280898,RGB,PNG
757e39293591,757e39293591.png,1050,1050,1.0,RGB,PNG
75a071608ea6,75a071608ea6.png,1050,1050,1.0,RGB,PNG
75a4343b12f9,75a4343b12f9.png,2416,1736,1.391705069124424,RGB,PNG
75a7bc945b7d,75a7bc945b7d.png,2416,1736,1.391705069124424,RGB,PNG
75c180e04f65,75c180e04f65.png,1050,1050,1.0,RGB,PNG
75ed83dbccce,75ed83dbccce.png,1050,1050,1.0,RGB,PNG
76095c338728,76095c338728.png,1050,1050,1.0,RGB,PNG
760b6f4c6d82,760b6f4c6d82.png,2416,1736,1.391705069124424,RGB,PNG
762d6e5d5068,762d6e5d5068.png,2416,1736,1.391705069124424,RGB,PNG
7635921c5efb,7635921c5efb.png,2048,1536,1.3333333333333333,RGB,PNG
763ad1236efe,763ad1236efe.png,1050,1050,1.0,RGB,PNG
76516f828d88,76516f828d88.png,1050,1050,1.0,RGB,PNG
7663aba8d762,7663aba8d762.png,2416,1736,1.391705069124424,RGB,PNG
767d777ee889,767d777ee889.png,2048,1536,1.3333333333333333,RGB,PNG
76b950c6ed5e,76b950c6ed5e.png,2048,1536,1.3333333333333333,RGB,PNG
76bc31e0d3be,76bc31e0d3be.png,2048,1536,1.3333333333333333,RGB,PNG
76be29bb30b2,76be29bb30b2.png,2416,1736,1.391705069124424,RGB,PNG
76c0c7e1b6cb,76c0c7e1b6cb.png,2416,1736,1.391705069124424,RGB,PNG
76cab26493f1,76cab26493f1.png,819,614,1.3338762214983713,RGB,PNG
76cb010f7aa0,76cb010f7aa0.png,2048,1536,1.3333333333333333,RGB,PNG
76cfe8967f7d,76cfe8967f7d.png,2896,1944,1.4897119341563787,RGB,PNG
76df141d966b,76df141d966b.png,2048,1536,1.3333333333333333,RGB,PNG
76e589911303,76e589911303.png,2416,1736,1.391705069124424,RGB,PNG
76e5b50f95a7,76e5b50f95a7.png,1050,1050,1.0,RGB,PNG
76e6a9238570,76e6a9238570.png,3216,2136,1.5056179775280898,RGB,PNG
76f3473df8a6,76f3473df8a6.png,2048,1536,1.3333333333333333,RGB,PNG
76fe19ff64fb,76fe19ff64fb.png,3216,2136,1.5056179775280898,RGB,PNG
772af553b8b7,772af553b8b7.png,2896,1944,1.4897119341563787,RGB,PNG
7743f4e04a6d,7743f4e04a6d.png,3216,2136,1.5056179775280898,RGB,PNG
77543f66a84a,77543f66a84a.png,640,480,1.3333333333333333,RGB,PNG
77a1f1398fdb,77a1f1398fdb.png,2588,1958,1.3217568947906027,RGB,PNG
77a9538b8362,77a9538b8362.png,2416,1736,1.391705069124424,RGB,PNG
77ab222bf85c,77ab222bf85c.png,819,614,1.3338762214983713,RGB,PNG
77acc2cafee1,77acc2cafee1.png,1050,1050,1.0,RGB,PNG
77b7b71ebcc3,77b7b71ebcc3.png,1050,1050,1.0,RGB,PNG
77baa08a1345,77baa08a1345.png,2588,1958,1.3217568947906027,RGB,PNG
77e15f213b04,77e15f213b04.png,2048,1536,1.3333333333333333,RGB,PNG
77e7c7a160c8,77e7c7a160c8.png,1050,1050,1.0,RGB,PNG
77f69c7ff324,77f69c7ff324.png,2588,1958,1.3217568947906027,RGB,PNG
780be525036d,780be525036d.png,1050,1050,1.0,RGB,PNG
780f9c237c56,780f9c237c56.png,1050,1050,1.0,RGB,PNG
780f9daaa24b,780f9daaa24b.png,1050,1050,1.0,RGB,PNG
7828dd083cdc,7828dd083cdc.png,1050,1050,1.0,RGB,PNG
7831ce1d895e,7831ce1d895e.png,1050,1050,1.0,RGB,PNG
784d6d302f98,784d6d302f98.png,1050,1050,1.0,RGB,PNG
785777558f05,785777558f05.png,2588,1958,1.3217568947906027,RGB,PNG
7877be80901c,7877be80901c.png,3216,2136,1.5056179775280898,RGB,PNG
788ddb0b70b7,788ddb0b70b7.png,2588,1958,1.3217568947906027,RGB,PNG
78937523f7a8,78937523f7a8.png,819,614,1.3338762214983713,RGB,PNG
789434d095d1,789434d095d1.png,3216,2136,1.5056179775280898,RGB,PNG
789c60cba801,789c60cba801.png,819,614,1.3338762214983713,RGB,PNG
789f0ec1eab8,789f0ec1eab8.png,1050,1050,1.0,RGB,PNG
78a577c3e0bf,78a577c3e0bf.png,2588,1958,1.3217568947906027,RGB,PNG
78b3f819dcc5,78b3f819dcc5.png,2588,1958,1.3217568947906027,RGB,PNG
78bcdffb8785,78bcdffb8785.png,1844,1226,1.504078303425775,RGB,PNG
78d53c82a23e,78d53c82a23e.png,640,480,1.3333333333333333,RGB,PNG
79059d0592c4,79059d0592c4.png,3216,2136,1.5056179775280898,RGB,PNG
79540be95177,79540be95177.png,3216,2136,1.5056179775280898,RGB,PNG
799214e8b07c,799214e8b07c.png,1050,1050,1.0,RGB,PNG
799cb4c816ae,799cb4c816ae.png,2416,1736,1.391705069124424,RGB,PNG
79ade634c633,79ade634c633.png,2048,1536,1.3333333333333333,RGB,PNG
79be2ff796bf,79be2ff796bf.png,3216,2136,1.5056179775280898,RGB,PNG
79cbae28d8b2,79cbae28d8b2.png,1050,1050,1.0,RGB,PNG
79ce83c07588,79ce83c07588.png,2416,1736,1.391705069124424,RGB,PNG
79d44db3da2d,79d44db3da2d.png,4288,2848,1.5056179775280898,RGB,PNG
7a06ea127e02,7a06ea127e02.png,1050,1050,1.0,RGB,PNG
7a0cff4c24b2,7a0cff4c24b2.png,3216,2136,1.5056179775280898,RGB,PNG
7a12f49e29df,7a12f49e29df.png,2588,1958,1.3217568947906027,RGB,PNG
7a238a1d3cf3,7a238a1d3cf3.png,2416,1736,1.391705069124424,RGB,PNG
7a39c91416e2,7a39c91416e2.png,1050,1050,1.0,RGB,PNG
7a3ea1779b13,7a3ea1779b13.png,2416,1736,1.391705069124424,RGB,PNG
7a42443ed106,7a42443ed106.png,1050,1050,1.0,RGB,PNG
7a46cfa69bae,7a46cfa69bae.png,1050,1050,1.0,RGB,PNG
7a6495a39d87,7a6495a39d87.png,1476,1117,1.3213965980304387,RGB,PNG
7a6e384a0846,7a6e384a0846.png,2588,1958,1.3217568947906027,RGB,PNG
7a77c3eb468c,7a77c3eb468c.png,1050,1050,1.0,RGB,PNG
7a9f45fdf29b,7a9f45fdf29b.png,1050,1050,1.0,RGB,PNG
7aabd768abff,7aabd768abff.png,2588,1958,1.3217568947906027,RGB,PNG
7ad0c4975890,7ad0c4975890.png,2416,1736,1.391705069124424,RGB,PNG
7adfb8fc0621,7adfb8fc0621.png,1050,1050,1.0,RGB,PNG
7ae69d22075a,7ae69d22075a.png,1050,1050,1.0,RGB,PNG
7af4d8704032,7af4d8704032.png,1050,1050,1.0,RGB,PNG
7b20210d9120,7b20210d9120.png,2416,1736,1.391705069124424,RGB,PNG
7b211d8bd249,7b211d8bd249.png,3388,2588,1.3091190108191655,RGB,PNG
7b29e3783919,7b29e3783919.png,2588,1958,1.3217568947906027,RGB,PNG
7b49041cbf17,7b49041cbf17.png,2588,1958,1.3217568947906027,RGB,PNG
7b691d9ced34,7b691d9ced34.png,2416,1736,1.391705069124424,RGB,PNG
7b87b0015282,7b87b0015282.png,1050,1050,1.0,RGB,PNG
7b8c78b41c0d,7b8c78b41c0d.png,2588,1958,1.3217568947906027,RGB,PNG
7b9d519cbd66,7b9d519cbd66.png,2588,1958,1.3217568947906027,RGB,PNG
7ba6b23c4b46,7ba6b23c4b46.png,819,614,1.3338762214983713,RGB,PNG
7bc00e58d419,7bc00e58d419.png,1050,1050,1.0,RGB,PNG
7bc2e0fa3f72,7bc2e0fa3f72.png,2588,1958,1.3217568947906027,RGB,PNG
7bc4dd99eee5,7bc4dd99eee5.png,4288,2848,1.5056179775280898,RGB,PNG
7bda86d95c5b,7bda86d95c5b.png,3216,2136,1.5056179775280898,RGB,PNG
7be1b9aa78aa,7be1b9aa78aa.png,1050,1050,1.0,RGB,PNG
7bf981d9c7fe,7bf981d9c7fe.png,2416,1736,1.391705069124424,RGB,PNG
7c2e852171c0,7c2e852171c0.png,1050,1050,1.0,RGB,PNG
7c2f820a6425,7c2f820a6425.png,2416,1736,1.391705069124424,RGB,PNG
7c3747c0b2c3,7c3747c0b2c3.png,2048,1536,1.3333333333333333,RGB,PNG
7c52fe73e748,7c52fe73e748.png,1504,1000,1.504,RGB,PNG
7c629b491d1a,7c629b491d1a.png,3216,2136,1.5056179775280898,RGB,PNG
7c6594b50690,7c6594b50690.png,1050,1050,1.0,RGB,PNG
7c90ab025331,7c90ab025331.png,3216,2136,1.5056179775280898,RGB,PNG
7cc4b7aabe04,7cc4b7aabe04.png,2416,1736,1.391705069124424,RGB,PNG
7ccb267fd394,7ccb267fd394.png,2416,1736,1.391705069124424,RGB,PNG
7ccf9d25dc48,7ccf9d25dc48.png,1050,1050,1.0,RGB,PNG
7ce671f952be,7ce671f952be.png,1050,1050,1.0,RGB,PNG
7d0a871c45db,7d0a871c45db.png,1050,1050,1.0,RGB,PNG
7d11dbc1e738,7d11dbc1e738.png,2048,1536,1.3333333333333333,RGB,PNG
7d1b40fdbd86,7d1b40fdbd86.png,1050,1050,1.0,RGB,PNG
7d1da90d3ca9,7d1da90d3ca9.png,2588,1958,1.3217568947906027,RGB,PNG
7d261f986bef,7d261f986bef.png,2144,1424,1.5056179775280898,RGB,PNG
7d37a2939f12,7d37a2939f12.png,3216,2136,1.5056179775280898,RGB,PNG
7d3835e4e63a,7d3835e4e63a.png,3216,2136,1.5056179775280898,RGB,PNG
7d48f8cdfb69,7d48f8cdfb69.png,2048,1536,1.3333333333333333,RGB,PNG
7d626a7ffe76,7d626a7ffe76.png,2416,1736,1.391705069124424,RGB,PNG
7d8f67cadc29,7d8f67cadc29.png,3216,2136,1.5056179775280898,RGB,PNG
7d94a000c2d0,7d94a000c2d0.png,1050,1050,1.0,RGB,PNG
7da558d92100,7da558d92100.png,819,614,1.3338762214983713,RGB,PNG
7ddcfcea7369,7ddcfcea7369.png,2048,1536,1.3333333333333333,RGB,PNG
7dee6bf8b9c1,7dee6bf8b9c1.png,2416,1736,1.391705069124424,RGB,PNG
7e0598cc88a0,7e0598cc88a0.png,2416,1736,1.391705069124424,RGB,PNG
7e160c8b611e,7e160c8b611e.png,3216,2136,1.5056179775280898,RGB,PNG
7e4019ac7f5a,7e4019ac7f5a.png,3216,2136,1.5056179775280898,RGB,PNG
7e5a76c4e103,7e5a76c4e103.png,2048,1536,1.3333333333333333,RGB,PNG
7e6e90a93aa5,7e6e90a93aa5.png,3216,2136,1.5056179775280898,RGB,PNG
7e70344b0c25,7e70344b0c25.png,2048,1536,1.3333333333333333,RGB,PNG
7e77b61e1639,7e77b61e1639.png,1050,1050,1.0,RGB,PNG
7e9081e95bf6,7e9081e95bf6.png,1050,1050,1.0,RGB,PNG
7e9458de5707,7e9458de5707.png,2416,1736,1.391705069124424,RGB,PNG
7e980424868e,7e980424868e.png,1050,1050,1.0,RGB,PNG
7ea756985353,7ea756985353.png,2416,1736,1.391705069124424,RGB,PNG
7ec0e61a7e29,7ec0e61a7e29.png,1050,1050,1.0,RGB,PNG
7ec1ffe8220b,7ec1ffe8220b.png,3216,2136,1.5056179775280898,RGB,PNG
7ed4128b2a4e,7ed4128b2a4e.png,1050,1050,1.0,RGB,PNG
7ee6de71c140,7ee6de71c140.png,1050,1050,1.0,RGB,PNG
7eeb191ad06b,7eeb191ad06b.png,1050,1050,1.0,RGB,PNG
7eee3d1f1268,7eee3d1f1268.png,2588,1958,1.3217568947906027,RGB,PNG
7ef5ff774a48,7ef5ff774a48.png,819,614,1.3338762214983713,RGB,PNG
7efc91af4ae6,7efc91af4ae6.png,474,358,1.324022346368715,RGB,PNG
7f0ffeb0a333,7f0ffeb0a333.png,2588,1958,1.3217568947906027,RGB,PNG
7f1f3269f546,7f1f3269f546.png,1050,1050,1.0,RGB,PNG
7f2123bc89a3,7f2123bc89a3.png,819,614,1.3338762214983713,RGB,PNG
7f2cce721e19,7f2cce721e19.png,1050,1050,1.0,RGB,PNG
7f39c36469b5,7f39c36469b5.png,1050,1050,1.0,RGB,PNG
7f43becd3e83,7f43becd3e83.png,819,614,1.3338762214983713,RGB,PNG
7f60f2a083d3,7f60f2a083d3.png,2416,1736,1.391705069124424,RGB,PNG
7f6690fa390a,7f6690fa390a.png,2048,1536,1.3333333333333333,RGB,PNG
7f6ce40f306b,7f6ce40f306b.png,1504,1000,1.504,RGB,PNG
7f84284598f5,7f84284598f5.png,2588,1958,1.3217568947906027,RGB,PNG
7fc3a8bb40de,7fc3a8bb40de.png,1050,1050,1.0,RGB,PNG
7fdb177b8f7d,7fdb177b8f7d.png,1050,1050,1.0,RGB,PNG
7fe7309d0b4f,7fe7309d0b4f.png,1050,1050,1.0,RGB,PNG
8000a6b97a84,8000a6b97a84.png,4288,2848,1.5056179775280898,RGB,PNG
8010c931321f,8010c931321f.png,1050,1050,1.0,RGB,PNG
803120c5d287,803120c5d287.png,3388,2588,1.3091190108191655,RGB,PNG
807135cbc438,807135cbc438.png,2588,1958,1.3217568947906027,RGB,PNG
80964d8e0863,80964d8e0863.png,1504,1000,1.504,RGB,PNG
80a02014b418,80a02014b418.png,2896,1944,1.4897119341563787,RGB,PNG
80b5697f2a5e,80b5697f2a5e.png,1050,1050,1.0,RGB,PNG
80b5a9519aec,80b5a9519aec.png,2588,1958,1.3217568947906027,RGB,PNG
80c67efc8101,80c67efc8101.png,1050,1050,1.0,RGB,PNG
80ca40196225,80ca40196225.png,2588,1958,1.3217568947906027,RGB,PNG
80d24897669f,80d24897669f.png,2416,1736,1.391705069124424,RGB,PNG
80dbeb0fdc75,80dbeb0fdc75.png,1050,1050,1.0,RGB,PNG
80e6e425f966,80e6e425f966.png,1050,1050,1.0,RGB,PNG
80e7cc0a0649,80e7cc0a0649.png,2588,1958,1.3217568947906027,RGB,PNG
80ed04a84a16,80ed04a84a16.png,2048,1536,1.3333333333333333,RGB,PNG
80f6b30ece8c,80f6b30ece8c.png,2048,1536,1.3333333333333333,RGB,PNG
80feb1f7ca5e,80feb1f7ca5e.png,3216,2136,1.5056179775280898,RGB,PNG
810d3779abd9,810d3779abd9.png,640,480,1.3333333333333333,RGB,PNG
810ed108f5b7,810ed108f5b7.png,2048,1536,1.3333333333333333,RGB,PNG
8114d6a160df,8114d6a160df.png,4288,2848,1.5056179775280898,RGB,PNG
812d5adafaf2,812d5adafaf2.png,2416,1736,1.391705069124424,RGB,PNG
81371b0c01ad,81371b0c01ad.png,819,614,1.3338762214983713,RGB,PNG
81704925f759,81704925f759.png,2048,1536,1.3333333333333333,RGB,PNG
8185ce1cdcef,8185ce1cdcef.png,1050,1050,1.0,RGB,PNG
81914ceb4e74,81914ceb4e74.png,1050,1050,1.0,RGB,PNG
8191ae701985,8191ae701985.png,2588,1958,1.3217568947906027,RGB,PNG
81b0a2651c45,81b0a2651c45.png,2144,1424,1.5056179775280898,RGB,PNG
81bc03e2ff2b,81bc03e2ff2b.png,3216,2136,1.5056179775280898,RGB,PNG
81d79d53ed7b,81d79d53ed7b.png,2588,1958,1.3217568947906027,RGB,PNG
8201cab8322d,8201cab8322d.png,640,480,1.3333333333333333,RGB,PNG
82088c6734e6,82088c6734e6.png,1050,1050,1.0,RGB,PNG
821789e9053f,821789e9053f.png,1050,1050,1.0,RGB,PNG
8241e43408a8,8241e43408a8.png,1050,1050,1.0,RGB,PNG
8273fdb4405e,8273fdb4405e.png,2416,1736,1.391705069124424,RGB,PNG
82910bba4753,82910bba4753.png,2588,1958,1.3217568947906027,RGB,PNG
82ac8463fadd,82ac8463fadd.png,1050,1050,1.0,RGB,PNG
82bb8a01935f,82bb8a01935f.png,4288,2848,1.5056179775280898,RGB,PNG
82d364726a58,82d364726a58.png,2588,1958,1.3217568947906027,RGB,PNG
82deb07a6618,82deb07a6618.png,3216,2136,1.5056179775280898,RGB,PNG
82e5bc01f8a4,82e5bc01f8a4.png,1050,1050,1.0,RGB,PNG
82f2784ead76,82f2784ead76.png,3216,2136,1.5056179775280898,RGB,PNG
83038ca49b6d,83038ca49b6d.png,1050,1050,1.0,RGB,PNG
830e297965a1,830e297965a1.png,2048,1536,1.3333333333333333,RGB,PNG
8329e80c10ac,8329e80c10ac.png,1050,1050,1.0,RGB,PNG
8344c783da65,8344c783da65.png,1050,1050,1.0,RGB,PNG
83517eaeccb9,83517eaeccb9.png,1050,1050,1.0,RGB,PNG
835b9f6e12ba,835b9f6e12ba.png,1050,1050,1.0,RGB,PNG
837acf120946,837acf120946.png,819,614,1.3338762214983713,RGB,PNG
838b3e4d0bb4,838b3e4d0bb4.png,2588,1958,1.3217568947906027,RGB,PNG
838c87c63422,838c87c63422.png,2416,1736,1.391705069124424,RGB,PNG
83a63c4a3e4a,83a63c4a3e4a.png,1050,1050,1.0,RGB,PNG
83b61051737f,83b61051737f.png,3216,2136,1.5056179775280898,RGB,PNG
83d6e40c869f,83d6e40c869f.png,1844,1226,1.504078303425775,RGB,PNG
83d81ba5959c,83d81ba5959c.png,2048,1536,1.3333333333333333,RGB,PNG
83df53d58f28,83df53d58f28.png,1050,1050,1.0,RGB,PNG
83e529e95b0e,83e529e95b0e.png,2416,1736,1.391705069124424,RGB,PNG
83fda7c0500b,83fda7c0500b.png,2588,1958,1.3217568947906027,RGB,PNG
840527bc6628,840527bc6628.png,3216,2136,1.5056179775280898,RGB,PNG
840a06a9c690,840a06a9c690.png,1050,1050,1.0,RGB,PNG
8421107255ae,8421107255ae.png,3216,2136,1.5056179775280898,RGB,PNG
842d697884f6,842d697884f6.png,1050,1050,1.0,RGB,PNG
8433a032b96c,8433a032b96c.png,2048,1536,1.3333333333333333,RGB,PNG
8446826853d0,8446826853d0.png,3216,2136,1.5056179775280898,RGB,PNG
8448af27ba07,8448af27ba07.png,1050,1050,1.0,RGB,PNG
847b04287c9c,847b04287c9c.png,1050,1050,1.0,RGB,PNG
848e66b9e199,848e66b9e199.png,2588,1958,1.3217568947906027,RGB,PNG
849a91e9ab28,849a91e9ab28.png,2416,1736,1.391705069124424,RGB,PNG
84a72e15b23c,84a72e15b23c.png,2416,1736,1.391705069124424,RGB,PNG
84b472c49cfa,84b472c49cfa.png,819,614,1.3338762214983713,RGB,PNG
84b4da14bc23,84b4da14bc23.png,1050,1050,1.0,RGB,PNG
84b79243e430,84b79243e430.png,1050,1050,1.0,RGB,PNG
84b88e8d3bca,84b88e8d3bca.png,819,614,1.3338762214983713,RGB,PNG
84c663f39632,84c663f39632.png,3388,2588,1.3091190108191655,RGB,PNG
84e8c62165b5,84e8c62165b5.png,3216,2136,1.5056179775280898,RGB,PNG
851e40a21f81,851e40a21f81.png,1050,1050,1.0,RGB,PNG
8543a801dce0,8543a801dce0.png,3388,2588,1.3091190108191655,RGB,PNG
855f0a5442b6,855f0a5442b6.png,3388,2588,1.3091190108191655,RGB,PNG
8564b7aa3c1a,8564b7aa3c1a.png,1050,1050,1.0,RGB,PNG
857002ed4e49,857002ed4e49.png,3216,2136,1.5056179775280898,RGB,PNG
857230f64a2e,857230f64a2e.png,1844,1226,1.504078303425775,RGB,PNG
8596a24a14bd,8596a24a14bd.png,2416,1736,1.391705069124424,RGB,PNG
85cbb84ac8e0,85cbb84ac8e0.png,2416,1736,1.391705069124424,RGB,PNG
85cc6d636898,85cc6d636898.png,2416,1736,1.391705069124424,RGB,PNG
85f99e7e4052,85f99e7e4052.png,2588,1958,1.3217568947906027,RGB,PNG
85fce24084da,85fce24084da.png,3216,2136,1.5056179775280898,RGB,PNG
86410aa13b3e,86410aa13b3e.png,1050,1050,1.0,RGB,PNG
8650d32f4a9e,8650d32f4a9e.png,819,614,1.3338762214983713,RGB,PNG
8660e1864665,8660e1864665.png,1050,1050,1.0,RGB,PNG
86722fcd802c,86722fcd802c.png,2416,1736,1.391705069124424,RGB,PNG
8676427e4625,8676427e4625.png,2588,1958,1.3217568947906027,RGB,PNG
8688f3d0fcaf,8688f3d0fcaf.png,1050,1050,1.0,RGB,PNG
8693ab1fd2be,8693ab1fd2be.png,819,614,1.3338762214983713,RGB,PNG
869bbd3170cc,869bbd3170cc.png,3216,2136,1.5056179775280898,RGB,PNG
86b3a7929bec,86b3a7929bec.png,1504,1000,1.504,RGB,PNG
86baef833ae0,86baef833ae0.png,3216,2136,1.5056179775280898,RGB,PNG
86d58f850a0c,86d58f850a0c.png,819,614,1.3338762214983713,RGB,PNG
86d6808f0609,86d6808f0609.png,2416,1736,1.391705069124424,RGB,PNG
86e7f98f73f1,86e7f98f73f1.png,3216,2136,1.5056179775280898,RGB,PNG
86fbac86ed3e,86fbac86ed3e.png,2416,1736,1.391705069124424,RGB,PNG
870f433e8f37,870f433e8f37.png,1050,1050,1.0,RGB,PNG
870fbe6eaa68,870fbe6eaa68.png,1050,1050,1.0,RGB,PNG
8714d17bb6da,8714d17bb6da.png,1844,1226,1.504078303425775,RGB,PNG
87295c5fa1cc,87295c5fa1cc.png,1050,1050,1.0,RGB,PNG
873dcc0b468f,873dcc0b468f.png,2416,1736,1.391705069124424,RGB,PNG
873fe0404d6e,873fe0404d6e.png,4288,2848,1.5056179775280898,RGB,PNG
874f8c1929f6,874f8c1929f6.png,1050,1050,1.0,RGB,PNG
875a2fc5fe23,875a2fc5fe23.png,2896,1944,1.4897119341563787,RGB,PNG
875d2ffcbf47,875d2ffcbf47.png,1050,1050,1.0,RGB,PNG
876deb29f000,876deb29f000.png,2048,1536,1.3333333333333333,RGB,PNG
876e1dd12d38,876e1dd12d38.png,3216,2136,1.5056179775280898,RGB,PNG
87774aafe068,87774aafe068.png,2416,1736,1.391705069124424,RGB,PNG
8785b71238d8,8785b71238d8.png,2588,1958,1.3217568947906027,RGB,PNG
878a3a097436,878a3a097436.png,3216,2136,1.5056179775280898,RGB,PNG
878e356c8fc9,878e356c8fc9.png,1050,1050,1.0,RGB,PNG
879744b9dc65,879744b9dc65.png,3216,2136,1.5056179775280898,RGB,PNG
87a9f4d20f07,87a9f4d20f07.png,1050,1050,1.0,RGB,PNG
87b1938994b5,87b1938994b5.png,3216,2136,1.5056179775280898,RGB,PNG
87b671c6d4c5,87b671c6d4c5.png,1050,1050,1.0,RGB,PNG
87d46b1cc4e9,87d46b1cc4e9.png,2048,1536,1.3333333333333333,RGB,PNG
880edb2cdb69,880edb2cdb69.png,1050,1050,1.0,RGB,PNG
881ec6186e68,881ec6186e68.png,1050,1050,1.0,RGB,PNG
882a71de424e,882a71de424e.png,2416,1736,1.391705069124424,RGB,PNG
883c6a184f16,883c6a184f16.png,1050,1050,1.0,RGB,PNG
883ddb650967,883ddb650967.png,1050,1050,1.0,RGB,PNG
8846b09384a4,8846b09384a4.png,2588,1958,1.3217568947906027,RGB,PNG
885fa5fc5da8,885fa5fc5da8.png,1050,1050,1.0,RGB,PNG
8860c7b11530,8860c7b11530.png,3216,2136,1.5056179775280898,RGB,PNG
8871e6a26596,8871e6a26596.png,3216,2136,1.5056179775280898,RGB,PNG
887c26fc0e1f,887c26fc0e1f.png,3216,2136,1.5056179775280898,RGB,PNG
88e4399d207c,88e4399d207c.png,1050,1050,1.0,RGB,PNG
88e5051f65bd,88e5051f65bd.png,2048,1536,1.3333333333333333,RGB,PNG
8906c9ed54a2,8906c9ed54a2.png,2048,1536,1.3333333333333333,RGB,PNG
891329021e12,891329021e12.png,1050,1050,1.0,RGB,PNG
891392c9683c,891392c9683c.png,2588,1958,1.3217568947906027,RGB,PNG
894a37fc3738,894a37fc3738.png,2048,1536,1.3333333333333333,RGB,PNG
8958a4d17b7e,8958a4d17b7e.png,2416,1736,1.391705069124424,RGB,PNG
895fe2bfc5b6,895fe2bfc5b6.png,2048,1536,1.3333333333333333,RGB,PNG
896ad584a841,896ad584a841.png,1050,1050,1.0,RGB,PNG
898f0bc8acfa,898f0bc8acfa.png,2048,1536,1.3333333333333333,RGB,PNG
89b044cbaf85,89b044cbaf85.png,2416,1736,1.391705069124424,RGB,PNG
89b725411cee,89b725411cee.png,2416,1736,1.391705069124424,RGB,PNG
89d2a7403a06,89d2a7403a06.png,2588,1958,1.3217568947906027,RGB,PNG
89d9c071a56f,89d9c071a56f.png,2416,1736,1.391705069124424,RGB,PNG
89ed6a0dd53f,89ed6a0dd53f.png,2416,1736,1.391705069124424,RGB,PNG
89ee1fa16f90,89ee1fa16f90.png,2416,1736,1.391705069124424,RGB,PNG
89fc080f7e83,89fc080f7e83.png,3216,2136,1.5056179775280898,RGB,PNG
8a01daa423f7,8a01daa423f7.png,2416,1736,1.391705069124424,RGB,PNG
8a234d68b27e,8a234d68b27e.png,2588,1958,1.3217568947906027,RGB,PNG
8a25a080f28f,8a25a080f28f.png,1844,1226,1.504078303425775,RGB,PNG
8a3eb86ae4bd,8a3eb86ae4bd.png,2048,1536,1.3333333333333333,RGB,PNG
8a482c024fc2,8a482c024fc2.png,1050,1050,1.0,RGB,PNG
8a67f1efa315,8a67f1efa315.png,2416,1736,1.391705069124424,RGB,PNG
8a759f94613a,8a759f94613a.png,1504,1000,1.504,RGB,PNG
8a7765e785fb,8a7765e785fb.png,2048,1536,1.3333333333333333,RGB,PNG
8a81f62320d6,8a81f62320d6.png,1050,1050,1.0,RGB,PNG
8a87dd2a784e,8a87dd2a784e.png,819,614,1.3338762214983713,RGB,PNG
8a8a251770cd,8a8a251770cd.png,1050,1050,1.0,RGB,PNG
8a9bef2fbd4e,8a9bef2fbd4e.png,2416,1736,1.391705069124424,RGB,PNG
8aa3c4681542,8aa3c4681542.png,1050,1050,1.0,RGB,PNG
8aab201c0691,8aab201c0691.png,1844,1226,1.504078303425775,RGB,PNG
8ab3faa3701f,8ab3faa3701f.png,2048,1536,1.3333333333333333,RGB,PNG
8ab8d9b3ce3f,8ab8d9b3ce3f.png,3216,2136,1.5056179775280898,RGB,PNG
8ac0c44bbf24,8ac0c44bbf24.png,2416,1736,1.391705069124424,RGB,PNG
8acdf12f412a,8acdf12f412a.png,1050,1050,1.0,RGB,PNG
8acffaf1f4b9,8acffaf1f4b9.png,1504,1000,1.504,RGB,PNG
8ae049175db6,8ae049175db6.png,2588,1958,1.3217568947906027,RGB,PNG
8af50c9d0a86,8af50c9d0a86.png,1476,1117,1.3213965980304387,RGB,PNG
8af6a4e5396f,8af6a4e5396f.png,2416,1736,1.391705069124424,RGB,PNG
8b079e79035f,8b079e79035f.png,1050,1050,1.0,RGB,PNG
8b26d3cd61e8,8b26d3cd61e8.png,2144,1424,1.5056179775280898,RGB,PNG
8b568d47a1fd,8b568d47a1fd.png,1050,1050,1.0,RGB,PNG
8b58f9a338e8,8b58f9a338e8.png,819,614,1.3338762214983713,RGB,PNG
8b76c3c5cb3e,8b76c3c5cb3e.png,2588,1958,1.3217568947906027,RGB,PNG
8b8fe3fc8950,8b8fe3fc8950.png,819,614,1.3338762214983713,RGB,PNG
8bad12d70368,8bad12d70368.png,2588,1958,1.3217568947906027,RGB,PNG
8bbd7835e9aa,8bbd7835e9aa.png,2416,1736,1.391705069124424,RGB,PNG
8bc6716c2238,8bc6716c2238.png,2588,1958,1.3217568947906027,RGB,PNG
8bdb891661a8,8bdb891661a8.png,2588,1958,1.3217568947906027,RGB,PNG
8be6629a6039,8be6629a6039.png,2588,1958,1.3217568947906027,RGB,PNG
8bed09514c3b,8bed09514c3b.png,2416,1736,1.391705069124424,RGB,PNG
8bf05909e1e1,8bf05909e1e1.png,1050,1050,1.0,RGB,PNG
8bf2d925dc0c,8bf2d925dc0c.png,1050,1050,1.0,RGB,PNG
8c0d05233238,8c0d05233238.png,2588,1958,1.3217568947906027,RGB,PNG
8c29a76fa08c,8c29a76fa08c.png,1050,1050,1.0,RGB,PNG
8c2f0f04e1ed,8c2f0f04e1ed.png,2416,1736,1.391705069124424,RGB,PNG
8c4ceddeb1c6,8c4ceddeb1c6.png,2048,1536,1.3333333333333333,RGB,PNG
8c7c26c52a6c,8c7c26c52a6c.png,2416,1736,1.391705069124424,RGB,PNG
8c84e96d9b01,8c84e96d9b01.png,819,614,1.3338762214983713,RGB,PNG
8c87bd748996,8c87bd748996.png,3216,2136,1.5056179775280898,RGB,PNG
8cb6b0efaaac,8cb6b0efaaac.png,2416,1736,1.391705069124424,RGB,PNG
8cb6b5b2f19c,8cb6b5b2f19c.png,3216,2136,1.5056179775280898,RGB,PNG
8ceff4c4c860,8ceff4c4c860.png,1050,1050,1.0,RGB,PNG
8d13c46e7d75,8d13c46e7d75.png,1050,1050,1.0,RGB,PNG
8d3d67661620,8d3d67661620.png,2416,1736,1.391705069124424,RGB,PNG
8d4d14a4ab07,8d4d14a4ab07.png,1050,1050,1.0,RGB,PNG
8d4ff745a409,8d4ff745a409.png,1050,1050,1.0,RGB,PNG
8d62ba9cb22a,8d62ba9cb22a.png,2588,1958,1.3217568947906027,RGB,PNG
8d7bb0649a02,8d7bb0649a02.png,2144,1424,1.5056179775280898,RGB,PNG
8d8aca52c07b,8d8aca52c07b.png,2588,1958,1.3217568947906027,RGB,PNG
8d9516ea3587,8d9516ea3587.png,1050,1050,1.0,RGB,PNG
8dafa62f9322,8dafa62f9322.png,1050,1050,1.0,RGB,PNG
8db2ce991101,8db2ce991101.png,2588,1958,1.3217568947906027,RGB,PNG
8dba09a4e5ed,8dba09a4e5ed.png,3388,2588,1.3091190108191655,RGB,PNG
8dc22e65c06f,8dc22e65c06f.png,2588,1958,1.3217568947906027,RGB,PNG
8dfa629ca74e,8dfa629ca74e.png,1050,1050,1.0,RGB,PNG
8dfff47b06b7,8dfff47b06b7.png,3216,2136,1.5056179775280898,RGB,PNG
8e20b8fac7c3,8e20b8fac7c3.png,3216,2136,1.5056179775280898,RGB,PNG
8e2a3978c244,8e2a3978c244.png,1050,1050,1.0,RGB,PNG
8e3b79e1f1f7,8e3b79e1f1f7.png,2588,1958,1.3217568947906027,RGB,PNG
8e4a354e3da2,8e4a354e3da2.png,2048,1536,1.3333333333333333,RGB,PNG
8e63fc4ab532,8e63fc4ab532.png,3216,2136,1.5056179775280898,RGB,PNG
8e67f2d7e0ee,8e67f2d7e0ee.png,1050,1050,1.0,RGB,PNG
8e6df9eedcd8,8e6df9eedcd8.png,2588,1958,1.3217568947906027,RGB,PNG
8e76054f0831,8e76054f0831.png,1050,1050,1.0,RGB,PNG
8e7981855125,8e7981855125.png,2588,1958,1.3217568947906027,RGB,PNG
8ead17dfb6a6,8ead17dfb6a6.png,2048,1536,1.3333333333333333,RGB,PNG
8ead8f37423c,8ead8f37423c.png,1050,1050,1.0,RGB,PNG
8eb3337a54e9,8eb3337a54e9.png,3216,2136,1.5056179775280898,RGB,PNG
8ed586c43023,8ed586c43023.png,1050,1050,1.0,RGB,PNG
8ee50c26fc13,8ee50c26fc13.png,819,614,1.3338762214983713,RGB,PNG
8eeac97f02f0,8eeac97f02f0.png,4288,2848,1.5056179775280898,RGB,PNG
8ef2eb8c51c4,8ef2eb8c51c4.png,3216,2136,1.5056179775280898,RGB,PNG
8f06ca4642bd,8f06ca4642bd.png,819,614,1.3338762214983713,RGB,PNG
8f10e41a2f02,8f10e41a2f02.png,1050,1050,1.0,RGB,PNG
8f14bca04b47,8f14bca04b47.png,2048,1536,1.3333333333333333,RGB,PNG
8f1e7433a95d,8f1e7433a95d.png,3388,2588,1.3091190108191655,RGB,PNG
8f2996b8d855,8f2996b8d855.png,2416,1736,1.391705069124424,RGB,PNG
8f318a978844,8f318a978844.png,1844,1226,1.504078303425775,RGB,PNG
8f9819752ca0,8f9819752ca0.png,1050,1050,1.0,RGB,PNG
8fbb2ca39911,8fbb2ca39911.png,1050,1050,1.0,RGB,PNG
8fc09fecd22f,8fc09fecd22f.png,2416,1736,1.391705069124424,RGB,PNG
8fd7ad26e691,8fd7ad26e691.png,3216,2136,1.5056179775280898,RGB,PNG
8ff2733f6aef,8ff2733f6aef.png,3388,2588,1.3091190108191655,RGB,PNG
8ff863f8874f,8ff863f8874f.png,2588,1958,1.3217568947906027,RGB,PNG
8ffa608170d3,8ffa608170d3.png,819,614,1.3338762214983713,RGB,PNG
901a3552fe26,901a3552fe26.png,1050,1050,1.0,RGB,PNG
902dc5a91a3f,902dc5a91a3f.png,1050,1050,1.0,RGB,PNG
9033f1493da1,9033f1493da1.png,3216,2136,1.5056179775280898,RGB,PNG
9039cbfcbb2f,9039cbfcbb2f.png,819,614,1.3338762214983713,RGB,PNG
9041eb43456e,9041eb43456e.png,3216,2136,1.5056179775280898,RGB,PNG
904b03ad5594,904b03ad5594.png,2588,1958,1.3217568947906027,RGB,PNG
905cc86bf100,905cc86bf100.png,3216,2136,1.5056179775280898,RGB,PNG
906d02fb822d,906d02fb822d.png,2416,1736,1.391705069124424,RGB,PNG
907aaff827e5,907aaff827e5.png,3216,2136,1.5056179775280898,RGB,PNG
9095d43fb132,9095d43fb132.png,2588,1958,1.3217568947906027,RGB,PNG
90960ddf4d14,90960ddf4d14.png,2048,1536,1.3333333333333333,RGB,PNG
90a786abe58e,90a786abe58e.png,1050,1050,1.0,RGB,PNG
90a9a41eec6d,90a9a41eec6d.png,819,614,1.3338762214983713,RGB,PNG
90b8bf342032,90b8bf342032.png,2416,1736,1.391705069124424,RGB,PNG
90bde2ff8953,90bde2ff8953.png,1050,1050,1.0,RGB,PNG
90c982cc2d96,90c982cc2d96.png,2416,1736,1.391705069124424,RGB,PNG
910bfd38e2f5,910bfd38e2f5.png,3216,2136,1.5056179775280898,RGB,PNG
9122b31414d3,9122b31414d3.png,1050,1050,1.0,RGB,PNG
912fbe06407e,912fbe06407e.png,1050,1050,1.0,RGB,PNG
913490237ad4,913490237ad4.png,2588,1958,1.3217568947906027,RGB,PNG
913b1890ed1e,913b1890ed1e.png,3216,2136,1.5056179775280898,RGB,PNG
916915f01e17,916915f01e17.png,1050,1050,1.0,RGB,PNG
916ec976ff30,916ec976ff30.png,2416,1736,1.391705069124424,RGB,PNG
917f76f360b6,917f76f360b6.png,2588,1958,1.3217568947906027,RGB,PNG
91a88d3b0358,91a88d3b0358.png,2416,1736,1.391705069124424,RGB,PNG
91b6ebaa3678,91b6ebaa3678.png,3216,2136,1.5056179775280898,RGB,PNG
91b7a4179ecf,91b7a4179ecf.png,819,614,1.3338762214983713,RGB,PNG
91cbe1c775ef,91cbe1c775ef.png,2144,1424,1.5056179775280898,RGB,PNG
91cf56d3d1af,91cf56d3d1af.png,2416,1736,1.391705069124424,RGB,PNG
91e2c2890c9f,91e2c2890c9f.png,2588,1958,1.3217568947906027,RGB,PNG
91e82fe4e434,91e82fe4e434.png,1050,1050,1.0,RGB,PNG
91e8af9ceee9,91e8af9ceee9.png,3216,2136,1.5056179775280898,RGB,PNG
91f3c4c1e72b,91f3c4c1e72b.png,2588,1958,1.3217568947906027,RGB,PNG
921433215353,921433215353.png,3216,2136,1.5056179775280898,RGB,PNG
922586d86cd8,922586d86cd8.png,1050,1050,1.0,RGB,PNG
9232dc06cfdc,9232dc06cfdc.png,1050,1050,1.0,RGB,PNG
92587e494d51,92587e494d51.png,2048,1536,1.3333333333333333,RGB,PNG
9274e75dc4d5,9274e75dc4d5.png,1050,1050,1.0,RGB,PNG
9287e57326d0,9287e57326d0.png,2048,1536,1.3333333333333333,RGB,PNG
92889b863ae6,92889b863ae6.png,2588,1958,1.3217568947906027,RGB,PNG
929cd3867815,929cd3867815.png,2588,1958,1.3217568947906027,RGB,PNG
92b0d27fc0ec,92b0d27fc0ec.png,3216,2136,1.5056179775280898,RGB,PNG
92d8a7c8e718,92d8a7c8e718.png,2588,1958,1.3217568947906027,RGB,PNG
92d9e9f08709,92d9e9f08709.png,2896,1944,1.4897119341563787,RGB,PNG
92e3d608fd3c,92e3d608fd3c.png,1050,1050,1.0,RGB,PNG
92f313287a29,92f313287a29.png,2416,1736,1.391705069124424,RGB,PNG
92fcf50b3562,92fcf50b3562.png,2048,1536,1.3333333333333333,RGB,PNG
930fee99213a,930fee99213a.png,1050,1050,1.0,RGB,PNG
932181b93b2f,932181b93b2f.png,2416,1736,1.391705069124424,RGB,PNG
934104859e68,934104859e68.png,1050,1050,1.0,RGB,PNG
93421787f520,93421787f520.png,1050,1050,1.0,RGB,PNG
936299166bea,936299166bea.png,819,614,1.3338762214983713,RGB,PNG
937bc1b924b1,937bc1b924b1.png,1050,1050,1.0,RGB,PNG
93802d1e3c41,93802d1e3c41.png,1050,1050,1.0,RGB,PNG
93a1b984de84,93a1b984de84.png,1050,1050,1.0,RGB,PNG
93be637084a2,93be637084a2.png,2416,1736,1.391705069124424,RGB,PNG
93d6d20a5ee3,93d6d20a5ee3.png,1050,1050,1.0,RGB,PNG
94076a9fb9b5,94076a9fb9b5.png,1050,1050,1.0,RGB,PNG
94111ed3d276,94111ed3d276.png,1844,1226,1.504078303425775,RGB,PNG
94145d1f42cf,94145d1f42cf.png,2048,1536,1.3333333333333333,RGB,PNG
941d874c8afb,941d874c8afb.png,1050,1050,1.0,RGB,PNG
942f544c4e15,942f544c4e15.png,1050,1050,1.0,RGB,PNG
94372043d55b,94372043d55b.png,2416,1736,1.391705069124424,RGB,PNG
944a233fbf8e,944a233fbf8e.png,2416,1736,1.391705069124424,RGB,PNG
946545473380,946545473380.png,1050,1050,1.0,RGB,PNG
949710bead24,949710bead24.png,1050,1050,1.0,RGB,PNG
94a67ec0714f,94a67ec0714f.png,2416,1736,1.391705069124424,RGB,PNG
94b1d8ad35ec,94b1d8ad35ec.png,1504,1000,1.504,RGB,PNG
94b9ccc73bb9,94b9ccc73bb9.png,819,614,1.3338762214983713,RGB,PNG
94dcb491143f,94dcb491143f.png,3388,2588,1.3091190108191655,RGB,PNG
94ef1d14597f,94ef1d14597f.png,3388,2588,1.3091190108191655,RGB,PNG
94f9ecf4b8d2,94f9ecf4b8d2.png,819,614,1.3338762214983713,RGB,PNG
9519a590985d,9519a590985d.png,1050,1050,1.0,RGB,PNG
956765d5f46d,956765d5f46d.png,819,614,1.3338762214983713,RGB,PNG
9568eb7e9c08,9568eb7e9c08.png,2588,1958,1.3217568947906027,RGB,PNG
958c1fa044ba,958c1fa044ba.png,1050,1050,1.0,RGB,PNG
959bb2d01091,959bb2d01091.png,819,614,1.3338762214983713,RGB,PNG
959dc602febc,959dc602febc.png,3216,2136,1.5056179775280898,RGB,PNG
95a4cc805c7b,95a4cc805c7b.png,2588,1958,1.3217568947906027,RGB,PNG
95e732e043a1,95e732e043a1.png,1504,1000,1.504,RGB,PNG
962c0fc85e13,962c0fc85e13.png,2048,1536,1.3333333333333333,RGB,PNG
962cf85e4f6d,962cf85e4f6d.png,2416,1736,1.391705069124424,RGB,PNG
966c07831334,966c07831334.png,1050,1050,1.0,RGB,PNG
96793edb1003,96793edb1003.png,819,614,1.3338762214983713,RGB,PNG
9688c6ef5dc5,9688c6ef5dc5.png,1050,1050,1.0,RGB,PNG
969f92a390db,969f92a390db.png,1050,1050,1.0,RGB,PNG
96a9706b8534,96a9706b8534.png,3388,2588,1.3091190108191655,RGB,PNG
96b5474ae604,96b5474ae604.png,1050,1050,1.0,RGB,PNG
96c3e3db68bc,96c3e3db68bc.png,3388,2588,1.3091190108191655,RGB,PNG
96c699221180,96c699221180.png,1050,1050,1.0,RGB,PNG
96ce10a1dbd7,96ce10a1dbd7.png,1050,1050,1.0,RGB,PNG
96d48b073f18,96d48b073f18.png,1844,1226,1.504078303425775,RGB,PNG
96ea316ed0ab,96ea316ed0ab.png,819,614,1.3338762214983713,RGB,PNG
971bb98ab935,971bb98ab935.png,819,614,1.3338762214983713,RGB,PNG
973b0facfa9b,973b0facfa9b.png,1050,1050,1.0,RGB,PNG
974c7d7b9c64,974c7d7b9c64.png,1050,1050,1.0,RGB,PNG
975252e325e3,975252e325e3.png,3388,2588,1.3091190108191655,RGB,PNG
976082127e2a,976082127e2a.png,1050,1050,1.0,RGB,PNG
977e1ca77653,977e1ca77653.png,2416,1736,1.391705069124424,RGB,PNG
9782c0489eca,9782c0489eca.png,2416,1736,1.391705069124424,RGB,PNG
9785805af1b8,9785805af1b8.png,640,480,1.3333333333333333,RGB,PNG
97a235367f9d,97a235367f9d.png,819,614,1.3338762214983713,RGB,PNG
97a5ad7548b7,97a5ad7548b7.png,3388,2588,1.3091190108191655,RGB,PNG
97bf61736b86,97bf61736b86.png,3216,2136,1.5056179775280898,RGB,PNG
97c6cb55866d,97c6cb55866d.png,2588,1958,1.3217568947906027,RGB,PNG
97d02a9b94f7,97d02a9b94f7.png,1050,1050,1.0,RGB,PNG
97da093947e8,97da093947e8.png,3216,2136,1.5056179775280898,RGB,PNG
97f290d31813,97f290d31813.png,2588,1958,1.3217568947906027,RGB,PNG
97fdee242fea,97fdee242fea.png,819,614,1.3338762214983713,RGB,PNG
98104c8c67eb,98104c8c67eb.png,2416,1736,1.391705069124424,RGB,PNG
98277aeb96a7,98277aeb96a7.png,2048,1536,1.3333333333333333,RGB,PNG
9837048b85dc,9837048b85dc.png,1504,1000,1.504,RGB,PNG
983c98354e9c,983c98354e9c.png,1050,1050,1.0,RGB,PNG
98441214557f,98441214557f.png,1050,1050,1.0,RGB,PNG
9858cc2ae073,9858cc2ae073.png,2048,1536,1.3333333333333333,RGB,PNG
9859e2a6cc24,9859e2a6cc24.png,1050,1050,1.0,RGB,PNG
9870ce41cac4,9870ce41cac4.png,2048,1536,1.3333333333333333,RGB,PNG
9878db94d9f3,9878db94d9f3.png,2896,1944,1.4897119341563787,RGB,PNG
98d41bce73a8,98d41bce73a8.png,2048,1536,1.3333333333333333,RGB,PNG
98e44127872f,98e44127872f.png,1050,1050,1.0,RGB,PNG
98e8adcf085c,98e8adcf085c.png,3216,2136,1.5056179775280898,RGB,PNG
98f48850ebce,98f48850ebce.png,3388,2588,1.3091190108191655,RGB,PNG
98f7136d2e7a,98f7136d2e7a.png,1504,1000,1.504,RGB,PNG
98fbe56dcc2c,98fbe56dcc2c.png,2416,1736,1.391705069124424,RGB,PNG
9904939ab83d,9904939ab83d.png,3388,2588,1.3091190108191655,RGB,PNG
9910c827e2fe,9910c827e2fe.png,1050,1050,1.0,RGB,PNG
99132193eaa0,99132193eaa0.png,2416,1736,1.391705069124424,RGB,PNG
991a0b7a8c87,991a0b7a8c87.png,819,614,1.3338762214983713,RGB,PNG
99240ee00485,99240ee00485.png,1050,1050,1.0,RGB,PNG
992599744a23,992599744a23.png,2588,1958,1.3217568947906027,RGB,PNG
992b9a07b25f,992b9a07b25f.png,2588,1958,1.3217568947906027,RGB,PNG
996f57c86ba5,996f57c86ba5.png,2144,1424,1.5056179775280898,RGB,PNG
996f9bba4ef0,996f9bba4ef0.png,1050,1050,1.0,RGB,PNG
9985375d709f,9985375d709f.png,1050,1050,1.0,RGB,PNG
999115d9386b,999115d9386b.png,3216,2136,1.5056179775280898,RGB,PNG
999ad827ed35,999ad827ed35.png,1050,1050,1.0,RGB,PNG
99c626e58464,99c626e58464.png,2048,1536,1.3333333333333333,RGB,PNG
99c6a123ed6a,99c6a123ed6a.png,1050,1050,1.0,RGB,PNG
99e8bf998285,99e8bf998285.png,3216,2136,1.5056179775280898,RGB,PNG
99ecdb41d5e7,99ecdb41d5e7.png,3388,2588,1.3091190108191655,RGB,PNG
9a1029536d78,9a1029536d78.png,1050,1050,1.0,RGB,PNG
9a159d4674cd,9a159d4674cd.png,819,614,1.3338762214983713,RGB,PNG
9a28d4e8aef0,9a28d4e8aef0.png,3216,2136,1.5056179775280898,RGB,PNG
9a3109657ac1,9a3109657ac1.png,2416,1736,1.391705069124424,RGB,PNG
9a326446c431,9a326446c431.png,2588,1958,1.3217568947906027,RGB,PNG
9a3c03a5ad0f,9a3c03a5ad0f.png,3216,2136,1.5056179775280898,RGB,PNG
9a496b1e20f9,9a496b1e20f9.png,2588,1958,1.3217568947906027,RGB,PNG
9a4f370d341b,9a4f370d341b.png,2416,1736,1.391705069124424,RGB,PNG
9a56cfb980ec,9a56cfb980ec.png,2048,1536,1.3333333333333333,RGB,PNG
9a78c6a7b1c2,9a78c6a7b1c2.png,2416,1736,1.391705069124424,RGB,PNG
9a7bd084395e,9a7bd084395e.png,2588,1958,1.3217568947906027,RGB,PNG
9a94e0316ee3,9a94e0316ee3.png,2416,1736,1.391705069124424,RGB,PNG
9a9b21215c55,9a9b21215c55.png,2588,1958,1.3217568947906027,RGB,PNG
9ab18a4a957f,9ab18a4a957f.png,2048,1536,1.3333333333333333,RGB,PNG
9ac2e3e9fca5,9ac2e3e9fca5.png,1050,1050,1.0,RGB,PNG
9ac41b9a809e,9ac41b9a809e.png,1050,1050,1.0,RGB,PNG
9ad92f1c1542,9ad92f1c1542.png,2416,1736,1.391705069124424,RGB,PNG
9ae54843c69a,9ae54843c69a.png,2588,1958,1.3217568947906027,RGB,PNG
9b093fe95d6b,9b093fe95d6b.png,2896,1944,1.4897119341563787,RGB,PNG
9b0eb9f41da4,9b0eb9f41da4.png,2588,1958,1.3217568947906027,RGB,PNG
9b32e8ef0ca0,9b32e8ef0ca0.png,2416,1736,1.391705069124424,RGB,PNG
9b418ce42c13,9b418ce42c13.png,1504,1000,1.504,RGB,PNG
9b4fc15df3c8,9b4fc15df3c8.png,819,614,1.3338762214983713,RGB,PNG
9b57e43b44e7,9b57e43b44e7.png,2588,1958,1.3217568947906027,RGB,PNG
9b70f84400af,9b70f84400af.png,819,614,1.3338762214983713,RGB,PNG
9b7b6e4db1d5,9b7b6e4db1d5.png,1504,1000,1.504,RGB,PNG
9b95d6203406,9b95d6203406.png,640,480,1.3333333333333333,RGB,PNG
9ba469af2980,9ba469af2980.png,2588,1958,1.3217568947906027,RGB,PNG
9bafbbd152d2,9bafbbd152d2.png,2588,1958,1.3217568947906027,RGB,PNG
9bbb6c455913,9bbb6c455913.png,1050,1050,1.0,RGB,PNG
9bd008aab548,9bd008aab548.png,1050,1050,1.0,RGB,PNG
9be0683649ff,9be0683649ff.png,2048,1536,1.3333333333333333,RGB,PNG
9be71d6d7e59,9be71d6d7e59.png,1050,1050,1.0,RGB,PNG
9bf060db8376,9bf060db8376.png,2416,1736,1.391705069124424,RGB,PNG
9c088d2d1559,9c088d2d1559.png,2588,1958,1.3217568947906027,RGB,PNG
9c14ce27cbfc,9c14ce27cbfc.png,2048,1536,1.3333333333333333,RGB,PNG
9c514d2d5b3f,9c514d2d5b3f.png,1050,1050,1.0,RGB,PNG
9c52b87d01f1,9c52b87d01f1.png,2144,1424,1.5056179775280898,RGB,PNG
9c5dd3612f0c,9c5dd3612f0c.png,1504,1000,1.504,RGB,PNG
9c6512166557,9c6512166557.png,819,614,1.3338762214983713,RGB,PNG
9c72ed6befa0,9c72ed6befa0.png,2588,1958,1.3217568947906027,RGB,PNG
9c893e16c055,9c893e16c055.png,1050,1050,1.0,RGB,PNG
9cc6b1f9bcbd,9cc6b1f9bcbd.png,2588,1958,1.3217568947906027,RGB,PNG
9ce46d400cd6,9ce46d400cd6.png,1050,1050,1.0,RGB,PNG
9cedf5c7016b,9cedf5c7016b.png,2588,1958,1.3217568947906027,RGB,PNG
9cf7c1349673,9cf7c1349673.png,1050,1050,1.0,RGB,PNG
9d1feed37610,9d1feed37610.png,1050,1050,1.0,RGB,PNG
9d62478042b6,9d62478042b6.png,2588,1958,1.3217568947906027,RGB,PNG
9d74428188bb,9d74428188bb.png,3388,2588,1.3091190108191655,RGB,PNG
9d75de31f1b8,9d75de31f1b8.png,1050,1050,1.0,RGB,PNG
9d98a0b585f2,9d98a0b585f2.png,1050,1050,1.0,RGB,PNG
9d9bfefa809c,9d9bfefa809c.png,3216,2136,1.5056179775280898,RGB,PNG
9da74370835a,9da74370835a.png,2416,1736,1.391705069124424,RGB,PNG
9dab2e6ba44b,9dab2e6ba44b.png,2588,1958,1.3217568947906027,RGB,PNG
9de9421f17e3,9de9421f17e3.png,1050,1050,1.0,RGB,PNG
9df31421cdd2,9df31421cdd2.png,2588,1958,1.3217568947906027,RGB,PNG
9e2058917304,9e2058917304.png,1050,1050,1.0,RGB,PNG
9e2a8135f471,9e2a8135f471.png,1050,1050,1.0,RGB,PNG
9e2ba2b979f1,9e2ba2b979f1.png,2048,1536,1.3333333333333333,RGB,PNG
9e3510963315,9e3510963315.png,1504,1000,1.504,RGB,PNG
9e5737f771c3,9e5737f771c3.png,2048,1536,1.3333333333333333,RGB,PNG
9e5ec293267c,9e5ec293267c.png,3388,2588,1.3091190108191655,RGB,PNG
9e7a63b2fc6a,9e7a63b2fc6a.png,2588,1958,1.3217568947906027,RGB,PNG
9e99ae6ee7af,9e99ae6ee7af.png,2048,1536,1.3333333333333333,RGB,PNG
9eaac43744f5,9eaac43744f5.png,3216,2136,1.5056179775280898,RGB,PNG
9eaf735cf01f,9eaf735cf01f.png,2416,1736,1.391705069124424,RGB,PNG
9ed666e982cd,9ed666e982cd.png,2416,1736,1.391705069124424,RGB,PNG
9ed6c2b25767,9ed6c2b25767.png,819,614,1.3338762214983713,RGB,PNG
9f1b14dfa14c,9f1b14dfa14c.png,819,614,1.3338762214983713,RGB,PNG
9f1efb799b7b,9f1efb799b7b.png,1504,1000,1.504,RGB,PNG
9f285b3e57ed,9f285b3e57ed.png,1050,1050,1.0,RGB,PNG
9f37c98b8187,9f37c98b8187.png,2588,1958,1.3217568947906027,RGB,PNG
9f4132bd6ed6,9f4132bd6ed6.png,1504,1000,1.504,RGB,PNG
9f436886e056,9f436886e056.png,1050,1050,1.0,RGB,PNG
9f5a8665cf2e,9f5a8665cf2e.png,2416,1736,1.391705069124424,RGB,PNG
9f8112c710be,9f8112c710be.png,1050,1050,1.0,RGB,PNG
9f935fb38440,9f935fb38440.png,819,614,1.3338762214983713,RGB,PNG
9fa02dfb5553,9fa02dfb5553.png,1050,1050,1.0,RGB,PNG
9faad91b6578,9faad91b6578.png,2416,1736,1.391705069124424,RGB,PNG
9fab29e69a6b,9fab29e69a6b.png,1844,1226,1.504078303425775,RGB,PNG
9fefe2b44795,9fefe2b44795.png,3388,2588,1.3091190108191655,RGB,PNG
a00b4cb250a7,a00b4cb250a7.png,2416,1736,1.391705069124424,RGB,PNG
a01024054596,a01024054596.png,2416,1736,1.391705069124424,RGB,PNG
a015ce4f51ad,a015ce4f51ad.png,3216,2136,1.5056179775280898,RGB,PNG
a01c590c444f,a01c590c444f.png,2416,1736,1.391705069124424,RGB,PNG
a0267206d51e,a0267206d51e.png,2416,1736,1.391705069124424,RGB,PNG
a02dfd67a925,a02dfd67a925.png,819,614,1.3338762214983713,RGB,PNG
a0445785e2f7,a0445785e2f7.png,2048,1536,1.3333333333333333,RGB,PNG
a04fb36db784,a04fb36db784.png,2416,1736,1.391705069124424,RGB,PNG
a06a63d866b2,a06a63d866b2.png,1050,1050,1.0,RGB,PNG
a06b353e7bed,a06b353e7bed.png,2048,1536,1.3333333333333333,RGB,PNG
a06e41bd2634,a06e41bd2634.png,2416,1736,1.391705069124424,RGB,PNG
a06e5ac695ce,a06e5ac695ce.png,2048,1536,1.3333333333333333,RGB,PNG
a07d571bf7ba,a07d571bf7ba.png,819,614,1.3338762214983713,RGB,PNG
a07d9a5045cb,a07d9a5045cb.png,1050,1050,1.0,RGB,PNG
a07efb1ecfc0,a07efb1ecfc0.png,2048,1536,1.3333333333333333,RGB,PNG
a08a0133754a,a08a0133754a.png,1050,1050,1.0,RGB,PNG
a0a0cd8af5a6,a0a0cd8af5a6.png,1844,1226,1.504078303425775,RGB,PNG
a0adbe677508,a0adbe677508.png,1050,1050,1.0,RGB,PNG
a0b7ad98df57,a0b7ad98df57.png,1050,1050,1.0,RGB,PNG
a0cd7bffdaa0,a0cd7bffdaa0.png,1050,1050,1.0,RGB,PNG
a0d04a19cf40,a0d04a19cf40.png,3216,2136,1.5056179775280898,RGB,PNG
a0e635689259,a0e635689259.png,819,614,1.3338762214983713,RGB,PNG
a0fd94e2ad76,a0fd94e2ad76.png,1050,1050,1.0,RGB,PNG
a11bf2edd470,a11bf2edd470.png,2588,1958,1.3217568947906027,RGB,PNG
a11c62cb3f86,a11c62cb3f86.png,2588,1958,1.3217568947906027,RGB,PNG
a125377fb985,a125377fb985.png,3216,2136,1.5056179775280898,RGB,PNG
a12ca80bb8c7,a12ca80bb8c7.png,2048,1536,1.3333333333333333,RGB,PNG
a14bbd9a583e,a14bbd9a583e.png,2416,1736,1.391705069124424,RGB,PNG
a14fcf84bfe1,a14fcf84bfe1.png,3216,2136,1.5056179775280898,RGB,PNG
a150ff5dfe07,a150ff5dfe07.png,3388,2588,1.3091190108191655,RGB,PNG
a15470303941,a15470303941.png,2416,1736,1.391705069124424,RGB,PNG
a15590a7d774,a15590a7d774.png,3388,2588,1.3091190108191655,RGB,PNG
a15652b22ab8,a15652b22ab8.png,2416,1736,1.391705069124424,RGB,PNG
a1822dd8d05d,a1822dd8d05d.png,1050,1050,1.0,RGB,PNG
a182b5b191de,a182b5b191de.png,3216,2136,1.5056179775280898,RGB,PNG
a1872f9c0cba,a1872f9c0cba.png,2048,1536,1.3333333333333333,RGB,PNG
a188c60b93fb,a188c60b93fb.png,2588,1958,1.3217568947906027,RGB,PNG
a19507501b40,a19507501b40.png,3216,2136,1.5056179775280898,RGB,PNG
a19ecd0a706e,a19ecd0a706e.png,2416,1736,1.391705069124424,RGB,PNG
a1b12fdce6c3,a1b12fdce6c3.png,3216,2136,1.5056179775280898,RGB,PNG
a1b28bcbce00,a1b28bcbce00.png,819,614,1.3338762214983713,RGB,PNG
a1e236fbc863,a1e236fbc863.png,819,614,1.3338762214983713,RGB,PNG
a1eb88562239,a1eb88562239.png,1050,1050,1.0,RGB,PNG
a1edf0e66592,a1edf0e66592.png,1050,1050,1.0,RGB,PNG
a1faeb4d5f10,a1faeb4d5f10.png,1050,1050,1.0,RGB,PNG
a2163f0c2af5,a2163f0c2af5.png,1050,1050,1.0,RGB,PNG
a21b37719f9b,a21b37719f9b.png,2416,1736,1.391705069124424,RGB,PNG
a247961a5cd9,a247961a5cd9.png,1050,1050,1.0,RGB,PNG
a2696f444ecb,a2696f444ecb.png,2416,1736,1.391705069124424,RGB,PNG
a26f50218b84,a26f50218b84.png,819,614,1.3338762214983713,RGB,PNG
a2811f512c1c,a2811f512c1c.png,1050,1050,1.0,RGB,PNG
a28bfb772f50,a28bfb772f50.png,1844,1226,1.504078303425775,RGB,PNG
a2ad3da4c7d6,a2ad3da4c7d6.png,2416,1736,1.391705069124424,RGB,PNG
a2b97d98f130,a2b97d98f130.png,2588,1958,1.3217568947906027,RGB,PNG
a2b995b81692,a2b995b81692.png,1050,1050,1.0,RGB,PNG
a2d349f567a6,a2d349f567a6.png,1050,1050,1.0,RGB,PNG
a2ddabee14e9,a2ddabee14e9.png,2416,1736,1.391705069124424,RGB,PNG
a2dff8dbc9f8,a2dff8dbc9f8.png,2048,1536,1.3333333333333333,RGB,PNG
a30a143a53a3,a30a143a53a3.png,1050,1050,1.0,RGB,PNG
a3132c8828e4,a3132c8828e4.png,2048,1536,1.3333333333333333,RGB,PNG
a32886cb31ab,a32886cb31ab.png,2416,1736,1.391705069124424,RGB,PNG
a32b5ce3d48a,a32b5ce3d48a.png,2416,1736,1.391705069124424,RGB,PNG
a3475dc3ac80,a3475dc3ac80.png,2416,1736,1.391705069124424,RGB,PNG
a34fc5376669,a34fc5376669.png,1050,1050,1.0,RGB,PNG
a3706ce27869,a3706ce27869.png,1050,1050,1.0,RGB,PNG
a3802934bad7,a3802934bad7.png,640,480,1.3333333333333333,RGB,PNG
a384e688e228,a384e688e228.png,1050,1050,1.0,RGB,PNG
a386ec9aabde,a386ec9aabde.png,2416,1736,1.391705069124424,RGB,PNG
a3957df90a78,a3957df90a78.png,3216,2136,1.5056179775280898,RGB,PNG
a3ad6c2db6f1,a3ad6c2db6f1.png,2416,1736,1.391705069124424,RGB,PNG
a3b2e93d058b,a3b2e93d058b.png,2144,1424,1.5056179775280898,RGB,PNG
a3bd2e034614,a3bd2e034614.png,2588,1958,1.3217568947906027,RGB,PNG
a3d2a0c4cd17,a3d2a0c4cd17.png,2416,1736,1.391705069124424,RGB,PNG
a3fcf42ff56d,a3fcf42ff56d.png,3388,2588,1.3091190108191655,RGB,PNG
a4012932e18d,a4012932e18d.png,2416,1736,1.391705069124424,RGB,PNG
a419fcb2dfb5,a419fcb2dfb5.png,819,614,1.3338762214983713,RGB,PNG
a4359815f152,a4359815f152.png,2588,1958,1.3217568947906027,RGB,PNG
a44345b27804,a44345b27804.png,1050,1050,1.0,RGB,PNG
a443c4fd489c,a443c4fd489c.png,1050,1050,1.0,RGB,PNG
a45c30da0c72,a45c30da0c72.png,819,614,1.3338762214983713,RGB,PNG
a45d77edf8d9,a45d77edf8d9.png,3388,2588,1.3091190108191655,RGB,PNG
a47432cd41e7,a47432cd41e7.png,2416,1736,1.391705069124424,RGB,PNG
a476fd984005,a476fd984005.png,3388,2588,1.3091190108191655,RGB,PNG
a47878630dc2,a47878630dc2.png,2588,1958,1.3217568947906027,RGB,PNG
a484bdf85b4c,a484bdf85b4c.png,1050,1050,1.0,RGB,PNG
a49b0b4484ea,a49b0b4484ea.png,2588,1958,1.3217568947906027,RGB,PNG
a4b8de38eac1,a4b8de38eac1.png,2896,1944,1.4897119341563787,RGB,PNG
a4d41c495666,a4d41c495666.png,2588,1958,1.3217568947906027,RGB,PNG
a4d4b69f7404,a4d4b69f7404.png,2416,1736,1.391705069124424,RGB,PNG
a4ee03ecff60,a4ee03ecff60.png,1050,1050,1.0,RGB,PNG
a505981d1cab,a505981d1cab.png,2144,1424,1.5056179775280898,RGB,PNG
a528be013a04,a528be013a04.png,1050,1050,1.0,RGB,PNG
a53d6d2472a6,a53d6d2472a6.png,1050,1050,1.0,RGB,PNG
a56230242a95,a56230242a95.png,1504,1000,1.504,RGB,PNG
a56729de89e9,a56729de89e9.png,1050,1050,1.0,RGB,PNG
a5a2a7003d60,a5a2a7003d60.png,2416,1736,1.391705069124424,RGB,PNG
a5bb85afc6e8,a5bb85afc6e8.png,1050,1050,1.0,RGB,PNG
a5c9a8c726b2,a5c9a8c726b2.png,1050,1050,1.0,RGB,PNG
a61723fc38c2,a61723fc38c2.png,1050,1050,1.0,RGB,PNG
a627eb8c08c5,a627eb8c08c5.png,819,614,1.3338762214983713,RGB,PNG
a62e995f167c,a62e995f167c.png,2048,1536,1.3333333333333333,RGB,PNG
a62ea0043aa7,a62ea0043aa7.png,2416,1736,1.391705069124424,RGB,PNG
a6356a3c5d11,a6356a3c5d11.png,2588,1958,1.3217568947906027,RGB,PNG
a64273801bde,a64273801bde.png,2588,1958,1.3217568947906027,RGB,PNG
a646c084928c,a646c084928c.png,1050,1050,1.0,RGB,PNG
a654b25124c3,a654b25124c3.png,1050,1050,1.0,RGB,PNG
a664d2055886,a664d2055886.png,2416,1736,1.391705069124424,RGB,PNG
a66c3165876f,a66c3165876f.png,2416,1736,1.391705069124424,RGB,PNG
a673193cd5a9,a673193cd5a9.png,1050,1050,1.0,RGB,PNG
a6731dd737af,a6731dd737af.png,1050,1050,1.0,RGB,PNG
a688f20f8895,a688f20f8895.png,3216,2136,1.5056179775280898,RGB,PNG
a6b6d27c1b32,a6b6d27c1b32.png,2048,1536,1.3333333333333333,RGB,PNG
a6c9e96a10d7,a6c9e96a10d7.png,640,480,1.3333333333333333,RGB,PNG
a6d45de20e4d,a6d45de20e4d.png,3216,2136,1.5056179775280898,RGB,PNG
a70d0f12a641,a70d0f12a641.png,1050,1050,1.0,RGB,PNG
a721efb1e049,a721efb1e049.png,3216,2136,1.5056179775280898,RGB,PNG
a73c3d516c59,a73c3d516c59.png,819,614,1.3338762214983713,RGB,PNG
a73d012c4c38,a73d012c4c38.png,1050,1050,1.0,RGB,PNG
a75bab2463d4,a75bab2463d4.png,2416,1736,1.391705069124424,RGB,PNG
a76132e79688,a76132e79688.png,1050,1050,1.0,RGB,PNG
a763661f98a5,a763661f98a5.png,3216,2136,1.5056179775280898,RGB,PNG
a7673ac44509,a7673ac44509.png,2588,1958,1.3217568947906027,RGB,PNG
a76b69e443ce,a76b69e443ce.png,2588,1958,1.3217568947906027,RGB,PNG
a77dbec966d4,a77dbec966d4.png,2588,1958,1.3217568947906027,RGB,PNG
a77eb914b383,a77eb914b383.png,819,614,1.3338762214983713,RGB,PNG
a790a3b36390,a790a3b36390.png,2416,1736,1.391705069124424,RGB,PNG
a7b03e58a6e1,a7b03e58a6e1.png,1050,1050,1.0,RGB,PNG
a7b0d0c51731,a7b0d0c51731.png,1504,1000,1.504,RGB,PNG
a7b7dc8788b9,a7b7dc8788b9.png,3216,2136,1.5056179775280898,RGB,PNG
a7c10ca6c117,a7c10ca6c117.png,1050,1050,1.0,RGB,PNG
a7ec056502e7,a7ec056502e7.png,4288,2848,1.5056179775280898,RGB,PNG
a804cef3e51f,a804cef3e51f.png,3216,2136,1.5056179775280898,RGB,PNG
a80dab8eddf4,a80dab8eddf4.png,2416,1736,1.391705069124424,RGB,PNG
a81b06f50612,a81b06f50612.png,4288,2848,1.5056179775280898,RGB,PNG
a821b6ecef33,a821b6ecef33.png,819,614,1.3338762214983713,RGB,PNG
a8263d248523,a8263d248523.png,2588,1958,1.3217568947906027,RGB,PNG
a82a12ad3fb1,a82a12ad3fb1.png,819,614,1.3338762214983713,RGB,PNG
a8582e346df0,a8582e346df0.png,2416,1736,1.391705069124424,RGB,PNG
a85cda5f725d,a85cda5f725d.png,1050,1050,1.0,RGB,PNG
a86128b601a7,a86128b601a7.png,1050,1050,1.0,RGB,PNG
a8652b2de23f,a8652b2de23f.png,2416,1736,1.391705069124424,RGB,PNG
a86c6283fd78,a86c6283fd78.png,2416,1736,1.391705069124424,RGB,PNG
a879c3569552,a879c3569552.png,3216,2136,1.5056179775280898,RGB,PNG
a87f53bc984a,a87f53bc984a.png,3216,2136,1.5056179775280898,RGB,PNG
a88365134c3c,a88365134c3c.png,1050,1050,1.0,RGB,PNG
a8854768549f,a8854768549f.png,2048,1536,1.3333333333333333,RGB,PNG
a88f68b0b114,a88f68b0b114.png,3388,2588,1.3091190108191655,RGB,PNG
a8a6588c8eb7,a8a6588c8eb7.png,2048,1536,1.3333333333333333,RGB,PNG
a8aed92940fb,a8aed92940fb.png,819,614,1.3338762214983713,RGB,PNG
a8b3c0961d42,a8b3c0961d42.png,819,614,1.3338762214983713,RGB,PNG
a8b637abd96b,a8b637abd96b.png,2416,1736,1.391705069124424,RGB,PNG
a8c54e2a4b79,a8c54e2a4b79.png,3216,2136,1.5056179775280898,RGB,PNG
a8c950a99107,a8c950a99107.png,2416,1736,1.391705069124424,RGB,PNG
a8c9fcdbc0be,a8c9fcdbc0be.png,2588,1958,1.3217568947906027,RGB,PNG
a8dea22ef903,a8dea22ef903.png,1050,1050,1.0,RGB,PNG
a8e08e7fe016,a8e08e7fe016.png,2416,1736,1.391705069124424,RGB,PNG
a8e88d4891c4,a8e88d4891c4.png,1504,1000,1.504,RGB,PNG
a8eb35b3bcd2,a8eb35b3bcd2.png,2416,1736,1.391705069124424,RGB,PNG
a93f1ea3ff4a,a93f1ea3ff4a.png,3216,2136,1.5056179775280898,RGB,PNG
a94da3d3b5c0,a94da3d3b5c0.png,2048,1536,1.3333333333333333,RGB,PNG
a95858e052d6,a95858e052d6.png,3216,2136,1.5056179775280898,RGB,PNG
a95d9d61ddd4,a95d9d61ddd4.png,1050,1050,1.0,RGB,PNG
a963ac561580,a963ac561580.png,1050,1050,1.0,RGB,PNG
a96ff96bbae5,a96ff96bbae5.png,1050,1050,1.0,RGB,PNG
a987aa7aac37,a987aa7aac37.png,1050,1050,1.0,RGB,PNG
a9a28c37c8c4,a9a28c37c8c4.png,3216,2136,1.5056179775280898,RGB,PNG
a9a3225cf4b5,a9a3225cf4b5.png,1050,1050,1.0,RGB,PNG
a9b3177f01c0,a9b3177f01c0.png,819,614,1.3338762214983713,RGB,PNG
a9bc2f892cb3,a9bc2f892cb3.png,819,614,1.3338762214983713,RGB,PNG
a9c7b83caf81,a9c7b83caf81.png,2588,1958,1.3217568947906027,RGB,PNG
a9d0c900b6a9,a9d0c900b6a9.png,2588,1958,1.3217568947906027,RGB,PNG
a9dc80cba9a4,a9dc80cba9a4.png,2588,1958,1.3217568947906027,RGB,PNG
a9e3d186cd1b,a9e3d186cd1b.png,819,614,1.3338762214983713,RGB,PNG
a9e984b57556,a9e984b57556.png,1504,1000,1.504,RGB,PNG
aa0afc41ed19,aa0afc41ed19.png,2416,1736,1.391705069124424,RGB,PNG
aa10a4b2e709,aa10a4b2e709.png,1050,1050,1.0,RGB,PNG
aa31bc6b8f4d,aa31bc6b8f4d.png,3216,2136,1.5056179775280898,RGB,PNG
aa4407aab872,aa4407aab872.png,1050,1050,1.0,RGB,PNG
aa5ce75edcf5,aa5ce75edcf5.png,2416,1736,1.391705069124424,RGB,PNG
aa60813e1a8d,aa60813e1a8d.png,2588,1958,1.3217568947906027,RGB,PNG
aa6242f9e08c,aa6242f9e08c.png,2048,1536,1.3333333333333333,RGB,PNG
aa6673241154,aa6673241154.png,2416,1736,1.391705069124424,RGB,PNG
aa841de1ee82,aa841de1ee82.png,2588,1958,1.3217568947906027,RGB,PNG
aa8a1e814811,aa8a1e814811.png,1050,1050,1.0,RGB,PNG
aa94cc4bfd84,aa94cc4bfd84.png,1050,1050,1.0,RGB,PNG
aa9b8f05f4bf,aa9b8f05f4bf.png,2416,1736,1.391705069124424,RGB,PNG
aa9cfe639ef1,aa9cfe639ef1.png,3388,2588,1.3091190108191655,RGB,PNG
aaaadb174012,aaaadb174012.png,1050,1050,1.0,RGB,PNG
aabd867043cf,aabd867043cf.png,1050,1050,1.0,RGB,PNG
aad0c0ee9268,aad0c0ee9268.png,1050,1050,1.0,RGB,PNG
aae8f9f3ef8c,aae8f9f3ef8c.png,3216,2136,1.5056179775280898,RGB,PNG
aafb0c944f14,aafb0c944f14.png,1050,1050,1.0,RGB,PNG
aafe980edd0c,aafe980edd0c.png,1050,1050,1.0,RGB,PNG
ab03d50bba2f,ab03d50bba2f.png,2048,1536,1.3333333333333333,RGB,PNG
ab1c20a94f3f,ab1c20a94f3f.png,1050,1050,1.0,RGB,PNG
ab32db41c409,ab32db41c409.png,2588,1958,1.3217568947906027,RGB,PNG
ab3c505b624f,ab3c505b624f.png,819,614,1.3338762214983713,RGB,PNG
ab50123abadb,ab50123abadb.png,1504,1000,1.504,RGB,PNG
ab653b8554c0,ab653b8554c0.png,1050,1050,1.0,RGB,PNG
ab686895533e,ab686895533e.png,1050,1050,1.0,RGB,PNG
ab724603ee93,ab724603ee93.png,2048,1536,1.3333333333333333,RGB,PNG
ab78a66dee6a,ab78a66dee6a.png,1050,1050,1.0,RGB,PNG
ab7991df166b,ab7991df166b.png,819,614,1.3338762214983713,RGB,PNG
ab88081e5654,ab88081e5654.png,2048,1536,1.3333333333333333,RGB,PNG
aba3063c5413,aba3063c5413.png,2416,1736,1.391705069124424,RGB,PNG
ababe19ed448,ababe19ed448.png,2588,1958,1.3217568947906027,RGB,PNG
abbb8791785e,abbb8791785e.png,1050,1050,1.0,RGB,PNG
abdb365cacbc,abdb365cacbc.png,2416,1736,1.391705069124424,RGB,PNG
abe940882578,abe940882578.png,1050,1050,1.0,RGB,PNG
abf09c44d5f4,abf09c44d5f4.png,3216,2136,1.5056179775280898,RGB,PNG
abf0f56c6f12,abf0f56c6f12.png,3216,2136,1.5056179775280898,RGB,PNG
ac0a48ccbf70,ac0a48ccbf70.png,819,614,1.3338762214983713,RGB,PNG
ac1667fac512,ac1667fac512.png,1050,1050,1.0,RGB,PNG
ac17cc18a994,ac17cc18a994.png,1050,1050,1.0,RGB,PNG
ac2c814949f9,ac2c814949f9.png,3216,2136,1.5056179775280898,RGB,PNG
ac5b5dddf91b,ac5b5dddf91b.png,2416,1736,1.391705069124424,RGB,PNG
ac720570dd0f,ac720570dd0f.png,2588,1958,1.3217568947906027,RGB,PNG
ac81fc200162,ac81fc200162.png,2588,1958,1.3217568947906027,RGB,PNG
aca88f566228,aca88f566228.png,3216,2136,1.5056179775280898,RGB,PNG
acc9f29538c4,acc9f29538c4.png,3216,2136,1.5056179775280898,RGB,PNG
ace2281f00c4,ace2281f00c4.png,2048,1536,1.3333333333333333,RGB,PNG
ace287a5c991,ace287a5c991.png,819,614,1.3338762214983713,RGB,PNG
acf976efd7ce,acf976efd7ce.png,1050,1050,1.0,RGB,PNG
ad029ba7fa8b,ad029ba7fa8b.png,819,614,1.3338762214983713,RGB,PNG
ad12cde115ab,ad12cde115ab.png,2048,1536,1.3333333333333333,RGB,PNG
ad1aa75d5630,ad1aa75d5630.png,2048,1536,1.3333333333333333,RGB,PNG
ad1f7445b1a8,ad1f7445b1a8.png,2416,1736,1.391705069124424,RGB,PNG
ad20080452de,ad20080452de.png,1050,1050,1.0,RGB,PNG
ad2f0b9d059c,ad2f0b9d059c.png,640,480,1.3333333333333333,RGB,PNG
ad312ca98202,ad312ca98202.png,1050,1050,1.0,RGB,PNG
ad3fc5076852,ad3fc5076852.png,2416,1736,1.391705069124424,RGB,PNG
ad570b850a4f,ad570b850a4f.png,2588,1958,1.3217568947906027,RGB,PNG
ad6b07d5c338,ad6b07d5c338.png,2048,1536,1.3333333333333333,RGB,PNG
ad93d88c87ea,ad93d88c87ea.png,1050,1050,1.0,RGB,PNG
ad944bd56bb6,ad944bd56bb6.png,2048,1536,1.3333333333333333,RGB,PNG
adb56cecafaf,adb56cecafaf.png,2416,1736,1.391705069124424,RGB,PNG
add1d681d712,add1d681d712.png,640,480,1.3333333333333333,RGB,PNG
addf66a50f42,addf66a50f42.png,1050,1050,1.0,RGB,PNG
ae1344610ebe,ae1344610ebe.png,1844,1226,1.504078303425775,RGB,PNG
ae20112e7a1e,ae20112e7a1e.png,819,614,1.3338762214983713,RGB,PNG
ae2c3f6312ef,ae2c3f6312ef.png,1050,1050,1.0,RGB,PNG
ae2e888905ba,ae2e888905ba.png,2048,1536,1.3333333333333333,RGB,PNG
ae49cc60f251,ae49cc60f251.png,1050,1050,1.0,RGB,PNG
ae57c8630249,ae57c8630249.png,1050,1050,1.0,RGB,PNG
ae58ccb5905e,ae58ccb5905e.png,1050,1050,1.0,RGB,PNG
ae5d31979f19,ae5d31979f19.png,2416,1736,1.391705069124424,RGB,PNG
ae61e19fb766,ae61e19fb766.png,2048,1536,1.3333333333333333,RGB,PNG
ae8424cdb029,ae8424cdb029.png,2588,1958,1.3217568947906027,RGB,PNG
ae8472f8d310,ae8472f8d310.png,2416,1736,1.391705069124424,RGB,PNG
ae94ce412de9,ae94ce412de9.png,2588,1958,1.3217568947906027,RGB,PNG
ae975c43bd8b,ae975c43bd8b.png,1050,1050,1.0,RGB,PNG
aea59ebec445,aea59ebec445.png,3216,2136,1.5056179775280898,RGB,PNG
aeab0a63bcaf,aeab0a63bcaf.png,2048,1536,1.3333333333333333,RGB,PNG
aeb6f4fd2eed,aeb6f4fd2eed.png,2048,1536,1.3333333333333333,RGB,PNG
aebe87a423c8,aebe87a423c8.png,819,614,1.3338762214983713,RGB,PNG
aec51513cf45,aec51513cf45.png,819,614,1.3338762214983713,RGB,PNG
aeccef0bdc26,aeccef0bdc26.png,1050,1050,1.0,RGB,PNG
aed4e743c230,aed4e743c230.png,2416,1736,1.391705069124424,RGB,PNG
aeed1f251ceb,aeed1f251ceb.png,3216,2136,1.5056179775280898,RGB,PNG
aef9016557ca,aef9016557ca.png,640,480,1.3333333333333333,RGB,PNG
af133a85ea0c,af133a85ea0c.png,2416,1736,1.391705069124424,RGB,PNG
af345c68e836,af345c68e836.png,1050,1050,1.0,RGB,PNG
af3b0115aad1,af3b0115aad1.png,2416,1736,1.391705069124424,RGB,PNG
af5a0bc4e1fa,af5a0bc4e1fa.png,819,614,1.3338762214983713,RGB,PNG
af6166d57f13,af6166d57f13.png,2048,1536,1.3333333333333333,RGB,PNG
af6a1508cd95,af6a1508cd95.png,2588,1958,1.3217568947906027,RGB,PNG
af7a36454670,af7a36454670.png,1050,1050,1.0,RGB,PNG
af828dab3ffc,af828dab3ffc.png,3216,2136,1.5056179775280898,RGB,PNG
af831c158744,af831c158744.png,3216,2136,1.5056179775280898,RGB,PNG
af87d48ffe01,af87d48ffe01.png,2048,1536,1.3333333333333333,RGB,PNG
af8aa32beee4,af8aa32beee4.png,2416,1736,1.391705069124424,RGB,PNG
afc345cc9145,afc345cc9145.png,2588,1958,1.3217568947906027,RGB,PNG
afc744fad65e,afc744fad65e.png,1050,1050,1.0,RGB,PNG
b019a49787c1,b019a49787c1.png,2896,1944,1.4897119341563787,RGB,PNG
b033ab4fb723,b033ab4fb723.png,1844,1226,1.504078303425775,RGB,PNG
b05922e7abd3,b05922e7abd3.png,1050,1050,1.0,RGB,PNG
b0619ca93a5f,b0619ca93a5f.png,1050,1050,1.0,RGB,PNG
b06dabab4f09,b06dabab4f09.png,1504,1000,1.504,RGB,PNG
b07bc463b718,b07bc463b718.png,2588,1958,1.3217568947906027,RGB,PNG
b085caa513a8,b085caa513a8.png,819,614,1.3338762214983713,RGB,PNG
b086c7cd3868,b086c7cd3868.png,1050,1050,1.0,RGB,PNG
b09101adb478,b09101adb478.png,1050,1050,1.0,RGB,PNG
b0acd3593310,b0acd3593310.png,2588,1958,1.3217568947906027,RGB,PNG
b0b3b16fc305,b0b3b16fc305.png,1050,1050,1.0,RGB,PNG
b0c9a492e068,b0c9a492e068.png,2588,1958,1.3217568947906027,RGB,PNG
b0cc9f8d06e4,b0cc9f8d06e4.png,3388,2588,1.3091190108191655,RGB,PNG
b0d35981708b,b0d35981708b.png,3216,2136,1.5056179775280898,RGB,PNG
b0d6417bad3e,b0d6417bad3e.png,2416,1736,1.391705069124424,RGB,PNG
b0eeae01b8ab,b0eeae01b8ab.png,640,480,1.3333333333333333,RGB,PNG
b0f0fa677d5f,b0f0fa677d5f.png,1050,1050,1.0,RGB,PNG
b0f8613305a3,b0f8613305a3.png,2416,1736,1.391705069124424,RGB,PNG
b10fca20c885,b10fca20c885.png,1050,1050,1.0,RGB,PNG
b1197f2cc9b3,b1197f2cc9b3.png,2416,1736,1.391705069124424,RGB,PNG
b11dcdcbc8c8,b11dcdcbc8c8.png,2588,1958,1.3217568947906027,RGB,PNG
b13d72ceea26,b13d72ceea26.png,1504,1000,1.504,RGB,PNG
b16dd4483ca5,b16dd4483ca5.png,2048,1536,1.3333333333333333,RGB,PNG
b17f0b81dab3,b17f0b81dab3.png,2416,1736,1.391705069124424,RGB,PNG
b187b3c93afb,b187b3c93afb.png,1504,1000,1.504,RGB,PNG
b191ba0a2b12,b191ba0a2b12.png,2588,1958,1.3217568947906027,RGB,PNG
b1b3e7d0a5f3,b1b3e7d0a5f3.png,2416,1736,1.391705069124424,RGB,PNG
b1c6f0997e27,b1c6f0997e27.png,1050,1050,1.0,RGB,PNG
b1f4122fd36a,b1f4122fd36a.png,2416,1736,1.391705069124424,RGB,PNG
b200c23b299b,b200c23b299b.png,1050,1050,1.0,RGB,PNG
b21abe5d9722,b21abe5d9722.png,819,614,1.3338762214983713,RGB,PNG
b22354b5f94b,b22354b5f94b.png,2416,1736,1.391705069124424,RGB,PNG
b22cc1bf0b8a,b22cc1bf0b8a.png,1050,1050,1.0,RGB,PNG
b2748ac28fc1,b2748ac28fc1.png,4288,2848,1.5056179775280898,RGB,PNG
b294927b14b0,b294927b14b0.png,1050,1050,1.0,RGB,PNG
b2aaa81cc8f0,b2aaa81cc8f0.png,1504,1000,1.504,RGB,PNG
b2b79b37d314,b2b79b37d314.png,1050,1050,1.0,RGB,PNG
b2b7ccd34cbd,b2b7ccd34cbd.png,1050,1050,1.0,RGB,PNG
b2ffa3e18559,b2ffa3e18559.png,2416,1736,1.391705069124424,RGB,PNG
b310bd564329,b310bd564329.png,2416,1736,1.391705069124424,RGB,PNG
b351ae99413a,b351ae99413a.png,1050,1050,1.0,RGB,PNG
b35cad8fe2d7,b35cad8fe2d7.png,2588,1958,1.3217568947906027,RGB,PNG
b376def52ccc,b376def52ccc.png,1504,1000,1.504,RGB,PNG
b37aae3c8fe1,b37aae3c8fe1.png,2416,1736,1.391705069124424,RGB,PNG
b3819a805dca,b3819a805dca.png,2588,1958,1.3217568947906027,RGB,PNG
b3a994760537,b3a994760537.png,1050,1050,1.0,RGB,PNG
b3c0c3330278,b3c0c3330278.png,3216,2136,1.5056179775280898,RGB,PNG
b3d12069e1c5,b3d12069e1c5.png,2588,1958,1.3217568947906027,RGB,PNG
b3d135bd3bb5,b3d135bd3bb5.png,2416,1736,1.391705069124424,RGB,PNG
b3f31c371e59,b3f31c371e59.png,1050,1050,1.0,RGB,PNG
b402b18d99a5,b402b18d99a5.png,2416,1736,1.391705069124424,RGB,PNG
b402daa0864c,b402daa0864c.png,3216,2136,1.5056179775280898,RGB,PNG
b43440c6ebe4,b43440c6ebe4.png,2588,1958,1.3217568947906027,RGB,PNG
b460ca9fa26f,b460ca9fa26f.png,1050,1050,1.0,RGB,PNG
b468ebf5cb11,b468ebf5cb11.png,3216,2136,1.5056179775280898,RGB,PNG
b46b09a45f39,b46b09a45f39.png,1050,1050,1.0,RGB,PNG
b498b84d383f,b498b84d383f.png,3388,2588,1.3091190108191655,RGB,PNG
b49b2fac2514,b49b2fac2514.png,3388,2588,1.3091190108191655,RGB,PNG
b4b04d81acbb,b4b04d81acbb.png,1050,1050,1.0,RGB,PNG
b4e15102cd7a,b4e15102cd7a.png,2588,1958,1.3217568947906027,RGB,PNG
b4f41b5bf0ef,b4f41b5bf0ef.png,2416,1736,1.391705069124424,RGB,PNG
b50b30aa6e6c,b50b30aa6e6c.png,3216,2136,1.5056179775280898,RGB,PNG
b5204c0decc7,b5204c0decc7.png,1050,1050,1.0,RGB,PNG
b532dedd928c,b532dedd928c.png,2048,1536,1.3333333333333333,RGB,PNG
b549af91bd30,b549af91bd30.png,1050,1050,1.0,RGB,PNG
b553e7909535,b553e7909535.png,1050,1050,1.0,RGB,PNG
b55d2ddb3e75,b55d2ddb3e75.png,3216,2136,1.5056179775280898,RGB,PNG
b56340f472d2,b56340f472d2.png,2416,1736,1.391705069124424,RGB,PNG
b574d229ec4c,b574d229ec4c.png,3216,2136,1.5056179775280898,RGB,PNG
b576c5269ad1,b576c5269ad1.png,2416,1736,1.391705069124424,RGB,PNG
b5834ee64541,b5834ee64541.png,2416,1736,1.391705069124424,RGB,PNG
b598bc9753c2,b598bc9753c2.png,1050,1050,1.0,RGB,PNG
b5a3ca5c0a80,b5a3ca5c0a80.png,1050,1050,1.0,RGB,PNG
b5b913358b32,b5b913358b32.png,1050,1050,1.0,RGB,PNG
b5bf7b84fc66,b5bf7b84fc66.png,1050,1050,1.0,RGB,PNG
b5c80d0ed0ff,b5c80d0ed0ff.png,1050,1050,1.0,RGB,PNG
b5e6ae31493c,b5e6ae31493c.png,1050,1050,1.0,RGB,PNG
b60dbf9f0744,b60dbf9f0744.png,2416,1736,1.391705069124424,RGB,PNG
b6304c545f95,b6304c545f95.png,2588,1958,1.3217568947906027,RGB,PNG
b640e3bdff75,b640e3bdff75.png,2416,1736,1.391705069124424,RGB,PNG
b64e1eef3d63,b64e1eef3d63.png,2048,1536,1.3333333333333333,RGB,PNG
b65ff67743b2,b65ff67743b2.png,3216,2136,1.5056179775280898,RGB,PNG
b665041e1633,b665041e1633.png,2588,1958,1.3217568947906027,RGB,PNG
b66f23ffa730,b66f23ffa730.png,1050,1050,1.0,RGB,PNG
b67ae80f7eba,b67ae80f7eba.png,819,614,1.3338762214983713,RGB,PNG
b69c224edd6e,b69c224edd6e.png,2588,1958,1.3217568947906027,RGB,PNG
b6a0e348a01e,b6a0e348a01e.png,2588,1958,1.3217568947906027,RGB,PNG
b6bf847fbcb2,b6bf847fbcb2.png,1050,1050,1.0,RGB,PNG
b6bfe9db60e5,b6bfe9db60e5.png,2416,1736,1.391705069124424,RGB,PNG
b6d9974443ce,b6d9974443ce.png,2048,1536,1.3333333333333333,RGB,PNG
b6fd109b1bc9,b6fd109b1bc9.png,2588,1958,1.3217568947906027,RGB,PNG
b70cb31b9abb,b70cb31b9abb.png,3216,2136,1.5056179775280898,RGB,PNG
b70e7c26f51e,b70e7c26f51e.png,1050,1050,1.0,RGB,PNG
b71428739d4e,b71428739d4e.png,1050,1050,1.0,RGB,PNG
b7278b4f2448,b7278b4f2448.png,4288,2848,1.5056179775280898,RGB,PNG
b72a86d61959,b72a86d61959.png,1050,1050,1.0,RGB,PNG
b72f59b85f7c,b72f59b85f7c.png,2048,1536,1.3333333333333333,RGB,PNG
b73d0bcd3d33,b73d0bcd3d33.png,819,614,1.3338762214983713,RGB,PNG
b746a6681ba9,b746a6681ba9.png,3216,2136,1.5056179775280898,RGB,PNG
b74de20d73de,b74de20d73de.png,2048,1536,1.3333333333333333,RGB,PNG
b759cbef90c5,b759cbef90c5.png,1050,1050,1.0,RGB,PNG
b762c29cf2f3,b762c29cf2f3.png,2416,1736,1.391705069124424,RGB,PNG
b77b88926843,b77b88926843.png,1050,1050,1.0,RGB,PNG
b77b8a1f09f1,b77b8a1f09f1.png,2416,1736,1.391705069124424,RGB,PNG
b7983cb3f270,b7983cb3f270.png,1050,1050,1.0,RGB,PNG
b7a1bb106051,b7a1bb106051.png,1050,1050,1.0,RGB,PNG
b7aca95b97b9,b7aca95b97b9.png,819,614,1.3338762214983713,RGB,PNG
b7bd4a6627b6,b7bd4a6627b6.png,1050,1050,1.0,RGB,PNG
b7ce561a7328,b7ce561a7328.png,1050,1050,1.0,RGB,PNG
b7e0f95353f2,b7e0f95353f2.png,3216,2136,1.5056179775280898,RGB,PNG
b7f0bc7d399e,b7f0bc7d399e.png,2588,1958,1.3217568947906027,RGB,PNG
b8297a2291f5,b8297a2291f5.png,1050,1050,1.0,RGB,PNG
b82d5f1f1145,b82d5f1f1145.png,1844,1226,1.504078303425775,RGB,PNG
b82dfa63a75f,b82dfa63a75f.png,2048,1536,1.3333333333333333,RGB,PNG
b835b6e31a59,b835b6e31a59.png,1050,1050,1.0,RGB,PNG
b83a6eca125f,b83a6eca125f.png,3216,2136,1.5056179775280898,RGB,PNG
b842b43cb7fb,b842b43cb7fb.png,2048,1536,1.3333333333333333,RGB,PNG
b86fb2d5be1a,b86fb2d5be1a.png,2588,1958,1.3217568947906027,RGB,PNG
b87f9c59748b,b87f9c59748b.png,2588,1958,1.3217568947906027,RGB,PNG
b89938407ee6,b89938407ee6.png,2588,1958,1.3217568947906027,RGB,PNG
b8ac328009e0,b8ac328009e0.png,1504,1000,1.504,RGB,PNG
b8dab47a260e,b8dab47a260e.png,1050,1050,1.0,RGB,PNG
b8e20c076b03,b8e20c076b03.png,2588,1958,1.3217568947906027,RGB,PNG
b8e9a8f4617d,b8e9a8f4617d.png,1050,1050,1.0,RGB,PNG
b8ebedd382de,b8ebedd382de.png,2416,1736,1.391705069124424,RGB,PNG
b8f1b30877db,b8f1b30877db.png,2416,1736,1.391705069124424,RGB,PNG
b8fb9f55cd6d,b8fb9f55cd6d.png,3216,2136,1.5056179775280898,RGB,PNG
b90bc89ce8d8,b90bc89ce8d8.png,3388,2588,1.3091190108191655,RGB,PNG
b9127e38d9b9,b9127e38d9b9.png,1504,1000,1.504,RGB,PNG
b91ef82e723a,b91ef82e723a.png,3216,2136,1.5056179775280898,RGB,PNG
b927a9238434,b927a9238434.png,3216,2136,1.5056179775280898,RGB,PNG
b92eacd1392a,b92eacd1392a.png,1050,1050,1.0,RGB,PNG
b94c58d063bf,b94c58d063bf.png,2588,1958,1.3217568947906027,RGB,PNG
b9519abce0c1,b9519abce0c1.png,819,614,1.3338762214983713,RGB,PNG
b95d4dd8e5e2,b95d4dd8e5e2.png,3216,2136,1.5056179775280898,RGB,PNG
b960142a8de7,b960142a8de7.png,2896,1944,1.4897119341563787,RGB,PNG
b963a11638f2,b963a11638f2.png,819,614,1.3338762214983713,RGB,PNG
b96b518596b3,b96b518596b3.png,4288,2848,1.5056179775280898,RGB,PNG
b98f77098b9d,b98f77098b9d.png,2588,1958,1.3217568947906027,RGB,PNG
b99794a0beed,b99794a0beed.png,3216,2136,1.5056179775280898,RGB,PNG
b99afe7137fb,b99afe7137fb.png,2588,1958,1.3217568947906027,RGB,PNG
b99c825b93c5,b99c825b93c5.png,3216,2136,1.5056179775280898,RGB,PNG
b9b6ee2b9453,b9b6ee2b9453.png,1467,1110,1.3216216216216217,RGB,PNG
b9b99dad668d,b9b99dad668d.png,2416,1736,1.391705069124424,RGB,PNG
b9bc81fcb075,b9bc81fcb075.png,1050,1050,1.0,RGB,PNG
b9c7c5182075,b9c7c5182075.png,1050,1050,1.0,RGB,PNG
b9d0b83d70c3,b9d0b83d70c3.png,819,614,1.3338762214983713,RGB,PNG
b9fe7da14a32,b9fe7da14a32.png,819,614,1.3338762214983713,RGB,PNG
ba0107fb1bfd,ba0107fb1bfd.png,1050,1050,1.0,RGB,PNG
ba08cee68c71,ba08cee68c71.png,2416,1736,1.391705069124424,RGB,PNG
ba25f947f4ec,ba25f947f4ec.png,3216,2136,1.5056179775280898,RGB,PNG
ba2624883599,ba2624883599.png,3216,2136,1.5056179775280898,RGB,PNG
ba2ea9182090,ba2ea9182090.png,1050,1050,1.0,RGB,PNG
ba4d2c4b3039,ba4d2c4b3039.png,3388,2588,1.3091190108191655,RGB,PNG
ba4e62c11cc0,ba4e62c11cc0.png,1050,1050,1.0,RGB,PNG
ba735b286d62,ba735b286d62.png,2416,1736,1.391705069124424,RGB,PNG
baaca2f7e1f0,baaca2f7e1f0.png,1050,1050,1.0,RGB,PNG
bab776139279,bab776139279.png,2048,1536,1.3333333333333333,RGB,PNG
bac1744955c2,bac1744955c2.png,1050,1050,1.0,RGB,PNG
bacfa2b8e706,bacfa2b8e706.png,1050,1050,1.0,RGB,PNG
bacfb1029f6b,bacfb1029f6b.png,2416,1736,1.391705069124424,RGB,PNG
badb5ff8d3c7,badb5ff8d3c7.png,2416,1736,1.391705069124424,RGB,PNG
bb08949dd70a,bb08949dd70a.png,819,614,1.3338762214983713,RGB,PNG
bb11db08584a,bb11db08584a.png,2416,1736,1.391705069124424,RGB,PNG
bb2f89488ecd,bb2f89488ecd.png,1050,1050,1.0,RGB,PNG
bb45257258cc,bb45257258cc.png,2416,1736,1.391705069124424,RGB,PNG
bb5083fae98f,bb5083fae98f.png,2416,1736,1.391705069124424,RGB,PNG
bb733062f494,bb733062f494.png,3216,2136,1.5056179775280898,RGB,PNG
bb752b179751,bb752b179751.png,1050,1050,1.0,RGB,PNG
bb783d8e496f,bb783d8e496f.png,2416,1736,1.391705069124424,RGB,PNG
bb7e0a2544cd,bb7e0a2544cd.png,1504,1000,1.504,RGB,PNG
bb85097857fa,bb85097857fa.png,2048,1536,1.3333333333333333,RGB,PNG
bb9a3d835a94,bb9a3d835a94.png,2416,1736,1.391705069124424,RGB,PNG
bba38f2294a3,bba38f2294a3.png,2416,1736,1.391705069124424,RGB,PNG
bc23f74e14dd,bc23f74e14dd.png,2588,1958,1.3217568947906027,RGB,PNG
bc34ed91c9bc,bc34ed91c9bc.png,3388,2588,1.3091190108191655,RGB,PNG
bc34f52c37c7,bc34f52c37c7.png,2048,1536,1.3333333333333333,RGB,PNG
bc73ce76ec43,bc73ce76ec43.png,1050,1050,1.0,RGB,PNG
bc7bf19b84e3,bc7bf19b84e3.png,1050,1050,1.0,RGB,PNG
bc8c6a778cde,bc8c6a778cde.png,819,614,1.3338762214983713,RGB,PNG
bc92a61a1f9c,bc92a61a1f9c.png,1050,1050,1.0,RGB,PNG
bca2bdc15fc5,bca2bdc15fc5.png,2588,1958,1.3217568947906027,RGB,PNG
bcb0498ed2c1,bcb0498ed2c1.png,2588,1958,1.3217568947906027,RGB,PNG
bcc762618e7d,bcc762618e7d.png,1844,1226,1.504078303425775,RGB,PNG
bcd503c726ba,bcd503c726ba.png,2416,1736,1.391705069124424,RGB,PNG
bcdc8db5423b,bcdc8db5423b.png,3216,2136,1.5056179775280898,RGB,PNG
bd06028eb7dd,bd06028eb7dd.png,1050,1050,1.0,RGB,PNG
bd269a1f0e4d,bd269a1f0e4d.png,2416,1736,1.391705069124424,RGB,PNG
bd34a0639575,bd34a0639575.png,1050,1050,1.0,RGB,PNG
bd375ba756b1,bd375ba756b1.png,2048,1536,1.3333333333333333,RGB,PNG
bd500a73beae,bd500a73beae.png,1050,1050,1.0,RGB,PNG
bd5013540a13,bd5013540a13.png,1504,1000,1.504,RGB,PNG
bd9904495ccd,bd9904495ccd.png,3216,2136,1.5056179775280898,RGB,PNG
bda7ff3b1562,bda7ff3b1562.png,3388,2588,1.3091190108191655,RGB,PNG
bda8c973b09d,bda8c973b09d.png,3216,2136,1.5056179775280898,RGB,PNG
bda91b76095b,bda91b76095b.png,1476,1117,1.3213965980304387,RGB,PNG
bdb98063fe84,bdb98063fe84.png,2588,1958,1.3217568947906027,RGB,PNG
bdc6c60e9133,bdc6c60e9133.png,2048,1536,1.3333333333333333,RGB,PNG
bde1063a5dd7,bde1063a5dd7.png,2588,1958,1.3217568947906027,RGB,PNG
bdf47b9f10c4,bdf47b9f10c4.png,1050,1050,1.0,RGB,PNG
bdff5d8bddf8,bdff5d8bddf8.png,3216,2136,1.5056179775280898,RGB,PNG
be161517d3ac,be161517d3ac.png,1504,1000,1.504,RGB,PNG
be197b663520,be197b663520.png,1050,1050,1.0,RGB,PNG
be21d8b60e2a,be21d8b60e2a.png,1050,1050,1.0,RGB,PNG
be3a7d9e981e,be3a7d9e981e.png,2048,1536,1.3333333333333333,RGB,PNG
be521870a0ea,be521870a0ea.png,819,614,1.3338762214983713,RGB,PNG
be68322c7223,be68322c7223.png,3216,2136,1.5056179775280898,RGB,PNG
be6cbf6e5b10,be6cbf6e5b10.png,2048,1536,1.3333333333333333,RGB,PNG
be7bc89f5fec,be7bc89f5fec.png,640,480,1.3333333333333333,RGB,PNG
be7f791a7877,be7f791a7877.png,2048,1536,1.3333333333333333,RGB,PNG
be8697eb2078,be8697eb2078.png,1050,1050,1.0,RGB,PNG
beb00fa6e7c9,beb00fa6e7c9.png,2588,1958,1.3217568947906027,RGB,PNG
beb2ad14fd2d,beb2ad14fd2d.png,2588,1958,1.3217568947906027,RGB,PNG
bebb3f167654,bebb3f167654.png,2416,1736,1.391705069124424,RGB,PNG
bebfbd907cac,bebfbd907cac.png,1050,1050,1.0,RGB,PNG
bec0acd539b2,bec0acd539b2.png,3216,2136,1.5056179775280898,RGB,PNG
bed8296c8dfe,bed8296c8dfe.png,2048,1536,1.3333333333333333,RGB,PNG
beeca5f14618,beeca5f14618.png,819,614,1.3338762214983713,RGB,PNG
bf18ff30a8f6,bf18ff30a8f6.png,2416,1736,1.391705069124424,RGB,PNG
bf1b7e21e774,bf1b7e21e774.png,1844,1226,1.504078303425775,RGB,PNG
bf6cbccacf39,bf6cbccacf39.png,819,614,1.3338762214983713,RGB,PNG
bf7047dc683c,bf7047dc683c.png,2416,1736,1.391705069124424,RGB,PNG
bf7221a016b5,bf7221a016b5.png,2588,1958,1.3217568947906027,RGB,PNG
bf7b4eae7ad0,bf7b4eae7ad0.png,1050,1050,1.0,RGB,PNG
bf8092e4001d,bf8092e4001d.png,2896,1944,1.4897119341563787,RGB,PNG
bf811911acf9,bf811911acf9.png,1050,1050,1.0,RGB,PNG
bf87aedf2489,bf87aedf2489.png,1050,1050,1.0,RGB,PNG
bf9cba745efc,bf9cba745efc.png,1050,1050,1.0,RGB,PNG
bfa30ebf63a8,bfa30ebf63a8.png,1050,1050,1.0,RGB,PNG
bfaa0080ab61,bfaa0080ab61.png,2416,1736,1.391705069124424,RGB,PNG
bfb578c0e8d8,bfb578c0e8d8.png,2588,1958,1.3217568947906027,RGB,PNG
bfd5c0e55420,bfd5c0e55420.png,3216,2136,1.5056179775280898,RGB,PNG
bfda2fd0533a,bfda2fd0533a.png,2416,1736,1.391705069124424,RGB,PNG
bfdee9be1f1d,bfdee9be1f1d.png,2588,1958,1.3217568947906027,RGB,PNG
bfe467b7e997,bfe467b7e997.png,3216,2136,1.5056179775280898,RGB,PNG
bfefa7344e7d,bfefa7344e7d.png,1050,1050,1.0,RGB,PNG
bff51afc76d4,bff51afc76d4.png,2588,1958,1.3217568947906027,RGB,PNG
bffca6eeb2bf,bffca6eeb2bf.png,1050,1050,1.0,RGB,PNG
c013e869acce,c013e869acce.png,2048,1536,1.3333333333333333,RGB,PNG
c01eae4b4939,c01eae4b4939.png,4288,2848,1.5056179775280898,RGB,PNG
c0202976c670,c0202976c670.png,3388,2588,1.3091190108191655,RGB,PNG
c027e5482e8c,c027e5482e8c.png,2416,1736,1.391705069124424,RGB,PNG
c05b7b4c22fe,c05b7b4c22fe.png,3216,2136,1.5056179775280898,RGB,PNG
c06024f05a16,c06024f05a16.png,1050,1050,1.0,RGB,PNG
c096131ad065,c096131ad065.png,1050,1050,1.0,RGB,PNG
c0968d41eb93,c0968d41eb93.png,2416,1736,1.391705069124424,RGB,PNG
c0a0828e01b4,c0a0828e01b4.png,3216,2136,1.5056179775280898,RGB,PNG
c0a117de7d0a,c0a117de7d0a.png,2048,1536,1.3333333333333333,RGB,PNG
c0e15e8e2b46,c0e15e8e2b46.png,2588,1958,1.3217568947906027,RGB,PNG
c0e509786f7f,c0e509786f7f.png,3216,2136,1.5056179775280898,RGB,PNG
c0f15fe3b4b7,c0f15fe3b4b7.png,4288,2848,1.5056179775280898,RGB,PNG
c102db7634d8,c102db7634d8.png,4288,2848,1.5056179775280898,RGB,PNG
c12e9ca420a5,c12e9ca420a5.png,2048,1536,1.3333333333333333,RGB,PNG
c1437a7a52c9,c1437a7a52c9.png,2588,1958,1.3217568947906027,RGB,PNG
c1799a6f5c65,c1799a6f5c65.png,2416,1736,1.391705069124424,RGB,PNG
c1819db0aece,c1819db0aece.png,1050,1050,1.0,RGB,PNG
c1896142a20a,c1896142a20a.png,2588,1958,1.3217568947906027,RGB,PNG
c18a006f7f1d,c18a006f7f1d.png,1050,1050,1.0,RGB,PNG
c1c8550508e0,c1c8550508e0.png,3216,2136,1.5056179775280898,RGB,PNG
c1e6fa1ad314,c1e6fa1ad314.png,2416,1736,1.391705069124424,RGB,PNG
c1ebe785503a,c1ebe785503a.png,2416,1736,1.391705069124424,RGB,PNG
c21eb81de9fc,c21eb81de9fc.png,819,614,1.3338762214983713,RGB,PNG
c23ff6dcf15e,c23ff6dcf15e.png,2048,1536,1.3333333333333333,RGB,PNG
c24bcf7a1bc4,c24bcf7a1bc4.png,1050,1050,1.0,RGB,PNG
c252da9b41d8,c252da9b41d8.png,3216,2136,1.5056179775280898,RGB,PNG
c25e02b39c01,c25e02b39c01.png,1050,1050,1.0,RGB,PNG
c261b1aaa828,c261b1aaa828.png,2416,1736,1.391705069124424,RGB,PNG
c26f98f58350,c26f98f58350.png,2048,1536,1.3333333333333333,RGB,PNG
c280730cc211,c280730cc211.png,2416,1736,1.391705069124424,RGB,PNG
c2a58b2cfd0b,c2a58b2cfd0b.png,1050,1050,1.0,RGB,PNG
c2d2b4f536da,c2d2b4f536da.png,3216,2136,1.5056179775280898,RGB,PNG
c2f3281cf528,c2f3281cf528.png,1050,1050,1.0,RGB,PNG
c31651ea04c6,c31651ea04c6.png,2588,1958,1.3217568947906027,RGB,PNG
c334f8688b77,c334f8688b77.png,1050,1050,1.0,RGB,PNG
c365c598ad4e,c365c598ad4e.png,1050,1050,1.0,RGB,PNG
c373b73a80c8,c373b73a80c8.png,2048,1536,1.3333333333333333,RGB,PNG
c3789c1dab96,c3789c1dab96.png,819,614,1.3338762214983713,RGB,PNG
c38dec54a9f7,c38dec54a9f7.png,1050,1050,1.0,RGB,PNG
c3a82acb7d7a,c3a82acb7d7a.png,3216,2136,1.5056179775280898,RGB,PNG
c3aa424eff9a,c3aa424eff9a.png,2048,1536,1.3333333333333333,RGB,PNG
c3acf47700ea,c3acf47700ea.png,3388,2588,1.3091190108191655,RGB,PNG
c3b15bf9b4bc,c3b15bf9b4bc.png,2048,1536,1.3333333333333333,RGB,PNG
c3c8fdda50c0,c3c8fdda50c0.png,1050,1050,1.0,RGB,PNG
c3cd0200df79,c3cd0200df79.png,2588,1958,1.3217568947906027,RGB,PNG
c3d12a23f451,c3d12a23f451.png,2588,1958,1.3217568947906027,RGB,PNG
c3e02d4a1798,c3e02d4a1798.png,3216,2136,1.5056179775280898,RGB,PNG
c406325360b1,c406325360b1.png,1050,1050,1.0,RGB,PNG
c40976189f22,c40976189f22.png,2416,1736,1.391705069124424,RGB,PNG
c446985355f1,c446985355f1.png,1050,1050,1.0,RGB,PNG
c48ae5da188e,c48ae5da188e.png,3388,2588,1.3091190108191655,RGB,PNG
c4a8f2fcf6e8,c4a8f2fcf6e8.png,2416,1736,1.391705069124424,RGB,PNG
c4aef0d88d1b,c4aef0d88d1b.png,1050,1050,1.0,RGB,PNG
c4e8b1ec8893,c4e8b1ec8893.png,1050,1050,1.0,RGB,PNG
c52bb7343387,c52bb7343387.png,3216,2136,1.5056179775280898,RGB,PNG
c5431b81cbc9,c5431b81cbc9.png,2588,1958,1.3217568947906027,RGB,PNG
c546670d9684,c546670d9684.png,2416,1736,1.391705069124424,RGB,PNG
c561bcd519e9,c561bcd519e9.png,2416,1736,1.391705069124424,RGB,PNG
c56293f53191,c56293f53191.png,1050,1050,1.0,RGB,PNG
c568e5245ea5,c568e5245ea5.png,2416,1736,1.391705069124424,RGB,PNG
c56e65f74187,c56e65f74187.png,2588,1958,1.3217568947906027,RGB,PNG
c57c164bca05,c57c164bca05.png,2588,1958,1.3217568947906027,RGB,PNG
c58971bcebb2,c58971bcebb2.png,2588,1958,1.3217568947906027,RGB,PNG
c58e5c0c5b33,c58e5c0c5b33.png,1050,1050,1.0,RGB,PNG
c597ef460944,c597ef460944.png,2588,1958,1.3217568947906027,RGB,PNG
c5a0e84e955d,c5a0e84e955d.png,2048,1536,1.3333333333333333,RGB,PNG
c5a6f432a1ec,c5a6f432a1ec.png,819,614,1.3338762214983713,RGB,PNG
c5a9ebef1517,c5a9ebef1517.png,2588,1958,1.3217568947906027,RGB,PNG
c5ad60521f8c,c5ad60521f8c.png,1504,1000,1.504,RGB,PNG
c5b58cc992af,c5b58cc992af.png,819,614,1.3338762214983713,RGB,PNG
c5ba9e455d5e,c5ba9e455d5e.png,3216,2136,1.5056179775280898,RGB,PNG
c5bec7f1e5f3,c5bec7f1e5f3.png,1050,1050,1.0,RGB,PNG
c5e238aa18be,c5e238aa18be.png,2416,1736,1.391705069124424,RGB,PNG
c613db1cab27,c613db1cab27.png,3216,2136,1.5056179775280898,RGB,PNG
c6229222bf22,c6229222bf22.png,1050,1050,1.0,RGB,PNG
c62585bd68fb,c62585bd68fb.png,1476,1117,1.3213965980304387,RGB,PNG
c62cef02efa2,c62cef02efa2.png,1050,1050,1.0,RGB,PNG
c639d837f5e4,c639d837f5e4.png,2048,1536,1.3333333333333333,RGB,PNG
c64c0966b4cf,c64c0966b4cf.png,1050,1050,1.0,RGB,PNG
c67117c6ab3b,c67117c6ab3b.png,2416,1736,1.391705069124424,RGB,PNG
c68dfa021d62,c68dfa021d62.png,3216,2136,1.5056179775280898,RGB,PNG
c6916bc42016,c6916bc42016.png,1050,1050,1.0,RGB,PNG
c6a145742708,c6a145742708.png,3388,2588,1.3091190108191655,RGB,PNG
c6a2975228af,c6a2975228af.png,2588,1958,1.3217568947906027,RGB,PNG
c6a8f8f998a2,c6a8f8f998a2.png,1050,1050,1.0,RGB,PNG
c6c2bad91f23,c6c2bad91f23.png,3216,2136,1.5056179775280898,RGB,PNG
c6d4e4a3bd4c,c6d4e4a3bd4c.png,1050,1050,1.0,RGB,PNG
c6e1e9fbf39b,c6e1e9fbf39b.png,2416,1736,1.391705069124424,RGB,PNG
c6f5b5b5be41,c6f5b5b5be41.png,1050,1050,1.0,RGB,PNG
c704bd669f36,c704bd669f36.png,1050,1050,1.0,RGB,PNG
c70d09370109,c70d09370109.png,1050,1050,1.0,RGB,PNG
c739ff9580d3,c739ff9580d3.png,2416,1736,1.391705069124424,RGB,PNG
c73c5f6ef664,c73c5f6ef664.png,3216,2136,1.5056179775280898,RGB,PNG
c755a0c4edcc,c755a0c4edcc.png,2048,1536,1.3333333333333333,RGB,PNG
c76664770c07,c76664770c07.png,2588,1958,1.3217568947906027,RGB,PNG
c7b622ec8104,c7b622ec8104.png,2416,1736,1.391705069124424,RGB,PNG
c7c0470bcf87,c7c0470bcf87.png,2588,1958,1.3217568947906027,RGB,PNG
c7c3d363bc86,c7c3d363bc86.png,2588,1958,1.3217568947906027,RGB,PNG
c7d0deb71576,c7d0deb71576.png,1050,1050,1.0,RGB,PNG
c7e827fc7f41,c7e827fc7f41.png,2416,1736,1.391705069124424,RGB,PNG
c80b0f27541a,c80b0f27541a.png,2588,1958,1.3217568947906027,RGB,PNG
c80f79579fed,c80f79579fed.png,3216,2136,1.5056179775280898,RGB,PNG
c81c6911f5e0,c81c6911f5e0.png,1050,1050,1.0,RGB,PNG
c85b79d70079,c85b79d70079.png,2588,1958,1.3217568947906027,RGB,PNG
c87493ed320c,c87493ed320c.png,3216,2136,1.5056179775280898,RGB,PNG
c8823cdaf7fa,c8823cdaf7fa.png,3216,2136,1.5056179775280898,RGB,PNG
c8905b8d5cf1,c8905b8d5cf1.png,2588,1958,1.3217568947906027,RGB,PNG
c8a3eb9a5b52,c8a3eb9a5b52.png,3216,2136,1.5056179775280898,RGB,PNG
c8d2d32f7f29,c8d2d32f7f29.png,3216,2136,1.5056179775280898,RGB,PNG
c8fc0df22999,c8fc0df22999.png,2416,1736,1.391705069124424,RGB,PNG
c90c6b94cf40,c90c6b94cf40.png,819,614,1.3338762214983713,RGB,PNG
c947bb6cf9f6,c947bb6cf9f6.png,2048,1536,1.3333333333333333,RGB,PNG
c9485c38fdd5,c9485c38fdd5.png,2416,1736,1.391705069124424,RGB,PNG
c94f37085d0f,c94f37085d0f.png,1050,1050,1.0,RGB,PNG
c96f743915b5,c96f743915b5.png,2416,1736,1.391705069124424,RGB,PNG
c97472ef2c66,c97472ef2c66.png,819,614,1.3338762214983713,RGB,PNG
c98f623d08d1,c98f623d08d1.png,1050,1050,1.0,RGB,PNG
c9c563864ab1,c9c563864ab1.png,2048,1536,1.3333333333333333,RGB,PNG
c9d42d7534e0,c9d42d7534e0.png,2416,1736,1.391705069124424,RGB,PNG
c9e697117f3f,c9e697117f3f.png,1050,1050,1.0,RGB,PNG
c9ea9d5eab65,c9ea9d5eab65.png,2416,1736,1.391705069124424,RGB,PNG
c9f0dc2c8b43,c9f0dc2c8b43.png,1504,1000,1.504,RGB,PNG
ca05f7e7801b,ca05f7e7801b.png,1050,1050,1.0,RGB,PNG
ca0f1a17c8e5,ca0f1a17c8e5.png,1504,1000,1.504,RGB,PNG
ca1036496659,ca1036496659.png,1844,1226,1.504078303425775,RGB,PNG
ca25745942b0,ca25745942b0.png,2416,1736,1.391705069124424,RGB,PNG
ca2b54b95ade,ca2b54b95ade.png,1050,1050,1.0,RGB,PNG
ca30a97e9d13,ca30a97e9d13.png,2588,1958,1.3217568947906027,RGB,PNG
ca360bec5851,ca360bec5851.png,3216,2136,1.5056179775280898,RGB,PNG
ca63fe4f4b52,ca63fe4f4b52.png,2416,1736,1.391705069124424,RGB,PNG
ca6842bfcbc9,ca6842bfcbc9.png,2416,1736,1.391705069124424,RGB,PNG
ca7140ecf389,ca7140ecf389.png,2416,1736,1.391705069124424,RGB,PNG
ca7570c5925c,ca7570c5925c.png,2416,1736,1.391705069124424,RGB,PNG
ca7f5caddf96,ca7f5caddf96.png,2588,1958,1.3217568947906027,RGB,PNG
ca891d37a43c,ca891d37a43c.png,1504,1000,1.504,RGB,PNG
ca9c912ebad7,ca9c912ebad7.png,3216,2136,1.5056179775280898,RGB,PNG
cab3dfa7962d,cab3dfa7962d.png,2416,1736,1.391705069124424,RGB,PNG
cac40227d3b2,cac40227d3b2.png,1504,1000,1.504,RGB,PNG
cac80797770f,cac80797770f.png,2588,1958,1.3217568947906027,RGB,PNG
cad5b1a82e60,cad5b1a82e60.png,2048,1536,1.3333333333333333,RGB,PNG
cadde4030858,cadde4030858.png,1050,1050,1.0,RGB,PNG
cae33655ca00,cae33655ca00.png,1050,1050,1.0,RGB,PNG
cae51154e1ce,cae51154e1ce.png,2588,1958,1.3217568947906027,RGB,PNG
caec68f11c86,caec68f11c86.png,1050,1050,1.0,RGB,PNG
cb02bb47fdc5,cb02bb47fdc5.png,2416,1736,1.391705069124424,RGB,PNG
cb0cc98d7e35,cb0cc98d7e35.png,2416,1736,1.391705069124424,RGB,PNG
cb2201c226d6,cb2201c226d6.png,1050,1050,1.0,RGB,PNG
cb28adab4e8a,cb28adab4e8a.png,819,614,1.3338762214983713,RGB,PNG
cb2f3c5d71a7,cb2f3c5d71a7.png,1050,1050,1.0,RGB,PNG
cb39761f0712,cb39761f0712.png,1050,1050,1.0,RGB,PNG
cb547e723a16,cb547e723a16.png,2416,1736,1.391705069124424,RGB,PNG
cb602182cde3,cb602182cde3.png,640,480,1.3333333333333333,RGB,PNG
cb68fce07789,cb68fce07789.png,1050,1050,1.0,RGB,PNG
cb75210abebe,cb75210abebe.png,3216,2136,1.5056179775280898,RGB,PNG
cbc23af521f3,cbc23af521f3.png,2048,1536,1.3333333333333333,RGB,PNG
cbc2e57447c2,cbc2e57447c2.png,3216,2136,1.5056179775280898,RGB,PNG
cbd0870aa933,cbd0870aa933.png,2416,1736,1.391705069124424,RGB,PNG
cbe633765ea7,cbe633765ea7.png,1050,1050,1.0,RGB,PNG
cbf0394039f8,cbf0394039f8.png,2416,1736,1.391705069124424,RGB,PNG
cc12453ea915,cc12453ea915.png,2416,1736,1.391705069124424,RGB,PNG
cc1eebed9276,cc1eebed9276.png,2416,1736,1.391705069124424,RGB,PNG
cc3d2e961768,cc3d2e961768.png,3216,2136,1.5056179775280898,RGB,PNG
cc671a73e1cb,cc671a73e1cb.png,1050,1050,1.0,RGB,PNG
cc839823755b,cc839823755b.png,3388,2588,1.3091190108191655,RGB,PNG
cc9270f06b65,cc9270f06b65.png,2588,1958,1.3217568947906027,RGB,PNG
cc964bf04dbc,cc964bf04dbc.png,1050,1050,1.0,RGB,PNG
cca626a0e19a,cca626a0e19a.png,1844,1226,1.504078303425775,RGB,PNG
ccd34029493d,ccd34029493d.png,3216,2136,1.5056179775280898,RGB,PNG
ccd6dcb2f568,ccd6dcb2f568.png,2048,1536,1.3333333333333333,RGB,PNG
ccea49708830,ccea49708830.png,2048,1536,1.3333333333333333,RGB,PNG
cd01672507c9,cd01672507c9.png,2588,1958,1.3217568947906027,RGB,PNG
cd01f4f83336,cd01f4f83336.png,2048,1536,1.3333333333333333,RGB,PNG
cd1c98ec48b1,cd1c98ec48b1.png,1050,1050,1.0,RGB,PNG
cd29c88c9e36,cd29c88c9e36.png,3216,2136,1.5056179775280898,RGB,PNG
cd314653a4d8,cd314653a4d8.png,2048,1536,1.3333333333333333,RGB,PNG
cd3fd04d72f5,cd3fd04d72f5.png,1504,1000,1.504,RGB,PNG
cd45bfa07d41,cd45bfa07d41.png,3216,2136,1.5056179775280898,RGB,PNG
cd48cfab4e44,cd48cfab4e44.png,2588,1958,1.3217568947906027,RGB,PNG
cd4e7f9fa1a9,cd4e7f9fa1a9.png,1504,1000,1.504,RGB,PNG
cd54d022e37d,cd54d022e37d.png,3216,2136,1.5056179775280898,RGB,PNG
cd563556cb57,cd563556cb57.png,819,614,1.3338762214983713,RGB,PNG
cd5714db652d,cd5714db652d.png,2416,1736,1.391705069124424,RGB,PNG
cd66754e1b3b,cd66754e1b3b.png,819,614,1.3338762214983713,RGB,PNG
cd8da43e3069,cd8da43e3069.png,1050,1050,1.0,RGB,PNG
cd93a472e5cd,cd93a472e5cd.png,1050,1050,1.0,RGB,PNG
cd941e5bc659,cd941e5bc659.png,1050,1050,1.0,RGB,PNG
cd972e5639e0,cd972e5639e0.png,2588,1958,1.3217568947906027,RGB,PNG
cd9e2190c73f,cd9e2190c73f.png,2416,1736,1.391705069124424,RGB,PNG
ce207b69ff37,ce207b69ff37.png,3216,2136,1.5056179775280898,RGB,PNG
ce6f33a81ad5,ce6f33a81ad5.png,1050,1050,1.0,RGB,PNG
ce754234d760,ce754234d760.png,1050,1050,1.0,RGB,PNG
ce887b196c23,ce887b196c23.png,1504,1000,1.504,RGB,PNG
ce8d2efd9d4f,ce8d2efd9d4f.png,1050,1050,1.0,RGB,PNG
ceaa5803d780,ceaa5803d780.png,3216,2136,1.5056179775280898,RGB,PNG
ceb32a193eff,ceb32a193eff.png,1476,1117,1.3213965980304387,RGB,PNG
ceb601fe8dba,ceb601fe8dba.png,3216,2136,1.5056179775280898,RGB,PNG
cec299c2a2d5,cec299c2a2d5.png,2588,1958,1.3217568947906027,RGB,PNG
cf0575534cec,cf0575534cec.png,2416,1736,1.391705069124424,RGB,PNG
cf0824f53dd9,cf0824f53dd9.png,2416,1736,1.391705069124424,RGB,PNG
cf1b9d26d38d,cf1b9d26d38d.png,3388,2588,1.3091190108191655,RGB,PNG
cf603a9ef2d5,cf603a9ef2d5.png,2416,1736,1.391705069124424,RGB,PNG
cf6551521a35,cf6551521a35.png,2048,1536,1.3333333333333333,RGB,PNG
cf8ae5501bd6,cf8ae5501bd6.png,1050,1050,1.0,RGB,PNG
cf8f1bc7a215,cf8f1bc7a215.png,819,614,1.3338762214983713,RGB,PNG
cfb17a7cc8d4,cfb17a7cc8d4.png,1050,1050,1.0,RGB,PNG
cfd1bd0fcbb4,cfd1bd0fcbb4.png,819,614,1.3338762214983713,RGB,PNG
cfdbaef73a8b,cfdbaef73a8b.png,819,614,1.3338762214983713,RGB,PNG
cfed7c1172ec,cfed7c1172ec.png,1050,1050,1.0,RGB,PNG
cff262ed8f4c,cff262ed8f4c.png,2588,1958,1.3217568947906027,RGB,PNG
cffc50047828,cffc50047828.png,819,614,1.3338762214983713,RGB,PNG
d0079cc188e9,d0079cc188e9.png,3216,2136,1.5056179775280898,RGB,PNG
d02b79fc3200,d02b79fc3200.png,1050,1050,1.0,RGB,PNG
d035c2bd9104,d035c2bd9104.png,1050,1050,1.0,RGB,PNG
d06ccd0cf4b8,d06ccd0cf4b8.png,2588,1958,1.3217568947906027,RGB,PNG
d0926ed2c8e5,d0926ed2c8e5.png,1050,1050,1.0,RGB,PNG
d0b132d2c7ec,d0b132d2c7ec.png,1050,1050,1.0,RGB,PNG
d0d59ed675b5,d0d59ed675b5.png,2416,1736,1.391705069124424,RGB,PNG
d0ffa0425ef1,d0ffa0425ef1.png,2416,1736,1.391705069124424,RGB,PNG
d10d315f123f,d10d315f123f.png,2416,1736,1.391705069124424,RGB,PNG
d10ef306996b,d10ef306996b.png,3216,2136,1.5056179775280898,RGB,PNG
d141728fa392,d141728fa392.png,3388,2588,1.3091190108191655,RGB,PNG
d144144a2f3f,d144144a2f3f.png,1504,1000,1.504,RGB,PNG
d15ca3469b87,d15ca3469b87.png,2588,1958,1.3217568947906027,RGB,PNG
d160ebef4117,d160ebef4117.png,819,614,1.3338762214983713,RGB,PNG
d16398c971e9,d16398c971e9.png,4288,2848,1.5056179775280898,RGB,PNG
d16e39b9d6f0,d16e39b9d6f0.png,2048,1536,1.3333333333333333,RGB,PNG
d16e59a2b33a,d16e59a2b33a.png,1050,1050,1.0,RGB,PNG
d18aea8238a0,d18aea8238a0.png,2588,1958,1.3217568947906027,RGB,PNG
d18b1d8ac4de,d18b1d8ac4de.png,2416,1736,1.391705069124424,RGB,PNG
d18e5b68f6d2,d18e5b68f6d2.png,2588,1958,1.3217568947906027,RGB,PNG
d18f6431ebce,d18f6431ebce.png,1050,1050,1.0,RGB,PNG
d1a24527a15d,d1a24527a15d.png,2416,1736,1.391705069124424,RGB,PNG
d1a60c3b9fe5,d1a60c3b9fe5.png,1050,1050,1.0,RGB,PNG
d1afdb8cf70d,d1afdb8cf70d.png,1050,1050,1.0,RGB,PNG
d1b279cc02ae,d1b279cc02ae.png,1050,1050,1.0,RGB,PNG
d1ca85af57c9,d1ca85af57c9.png,1050,1050,1.0,RGB,PNG
d1cad012a254,d1cad012a254.png,2416,1736,1.391705069124424,RGB,PNG
d1cf31577a59,d1cf31577a59.png,2588,1958,1.3217568947906027,RGB,PNG
d1f1ea894da1,d1f1ea894da1.png,1844,1226,1.504078303425775,RGB,PNG
d1f7ea924a01,d1f7ea924a01.png,2048,1536,1.3333333333333333,RGB,PNG
d1fa0f744620,d1fa0f744620.png,2048,1536,1.3333333333333333,RGB,PNG
d1fb4efb117c,d1fb4efb117c.png,2416,1736,1.391705069124424,RGB,PNG
d25b8a8ad3c4,d25b8a8ad3c4.png,2588,1958,1.3217568947906027,RGB,PNG
d264396d8d1a,d264396d8d1a.png,2416,1736,1.391705069124424,RGB,PNG
d26bb2ed6e71,d26bb2ed6e71.png,2048,1536,1.3333333333333333,RGB,PNG
d26bc6e1230d,d26bc6e1230d.png,1050,1050,1.0,RGB,PNG
d271d3a2b552,d271d3a2b552.png,2416,1736,1.391705069124424,RGB,PNG
d27ac9e54901,d27ac9e54901.png,1050,1050,1.0,RGB,PNG
d28bd830c171,d28bd830c171.png,3216,2136,1.5056179775280898,RGB,PNG
d2901144070c,d2901144070c.png,2416,1736,1.391705069124424,RGB,PNG
d29096bd94aa,d29096bd94aa.png,2416,1736,1.391705069124424,RGB,PNG
d29b37d110f3,d29b37d110f3.png,819,614,1.3338762214983713,RGB,PNG
d2afca74cbc3,d2afca74cbc3.png,819,614,1.3338762214983713,RGB,PNG
d2c2f02bb313,d2c2f02bb313.png,2416,1736,1.391705069124424,RGB,PNG
d2c5fb82fe5f,d2c5fb82fe5f.png,2048,1536,1.3333333333333333,RGB,PNG
d2c6b99ef62c,d2c6b99ef62c.png,3388,2588,1.3091190108191655,RGB,PNG
d2cd47ed2c1d,d2cd47ed2c1d.png,819,614,1.3338762214983713,RGB,PNG
d2d523e9f669,d2d523e9f669.png,2048,1536,1.3333333333333333,RGB,PNG
d2dc86021c67,d2dc86021c67.png,1050,1050,1.0,RGB,PNG
d2fb715b0c41,d2fb715b0c41.png,1050,1050,1.0,RGB,PNG
d2ffe9287dc7,d2ffe9287dc7.png,3216,2136,1.5056179775280898,RGB,PNG
d30d079e6f9a,d30d079e6f9a.png,1050,1050,1.0,RGB,PNG
d332d7b8a26e,d332d7b8a26e.png,1050,1050,1.0,RGB,PNG
d364423ec6f9,d364423ec6f9.png,3216,2136,1.5056179775280898,RGB,PNG
d38cf0f4a9af,d38cf0f4a9af.png,1050,1050,1.0,RGB,PNG
d39752cb6e57,d39752cb6e57.png,1050,1050,1.0,RGB,PNG
d3be5346684b,d3be5346684b.png,2588,1958,1.3217568947906027,RGB,PNG
d3d578fe433f,d3d578fe433f.png,3216,2136,1.5056179775280898,RGB,PNG
d3de0d313d61,d3de0d313d61.png,2588,1958,1.3217568947906027,RGB,PNG
d3dfd0a2dee6,d3dfd0a2dee6.png,2048,1536,1.3333333333333333,RGB,PNG
d3e56584a481,d3e56584a481.png,819,614,1.3338762214983713,RGB,PNG
d3e884109b45,d3e884109b45.png,2588,1958,1.3217568947906027,RGB,PNG
d41b33fcb94f,d41b33fcb94f.png,640,480,1.3333333333333333,RGB,PNG
d436c06f0490,d436c06f0490.png,1050,1050,1.0,RGB,PNG
d4583e9525dc,d4583e9525dc.png,2048,1536,1.3333333333333333,RGB,PNG
d473f6fafba0,d473f6fafba0.png,2588,1958,1.3217568947906027,RGB,PNG
d48178e4a49b,d48178e4a49b.png,3388,2588,1.3091190108191655,RGB,PNG
d4bc001f7224,d4bc001f7224.png,2048,1536,1.3333333333333333,RGB,PNG
d4be0403e6ab,d4be0403e6ab.png,1050,1050,1.0,RGB,PNG
d4f32b9c07df,d4f32b9c07df.png,2416,1736,1.391705069124424,RGB,PNG
d516f77d4516,d516f77d4516.png,2048,1536,1.3333333333333333,RGB,PNG
d51b3fe0fa1b,d51b3fe0fa1b.png,1504,1000,1.504,RGB,PNG
d51c2153d151,d51c2153d151.png,2416,1736,1.391705069124424,RGB,PNG
d51e5d7484ea,d51e5d7484ea.png,1050,1050,1.0,RGB,PNG
d567a1a22d33,d567a1a22d33.png,2416,1736,1.391705069124424,RGB,PNG
d56d32a1d62d,d56d32a1d62d.png,2048,1536,1.3333333333333333,RGB,PNG
d57d1be1bbd1,d57d1be1bbd1.png,2588,1958,1.3217568947906027,RGB,PNG
d5a39339ff3d,d5a39339ff3d.png,3216,2136,1.5056179775280898,RGB,PNG
d5ad3362424c,d5ad3362424c.png,2588,1958,1.3217568947906027,RGB,PNG
d5b4705ac2ee,d5b4705ac2ee.png,1050,1050,1.0,RGB,PNG
d5c63a8d9e94,d5c63a8d9e94.png,1050,1050,1.0,RGB,PNG
d6130f2ec903,d6130f2ec903.png,819,614,1.3338762214983713,RGB,PNG
d6228d951958,d6228d951958.png,3388,2588,1.3091190108191655,RGB,PNG
d6283ded6aea,d6283ded6aea.png,3216,2136,1.5056179775280898,RGB,PNG
d659d7fd5ccf,d659d7fd5ccf.png,3216,2136,1.5056179775280898,RGB,PNG
d667af5742f6,d667af5742f6.png,1050,1050,1.0,RGB,PNG
d66b6f333dc7,d66b6f333dc7.png,3216,2136,1.5056179775280898,RGB,PNG
d66ccb75ada1,d66ccb75ada1.png,2588,1958,1.3217568947906027,RGB,PNG
d67374d3fa2a,d67374d3fa2a.png,1050,1050,1.0,RGB,PNG
d6803e467592,d6803e467592.png,1050,1050,1.0,RGB,PNG
d69698f838db,d69698f838db.png,1050,1050,1.0,RGB,PNG
d6b109c82067,d6b109c82067.png,1050,1050,1.0,RGB,PNG
d6dbb0820ea5,d6dbb0820ea5.png,1050,1050,1.0,RGB,PNG
d6df4fe492ec,d6df4fe492ec.png,1050,1050,1.0,RGB,PNG
d6e26fe51dce,d6e26fe51dce.png,3216,2136,1.5056179775280898,RGB,PNG
d6f36ec5564a,d6f36ec5564a.png,2048,1536,1.3333333333333333,RGB,PNG
d6f6bdfd8011,d6f6bdfd8011.png,1050,1050,1.0,RGB,PNG
d7078e8b0349,d7078e8b0349.png,2048,1536,1.3333333333333333,RGB,PNG
d74ccc796517,d74ccc796517.png,1050,1050,1.0,RGB,PNG
d774692d9919,d774692d9919.png,1050,1050,1.0,RGB,PNG
d78b7401096f,d78b7401096f.png,2588,1958,1.3217568947906027,RGB,PNG
d7a01fca9838,d7a01fca9838.png,819,614,1.3338762214983713,RGB,PNG
d7ab5c040294,d7ab5c040294.png,819,614,1.3338762214983713,RGB,PNG
d7ac4a0c9760,d7ac4a0c9760.png,1050,1050,1.0,RGB,PNG
d7bc00091cfc,d7bc00091cfc.png,1050,1050,1.0,RGB,PNG
d7bc62d60e8c,d7bc62d60e8c.png,2588,1958,1.3217568947906027,RGB,PNG
d7e5fe5245e0,d7e5fe5245e0.png,2416,1736,1.391705069124424,RGB,PNG
d801c0a66738,d801c0a66738.png,2416,1736,1.391705069124424,RGB,PNG
d803598dabda,d803598dabda.png,1504,1000,1.504,RGB,PNG
d807c53c1399,d807c53c1399.png,1050,1050,1.0,RGB,PNG
d81338217fc5,d81338217fc5.png,2588,1958,1.3217568947906027,RGB,PNG
d81b6ed83bc2,d81b6ed83bc2.png,1504,1000,1.504,RGB,PNG
d838d5b9f571,d838d5b9f571.png,1050,1050,1.0,RGB,PNG
d83c3efade75,d83c3efade75.png,3216,2136,1.5056179775280898,RGB,PNG
d83d0695e215,d83d0695e215.png,3216,2136,1.5056179775280898,RGB,PNG
d8404680bba6,d8404680bba6.png,2588,1958,1.3217568947906027,RGB,PNG
d844a7252f4e,d844a7252f4e.png,3216,2136,1.5056179775280898,RGB,PNG
d85588ff2ebd,d85588ff2ebd.png,2416,1736,1.391705069124424,RGB,PNG
d85a842d20bd,d85a842d20bd.png,3388,2588,1.3091190108191655,RGB,PNG
d85d052900b4,d85d052900b4.png,2416,1736,1.391705069124424,RGB,PNG
d85ea1220a03,d85ea1220a03.png,1050,1050,1.0,RGB,PNG
d865997a6280,d865997a6280.png,2048,1536,1.3333333333333333,RGB,PNG
d866c26d76f0,d866c26d76f0.png,2048,1536,1.3333333333333333,RGB,PNG
d868acdccb5b,d868acdccb5b.png,2416,1736,1.391705069124424,RGB,PNG
d871895742b1,d871895742b1.png,2588,1958,1.3217568947906027,RGB,PNG
d881c04f01fe,d881c04f01fe.png,1050,1050,1.0,RGB,PNG
d88806d9ece9,d88806d9ece9.png,2144,1424,1.5056179775280898,RGB,PNG
d88c4843aec3,d88c4843aec3.png,1050,1050,1.0,RGB,PNG
d8cdb7d7283a,d8cdb7d7283a.png,2416,1736,1.391705069124424,RGB,PNG
d8da9de62743,d8da9de62743.png,1050,1050,1.0,RGB,PNG
d911dd40c63b,d911dd40c63b.png,1050,1050,1.0,RGB,PNG
d91273efb92a,d91273efb92a.png,3216,2136,1.5056179775280898,RGB,PNG
d91635f380b4,d91635f380b4.png,2048,1536,1.3333333333333333,RGB,PNG
d9311f7497cb,d9311f7497cb.png,3388,2588,1.3091190108191655,RGB,PNG
d93b61dc8f64,d93b61dc8f64.png,2588,1958,1.3217568947906027,RGB,PNG
d94e10f42861,d94e10f42861.png,3216,2136,1.5056179775280898,RGB,PNG
d952dbfb0fe4,d952dbfb0fe4.png,2416,1736,1.391705069124424,RGB,PNG
d95959798b57,d95959798b57.png,2416,1736,1.391705069124424,RGB,PNG
d968a983d4d2,d968a983d4d2.png,2588,1958,1.3217568947906027,RGB,PNG
d97911a32918,d97911a32918.png,1050,1050,1.0,RGB,PNG
d990a3f0cbdb,d990a3f0cbdb.png,2416,1736,1.391705069124424,RGB,PNG
d994203deb64,d994203deb64.png,2144,1424,1.5056179775280898,RGB,PNG
d99b0f7dd9b9,d99b0f7dd9b9.png,1050,1050,1.0,RGB,PNG
d99dd99be001,d99dd99be001.png,1050,1050,1.0,RGB,PNG
d9a475dfe59a,d9a475dfe59a.png,2416,1736,1.391705069124424,RGB,PNG
d9ad2a0ec026,d9ad2a0ec026.png,1050,1050,1.0,RGB,PNG
d9ba044671e1,d9ba044671e1.png,3216,2136,1.5056179775280898,RGB,PNG
d9bbdc33db83,d9bbdc33db83.png,640,480,1.3333333333333333,RGB,PNG
d9c9b9786da3,d9c9b9786da3.png,1050,1050,1.0,RGB,PNG
d9d2631f043c,d9d2631f043c.png,2588,1958,1.3217568947906027,RGB,PNG
d9e58e4d8689,d9e58e4d8689.png,2416,1736,1.391705069124424,RGB,PNG
da0a1043abf7,da0a1043abf7.png,1504,1000,1.504,RGB,PNG
da0a83f074f3,da0a83f074f3.png,819,614,1.3338762214983713,RGB,PNG
da1fb35f5df9,da1fb35f5df9.png,2416,1736,1.391705069124424,RGB,PNG
da2bdf4236ac,da2bdf4236ac.png,819,614,1.3338762214983713,RGB,PNG
da3a2275c850,da3a2275c850.png,1050,1050,1.0,RGB,PNG
da44f80b422b,da44f80b422b.png,3216,2136,1.5056179775280898,RGB,PNG
da6389d129aa,da6389d129aa.png,2416,1736,1.391705069124424,RGB,PNG
da6bbb76d562,da6bbb76d562.png,2588,1958,1.3217568947906027,RGB,PNG
da8900ac7f29,da8900ac7f29.png,3216,2136,1.5056179775280898,RGB,PNG
da9262d9f5d9,da9262d9f5d9.png,1050,1050,1.0,RGB,PNG
da949aa67a4f,da949aa67a4f.png,2048,1536,1.3333333333333333,RGB,PNG
da9574d35b82,da9574d35b82.png,2588,1958,1.3217568947906027,RGB,PNG
da9fe02dead3,da9fe02dead3.png,1050,1050,1.0,RGB,PNG
daad7b617f21,daad7b617f21.png,819,614,1.3338762214983713,RGB,PNG
dad71ba27a9b,dad71ba27a9b.png,2416,1736,1.391705069124424,RGB,PNG
daeaa5d8cf70,daeaa5d8cf70.png,640,480,1.3333333333333333,RGB,PNG
daff5427c9b2,daff5427c9b2.png,2048,1536,1.3333333333333333,RGB,PNG
db3cd58aa315,db3cd58aa315.png,2048,1536,1.3333333333333333,RGB,PNG
db49cdf1ea64,db49cdf1ea64.png,2416,1736,1.391705069124424,RGB,PNG
db4ed1e07aa3,db4ed1e07aa3.png,2588,1958,1.3217568947906027,RGB,PNG
db52626d450c,db52626d450c.png,1050,1050,1.0,RGB,PNG
db6207e62c7b,db6207e62c7b.png,2048,1536,1.3333333333333333,RGB,PNG
db690e2d02f8,db690e2d02f8.png,1050,1050,1.0,RGB,PNG
dbb2c63f6f08,dbb2c63f6f08.png,640,480,1.3333333333333333,RGB,PNG
dbd062558b81,dbd062558b81.png,3388,2588,1.3091190108191655,RGB,PNG
dbee04ae6426,dbee04ae6426.png,2588,1958,1.3217568947906027,RGB,PNG
dbfd238b3468,dbfd238b3468.png,2588,1958,1.3217568947906027,RGB,PNG
dc0eea0b68a7,dc0eea0b68a7.png,1476,1117,1.3213965980304387,RGB,PNG
dc0f6e5b489b,dc0f6e5b489b.png,2048,1536,1.3333333333333333,RGB,PNG
dc3c0d8ee20b,dc3c0d8ee20b.png,1504,1000,1.504,RGB,PNG
dc6fa1b38b83,dc6fa1b38b83.png,2588,1958,1.3217568947906027,RGB,PNG
dcc6c0ad5cad,dcc6c0ad5cad.png,2588,1958,1.3217568947906027,RGB,PNG
dccdf750c962,dccdf750c962.png,1050,1050,1.0,RGB,PNG
dce73d90c00c,dce73d90c00c.png,1050,1050,1.0,RGB,PNG
dcf109df1a2b,dcf109df1a2b.png,2048,1536,1.3333333333333333,RGB,PNG
dd02d60bef14,dd02d60bef14.png,2048,1536,1.3333333333333333,RGB,PNG
dd110d2b8c21,dd110d2b8c21.png,3216,2136,1.5056179775280898,RGB,PNG
dd19428c3d29,dd19428c3d29.png,2416,1736,1.391705069124424,RGB,PNG
dd285d9e97fe,dd285d9e97fe.png,1050,1050,1.0,RGB,PNG
dd3176bacfe2,dd3176bacfe2.png,819,614,1.3338762214983713,RGB,PNG
dd3dad6ca78f,dd3dad6ca78f.png,2416,1736,1.391705069124424,RGB,PNG
dd90c321d7bc,dd90c321d7bc.png,2048,1536,1.3333333333333333,RGB,PNG
ddb222ff7c1d,ddb222ff7c1d.png,2048,1536,1.3333333333333333,RGB,PNG
dde43aa22ae6,dde43aa22ae6.png,2416,1736,1.391705069124424,RGB,PNG
de16416220de,de16416220de.png,3388,2588,1.3091190108191655,RGB,PNG
de18071c36e6,de18071c36e6.png,819,614,1.3338762214983713,RGB,PNG
de2eb5c8aa83,de2eb5c8aa83.png,2048,1536,1.3333333333333333,RGB,PNG
de38adaae009,de38adaae009.png,2588,1958,1.3217568947906027,RGB,PNG
de4cdabbce6d,de4cdabbce6d.png,2048,1536,1.3333333333333333,RGB,PNG
de50dfa745f8,de50dfa745f8.png,2588,1958,1.3217568947906027,RGB,PNG
de55ed25e0e8,de55ed25e0e8.png,1050,1050,1.0,RGB,PNG
de57c9e9fa93,de57c9e9fa93.png,1476,1117,1.3213965980304387,RGB,PNG
de6210f88536,de6210f88536.png,1050,1050,1.0,RGB,PNG
de730033c683,de730033c683.png,2588,1958,1.3217568947906027,RGB,PNG
de778495a1cd,de778495a1cd.png,3216,2136,1.5056179775280898,RGB,PNG
dea7538bb91a,dea7538bb91a.png,819,614,1.3338762214983713,RGB,PNG
dec5595e6154,dec5595e6154.png,1050,1050,1.0,RGB,PNG
dee1031a76ae,dee1031a76ae.png,819,614,1.3338762214983713,RGB,PNG
dee31065f8fe,dee31065f8fe.png,1050,1050,1.0,RGB,PNG
dee687c6e88a,dee687c6e88a.png,3216,2136,1.5056179775280898,RGB,PNG
df0886f1e76b,df0886f1e76b.png,2048,1536,1.3333333333333333,RGB,PNG
df3adfd6ba36,df3adfd6ba36.png,2588,1958,1.3217568947906027,RGB,PNG
df4913ca3712,df4913ca3712.png,1504,1000,1.504,RGB,PNG
df4aec4a0eaf,df4aec4a0eaf.png,3388,2588,1.3091190108191655,RGB,PNG
df5ce3ea7820,df5ce3ea7820.png,3216,2136,1.5056179775280898,RGB,PNG
df6d13d04da1,df6d13d04da1.png,1050,1050,1.0,RGB,PNG
df8365d6ac33,df8365d6ac33.png,3216,2136,1.5056179775280898,RGB,PNG
df841a0440d8,df841a0440d8.png,2416,1736,1.391705069124424,RGB,PNG
df84e7113003,df84e7113003.png,3216,2136,1.5056179775280898,RGB,PNG
df9cb3729eb1,df9cb3729eb1.png,2048,1536,1.3333333333333333,RGB,PNG
dfc7ec7db0e0,dfc7ec7db0e0.png,1050,1050,1.0,RGB,PNG
dfea19863428,dfea19863428.png,819,614,1.3338762214983713,RGB,PNG
e019b3e0f33d,e019b3e0f33d.png,1504,1000,1.504,RGB,PNG
e01b7bac822b,e01b7bac822b.png,1050,1050,1.0,RGB,PNG
e0313be77035,e0313be77035.png,2048,1536,1.3333333333333333,RGB,PNG
e037643244b7,e037643244b7.png,2416,1736,1.391705069124424,RGB,PNG
e03a74e7d74f,e03a74e7d74f.png,2048,1536,1.3333333333333333,RGB,PNG
e03e70bc8bba,e03e70bc8bba.png,2416,1736,1.391705069124424,RGB,PNG
e04f3c6619a3,e04f3c6619a3.png,1050,1050,1.0,RGB,PNG
e067b06fd655,e067b06fd655.png,1050,1050,1.0,RGB,PNG
e06cccc08c59,e06cccc08c59.png,1050,1050,1.0,RGB,PNG
e06d3d4733f0,e06d3d4733f0.png,3216,2136,1.5056179775280898,RGB,PNG
e07045d7c5f7,e07045d7c5f7.png,2416,1736,1.391705069124424,RGB,PNG
e0863b353093,e0863b353093.png,3216,2136,1.5056179775280898,RGB,PNG
e087bd4b88f2,e087bd4b88f2.png,2048,1536,1.3333333333333333,RGB,PNG
e0b5a982a018,e0b5a982a018.png,2416,1736,1.391705069124424,RGB,PNG
e0d229db881a,e0d229db881a.png,1050,1050,1.0,RGB,PNG
e10190a9d52f,e10190a9d52f.png,3388,2588,1.3091190108191655,RGB,PNG
e12b67835e03,e12b67835e03.png,1050,1050,1.0,RGB,PNG
e12d41e7b221,e12d41e7b221.png,2416,1736,1.391705069124424,RGB,PNG
e12df54e0d1e,e12df54e0d1e.png,1050,1050,1.0,RGB,PNG
e12f9f19d1be,e12f9f19d1be.png,819,614,1.3338762214983713,RGB,PNG
e13412678eff,e13412678eff.png,2416,1736,1.391705069124424,RGB,PNG
e135d7ba9a0e,e135d7ba9a0e.png,1050,1050,1.0,RGB,PNG
e1418d28d668,e1418d28d668.png,2588,1958,1.3217568947906027,RGB,PNG
e150935f66a6,e150935f66a6.png,1050,1050,1.0,RGB,PNG
e160a3b19911,e160a3b19911.png,819,614,1.3338762214983713,RGB,PNG
e16af45285e5,e16af45285e5.png,1050,1050,1.0,RGB,PNG
e16fc934069f,e16fc934069f.png,3216,2136,1.5056179775280898,RGB,PNG
e17507a4a1f5,e17507a4a1f5.png,2416,1736,1.391705069124424,RGB,PNG
e1900014dabf,e1900014dabf.png,2416,1736,1.391705069124424,RGB,PNG
e19936582c61,e19936582c61.png,3216,2136,1.5056179775280898,RGB,PNG
e1ab92228e60,e1ab92228e60.png,2416,1736,1.391705069124424,RGB,PNG
e1b8acb1cea1,e1b8acb1cea1.png,1050,1050,1.0,RGB,PNG
e1c02f6c3362,e1c02f6c3362.png,2048,1536,1.3333333333333333,RGB,PNG
e1dc02a3dc2a,e1dc02a3dc2a.png,1050,1050,1.0,RGB,PNG
e1e490773462,e1e490773462.png,3388,2588,1.3091190108191655,RGB,PNG
e1fb532f55df,e1fb532f55df.png,2896,1944,1.4897119341563787,RGB,PNG
e2161692a0b4,e2161692a0b4.png,2588,1958,1.3217568947906027,RGB,PNG
e2265c383348,e2265c383348.png,819,614,1.3338762214983713,RGB,PNG
e229aca862c7,e229aca862c7.png,3216,2136,1.5056179775280898,RGB,PNG
e23add229074,e23add229074.png,3216,2136,1.5056179775280898,RGB,PNG
e246cd89e1cc,e246cd89e1cc.png,1050,1050,1.0,RGB,PNG
e251bdf05b85,e251bdf05b85.png,819,614,1.3338762214983713,RGB,PNG
e25ccfe38e44,e25ccfe38e44.png,819,614,1.3338762214983713,RGB,PNG
e265c870f9b3,e265c870f9b3.png,3388,2588,1.3091190108191655,RGB,PNG
e26bcae6c67b,e26bcae6c67b.png,2588,1958,1.3217568947906027,RGB,PNG
e26d8718ca58,e26d8718ca58.png,819,614,1.3338762214983713,RGB,PNG
e2856afe62c5,e2856afe62c5.png,2416,1736,1.391705069124424,RGB,PNG
e29e54ff921e,e29e54ff921e.png,1050,1050,1.0,RGB,PNG
e2a233493b90,e2a233493b90.png,2416,1736,1.391705069124424,RGB,PNG
e2a47a74e6e1,e2a47a74e6e1.png,2416,1736,1.391705069124424,RGB,PNG
e2c39ed0c941,e2c39ed0c941.png,1050,1050,1.0,RGB,PNG
e2c3b037413b,e2c3b037413b.png,2416,1736,1.391705069124424,RGB,PNG
e2ec22b3d07e,e2ec22b3d07e.png,819,614,1.3338762214983713,RGB,PNG
e30a890600e1,e30a890600e1.png,819,614,1.3338762214983713,RGB,PNG
e31c42a8652b,e31c42a8652b.png,640,480,1.3333333333333333,RGB,PNG
e322acd46152,e322acd46152.png,2048,1536,1.3333333333333333,RGB,PNG
e32a359be36d,e32a359be36d.png,2588,1958,1.3217568947906027,RGB,PNG
e32dc722eca5,e32dc722eca5.png,3216,2136,1.5056179775280898,RGB,PNG
e33766353db2,e33766353db2.png,819,614,1.3338762214983713,RGB,PNG
e34fa07bd64d,e34fa07bd64d.png,1844,1226,1.504078303425775,RGB,PNG
e387311a840e,e387311a840e.png,2416,1736,1.391705069124424,RGB,PNG
e38f3a65b02b,e38f3a65b02b.png,4288,2848,1.5056179775280898,RGB,PNG
e39b627cf648,e39b627cf648.png,1504,1000,1.504,RGB,PNG
e3a7671f787b,e3a7671f787b.png,3388,2588,1.3091190108191655,RGB,PNG
e3ab63dc9a60,e3ab63dc9a60.png,2416,1736,1.391705069124424,RGB,PNG
e3b47ed5b511,e3b47ed5b511.png,1050,1050,1.0,RGB,PNG
e3cd96cb094c,e3cd96cb094c.png,2048,1536,1.3333333333333333,RGB,PNG
e3e490babc0c,e3e490babc0c.png,2416,1736,1.391705069124424,RGB,PNG
e3ec668f6fad,e3ec668f6fad.png,3388,2588,1.3091190108191655,RGB,PNG
e4151feb8443,e4151feb8443.png,3216,2136,1.5056179775280898,RGB,PNG
e4210e7fe587,e4210e7fe587.png,2588,1958,1.3217568947906027,RGB,PNG
e42d9a94a66d,e42d9a94a66d.png,2588,1958,1.3217568947906027,RGB,PNG
e4730ddde408,e4730ddde408.png,3216,2136,1.5056179775280898,RGB,PNG
e47452069ea1,e47452069ea1.png,2048,1536,1.3333333333333333,RGB,PNG
e47770a2e5d1,e47770a2e5d1.png,2588,1958,1.3217568947906027,RGB,PNG
e499434242cc,e499434242cc.png,3216,2136,1.5056179775280898,RGB,PNG
e4a44f9158dc,e4a44f9158dc.png,1050,1050,1.0,RGB,PNG
e4ae1ee6aada,e4ae1ee6aada.png,1050,1050,1.0,RGB,PNG
e4b0df29b96f,e4b0df29b96f.png,1050,1050,1.0,RGB,PNG
e4c799738a19,e4c799738a19.png,1050,1050,1.0,RGB,PNG
e4d3d437b0a8,e4d3d437b0a8.png,1050,1050,1.0,RGB,PNG
e4dcca36ceb4,e4dcca36ceb4.png,1050,1050,1.0,RGB,PNG
e4e343eaae2a,e4e343eaae2a.png,2144,1424,1.5056179775280898,RGB,PNG
e4f12411fd85,e4f12411fd85.png,2896,1944,1.4897119341563787,RGB,PNG
e50b0174690d,e50b0174690d.png,1050,1050,1.0,RGB,PNG
e5197d77ec68,e5197d77ec68.png,819,614,1.3338762214983713,RGB,PNG
e529c5757d64,e529c5757d64.png,819,614,1.3338762214983713,RGB,PNG
e52ed5c29c5e,e52ed5c29c5e.png,3216,2136,1.5056179775280898,RGB,PNG
e540d2e35d15,e540d2e35d15.png,2416,1736,1.391705069124424,RGB,PNG
e55188915f9d,e55188915f9d.png,2416,1736,1.391705069124424,RGB,PNG
e580676516b0,e580676516b0.png,2588,1958,1.3217568947906027,RGB,PNG
e582e56e7942,e582e56e7942.png,1050,1050,1.0,RGB,PNG
e594c19e2e1d,e594c19e2e1d.png,1050,1050,1.0,RGB,PNG
e599151ca14b,e599151ca14b.png,2416,1736,1.391705069124424,RGB,PNG
e59c5f345bb0,e59c5f345bb0.png,1050,1050,1.0,RGB,PNG
e5d56f4f359b,e5d56f4f359b.png,3216,2136,1.5056179775280898,RGB,PNG
e5de79795c1d,e5de79795c1d.png,819,614,1.3338762214983713,RGB,PNG
e5f332efcbc7,e5f332efcbc7.png,2048,1536,1.3333333333333333,RGB,PNG
e5f73f2855c0,e5f73f2855c0.png,1050,1050,1.0,RGB,PNG
e60e4edb3ca9,e60e4edb3ca9.png,1050,1050,1.0,RGB,PNG
e62490b7d0e9,e62490b7d0e9.png,3216,2136,1.5056179775280898,RGB,PNG
e632e38fd2d4,e632e38fd2d4.png,2588,1958,1.3217568947906027,RGB,PNG
e6552b7432b3,e6552b7432b3.png,1050,1050,1.0,RGB,PNG
e65a2ff90494,e65a2ff90494.png,2416,1736,1.391705069124424,RGB,PNG
e65f94ad9be3,e65f94ad9be3.png,2588,1958,1.3217568947906027,RGB,PNG
e663c6627a95,e663c6627a95.png,2416,1736,1.391705069124424,RGB,PNG
e66855a5c583,e66855a5c583.png,1050,1050,1.0,RGB,PNG
e66ad813a508,e66ad813a508.png,1050,1050,1.0,RGB,PNG
e68746d426b2,e68746d426b2.png,819,614,1.3338762214983713,RGB,PNG
e68bdd36e589,e68bdd36e589.png,2588,1958,1.3217568947906027,RGB,PNG
e69b48516577,e69b48516577.png,2588,1958,1.3217568947906027,RGB,PNG
e6a58edc5b42,e6a58edc5b42.png,3216,2136,1.5056179775280898,RGB,PNG
e6a5e4718873,e6a5e4718873.png,1050,1050,1.0,RGB,PNG
e6a6acf7fca1,e6a6acf7fca1.png,3216,2136,1.5056179775280898,RGB,PNG
e6f0ce5bf282,e6f0ce5bf282.png,3216,2136,1.5056179775280898,RGB,PNG
e724866f5084,e724866f5084.png,3216,2136,1.5056179775280898,RGB,PNG
e7291472109b,e7291472109b.png,1050,1050,1.0,RGB,PNG
e740af6ac6ea,e740af6ac6ea.png,1504,1000,1.504,RGB,PNG
e756495c11cb,e756495c11cb.png,2416,1736,1.391705069124424,RGB,PNG
e7578d8dba72,e7578d8dba72.png,819,614,1.3338762214983713,RGB,PNG
e76a9cbb2a8c,e76a9cbb2a8c.png,1504,1000,1.504,RGB,PNG
e77a93c3d9a9,e77a93c3d9a9.png,2588,1958,1.3217568947906027,RGB,PNG
e79e10907295,e79e10907295.png,1050,1050,1.0,RGB,PNG
e7a372a1c3a4,e7a372a1c3a4.png,2416,1736,1.391705069124424,RGB,PNG
e7a7187066ad,e7a7187066ad.png,1504,1000,1.504,RGB,PNG
e7b5dd5bab1f,e7b5dd5bab1f.png,1050,1050,1.0,RGB,PNG
e7d2c2c3b30f,e7d2c2c3b30f.png,2416,1736,1.391705069124424,RGB,PNG
e7defafeb957,e7defafeb957.png,3388,2588,1.3091190108191655,RGB,PNG
e7fc93ac5b6d,e7fc93ac5b6d.png,2588,1958,1.3217568947906027,RGB,PNG
e811f39a1243,e811f39a1243.png,2896,1944,1.4897119341563787,RGB,PNG
e81f4a2fbbdc,e81f4a2fbbdc.png,2588,1958,1.3217568947906027,RGB,PNG
e821c1b6417a,e821c1b6417a.png,2588,1958,1.3217568947906027,RGB,PNG
e82232a3c28b,e82232a3c28b.png,1050,1050,1.0,RGB,PNG
e83d315d8f98,e83d315d8f98.png,2588,1958,1.3217568947906027,RGB,PNG
e85d410d6836,e85d410d6836.png,640,480,1.3333333333333333,RGB,PNG
e868c3da340b,e868c3da340b.png,3216,2136,1.5056179775280898,RGB,PNG
e893e86dde94,e893e86dde94.png,1050,1050,1.0,RGB,PNG
e8d1c6c07cf2,e8d1c6c07cf2.png,1504,1000,1.504,RGB,PNG
e8ddfc9709ce,e8ddfc9709ce.png,1050,1050,1.0,RGB,PNG
e8e44b3160e3,e8e44b3160e3.png,1050,1050,1.0,RGB,PNG
e907d23cce3d,e907d23cce3d.png,2048,1536,1.3333333333333333,RGB,PNG
e9129ce55fd7,e9129ce55fd7.png,2588,1958,1.3217568947906027,RGB,PNG
e9286ddf6ffe,e9286ddf6ffe.png,4288,2848,1.5056179775280898,RGB,PNG
e933923aab15,e933923aab15.png,1050,1050,1.0,RGB,PNG
e93394175a19,e93394175a19.png,3216,2136,1.5056179775280898,RGB,PNG
e96099b961b4,e96099b961b4.png,2416,1736,1.391705069124424,RGB,PNG
e966850247f4,e966850247f4.png,1050,1050,1.0,RGB,PNG
e9678824215d,e9678824215d.png,1050,1050,1.0,RGB,PNG
e96bd80a8a53,e96bd80a8a53.png,2416,1736,1.391705069124424,RGB,PNG
e97ecf4355cb,e97ecf4355cb.png,2048,1536,1.3333333333333333,RGB,PNG
e9ab8413e771,e9ab8413e771.png,2588,1958,1.3217568947906027,RGB,PNG
e9ce5bf645ab,e9ce5bf645ab.png,1050,1050,1.0,RGB,PNG
e9f3c85a2a02,e9f3c85a2a02.png,1050,1050,1.0,RGB,PNG
e9f82b5bbaf4,e9f82b5bbaf4.png,2416,1736,1.391705069124424,RGB,PNG
e9faf0296643,e9faf0296643.png,2588,1958,1.3217568947906027,RGB,PNG
e9ff9352ccb3,e9ff9352ccb3.png,4288,2848,1.5056179775280898,RGB,PNG
ea05c22d92e9,ea05c22d92e9.png,1504,1000,1.504,RGB,PNG
ea15a290eb96,ea15a290eb96.png,2416,1736,1.391705069124424,RGB,PNG
ea1d045f9fea,ea1d045f9fea.png,3388,2588,1.3091190108191655,RGB,PNG
ea4ce9516144,ea4ce9516144.png,2048,1536,1.3333333333333333,RGB,PNG
ea4dcb055139,ea4dcb055139.png,2588,1958,1.3217568947906027,RGB,PNG
ea588d1e5d96,ea588d1e5d96.png,3216,2136,1.5056179775280898,RGB,PNG
ea5c42a78979,ea5c42a78979.png,1050,1050,1.0,RGB,PNG
ea68b58a6e8f,ea68b58a6e8f.png,1050,1050,1.0,RGB,PNG
ea6a53e54d0f,ea6a53e54d0f.png,819,614,1.3338762214983713,RGB,PNG
ea7e21bab610,ea7e21bab610.png,1050,1050,1.0,RGB,PNG
ea9c41e1ced0,ea9c41e1ced0.png,1050,1050,1.0,RGB,PNG
ea9e0fb6fb0b,ea9e0fb6fb0b.png,2144,1424,1.5056179775280898,RGB,PNG
eaa0dfbd5024,eaa0dfbd5024.png,2416,1736,1.391705069124424,RGB,PNG
eabc7c716255,eabc7c716255.png,819,614,1.3338762214983713,RGB,PNG
eabf421f94d0,eabf421f94d0.png,1050,1050,1.0,RGB,PNG
ead23cc922ed,ead23cc922ed.png,2416,1736,1.391705069124424,RGB,PNG
eadc57064154,eadc57064154.png,1050,1050,1.0,RGB,PNG
eadfc8809ec8,eadfc8809ec8.png,3216,2136,1.5056179775280898,RGB,PNG
eae70f527755,eae70f527755.png,1050,1050,1.0,RGB,PNG
eae901557a84,eae901557a84.png,2588,1958,1.3217568947906027,RGB,PNG
eb050765b323,eb050765b323.png,1050,1050,1.0,RGB,PNG
eb175669d789,eb175669d789.png,819,614,1.3338762214983713,RGB,PNG
eb1ad14dd281,eb1ad14dd281.png,3388,2588,1.3091190108191655,RGB,PNG
eb1d37b71fd1,eb1d37b71fd1.png,2416,1736,1.391705069124424,RGB,PNG
eb32a815f78c,eb32a815f78c.png,2588,1958,1.3217568947906027,RGB,PNG
eb6b1f1c09db,eb6b1f1c09db.png,3216,2136,1.5056179775280898,RGB,PNG
eba3acc42197,eba3acc42197.png,3216,2136,1.5056179775280898,RGB,PNG
ebd96d853918,ebd96d853918.png,1050,1050,1.0,RGB,PNG
ebe0175e530c,ebe0175e530c.png,2416,1736,1.391705069124424,RGB,PNG
ebf4b22240f4,ebf4b22240f4.png,1050,1050,1.0,RGB,PNG
ec01f0862669,ec01f0862669.png,1050,1050,1.0,RGB,PNG
ec0c9f817b03,ec0c9f817b03.png,1050,1050,1.0,RGB,PNG
ec363f48867b,ec363f48867b.png,2588,1958,1.3217568947906027,RGB,PNG
ec4649213ccf,ec4649213ccf.png,2416,1736,1.391705069124424,RGB,PNG
ec57cc20d776,ec57cc20d776.png,819,614,1.3338762214983713,RGB,PNG
ec6659926105,ec6659926105.png,1050,1050,1.0,RGB,PNG
ec6f1797a25a,ec6f1797a25a.png,1050,1050,1.0,RGB,PNG
ecad6845f630,ecad6845f630.png,2588,1958,1.3217568947906027,RGB,PNG
ecb4500285ed,ecb4500285ed.png,819,614,1.3338762214983713,RGB,PNG
ed246ae1ed08,ed246ae1ed08.png,2416,1736,1.391705069124424,RGB,PNG
ed2c06fcc573,ed2c06fcc573.png,2416,1736,1.391705069124424,RGB,PNG
ed2c52c14493,ed2c52c14493.png,1050,1050,1.0,RGB,PNG
ed2ef440d22c,ed2ef440d22c.png,819,614,1.3338762214983713,RGB,PNG
ed3a0fc5b546,ed3a0fc5b546.png,2416,1736,1.391705069124424,RGB,PNG
ed3ce1674761,ed3ce1674761.png,1050,1050,1.0,RGB,PNG
ed648b9bcd95,ed648b9bcd95.png,819,614,1.3338762214983713,RGB,PNG
ed6704e3b72e,ed6704e3b72e.png,2416,1736,1.391705069124424,RGB,PNG
ed6bd9293a89,ed6bd9293a89.png,1050,1050,1.0,RGB,PNG
ed88faaa325a,ed88faaa325a.png,3216,2136,1.5056179775280898,RGB,PNG
eda1d75cbcf0,eda1d75cbcf0.png,1050,1050,1.0,RGB,PNG
eda29a9d78f3,eda29a9d78f3.png,1050,1050,1.0,RGB,PNG
edceb0657d77,edceb0657d77.png,819,614,1.3338762214983713,RGB,PNG
ee02294cc3d9,ee02294cc3d9.png,3216,2136,1.5056179775280898,RGB,PNG
ee059945b08a,ee059945b08a.png,2588,1958,1.3217568947906027,RGB,PNG
ee1ec90b980f,ee1ec90b980f.png,2416,1736,1.391705069124424,RGB,PNG
ee2c2a5f7d0e,ee2c2a5f7d0e.png,3216,2136,1.5056179775280898,RGB,PNG
ee36ca728641,ee36ca728641.png,2048,1536,1.3333333333333333,RGB,PNG
ee3f5cf52188,ee3f5cf52188.png,2048,1536,1.3333333333333333,RGB,PNG
ee3fe7809e6a,ee3fe7809e6a.png,819,614,1.3338762214983713,RGB,PNG
ee6e39319b39,ee6e39319b39.png,3388,2588,1.3091190108191655,RGB,PNG
ee74c3b177e0,ee74c3b177e0.png,2588,1958,1.3217568947906027,RGB,PNG
ee77763a6afb,ee77763a6afb.png,2048,1536,1.3333333333333333,RGB,PNG
ee78ce914066,ee78ce914066.png,2416,1736,1.391705069124424,RGB,PNG
eeaea2c5ff34,eeaea2c5ff34.png,2048,1536,1.3333333333333333,RGB,PNG
eeb231c3ef1f,eeb231c3ef1f.png,2416,1736,1.391705069124424,RGB,PNG
eebd1e195952,eebd1e195952.png,819,614,1.3338762214983713,RGB,PNG
eed4afc8ec83,eed4afc8ec83.png,1050,1050,1.0,RGB,PNG
eedae6b28f96,eedae6b28f96.png,2588,1958,1.3217568947906027,RGB,PNG
ef247f28004f,ef247f28004f.png,2048,1536,1.3333333333333333,RGB,PNG
ef26625121b3,ef26625121b3.png,2416,1736,1.391705069124424,RGB,PNG
ef4121e9bb67,ef4121e9bb67.png,1050,1050,1.0,RGB,PNG
ef476be214d4,ef476be214d4.png,819,614,1.3338762214983713,RGB,PNG
ef48780f5d5f,ef48780f5d5f.png,1050,1050,1.0,RGB,PNG
ef5155990874,ef5155990874.png,1050,1050,1.0,RGB,PNG
ef7a4ed8d5d1,ef7a4ed8d5d1.png,2588,1958,1.3217568947906027,RGB,PNG
ef7eb85b75fc,ef7eb85b75fc.png,1050,1050,1.0,RGB,PNG
ef8109305128,ef8109305128.png,2416,1736,1.391705069124424,RGB,PNG
ef81cd8854cb,ef81cd8854cb.png,1050,1050,1.0,RGB,PNG
ef8c39eb9157,ef8c39eb9157.png,2048,1536,1.3333333333333333,RGB,PNG
ef99c499d665,ef99c499d665.png,1050,1050,1.0,RGB,PNG
efff2f1a35f5,efff2f1a35f5.png,2416,1736,1.391705069124424,RGB,PNG
f002ce614c59,f002ce614c59.png,2588,1958,1.3217568947906027,RGB,PNG
f0098e9d4aee,f0098e9d4aee.png,2416,1736,1.391705069124424,RGB,PNG
f00ce9b9d6f4,f00ce9b9d6f4.png,1050,1050,1.0,RGB,PNG
f02057c41256,f02057c41256.png,2588,1958,1.3217568947906027,RGB,PNG
f025f33b2c9b,f025f33b2c9b.png,3216,2136,1.5056179775280898,RGB,PNG
f0267c42907c,f0267c42907c.png,2048,1536,1.3333333333333333,RGB,PNG
f02956bd7c50,f02956bd7c50.png,2048,1536,1.3333333333333333,RGB,PNG
f02babb3a023,f02babb3a023.png,1050,1050,1.0,RGB,PNG
f03d3c4ce7fb,f03d3c4ce7fb.png,3216,2136,1.5056179775280898,RGB,PNG
f0546a45ef10,f0546a45ef10.png,1050,1050,1.0,RGB,PNG
f066db7a2efe,f066db7a2efe.png,2416,1736,1.391705069124424,RGB,PNG
f06e7a9df795,f06e7a9df795.png,2588,1958,1.3217568947906027,RGB,PNG
f0800723bc63,f0800723bc63.png,2416,1736,1.391705069124424,RGB,PNG
f080a22008be,f080a22008be.png,2416,1736,1.391705069124424,RGB,PNG
f0860c21533b,f0860c21533b.png,2588,1958,1.3217568947906027,RGB,PNG
f092febbf5c0,f092febbf5c0.png,2416,1736,1.391705069124424,RGB,PNG
f09cfc6a4dbd,f09cfc6a4dbd.png,1050,1050,1.0,RGB,PNG
f09fd9433dff,f09fd9433dff.png,1050,1050,1.0,RGB,PNG
f0a2dc580009,f0a2dc580009.png,819,614,1.3338762214983713,RGB,PNG
f0c0f7b5e820,f0c0f7b5e820.png,2416,1736,1.391705069124424,RGB,PNG
f0c13be90519,f0c13be90519.png,2588,1958,1.3217568947906027,RGB,PNG
f0e1201b5c1f,f0e1201b5c1f.png,819,614,1.3338762214983713,RGB,PNG
f0f89314e860,f0f89314e860.png,1504,1000,1.504,RGB,PNG
f18abfa690ab,f18abfa690ab.png,640,480,1.3333333333333333,RGB,PNG
f1979147aad4,f1979147aad4.png,2588,1958,1.3217568947906027,RGB,PNG
f1a761c68559,f1a761c68559.png,1504,1000,1.504,RGB,PNG
f1d719c97838,f1d719c97838.png,1050,1050,1.0,RGB,PNG
f1dc26c4bfa3,f1dc26c4bfa3.png,3216,2136,1.5056179775280898,RGB,PNG
f2094a20b275,f2094a20b275.png,3216,2136,1.5056179775280898,RGB,PNG
f233638e0e90,f233638e0e90.png,819,614,1.3338762214983713,RGB,PNG
f23902998c21,f23902998c21.png,1504,1000,1.504,RGB,PNG
f252046c0fe6,f252046c0fe6.png,1050,1050,1.0,RGB,PNG
f26b02ead915,f26b02ead915.png,2048,1536,1.3333333333333333,RGB,PNG
f298b7d05958,f298b7d05958.png,1050,1050,1.0,RGB,PNG
f2c0b41acd05,f2c0b41acd05.png,2048,1536,1.3333333333333333,RGB,PNG
f2d2a0c92034,f2d2a0c92034.png,3216,2136,1.5056179775280898,RGB,PNG
f2ee81781411,f2ee81781411.png,3216,2136,1.5056179775280898,RGB,PNG
f2f569a64949,f2f569a64949.png,2048,1536,1.3333333333333333,RGB,PNG
f30f203ef51e,f30f203ef51e.png,3216,2136,1.5056179775280898,RGB,PNG
f35d80bb1a22,f35d80bb1a22.png,1050,1050,1.0,RGB,PNG
f361060eda3e,f361060eda3e.png,1050,1050,1.0,RGB,PNG
f366fb1cc475,f366fb1cc475.png,1050,1050,1.0,RGB,PNG
f36cb007a1ef,f36cb007a1ef.png,1050,1050,1.0,RGB,PNG
f3a268d2726d,f3a268d2726d.png,2588,1958,1.3217568947906027,RGB,PNG
f3a4751af42e,f3a4751af42e.png,1050,1050,1.0,RGB,PNG
f3a88d3026dc,f3a88d3026dc.png,1050,1050,1.0,RGB,PNG
f3b27ac2d371,f3b27ac2d371.png,1050,1050,1.0,RGB,PNG
f3b6b7ca1eb1,f3b6b7ca1eb1.png,2416,1736,1.391705069124424,RGB,PNG
f3bb996b45ce,f3bb996b45ce.png,1050,1050,1.0,RGB,PNG
f3cd489acbee,f3cd489acbee.png,3216,2136,1.5056179775280898,RGB,PNG
f42b693a9414,f42b693a9414.png,2048,1536,1.3333333333333333,RGB,PNG
f431f2e119d7,f431f2e119d7.png,2048,1536,1.3333333333333333,RGB,PNG
f451eee2b66b,f451eee2b66b.png,1050,1050,1.0,RGB,PNG
f45f1485c940,f45f1485c940.png,2416,1736,1.391705069124424,RGB,PNG
f460608cf4cc,f460608cf4cc.png,3216,2136,1.5056179775280898,RGB,PNG
f47a2a4a0411,f47a2a4a0411.png,3216,2136,1.5056179775280898,RGB,PNG
f481f76a6b75,f481f76a6b75.png,2416,1736,1.391705069124424,RGB,PNG
f48241b0c995,f48241b0c995.png,2048,1536,1.3333333333333333,RGB,PNG
f4874247ede6,f4874247ede6.png,819,614,1.3338762214983713,RGB,PNG
f4c7ae514c54,f4c7ae514c54.png,2048,1536,1.3333333333333333,RGB,PNG
f4d3169b468a,f4d3169b468a.png,1050,1050,1.0,RGB,PNG
f4d3777f2710,f4d3777f2710.png,3216,2136,1.5056179775280898,RGB,PNG
f4de9620e3f2,f4de9620e3f2.png,2588,1958,1.3217568947906027,RGB,PNG
f4df3d86688d,f4df3d86688d.png,1050,1050,1.0,RGB,PNG
f4e68b61f480,f4e68b61f480.png,2588,1958,1.3217568947906027,RGB,PNG
f4ea2a2cfbb9,f4ea2a2cfbb9.png,1050,1050,1.0,RGB,PNG
f531232ecb55,f531232ecb55.png,1050,1050,1.0,RGB,PNG
f549294e12e1,f549294e12e1.png,3388,2588,1.3091190108191655,RGB,PNG
f55e1d2a19e4,f55e1d2a19e4.png,2416,1736,1.391705069124424,RGB,PNG
f5650eb52640,f5650eb52640.png,2416,1736,1.391705069124424,RGB,PNG
f56ff0440ed1,f56ff0440ed1.png,2588,1958,1.3217568947906027,RGB,PNG
f5733f77273d,f5733f77273d.png,1050,1050,1.0,RGB,PNG
f576e45d1da2,f576e45d1da2.png,3388,2588,1.3091190108191655,RGB,PNG
f57cf3b6f48e,f57cf3b6f48e.png,2048,1536,1.3333333333333333,RGB,PNG
f580566e27f5,f580566e27f5.png,819,614,1.3338762214983713,RGB,PNG
f583a722434c,f583a722434c.png,2588,1958,1.3217568947906027,RGB,PNG
f58cdfa968be,f58cdfa968be.png,2048,1536,1.3333333333333333,RGB,PNG
f58d37d48e42,f58d37d48e42.png,3388,2588,1.3091190108191655,RGB,PNG
f58f0b2fd718,f58f0b2fd718.png,1050,1050,1.0,RGB,PNG
f5a8c6426a71,f5a8c6426a71.png,2416,1736,1.391705069124424,RGB,PNG
f5c953bee7cd,f5c953bee7cd.png,1050,1050,1.0,RGB,PNG
f5e6226bd2e0,f5e6226bd2e0.png,2416,1736,1.391705069124424,RGB,PNG
f5e9a307288c,f5e9a307288c.png,3216,2136,1.5056179775280898,RGB,PNG
f61bf44c677c,f61bf44c677c.png,3388,2588,1.3091190108191655,RGB,PNG
f62b8a076833,f62b8a076833.png,2048,1536,1.3333333333333333,RGB,PNG
f633c474e8b8,f633c474e8b8.png,1050,1050,1.0,RGB,PNG
f64214bed40e,f64214bed40e.png,2588,1958,1.3217568947906027,RGB,PNG
f64b6e85f1c9,f64b6e85f1c9.png,1050,1050,1.0,RGB,PNG
f66c4ee86629,f66c4ee86629.png,2588,1958,1.3217568947906027,RGB,PNG
f68690db78d3,f68690db78d3.png,2048,1536,1.3333333333333333,RGB,PNG
f69400b316a7,f69400b316a7.png,2416,1736,1.391705069124424,RGB,PNG
f69835dc7c50,f69835dc7c50.png,2416,1736,1.391705069124424,RGB,PNG
f6d760566a51,f6d760566a51.png,1050,1050,1.0,RGB,PNG
f6f3ea0d2693,f6f3ea0d2693.png,3216,2136,1.5056179775280898,RGB,PNG
f6f433f3306f,f6f433f3306f.png,2588,1958,1.3217568947906027,RGB,PNG
f6f7dba7104d,f6f7dba7104d.png,2416,1736,1.391705069124424,RGB,PNG
f7116e7b2f4e,f7116e7b2f4e.png,1050,1050,1.0,RGB,PNG
f71333204618,f71333204618.png,2588,1958,1.3217568947906027,RGB,PNG
f71aca5a7dc3,f71aca5a7dc3.png,2048,1536,1.3333333333333333,RGB,PNG
f71bea807c96,f71bea807c96.png,1050,1050,1.0,RGB,PNG
f72adcac5638,f72adcac5638.png,2588,1958,1.3217568947906027,RGB,PNG
f72ef9ceeaa8,f72ef9ceeaa8.png,2588,1958,1.3217568947906027,RGB,PNG
f7508f14dd7b,f7508f14dd7b.png,2048,1536,1.3333333333333333,RGB,PNG
f762c272c522,f762c272c522.png,3388,2588,1.3091190108191655,RGB,PNG
f7735b6d47f7,f7735b6d47f7.png,1050,1050,1.0,RGB,PNG
f7defe70afc3,f7defe70afc3.png,2588,1958,1.3217568947906027,RGB,PNG
f7e9fa75c7c1,f7e9fa75c7c1.png,1050,1050,1.0,RGB,PNG
f7edc074f06b,f7edc074f06b.png,2416,1736,1.391705069124424,RGB,PNG
f7fec8935126,f7fec8935126.png,2416,1736,1.391705069124424,RGB,PNG
f80118bbda18,f80118bbda18.png,2416,1736,1.391705069124424,RGB,PNG
f819c65b803c,f819c65b803c.png,2048,1536,1.3333333333333333,RGB,PNG
f8372e80f731,f8372e80f731.png,3216,2136,1.5056179775280898,RGB,PNG
f850cb51fdba,f850cb51fdba.png,2416,1736,1.391705069124424,RGB,PNG
f85c78201a50,f85c78201a50.png,1050,1050,1.0,RGB,PNG
f85fd4fac887,f85fd4fac887.png,2588,1958,1.3217568947906027,RGB,PNG
f86d1c404acb,f86d1c404acb.png,819,614,1.3338762214983713,RGB,PNG
f8cf7ed8ef00,f8cf7ed8ef00.png,2416,1736,1.391705069124424,RGB,PNG
f8d62557ad0c,f8d62557ad0c.png,819,614,1.3338762214983713,RGB,PNG
f8f5942b690e,f8f5942b690e.png,819,614,1.3338762214983713,RGB,PNG
f8fc411092c7,f8fc411092c7.png,3216,2136,1.5056179775280898,RGB,PNG
f901d460517c,f901d460517c.png,3388,2588,1.3091190108191655,RGB,PNG
f90f8931a9bc,f90f8931a9bc.png,1050,1050,1.0,RGB,PNG
f9156aeffc5e,f9156aeffc5e.png,2896,1944,1.4897119341563787,RGB,PNG
f91cfa82b9d4,f91cfa82b9d4.png,819,614,1.3338762214983713,RGB,PNG
f920ccd926db,f920ccd926db.png,3216,2136,1.5056179775280898,RGB,PNG
f952ad2e4356,f952ad2e4356.png,819,614,1.3338762214983713,RGB,PNG
f994a3b07935,f994a3b07935.png,1050,1050,1.0,RGB,PNG
f999c6921e6d,f999c6921e6d.png,2416,1736,1.391705069124424,RGB,PNG
f9aa35187bf3,f9aa35187bf3.png,1050,1050,1.0,RGB,PNG
f9d52509c571,f9d52509c571.png,1050,1050,1.0,RGB,PNG
f9d8ff3e6592,f9d8ff3e6592.png,2048,1536,1.3333333333333333,RGB,PNG
f9e1c439d4c8,f9e1c439d4c8.png,2416,1736,1.391705069124424,RGB,PNG
f9e779a13204,f9e779a13204.png,2416,1736,1.391705069124424,RGB,PNG
f9ecf1795804,f9ecf1795804.png,3216,2136,1.5056179775280898,RGB,PNG
fa0c87bd75ce,fa0c87bd75ce.png,2588,1958,1.3217568947906027,RGB,PNG
fa3e544a7401,fa3e544a7401.png,2588,1958,1.3217568947906027,RGB,PNG
fa573163dd8b,fa573163dd8b.png,1050,1050,1.0,RGB,PNG
fa59221cf464,fa59221cf464.png,2896,1944,1.4897119341563787,RGB,PNG
fa6f3d8bb1d5,fa6f3d8bb1d5.png,1050,1050,1.0,RGB,PNG
fa748b57262b,fa748b57262b.png,3388,2588,1.3091190108191655,RGB,PNG
fa7fa797c650,fa7fa797c650.png,1050,1050,1.0,RGB,PNG
fa9bece586fc,fa9bece586fc.png,2588,1958,1.3217568947906027,RGB,PNG
fa9f1bc03f21,fa9f1bc03f21.png,1050,1050,1.0,RGB,PNG
fac399455195,fac399455195.png,3388,2588,1.3091190108191655,RGB,PNG
fb1b8771c70a,fb1b8771c70a.png,1050,1050,1.0,RGB,PNG
fb61230b99dd,fb61230b99dd.png,1844,1226,1.504078303425775,RGB,PNG
fb696a8e055a,fb696a8e055a.png,1844,1226,1.504078303425775,RGB,PNG
fb6b8200b7f8,fb6b8200b7f8.png,2416,1736,1.391705069124424,RGB,PNG
fb767cea406c,fb767cea406c.png,819,614,1.3338762214983713,RGB,PNG
fb88783de055,fb88783de055.png,1050,1050,1.0,RGB,PNG
fb88d23fc5fe,fb88d23fc5fe.png,1050,1050,1.0,RGB,PNG
fba493e17448,fba493e17448.png,2416,1736,1.391705069124424,RGB,PNG
fbcbc81cf9be,fbcbc81cf9be.png,1050,1050,1.0,RGB,PNG
fbdc796290d4,fbdc796290d4.png,1050,1050,1.0,RGB,PNG
fbfa925506f6,fbfa925506f6.png,819,614,1.3338762214983713,RGB,PNG
fc1b1841eadf,fc1b1841eadf.png,3216,2136,1.5056179775280898,RGB,PNG
fc4c2d35c6f8,fc4c2d35c6f8.png,3216,2136,1.5056179775280898,RGB,PNG
fc4d69128e7c,fc4d69128e7c.png,2588,1958,1.3217568947906027,RGB,PNG
fc603cbedb41,fc603cbedb41.png,3216,2136,1.5056179775280898,RGB,PNG
fc782722a50c,fc782722a50c.png,1050,1050,1.0,RGB,PNG
fc898dfeb24f,fc898dfeb24f.png,2048,1536,1.3333333333333333,RGB,PNG
fc8fce67fbf8,fc8fce67fbf8.png,2048,1536,1.3333333333333333,RGB,PNG
fca1a8738b8a,fca1a8738b8a.png,1050,1050,1.0,RGB,PNG
fca931da5c5e,fca931da5c5e.png,2416,1736,1.391705069124424,RGB,PNG
fcc32dffd24d,fcc32dffd24d.png,2588,1958,1.3217568947906027,RGB,PNG
fcc55ae641ae,fcc55ae641ae.png,3388,2588,1.3091190108191655,RGB,PNG
fcc6aa6755e6,fcc6aa6755e6.png,2896,1944,1.4897119341563787,RGB,PNG
fce73678f650,fce73678f650.png,1050,1050,1.0,RGB,PNG
fce93caa4758,fce93caa4758.png,2416,1736,1.391705069124424,RGB,PNG
fd079d2e93a2,fd079d2e93a2.png,1050,1050,1.0,RGB,PNG
fd0a70082e7c,fd0a70082e7c.png,1050,1050,1.0,RGB,PNG
fd48cf452e9d,fd48cf452e9d.png,2588,1958,1.3217568947906027,RGB,PNG
fd4c946c52bf,fd4c946c52bf.png,1050,1050,1.0,RGB,PNG
fd62bd0db4f1,fd62bd0db4f1.png,2588,1958,1.3217568947906027,RGB,PNG
fd87b6b2e664,fd87b6b2e664.png,1050,1050,1.0,RGB,PNG
fda39982a810,fda39982a810.png,1504,1000,1.504,RGB,PNG
fdbc252813b1,fdbc252813b1.png,819,614,1.3338762214983713,RGB,PNG
fdc685055659,fdc685055659.png,1050,1050,1.0,RGB,PNG
fdd18ccbbdc5,fdd18ccbbdc5.png,2416,1736,1.391705069124424,RGB,PNG
fdd534271f3d,fdd534271f3d.png,2416,1736,1.391705069124424,RGB,PNG
fe06dad6851c,fe06dad6851c.png,2048,1536,1.3333333333333333,RGB,PNG
fe0e2dee1834,fe0e2dee1834.png,2048,1536,1.3333333333333333,RGB,PNG
fe0fc67c7980,fe0fc67c7980.png,1504,1000,1.504,RGB,PNG
fe2df69676cf,fe2df69676cf.png,1844,1226,1.504078303425775,RGB,PNG
fe37f4492920,fe37f4492920.png,2416,1736,1.391705069124424,RGB,PNG
fe3b0e50be78,fe3b0e50be78.png,819,614,1.3338762214983713,RGB,PNG
fe3f62695b2d,fe3f62695b2d.png,1050,1050,1.0,RGB,PNG
fe674c2f73f5,fe674c2f73f5.png,2416,1736,1.391705069124424,RGB,PNG
fea14b3d44b0,fea14b3d44b0.png,2416,1736,1.391705069124424,RGB,PNG
febfb20dc311,febfb20dc311.png,1050,1050,1.0,RGB,PNG
fecf4c5ae84b,fecf4c5ae84b.png,2416,1736,1.391705069124424,RGB,PNG
fed5bb685832,fed5bb685832.png,1050,1050,1.0,RGB,PNG
fefded6bf135,fefded6bf135.png,2588,1958,1.3217568947906027,RGB,PNG
ff03f74667df,ff03f74667df.png,2048,1536,1.3333333333333333,RGB,PNG
ff0740cb484a,ff0740cb484a.png,1504,1000,1.504,RGB,PNG
ff1e940105f9,ff1e940105f9.png,1050,1050,1.0,RGB,PNG
ff344e5c9341,ff344e5c9341.png,3216,2136,1.5056179775280898,RGB,PNG
ff4832d55461,ff4832d55461.png,2048,1536,1.3333333333333333,RGB,PNG
ff4955e76894,ff4955e76894.png,2416,1736,1.391705069124424,RGB,PNG
ff4cd992667b,ff4cd992667b.png,2588,1958,1.3217568947906027,RGB,PNG
ff52392372d3,ff52392372d3.png,1504,1000,1.504,RGB,PNG
ff59d44a70a7,ff59d44a70a7.png,1050,1050,1.0,RGB,PNG
ff631653374e,ff631653374e.png,1050,1050,1.0,RGB,PNG
ff77e8e5b5f3,ff77e8e5b5f3.png,2416,1736,1.391705069124424,RGB,PNG
ff8a0b45c789,ff8a0b45c789.png,1844,1226,1.504078303425775,RGB,PNG
ffa47f6a7bf4,ffa47f6a7bf4.png,3388,2588,1.3091190108191655,RGB,PNG
ffc04fed30e6,ffc04fed30e6.png,2048,1536,1.3333333333333333,RGB,PNG
ffcf7b45f213,ffcf7b45f213.png,3216,2136,1.5056179775280898,RGB,PNG
ffd97f8cd5aa,ffd97f8cd5aa.png,1050,1050,1.0,RGB,PNG
ffec9a18a3ce,ffec9a18a3ce.png,2588,1958,1.3217568947906027,RGB,PNG
