id_code,diagnosis,experimental_split,fov_fraction,crop_area_ratio,final_height,final_width,final_channels
000c1434d8d7,2,train,0.7480947323308551,0.8756218905472637,384,384,3
001639a390f0,4,test,0.7484452736318408,0.8759328358208955,384,384,3
0024cdab0c1e,1,validation,0.8356819074831385,0.9710264900662252,384,384,3
002c21358ce6,0,train,0.8014684807256236,1.0,384,384,3
005b95c28852,0,test,0.4757229487101237,0.6505101521809896,384,384,3
0083ee8054ee,4,validation,0.7580361362678351,0.9248182967797974,384,384,3
0097f532ac9f,0,train,0.9999913168817186,1.0,384,384,3
00a8624548a9,2,validation,0.7483046495052825,0.8756218905472637,384,384,3
00b74780d31d,2,validation,0.909628473049969,1.0,384,384,3
00cb6555d108,1,train,0.8362572290719321,0.9718543046357616,384,384,3
00cc2b75cddd,0,train,0.8034240362811791,1.0,384,384,3
00e4ddff966a,2,train,0.8366136757255775,0.9722682119205298,384,384,3
00f6c1be5a33,0,train,0.8017768707482993,1.0,384,384,3
0104b032c141,3,train,0.8368943029572435,0.9718543046357616,384,384,3
0124dffecf29,1,test,0.7474748798144111,0.8768656716417911,384,384,3
0125fbd2e791,0,train,0.8012952380952381,1.0,384,384,3
012a242ac6ff,2,train,0.7480137933925877,0.8756218905472637,384,384,3
014508ccb9cb,0,train,0.7992347862054703,0.9633699633699634,384,384,3
0151781fe50b,0,train,0.4766410191853841,0.6518754959106445,384,384,3
0161338f53cc,2,train,0.7385525265957447,0.8710106382978723,384,384,3
0180bfa26c0b,2,train,0.7177663636395806,0.8481561822125814,384,384,3
0182152c50de,0,train,0.8063002267573696,1.0,384,384,3
01b3aed3ed4c,1,validation,0.8363430623798334,0.9718543046357616,384,384,3
01c7808d901d,2,train,0.7243603622075717,0.8723231738952708,384,384,3
01d9477b1171,0,train,0.4777634598481504,0.654054956986553,384,384,3
01eb826f6467,2,train,0.8364551225318155,0.9718543046357616,384,384,3
01f7bb8be950,0,train,0.9099134372044779,1.0,384,384,3
0212dd31f623,0,validation,0.8009732426303855,1.0,384,384,3
022f820027b8,0,train,0.4769919713338216,0.6523310343424479,384,384,3
0231642cf1c2,0,test,0.9105163218942459,1.0,384,384,3
0232dfea7547,0,test,0.8045006802721089,1.0,384,384,3
02358b47ea89,0,train,0.9999516508186602,1.0,384,384,3
025a169a0bb0,2,test,0.8052471655328798,1.0,384,384,3
02685f13cefd,4,train,0.7188049597831511,0.8486984815618221,384,384,3
026dcd9af143,2,validation,0.7477284690778319,0.875,384,384,3
02cd34a85b24,0,validation,0.8004761904761905,1.0,384,384,3
02da652c74b8,0,train,0.8038848072562358,1.0,384,384,3
02dda30d3acf,4,train,0.9095655204424286,1.0,384,384,3
0304bedad8fe,0,train,0.8010875283446712,1.0,384,384,3
0318598cfd16,4,train,0.9170406985647594,1.0,384,384,3
032d7b0b4bf6,2,validation,0.9097147122019914,1.0,384,384,3
033f2b43de6d,2,train,0.9082220052319735,1.0,384,384,3
034cb07a550f,4,train,0.7479446459183483,0.875,384,384,3
03676c71ed1b,2,train,0.799677097505669,1.0,384,384,3
0369f3efe69b,1,train,0.7224245968629465,0.8636264778634916,384,384,3
03747397839f,2,train,0.7485177692995696,0.8762437810945274,384,384,3
03a7f4a5786f,4,train,0.8962791654102458,1.0,384,384,3
03b373718013,0,train,0.8029278911564626,1.0,384,384,3
03c85870824c,3,validation,0.8356242084261605,0.9710264900662252,384,384,3
03e25101e8e8,1,train,0.9240487643922686,1.0,384,384,3
03fd50da928d,2,train,0.7571394812858913,0.9226675565547281,384,384,3
03ff7d159f10,2,train,0.7484841417910447,0.8756218905472637,384,384,3
0415fc68b176,2,train,0.9086770795673597,1.0,384,384,3
041f09eec1e8,2,validation,0.7482065328786778,0.8756218905472637,384,384,3
0423237770a7,0,test,0.8050693877551021,1.0,384,384,3
042470a92154,3,validation,0.8355743774224067,0.9710264900662252,384,384,3
04579e31e4be,0,test,0.8006938775510204,1.0,384,384,3
04a6fc58dabc,2,train,0.8358740787224952,0.9714403973509934,384,384,3
04ac765f91a1,1,test,0.8367381340220343,0.9714403973509934,384,384,3
04aef84a2cc1,0,train,0.47765408677460797,0.6529154884203744,384,384,3
04d029cfb612,2,train,0.7460644169135595,0.8762437810945274,384,384,3
04efb1a284cc,0,train,0.8010403628117914,1.0,384,384,3
050bb1eafa76,0,train,0.47804981844069794,0.654054956986553,384,384,3
05113073b268,0,train,0.9134908819364301,1.0,384,384,3
05195a3db5e2,0,train,0.8000103407269531,0.9645909645909646,384,384,3
0519b934f6b1,2,train,0.9098226591497175,1.0,384,384,3
052d9a3fe55a,2,train,0.9083721837095229,1.0,384,384,3
05339950962e,0,train,0.8012371882086168,1.0,384,384,3
054b1b305160,0,train,0.8050412698412699,1.0,384,384,3
0551676cc2aa,0,train,0.9994634227589266,1.0,384,384,3
059bc89df7f4,1,train,0.8352920812097537,0.9706125827814569,384,384,3
05a5183c92d0,1,test,0.8355014191106906,0.9710264900662252,384,384,3
05b1bb2bdb81,0,validation,0.9998537683943967,1.0,384,384,3
05cd0178ccfe,3,train,0.8361525601214637,0.9714403973509934,384,384,3
05e9126dfa5c,0,train,0.8021759637188208,1.0,384,384,3
06024377d573,2,train,0.99220703125,1.0,384,384,3
060e00d1e2ab,0,train,0.47834810864126825,0.6551964141540689,384,384,3
064af6592ba6,2,train,0.7541306347158532,0.9223739938577651,384,384,3
06586082a24d,0,train,0.4766976038614909,0.6514199574788412,384,384,3
0684311afdfc,1,train,0.8359255787072359,0.9714403973509934,384,384,3
069f43616fab,3,train,0.5507070913762135,0.6945311256621877,384,384,3
06b71823f9cd,1,validation,0.725071452996604,0.8739435175771424,384,384,3
06be1092a062,0,test,0.47751488468100844,0.6529154884203744,384,384,3
07083738b75e,2,test,0.7484264946335737,0.8759328358208955,384,384,3
0709652336e2,0,train,0.47631168365478516,0.6514205932617188,384,384,3
070d4ce5fd90,0,train,0.47612539927164715,0.6509653727213541,384,384,3
070f67572d03,3,train,0.8369610621967223,0.972682119205298,384,384,3
07122e268a1d,4,test,0.7179755867979745,0.8481561822125814,384,384,3
071435a218ec,2,train,0.7485224276557289,0.8765547263681592,384,384,3
07419eddd6be,2,validation,0.7466816854980715,0.875,384,384,3
07596907347b,0,validation,0.8054077097505669,1.0,384,384,3
0773a1c326ad,0,train,0.47652721405029297,0.6518745422363281,384,384,3
07751b94a88a,0,train,0.8016390022675737,1.0,384,384,3
0790515cf5af,0,test,0.8033460317460317,1.0,384,384,3
07929d32b5b3,1,test,0.9206422192155829,1.0,384,384,3
07a0be6b347f,0,train,0.4771416982014974,0.6523303985595703,384,384,3
07a0e34c8d20,3,train,0.9191714173848659,1.0,384,384,3
07a1c7073982,1,train,0.9023603083612114,1.0,384,384,3
07a2b8cabf6b,0,train,0.7993678004535147,1.0,384,384,3
07a3be30563b,2,train,0.7485707581008814,0.8756218905472637,384,384,3
07d8db76b301,2,train,0.7473601677939888,0.8756218905472637,384,384,3
07e827469099,0,train,0.4771210352579753,0.6527865727742513,384,384,3
07f5d7baf907,0,train,0.9999869753225779,1.0,384,384,3
08037e4490e5,0,validation,0.4776520981732708,0.654054956986553,384,384,3
080ee76c958c,4,train,0.7481785827417221,0.8756218905472637,384,384,3
080f66eedfb9,4,train,0.8357443750572222,0.9714403973509934,384,384,3
084c02cf077f,0,train,0.47783306089495015,0.6529154884203744,384,384,3
0851d6a69589,0,train,0.8007791383219954,1.0,384,384,3
086d41d17da8,1,test,0.7183024703371987,0.8486984815618221,384,384,3
08752092140d,2,train,0.7574792339176911,0.923871574189475,384,384,3
08a3875063c3,4,test,0.7481306890174595,0.8762437810945274,384,384,3
08b6e3240858,0,train,0.9996268232574955,1.0,384,384,3
08bef347f40d,0,train,0.7999147392290249,1.0,384,384,3
08c17a2d95b7,2,train,1.0,1.0,384,384,3
08c60c647673,0,validation,0.90868438128046,1.0,384,384,3
08ee569d4721,0,validation,0.8026793650793651,1.0,384,384,3
08f8838d69bb,0,train,0.8063328798185941,1.0,384,384,3
09237bf783a4,0,train,0.8043755102040816,1.0,384,384,3
0924cec998fa,0,train,0.47650814056396484,0.6523310343424479,384,384,3
093a42649c29,3,train,0.7217130147629129,0.8606265328903236,384,384,3
093cf723fede,0,train,0.47686131795247394,0.6523303985595703,384,384,3
094858f005ab,2,train,0.835438951536607,0.9710264900662252,384,384,3
0953c0ac1735,2,train,0.7543099200925533,0.9169988540334192,384,384,3
096436d68d06,0,train,0.9086561611460453,1.0,384,384,3
09662e462531,0,train,1.0,1.0,384,384,3
0981195eb9fb,4,test,0.7252234318663006,0.8739435175771424,384,384,3
099021fac3c9,0,train,0.4751437505086263,0.6500562032063802,384,384,3
09934421c79e,0,train,0.47484302520751953,0.6500562032063802,384,384,3
09935d72892b,1,train,0.9084329655374929,1.0,384,384,3
09c8323c612e,0,train,0.8022467120181406,1.0,384,384,3
09eeafa9656a,2,train,0.7486150124843945,0.8762437810945274,384,384,3
09f1111a388a,0,train,0.47579224904378253,0.6505101521809896,384,384,3
09f6ab477654,2,test,0.8393915753654592,0.9718543046357616,384,384,3
0a09aa7356c0,2,train,0.9085953793180752,1.0,384,384,3
0a1076183736,2,train,0.7574991925315095,0.923871574189475,384,384,3
0a3202889f4d,1,train,0.8362805948057497,0.9681291390728477,384,384,3
0a38b552372d,0,train,0.8063002267573696,1.0,384,384,3
0a4e1a29ffff,0,train,0.8027229024943311,1.0,384,384,3
0a61bddab956,1,train,0.8378811475722525,0.9722682119205298,384,384,3
0a74c92e287c,0,test,0.47558148701985675,0.6500558853149414,384,384,3
0a85a1e8f9e9,0,train,0.9988455399557634,1.0,384,384,3
0a902c80d5da,0,validation,0.8047111111111112,1.0,384,384,3
0a9ec1e99ce4,2,validation,0.9103862724636217,1.0,384,384,3
0abf0c485f66,0,train,0.47611141204833984,0.6514199574788412,384,384,3
0ad7f631dedb,1,train,0.8362341017639698,0.9697847682119205,384,384,3
0ada12c0e78f,4,train,0.9101668263834181,1.0,384,384,3
0ae2dd2e09ea,0,validation,0.8052036281179138,1.0,384,384,3
0af296d2f04a,2,train,0.7481625696424246,0.8762437810945274,384,384,3
0afbeeef0ff7,0,validation,0.8021478458049887,1.0,384,384,3
0afdfe5f422c,2,validation,0.7480744975962882,0.8762437810945274,384,384,3
0b00f8a77510,0,validation,0.799773697167834,0.9633699633699634,384,384,3
0b2ea8f268cf,0,train,0.799994431916256,0.9645909645909646,384,384,3
0b3efe669365,0,train,0.47446950276692706,0.6491473515828451,384,384,3
0b64a0a06f9a,0,train,0.7999009676534107,0.9645909645909646,384,384,3
0b8bdec9d869,0,train,0.47755686442057294,0.6527853012084961,384,384,3
0babc12807b2,0,train,0.8351993335520493,0.9714403973509934,384,384,3
0bf37ca3156a,4,train,0.999364750960274,1.0,384,384,3
0c2e2369dfff,2,train,0.7196321211070338,0.8503253796095445,384,384,3
0c38940e1f80,0,train,0.4777535168414647,0.6529134998190372,384,384,3
0c43c79e8cfb,0,validation,0.9096424844453777,1.0,384,384,3
0c55d58bebaf,2,train,0.8355708010345775,0.9677152317880795,384,384,3
0c76fd494af6,2,validation,0.7486812484860342,0.8765547263681592,384,384,3
0c7e82daf5a0,2,validation,0.7377898936170213,0.870345744680851,384,384,3
0c917c372572,3,train,0.8366396641438032,0.9714403973509934,384,384,3
0ca0aee4d57e,2,train,0.7194504457173403,0.8587002662250545,384,384,3
0cae727cf119,0,train,0.4767945607503255,0.6518754959106445,384,384,3
0cb6b898389f,0,train,0.4783162910198741,0.6551944255527318,384,384,3
0cbcc7b23613,0,train,0.90845368661521,1.0,384,384,3
0cd31078cd08,0,train,0.47667598724365234,0.6518754959106445,384,384,3
0ce062f26edc,0,train,0.7997955717825425,0.9645909645909646,384,384,3
0ceb222f6629,4,validation,0.8365709974974822,0.9718543046357616,384,384,3
0cecc2864b7f,0,train,0.8000739759697414,0.9645909645909646,384,384,3
0d0a21fd354f,2,validation,0.908804563531219,1.0,384,384,3
0d0b8fc9ab5c,0,train,0.4766966501871745,0.6514199574788412,384,384,3
0d310aba6373,1,train,0.9149307008223703,1.0,384,384,3
0d744aed4d64,0,train,0.8086557823129251,1.0,384,384,3
0d8f60ed9280,0,validation,0.4739831288655599,0.6486930847167969,384,384,3
0d9a9896f801,0,test,0.8002231292517007,1.0,384,384,3
0da09e3ce8f1,2,train,0.7487527251383532,0.8765547263681592,384,384,3
0da321efbce6,0,train,0.7996901759116742,0.9633699633699634,384,384,3
0da632ca45e0,0,train,0.4753599166870117,0.6509653727213541,384,384,3
0daddc45d832,0,train,0.8026566893424036,1.0,384,384,3
0db1d8dcf219,0,test,0.4764890670776367,0.6518754959106445,384,384,3
0dbaa09a458c,2,test,0.8365321340830714,0.9714403973509934,384,384,3
0dbe6c26cedc,0,train,0.4778231178882645,0.6529134998190372,384,384,3
0dc031c94225,1,train,0.8357317384868923,0.9714403973509934,384,384,3
0dc8d25b3f69,3,train,0.8359942453535569,0.9714403973509934,384,384,3
0dce95217626,1,train,0.8351297132023072,0.9710264900662252,384,384,3
0e0003ddd8df,0,train,0.8049641723356009,1.0,384,384,3
0e0fc1d9810c,4,train,0.7203155625052406,0.8597031138636173,384,384,3
0e3572b5884a,0,train,0.8044798185941043,1.0,384,384,3
0e43c8298fc0,0,test,0.4772796630859375,0.6527862548828125,384,384,3
0e75d51152fc,2,test,0.7489464836398532,0.8759328358208955,384,384,3
0e82bcacc475,4,test,0.9092657555181217,1.0,384,384,3
0e94cd271c00,0,train,0.7955809523809524,1.0,384,384,3
0eb52045349f,1,test,0.721955067316158,0.8612421455747946,384,384,3
0eced86c9db8,0,train,0.47695573170979816,0.6523303985595703,384,384,3
0edadb2aa127,3,train,0.724306072341942,0.8723231738952708,384,384,3
0ef4c61dc056,0,test,0.8029814058956916,1.0,384,384,3
0efc93ec838b,2,validation,0.7584883414323488,0.9248823924424598,384,384,3
0eff8eacb2f7,2,train,0.8353555024872585,0.9714403973509934,384,384,3
0f364b7d4384,0,validation,0.9342275497976833,1.0,384,384,3
0f495d87656a,1,train,0.83609009254738,0.9689569536423841,384,384,3
0f6e645466a2,0,train,0.47792254795512124,0.6551944255527318,384,384,3
0f882877bf13,3,validation,0.9412983708891355,1.0,384,384,3
0f96c358a250,3,validation,0.8360941457869198,0.9706125827814569,384,384,3
0fb1053285cf,1,train,0.8367033238471633,0.9718543046357616,384,384,3
0fb560f9adb2,2,train,0.909656298497189,1.0,384,384,3
0fbbd665431f,0,validation,0.7999168764641077,0.9645909645909646,384,384,3
0fc6829da85b,0,train,0.908827258044909,1.0,384,384,3
0fcfc6301f3d,2,train,0.7474363028024671,0.8756218905472637,384,384,3
0fd16b64697e,2,train,0.7174664623681407,0.8481561822125814,384,384,3
0fe31196e0e8,0,train,0.802366439909297,1.0,384,384,3
0fffa73e2402,2,train,0.8352145928067873,0.9706125827814569,384,384,3
1002b5151b8e,0,validation,0.4776918702000135,0.654054956986553,384,384,3
1002f3fe38f0,0,train,0.8003156462585034,1.0,384,384,3
1006345f70b7,2,validation,0.8361673425244911,0.9706125827814569,384,384,3
101b9ebfc720,1,test,0.8362763031403546,0.9681291390728477,384,384,3
103abbd8b63e,0,train,0.47693824768066406,0.6523303985595703,384,384,3
103f97a2ab15,0,train,0.9081864833844585,1.0,384,384,3
107aea0d9289,1,train,0.8351762062440871,0.9710264900662252,384,384,3
10a5026eb8e6,0,train,0.9103825229352729,1.0,384,384,3
10bf25731c08,0,train,0.802692970521542,1.0,384,384,3
10de500cf0c5,0,train,0.4770924250284831,0.6523303985595703,384,384,3
10ecc5292ab1,2,test,0.7561038003025498,0.9195728309206601,384,384,3
10eefba568dd,2,train,0.7514076970018819,0.8796641791044776,384,384,3
10f10fd30718,0,train,0.802917006802721,1.0,384,384,3
10f36b0239fb,1,validation,0.7194032798612275,0.8580726983062217,384,384,3
10f6ef37fe43,0,test,0.8048988662131519,1.0,384,384,3
10fca1abf338,4,train,0.7180543219400339,0.8481561822125814,384,384,3
1116271db4ea,1,train,0.8358750324259163,0.9718543046357616,384,384,3
111898ab463d,1,validation,0.8356223010193182,0.9714403973509934,384,384,3
1120f6d08d95,2,test,0.9299098692322387,1.0,384,384,3
11242a67122d,4,test,0.7468739518698642,0.875,384,384,3
1124ffcd76c2,2,train,0.7575352320856045,0.9242298027952096,384,384,3
115e42dd6a81,2,validation,0.8359296319467757,0.9714403973509934,384,384,3
1177d583c807,2,train,0.834976882229072,0.9710264900662252,384,384,3
11b220a397b8,0,train,0.47685718536376953,0.6523303985595703,384,384,3
11b5c77fbf79,2,validation,0.9999526375366468,1.0,384,384,3
11d8e5eaee5b,0,train,0.8027310657596372,1.0,384,384,3
12025b34deb8,2,train,0.9112751080258852,1.0,384,384,3
12058bbb8299,0,train,0.8039827664399093,1.0,384,384,3
1269ab57c2e6,2,train,0.8369527172917874,0.9701986754966887,384,384,3
12a82fc7d73e,2,test,0.7524898085615382,0.9247153103324945,384,384,3
12ab2f6397f0,0,train,0.8034421768707483,1.0,384,384,3
12ae44be0d38,0,train,0.8059573696145125,1.0,384,384,3
12b57dac703e,0,train,1.0,1.0,384,384,3
12bc439d373a,0,train,0.8045605442176871,1.0,384,384,3
12ce6a1a1f31,1,validation,0.836048606448561,0.9718543046357616,384,384,3
12e3f5f2cb17,1,validation,0.8363316179387799,0.9718543046357616,384,384,3
12e6e66c80a7,2,validation,0.9922623697916667,1.0,384,384,3
12ef75375322,0,train,0.8020734693877551,1.0,384,384,3
13063d1bc4ea,2,train,0.9104537639739001,1.0,384,384,3
13073f075a56,0,test,0.8050956916099773,1.0,384,384,3
135575dc57c9,2,test,0.7382586436170213,0.8710106382978723,384,384,3
13ab8db8c700,1,validation,0.8360922383800775,0.9718543046357616,384,384,3
13c191b59ed0,0,test,0.47630882263183594,0.6518754959106445,384,384,3
13d014ccd136,0,train,0.7995764172335601,1.0,384,384,3
13d411c85ffd,0,train,0.8065968253968254,1.0,384,384,3
13d71389563f,2,train,0.8356020348216193,0.9710264900662252,384,384,3
1409ab48175a,0,train,0.8035746031746032,1.0,384,384,3
1411c8ab7161,2,train,0.7382293882978723,0.8710106382978723,384,384,3
1414128bead0,2,test,0.9086464913097774,1.0,384,384,3
141735b57ec0,2,train,0.835862872707297,0.9681291390728477,384,384,3
1438288bb2e1,2,validation,0.9095497329546441,1.0,384,384,3
143db89c11c8,0,train,0.8016299319727891,1.0,384,384,3
144a1a426137,2,train,0.8014430839002268,1.0,384,384,3
144b01e7b993,2,test,0.738436835106383,0.8710106382978723,384,384,3
14515b8f19b6,2,validation,0.7490440179719381,0.8762437810945274,384,384,3
14c3b41d289c,0,train,0.9232611660954227,1.0,384,384,3
14ee87d6cc42,2,train,0.9922916666666667,1.0,384,384,3
1509d097b69a,0,train,0.8031029478458049,1.0,384,384,3
150f92b45349,0,train,0.8072580498866213,1.0,384,384,3
150fc7127582,0,test,0.8019637188208617,1.0,384,384,3
152db3de8120,0,train,0.47671667734781903,0.6518754959106445,384,384,3
1541226c5d72,2,train,0.7488642345389159,0.8759328358208955,384,384,3
15528e740543,2,train,0.9110086941695229,1.0,384,384,3
155e2df6bfcf,0,train,0.8029977324263039,1.0,384,384,3
157d17349cc6,2,train,0.7581789258935528,0.9243954022652913,384,384,3
1594ca6c30d3,2,validation,0.7178291748203246,0.8481561822125814,384,384,3
15b21c80cc31,0,train,0.8032399092970521,1.0,384,384,3
15bed5adde74,3,validation,0.5490484249596435,0.6906354443762363,384,384,3
15c24478ac72,0,test,0.8075301587301588,1.0,384,384,3
15cc2aef772a,1,validation,0.8471630661183508,0.9788907284768212,384,384,3
15cd5f52d300,2,test,0.7490173779976522,0.8765547263681592,384,384,3
15e24b73d4a7,0,train,0.7997569160997733,1.0,384,384,3
15e96e848b46,4,train,0.9979344045670044,1.0,384,384,3
15f440753916,3,train,0.8371765991698965,0.9722682119205298,384,384,3
15f8d769935c,0,validation,0.8042367346938776,1.0,384,384,3
1601c939412f,0,train,0.8000997732426304,1.0,384,384,3
16060f05d047,0,train,0.8039954648526078,1.0,384,384,3
1608c82a263f,0,train,0.9091808977712803,1.0,384,384,3
1623e8e3adc4,3,validation,0.7476642711070117,0.8756218905472637,384,384,3
1633f8291a80,0,validation,0.47715494783898693,0.6517760198541958,384,384,3
1638404f385c,4,train,0.7380531914893617,0.8710106382978723,384,384,3
164cd5a3a6cd,0,train,0.999002230772024,1.0,384,384,3
165634a6167e,0,train,0.9106011796410872,1.0,384,384,3
165c548185f8,0,test,0.8022385487528345,1.0,384,384,3
165cd2070ebd,4,validation,0.7479801658840628,0.875,384,384,3
166068a24416,3,train,0.8358886226996673,0.9714403973509934,384,384,3
17188c13e635,2,train,0.9095521010778118,1.0,384,384,3
172df1330a60,1,train,0.8359167569505905,0.9718543046357616,384,384,3
174db0854291,0,train,0.803762358276644,1.0,384,384,3
175dd560810a,2,validation,0.8360271481215857,0.9714403973509934,384,384,3
1782142e17d9,0,validation,0.8012498866213152,1.0,384,384,3
178412895d5e,0,train,0.4765380223592122,0.6514199574788412,384,384,3
17d7d6b092f4,0,train,0.4772431055704753,0.6523303985595703,384,384,3
17d997fe1090,0,validation,0.9086883281524061,1.0,384,384,3
17e6116b89b3,0,train,0.8023700680272109,1.0,384,384,3
17eb5d4ad740,2,train,0.7478833594201278,0.8759328358208955,384,384,3
17eff993386f,1,train,0.8369443723868526,0.9718543046357616,384,384,3
17f6c7072f61,0,train,0.8045006802721089,1.0,384,384,3
180afe1d5ef7,2,train,0.836341870250557,0.9714403973509934,384,384,3
18323d8f2470,2,validation,0.7174987526230303,0.8481561822125814,384,384,3
1844a039b4ea,2,train,0.7561052829424334,0.9198655952730703,384,384,3
184a185e7447,0,train,0.80008193037509,0.9645909645909646,384,384,3
18621b9ca978,0,train,0.799994431916256,0.9645909645909646,384,384,3
1864d3411143,0,train,0.4773232142130534,0.6523310343424479,384,384,3
186c1835eec5,0,train,0.806897052154195,1.0,384,384,3
187f6ccda87a,4,validation,0.7187432035311504,0.8563172440990273,384,384,3
188219f2d9c6,0,train,0.4773670832316081,0.6523291269938151,384,384,3
188a9323be03,2,validation,0.9922916666666667,1.0,384,384,3
1891698febce,0,train,0.9995019047604012,1.0,384,384,3
189cbbc9e5e3,0,train,0.4769074122111003,0.6518754959106445,384,384,3
18af532e7e1e,2,validation,0.9092643741129405,1.0,384,384,3
18b06f56ab27,1,train,0.754671798273386,0.9172907059920549,384,384,3
18b7e34eab8f,0,train,0.8066712018140589,1.0,384,384,3
18b99159a14f,0,train,0.8036471655328798,1.0,384,384,3
18cde9649e90,0,train,0.47699546813964844,0.6523303985595703,384,384,3
18ce0cdc473d,0,test,0.9305165034503554,1.0,384,384,3
18d8fdb140b7,2,train,0.7480587756442506,0.8762437810945274,384,384,3
18f1f979d30d,2,train,0.9082567377050992,1.0,384,384,3
190a309f2cc5,0,train,0.4773001157365978,0.6517760198541958,384,384,3
19113e5f45ec,2,train,0.7481343283582089,0.8756218905472637,384,384,3
191348830ddf,2,validation,0.9075583387142354,1.0,384,384,3
191a711852bd,3,train,0.8363485461745048,0.9714403973509934,384,384,3
191cf5668f33,0,train,0.7997877551020408,1.0,384,384,3
19244004583f,3,validation,0.836239347132786,0.9681291390728477,384,384,3
1943983492e5,2,train,0.748922318417277,0.8765547263681592,384,384,3
194814669fee,1,train,0.8360607661671804,0.9710264900662252,384,384,3
19545647508e,0,train,0.80321179138322,1.0,384,384,3
1968183f0e61,2,train,0.7473470661672909,0.8756218905472637,384,384,3
196e6a186452,2,train,0.835422023300882,0.9714403973509934,384,384,3
19722bff5a09,1,train,0.8363804952391125,0.9706125827814569,384,384,3
197af0de76e2,0,train,0.8024,1.0,384,384,3
19b0e3c734f5,0,test,0.8047492063492063,1.0,384,384,3
19ef4d292196,4,train,0.7178375791332411,0.8481561822125814,384,384,3
1a03a7970337,1,train,0.836029055528428,0.9714403973509934,384,384,3
1a0dbc6c0cda,0,train,0.80341768707483,1.0,384,384,3
1a19f2ef4472,0,train,0.9101768909068807,1.0,384,384,3
1a1b4b2450ca,2,train,0.74838602516444,0.8756218905472637,384,384,3
1a1e974a7dbf,0,train,0.8029795918367347,1.0,384,384,3
1a369baf9ee6,2,train,0.9098810728545199,1.0,384,384,3
1a7e3356b39c,4,train,0.7246003676316451,0.8738622056064481,384,384,3
1a90fad9ffa2,4,train,0.756585316117071,0.9223739938577651,384,384,3
1ab3f1c71a5f,3,train,0.746797962435016,0.8765547263681592,384,384,3
1ab8d3431ffc,0,train,0.9107860905917624,1.0,384,384,3
1ade1e949383,2,test,0.7485877902155887,0.8756218905472637,384,384,3
1ae3c58759fb,0,train,0.8008698412698413,1.0,384,384,3
1ae8c165fd53,2,validation,0.7473758897460264,0.8756218905472637,384,384,3
1b329a127307,1,train,0.9340053409071175,1.0,384,384,3
1b32e1d775ea,4,train,0.7383311170212766,0.8710106382978723,384,384,3
1b3647865779,0,train,0.47768789299733927,0.6529134998190372,384,384,3
1b398c0494d1,0,train,0.801265306122449,1.0,384,384,3
1b4625877527,2,validation,0.7386715425531915,0.8710106382978723,384,384,3
1b495ac025b7,3,test,0.8358013588366344,0.9714403973509934,384,384,3
1b862fb6f65d,0,train,0.7996943310657596,1.0,384,384,3
1b8701231c8f,0,train,0.8000560785577072,0.9645909645909646,384,384,3
1b8ad0afe9fb,2,train,0.9130786311616591,1.0,384,384,3
1bb0ddfe753a,1,test,0.8350484099856563,0.9710264900662252,384,384,3
1bea04b2bb2d,2,train,0.7474986083160974,0.8759328358208955,384,384,3
1bf30c84bbad,4,train,0.719830638547082,0.8590081544524568,384,384,3
1c0cf251b426,1,train,0.8358235324411756,0.9706125827814569,384,384,3
1c0e5dd1b14c,2,train,0.7498111910019193,0.8771766169154229,384,384,3
1c13a1483f4a,0,train,0.8034394557823129,1.0,384,384,3
1c3a6b4449e9,1,validation,0.8354480117191077,0.9710264900662252,384,384,3
1c47815f4a6b,0,train,0.9103907825112271,1.0,384,384,3
1c4f3aa4df06,4,train,0.7487961060800865,0.8756218905472637,384,384,3
1c578b72d7b3,2,test,0.7531833418794217,0.9231551169780058,384,384,3
1c5ad36fb799,2,validation,0.7488667092906255,0.8765547263681592,384,384,3
1c5e6cdc7ee1,2,train,0.7472178695706859,0.8754664179104478,384,384,3
1c6d119c3d70,2,train,0.7391722074468086,0.8716755319148937,384,384,3
1c7a013eeba7,0,train,0.8007546485260771,1.0,384,384,3
1c9521878baf,3,train,0.7470905654312706,0.8756218905472637,384,384,3
1ca35d483772,0,validation,0.8028934240362812,1.0,384,384,3
1ca62b3e4fd3,0,train,0.9999311270845405,1.0,384,384,3
1ca91751be4d,0,train,0.8045505668934241,1.0,384,384,3
1caba2fb38f6,0,train,0.7993913832199546,1.0,384,384,3
1cb6961d141c,0,validation,0.4780478298393608,0.654054956986553,384,384,3
1cb814ed6332,2,train,0.7386968085106383,0.8710106382978723,384,384,3
1cc58b15f466,0,validation,0.9097608906037609,1.0,384,384,3
1d0b93317aa8,0,train,0.47533321380615234,0.6500558853149414,384,384,3
1d11794057ff,1,train,0.7999586370921876,0.9645909645909646,384,384,3
1d14dd912671,2,train,0.7480075337264986,0.8759328358208955,384,384,3
1d2472849dce,0,test,0.7960879818594104,1.0,384,384,3
1d29cb2f4296,0,test,0.9105319120384331,1.0,384,384,3
1d37f1c8b6d8,0,train,0.8061052154195011,1.0,384,384,3
1d3e9b939732,0,test,0.8037442176870748,1.0,384,384,3
1d46f1326394,0,train,0.8050721088435374,1.0,384,384,3
1d55e689cf84,2,train,0.7549883989131565,0.9193754117176908,384,384,3
1d674e2e32e0,1,train,0.7201685786307228,0.8577766015428475,384,384,3
1d74c4713e21,0,validation,0.47647539774576825,0.6527865727742513,384,384,3
1da25637859b,2,validation,0.7586841639462125,0.9262521235965103,384,384,3
1da4a17c18c9,0,validation,0.8008136054421768,1.0,384,384,3
1db0393cdbc1,0,train,0.4776242577545509,0.6529134998190372,384,384,3
1db18bdd43aa,2,test,0.909790689486954,1.0,384,384,3
1db6bb46c102,0,train,0.8026748299319728,1.0,384,384,3
1dbdc32c17db,2,train,0.9920247395833334,1.0,384,384,3
1dd9adcbfff4,2,test,0.7533032076115538,0.9257261285854794,384,384,3
1df0431bfa73,0,train,0.4774004618326823,0.6527853012084961,384,384,3
1df0a4c23c95,0,train,0.4777296536254191,0.6517760198541958,384,384,3
1df1530b9b8d,0,test,0.8008988662131519,1.0,384,384,3
1df3e03a8f5f,1,validation,0.8364009998626667,0.9714403973509934,384,384,3
1dfbede13143,2,train,0.7473230101249371,0.8754664179104478,384,384,3
1dfe599d12a9,0,train,0.4782009521423202,0.654054956986553,384,384,3
1e036f2e7095,0,train,0.9086350453811336,1.0,384,384,3
1e1fb019710d,2,train,0.8363075369273965,0.9706125827814569,384,384,3
1e4650743fa2,2,train,0.7481557276818156,0.8759328358208955,384,384,3
1e4b3b823b95,2,train,0.923548893060294,1.0,384,384,3
1e742358e0b9,0,test,0.9223669430069412,1.0,384,384,3
1e7ccd4a1c87,0,test,0.9100132930647145,1.0,384,384,3
1e8a1fdee5b9,1,train,0.8362343401898251,0.9710264900662252,384,384,3
1e8c31e29dd3,0,test,0.804279365079365,1.0,384,384,3
1e9224ccca95,4,train,0.74825661020739,0.8756218905472637,384,384,3
1ec95179cdfe,0,validation,0.8000262495376502,0.9645909645909646,384,384,3
1ee1eb7943db,2,validation,0.7486567921161981,0.8759328358208955,384,384,3
1ee355480567,0,train,0.47708574930826825,0.6527853012084961,384,384,3
1eee55494271,0,test,0.4770510991414388,0.6518745422363281,384,384,3
1efa5d443707,4,train,0.7177292077298447,0.8481561822125814,384,384,3
1f0e223b8055,2,train,0.7547097766642519,0.9203544102377881,384,384,3
1f15ca672675,0,test,0.47608502705891925,0.6514205932617188,384,384,3
1f31701dd61b,0,train,0.8010730158730158,1.0,384,384,3
1f3f32efaf20,0,validation,0.8064653061224489,1.0,384,384,3
1f4bf8e28b41,2,train,0.8365655137028107,0.9706125827814569,384,384,3
1f4fb37e0854,0,train,0.7999626142948618,0.9645909645909646,384,384,3
1f543a86c4d4,2,train,0.7483132383494513,0.8756218905472637,384,384,3
1f5496352859,0,train,0.4765021006266276,0.6514199574788412,384,384,3
1f63d44d9e3c,2,train,0.8005006802721089,1.0,384,384,3
1f9ccda4ddf2,0,train,0.47755863391042547,0.6529134998190372,384,384,3
1faf8664816c,0,train,0.8045551020408164,1.0,384,384,3
1fb455685328,0,train,0.8033315192743764,1.0,384,384,3
1fd5d860d4d7,4,train,0.7568405582755028,0.9224386597665367,384,384,3
1fddd7c98fd2,0,train,0.9976756871109371,1.0,384,384,3
1ffaa51a6245,2,validation,0.9917154947916667,1.0,384,384,3
200d947f75db,1,train,0.7472830501635083,0.8759328358208955,384,384,3
2017cd92c63d,4,train,0.8356630718405713,0.9718543046357616,384,384,3
201f6e10c108,0,validation,0.8049705215419501,1.0,384,384,3
201f882365d3,0,test,0.8001137479964842,0.9645909645909646,384,384,3
203275daf46d,2,train,0.8356649792474136,0.9689569536423841,384,384,3
20404ec7b518,2,test,0.8357644028290658,0.9714403973509934,384,384,3
20688cb25704,2,train,0.8357651181066317,0.9714403973509934,384,384,3
207a580de0ea,2,train,0.7471052683678984,0.8753109452736318,384,384,3
207dd0487264,0,train,0.8041215419501134,1.0,384,384,3
20c883d3bd38,2,train,0.7574191299777924,0.9235774412464028,384,384,3
20d5fdd450ae,4,train,0.7481231191887007,0.8756218905472637,384,384,3
20f86e068276,0,train,0.9100768377030468,1.0,384,384,3
21037f5c7790,0,test,0.8022004535147392,1.0,384,384,3
210bfe0127c6,0,train,0.9097508260802983,1.0,384,384,3
211518c46162,4,train,0.7571881803036081,0.9276859504132231,384,384,3
2131aa3a1e6f,2,train,0.717987529768961,0.8497830802603037,384,384,3
215d2b7c3fde,0,validation,0.799787617377194,0.9645909645909646,384,384,3
217dad18a5ed,2,train,0.7562403172210675,0.9224386597665367,384,384,3
218c822a3dd9,0,train,0.9108973923806426,1.0,384,384,3
21abd36095a1,4,train,0.7480207809268266,0.8765547263681592,384,384,3
21d18b022429,4,test,0.9127634734367625,1.0,384,384,3
22098b1fe461,1,train,0.5494601607439238,0.6897721847077279,384,384,3
2209daf71aab,0,train,1.0,1.0,384,384,3
2221cf5c7935,0,train,1.0,1.0,384,384,3
222d0ac042b4,2,train,0.9286405552143704,1.0,384,384,3
222f3ee3a1e8,4,train,0.8367669835505234,0.9718543046357616,384,384,3
22325552a4e3,1,train,0.8361811712240974,0.9714403973509934,384,384,3
2241b7e90782,2,train,0.9922916666666667,1.0,384,384,3
22449af52060,0,train,0.8050068027210885,1.0,384,384,3
224bb938e2dd,2,train,0.7488307526040211,0.8768656716417911,384,384,3
224c14366e11,0,train,0.8062621315192744,1.0,384,384,3
226c6ceb9185,0,train,0.47608280181884766,0.6505101521809896,384,384,3
22895c89792f,4,test,0.7382719414893617,0.8716755319148937,384,384,3
22a6da005395,1,train,0.8365891178624836,0.9718543046357616,384,384,3
22ce8ef69357,2,train,0.9118643760074391,1.0,384,384,3
22d843b2bbd1,0,train,0.4759429295857747,0.6509653727213541,384,384,3
23148a40ecb0,2,train,0.8354134399700919,0.9710264900662252,384,384,3
23175b7ef453,2,test,0.7473162045577356,0.8768656716417911,384,384,3
232549883508,2,train,0.8363373401593066,0.9710264900662252,384,384,3
233d948e2544,0,train,0.9093721237170693,1.0,384,384,3
234399352d36,2,train,0.7178362521364648,0.8486984815618221,384,384,3
236f56771ec6,2,train,0.8358082731864376,0.9710264900662252,384,384,3
2376e5415458,2,train,0.9096762302005169,1.0,384,384,3
237aa50edc34,0,test,0.9802168964009265,1.0,384,384,3
237c078d00fc,3,validation,0.9258226859884467,1.0,384,384,3
2399d68d407f,0,train,0.4771709442138672,0.6532414754231771,384,384,3
239f2c348ea4,2,test,0.9251582300963195,1.0,384,384,3
23d7ca170bdb,2,train,0.7473524887850076,0.875,384,384,3
23fca0693e2a,2,train,0.8361871318704794,0.9714403973509934,384,384,3
2408799a09b2,0,train,0.8014548752834467,1.0,384,384,3
240b25a7debe,0,train,0.7989842224369912,0.9633699633699634,384,384,3
242fc19be06f,0,train,0.7985986394557824,1.0,384,384,3
2463bb04ebc3,2,test,0.7493249750777945,0.8768656716417911,384,384,3
246e4506824a,2,train,0.7536359925559468,0.880907960199005,384,384,3
247ac63e5510,4,train,0.7478175601393781,0.8759328358208955,384,384,3
247e98aba610,4,test,0.8349959562974945,0.9706125827814569,384,384,3
248139c423c4,1,train,0.9469895628918257,1.0,384,384,3
248dec89b3a2,0,train,0.4779981148059324,0.654054956986553,384,384,3
24b87f744598,3,train,0.7490671641791045,0.8762437810945274,384,384,3
24b943fe725e,1,train,0.7176703775394295,0.8481561822125814,384,384,3
24de56d433cd,0,train,0.8009886621315193,1.0,384,384,3
24f271c87e73,0,train,0.9096785983236846,1.0,384,384,3
24f3e70f0419,0,train,0.9999903301637321,1.0,384,384,3
25002fe43f92,2,validation,0.9140158159052625,1.0,384,384,3
252305189b3a,0,train,0.8097922902494331,1.0,384,384,3
2532613a584a,2,test,0.7537402442295655,0.9181399164977218,384,384,3
253e96488cfb,0,train,0.8353149700918607,0.9710264900662252,384,384,3
254052cf3e48,4,train,0.7481095808411128,0.8756218905472637,384,384,3
2585bbc91909,0,test,0.4755255381266276,0.6500558853149414,384,384,3
259d30f693b6,1,validation,0.8022902494331066,1.0,384,384,3
25a0a1e41afd,0,train,0.8010349206349207,1.0,384,384,3
25b0e72705a8,3,validation,0.8351483104190192,0.9710264900662252,384,384,3
25b4080f598b,0,train,0.47749869028727215,0.6541538238525391,384,384,3
25d069089c5e,4,train,0.8358800393688772,0.9697847682119205,384,384,3
25dc1b41ed9c,2,train,1.0,1.0,384,384,3
25e9fd872182,1,test,0.8356749931333354,0.9714403973509934,384,384,3
2608e1dac5b1,2,test,0.836061243018891,0.9693708609271523,384,384,3
260a455692b5,0,train,0.47542572021484375,0.6500558853149414,384,384,3
261c6bd63bff,2,train,0.7546261785846583,0.9180738819982883,384,384,3
2628305cbb29,4,train,0.8369021710104678,0.9689569536423841,384,384,3
262ad704319c,4,test,0.992255859375,1.0,384,384,3
263d8851e33b,0,train,0.47719065348307294,0.6532414754231771,384,384,3
26453eb7e989,2,train,0.9923177083333333,1.0,384,384,3
26463a5fb949,4,test,0.7243967192216586,0.8730193615839342,384,384,3
2665f72e2dd3,3,train,0.5497914322010777,0.692850078439397,384,384,3
266fbefa58fb,0,test,0.8032643990929705,1.0,384,384,3
2682e6da9050,0,train,0.9999155369403533,1.0,384,384,3
26999ebc21de,2,train,0.8369024094363231,0.9693708609271523,384,384,3
269b44e628eb,3,train,0.9111543337443343,1.0,384,384,3
269f0792f11f,2,validation,0.9996467549608233,1.0,384,384,3
26cd40b57ad1,0,validation,0.8031709750566893,1.0,384,384,3
26d60db3bbfd,0,train,0.7997219935330685,0.9633699633699634,384,384,3
26d9576e8043,0,validation,0.4776998246053621,0.6517760198541958,384,384,3
26e231747848,2,train,0.7386569148936171,0.8710106382978723,384,384,3
26fc2358a38d,0,train,0.7993106575963719,1.0,384,384,3
2700754f71e9,2,test,0.8002708475021179,0.9645909645909646,384,384,3
272d9c043c81,2,validation,0.758075255150919,0.9245240497875035,384,384,3
2735be026d44,2,train,0.7533212273886013,0.9263157630622855,384,384,3
274f4de2a59d,0,test,0.8002757369614513,1.0,384,384,3
274f5029189b,1,train,0.8360340624713889,0.9714403973509934,384,384,3
276b14f72328,0,train,0.9998247588855929,1.0,384,384,3
2776d70724d3,2,train,0.7471616053626996,0.8756218905472637,384,384,3
27933cdbe0cc,0,train,0.8012816326530612,1.0,384,384,3
27b68863349f,2,train,0.8356532963805048,0.9714403973509934,384,384,3
27bab1432f61,2,train,0.8359799398022401,0.9722682119205298,384,384,3
27e2be850a99,4,validation,0.8362493610187078,0.9706125827814569,384,384,3
27e4c800a449,1,train,0.8350729678487503,0.9710264900662252,384,384,3
27f82ada84ac,0,validation,0.7999665914975361,0.9645909645909646,384,384,3
27fca9f12b3c,2,train,0.8363742961668752,0.9714403973509934,384,384,3
281d7b7c7676,4,train,0.7576951290945951,0.9237429266672628,384,384,3
2821998fc002,0,train,0.8053170068027211,1.0,384,384,3
282bc792d23a,2,test,0.7474405244377365,0.8756218905472637,384,384,3
283c3aeba594,0,train,0.47673988342285156,0.6518745422363281,384,384,3
28503940d10b,0,train,0.8074557823129251,1.0,384,384,3
286e9981dd9b,0,train,0.9101449212441172,1.0,384,384,3
28751f290ba3,0,validation,0.8129451247165533,1.0,384,384,3
28824d12d31d,2,validation,0.7192981393069764,0.8570006577016602,384,384,3
289a47dcbb82,0,train,0.47663402557373047,0.6518754959106445,384,384,3
28a4d00927b7,2,train,0.9074448661457848,1.0,384,384,3
28dc010a0780,0,train,0.8042848072562359,1.0,384,384,3
28f73575e1f2,0,train,0.477978228792561,0.6551964141540689,384,384,3
28f93cad89c5,2,train,0.7539795194969425,0.921298965892896,384,384,3
28f98cfe3858,1,validation,0.7548278176088349,0.9191489099631576,384,384,3
290ecdba359f,2,train,0.7544447262727437,0.9248823924424598,384,384,3
29192375ab1b,0,train,0.7981342403628118,1.0,384,384,3
291e2ff3d834,2,test,0.8371465575121311,0.9714403973509934,384,384,3
291f581d365e,0,train,0.8357181482131413,0.9714403973509934,384,384,3
2923971566fe,0,validation,0.834973544267098,0.9710264900662252,384,384,3
2927665214e1,0,train,0.8033469387755102,1.0,384,384,3
29580bed2f7d,2,train,0.8366170136875515,0.9706125827814569,384,384,3
295fdc964f6e,2,train,0.8361463610492263,0.9706125827814569,384,384,3
2967e578939f,2,train,0.9092170116495872,1.0,384,384,3
2974c6ad1d58,0,train,0.8041487528344671,1.0,384,384,3
299086c6d1b5,3,train,0.908818772270225,1.0,384,384,3
2994f17f58a5,1,train,0.8362200346385082,0.9693708609271523,384,384,3
29a13e666266,0,test,0.8006802721088435,1.0,384,384,3
29b52f64d2db,1,train,0.5496694035195416,0.6860463133483391,384,384,3
29bc0e721cfe,4,validation,0.7588446312013124,0.9265468267856914,384,384,3
29d059522fa1,0,train,0.8033061224489796,1.0,384,384,3
29f44aea93a4,2,train,0.7496116095552201,0.8771766169154229,384,384,3
29f9e1ac9507,0,train,0.4782645873851086,0.6551944255527318,384,384,3
2a08ed6bbcbc,1,train,0.8366215437788018,0.9697847682119205,384,384,3
2a099b247b10,2,train,0.8022829931972789,1.0,384,384,3
2a2274bcb00a,0,train,0.9103395020310603,1.0,384,384,3
2a2a6435f7f3,0,train,0.8054267573696146,1.0,384,384,3
2a3378bcfbcc,2,train,0.8360075972014527,0.9718543046357616,384,384,3
2a3a1ed1c285,2,train,0.747713911714834,0.875,384,384,3
2a4520f1f9a3,0,train,0.8009306122448979,1.0,384,384,3
2a47e5b21791,2,train,0.8359472754600665,0.9722682119205298,384,384,3
2a5a8b744f08,2,train,0.8354453890346996,0.9714403973509934,384,384,3
2a7373eeb352,0,validation,0.7999526712881762,0.9645909645909646,384,384,3
2a8a9e957a6c,1,train,0.8363535531174657,0.9714403973509934,384,384,3
2a93334f663a,0,test,0.8034575963718821,1.0,384,384,3
2af1bf226f51,2,validation,0.9997351648924162,1.0,384,384,3
2b074afdf626,2,train,0.8361711573381756,0.9714403973509934,384,384,3
2b07790a2422,2,train,0.7533975263179984,0.9182057228987115,384,384,3
2b10f138e67d,0,train,0.4772046628724153,0.6517760198541958,384,384,3
2b2f5a0f880d,0,train,0.4766966501871745,0.6518745422363281,384,384,3
2b3a4a81d748,0,test,0.802875283446712,1.0,384,384,3
2b48daf24be0,3,validation,0.8364613216040528,0.9718543046357616,384,384,3
2b4c7b5f1f1e,0,train,0.8031083900226758,1.0,384,384,3
2b5bb6d33959,0,train,0.47658570607503253,0.6518754959106445,384,384,3
2b88cb6e31cd,2,train,0.7480480031956324,0.8756218905472637,384,384,3
2ba0b0d9bda2,2,train,0.8361437383648183,0.9710264900662252,384,384,3
2bb063318cf1,3,test,0.7480059324165689,0.8756218905472637,384,384,3
2bb3c492d6d3,0,train,0.9093188409457968,1.0,384,384,3
2bbcfdc477db,4,train,0.7184400356696733,0.8486984815618221,384,384,3
2bbd1f99ecc3,3,train,0.5500351343132573,0.6917161175908874,384,384,3
2bd4d4fbed5c,2,train,0.7506333908640319,0.8793532338308457,384,384,3
2c1d5be654dd,2,train,0.7536693056135939,0.9178476083421988,384,384,3
2c77bf969079,0,train,0.908263052700213,1.0,384,384,3
2c8101f14723,0,train,0.47575855255126953,0.6505107879638672,384,384,3
2c827005b8f8,0,validation,0.803641723356009,1.0,384,384,3
2c9dfc270f1b,0,train,0.8013469387755102,1.0,384,384,3
2cacdb0dffae,0,train,0.8051863945578231,1.0,384,384,3
2cbfc6182ba2,2,train,0.748140588024298,0.8759328358208955,384,384,3
2cceb07ff706,2,train,0.7384747340425531,0.8710106382978723,384,384,3
2cdcc910778d,0,test,0.4779662971845382,0.654054956986553,384,384,3
2cef97083e6f,2,train,0.7485579476214433,0.8759328358208955,384,384,3
2cf18033da31,0,validation,0.47659937540690106,0.6518754959106445,384,384,3
2cfe8703f265,0,train,0.9103941662075139,1.0,384,384,3
2d04cead4d3a,0,train,0.4767475128173828,0.6518745422363281,384,384,3
2d07162a13b1,0,train,0.9098840330084794,1.0,384,384,3
2d3f4094c08a,0,test,0.47698084513346356,0.6523291269938151,384,384,3
2d552318eb07,2,train,0.9958100558659218,1.0,384,384,3
2d558de2cabe,0,train,0.47531477610270184,0.6500558853149414,384,384,3
2d7666b8884f,1,train,0.7180472446238937,0.8481561822125814,384,384,3
2d870833c0c9,2,train,0.7579391944292886,0.9242298027952096,384,384,3
2d9d97a6e713,1,train,0.835923909726249,0.9697847682119205,384,384,3
2da82d14e1b7,0,test,0.8034031746031746,1.0,384,384,3
2db0cd3e30da,0,validation,0.9091520856060737,1.0,384,384,3
2dc647e00ad3,0,train,0.9988857980496137,1.0,384,384,3
2dd28ac497d2,0,train,0.8044281179138322,1.0,384,384,3
2e26762daed5,2,train,0.746009681228688,0.8759328358208955,384,384,3
2e79041ef722,2,train,0.9083532387241815,1.0,384,384,3
2eba4279e503,0,train,0.8027156462585034,1.0,384,384,3
2ecbc2e3f239,1,train,0.7537287252581618,0.9153408064466094,384,384,3
2ef10194e80d,0,train,0.4757839838663737,0.6505101521809896,384,384,3
2ef4a04aed1b,0,train,0.803926530612245,1.0,384,384,3
2ef955d6d9ff,0,train,0.4776918702000135,0.6529154884203744,384,384,3
2f143453bb71,0,validation,0.9098041088515708,1.0,384,384,3
2f2e1949ad56,1,train,0.8358719328897977,0.9714403973509934,384,384,3
2f42e20db938,3,train,0.9206937258944796,1.0,384,384,3
2f4e81787d9b,1,validation,0.7538674091118941,0.9156323162575797,384,384,3
2f5c9cdfb333,2,train,0.9093932394819809,1.0,384,384,3
2f7fbdcc9a4b,0,train,0.4767462412516276,0.6518754959106445,384,384,3
2f81ee5f2926,0,train,0.4783660060533025,0.654054956986553,384,384,3
2f8d14a7d390,0,train,0.9984427616736632,1.0,384,384,3
2f9b66784109,2,train,0.7475705216893063,0.8765547263681592,384,384,3
2fb3a8606a77,2,train,0.7536658841369394,0.9187245328087678,384,384,3
2fde69f20585,4,train,0.7246665308464699,0.8731710129129633,384,384,3
2fdfb80ea53c,0,validation,0.8048517006802721,1.0,384,384,3
2fdffb6160a6,2,validation,0.835954428235725,0.9693708609271523,384,384,3
2fe06bedb2c4,4,train,0.9546532041495833,1.0,384,384,3
2fefb720869a,0,validation,0.4768104553222656,0.6518754959106445,384,384,3
300305ce82d2,2,validation,0.7475415525369408,0.8756218905472637,384,384,3
30263a7d5609,0,train,0.9979057897453952,1.0,384,384,3
302bcdb635ff,2,train,0.7183643968534252,0.8492407809110629,384,384,3
306c841af3fc,0,train,0.9841852787991405,1.0,384,384,3
3079490a4b9c,0,train,0.8022557823129252,1.0,384,384,3
308f7fce6f0d,2,test,0.9084732236313432,1.0,384,384,3
30941b65348b,1,train,0.8369570089571825,0.9722682119205298,384,384,3
30db694bee42,0,train,0.4764407475789388,0.6514199574788412,384,384,3
310c27067ac0,2,train,0.8005442176870748,1.0,384,384,3
312694ea8e6a,4,train,0.8352994724112675,0.9710264900662252,384,384,3
3128eb593012,2,train,0.9089083662634017,1.0,384,384,3
3132556f5352,0,train,0.8015437641723356,1.0,384,384,3
31360e44ac64,0,validation,0.9076234621013461,1.0,384,384,3
31452ad8808c,2,train,0.7173824192389762,0.8481561822125814,384,384,3
314862758acf,2,train,0.8369915807061983,0.972682119205298,384,384,3
315c1a0d87fd,0,test,0.8024018140589569,1.0,384,384,3
31616ff6b53b,3,train,0.836094384212775,0.9714403973509934,384,384,3
3178559fbf57,0,train,0.8089532879818594,1.0,384,384,3
318eb706a134,0,test,0.4773457845052083,0.6527853012084961,384,384,3
31b5d6fb0256,2,validation,0.8350593775749993,0.9706125827814569,384,384,3
31cb39681f6a,1,train,0.7182984893468699,0.8486984815618221,384,384,3
3206171db5be,4,validation,0.7229755202655962,0.8640858536495891,384,384,3
3218a6d8eb2c,3,validation,0.7528311578824436,0.9250733108397855,384,384,3
3232b34cbe99,0,train,0.8038521541950113,1.0,384,384,3
3246f07e65b4,2,train,0.7214969939099695,0.8503253796095445,384,384,3
3254e48c8aa0,0,train,0.8021986394557823,1.0,384,384,3
3286073a976e,0,train,0.8000063635242788,0.9645909645909646,384,384,3
328d141ed3aa,0,train,0.8045941043083901,1.0,384,384,3
32a3eb37ff40,2,test,0.8359022129734184,0.9714403973509934,384,384,3
32d7d360d891,0,train,0.8031619047619047,1.0,384,384,3
32ed318235b8,0,train,0.8012462585034014,1.0,384,384,3
331121c65e88,0,validation,0.4760424296061198,0.6509653727213541,384,384,3
331b87d1b9d1,2,train,0.8362584212012085,0.9718543046357616,384,384,3
3323fd59782e,0,train,0.8037097505668934,1.0,384,384,3
3325b1fe55d2,0,train,0.803338775510204,1.0,384,384,3
33596a635b53,0,train,0.4767831166585286,0.6518745422363281,384,384,3
338326891d84,0,train,0.47644901275634766,0.6518745422363281,384,384,3
33b893e18eb3,1,train,0.8367705599383526,0.9710264900662252,384,384,3
33b91def2035,0,train,0.4782009521423202,0.654054956986553,384,384,3
33b978734eab,0,test,0.4759979248046875,0.6509653727213541,384,384,3
33d72035c27a,0,train,0.47750123341878253,0.6527853012084961,384,384,3
33e7bf536fc5,0,train,0.9964841264704072,1.0,384,384,3
33e8e26a75d4,2,train,0.8357415139469588,0.9714403973509934,384,384,3
33ffddea8c6e,1,train,0.7997351473922902,1.0,384,384,3
3402124408ea,2,train,0.8366990321817682,0.9710264900662252,384,384,3
3428230bf1bd,2,train,0.8358349768822291,0.9718543046357616,384,384,3
342edf9b889d,0,train,0.47775948264547613,0.6529134998190372,384,384,3
345b1f0abbba,0,train,0.9100533538149674,1.0,384,384,3
3461dc601cc2,1,train,1.0,1.0,384,384,3
34723fae6475,2,train,0.8355591181676687,0.9714403973509934,384,384,3
348598d01e18,0,train,0.8008589569160998,1.0,384,384,3
3486f7096276,0,train,0.9997294419280943,1.0,384,384,3
349f3c0ac83e,2,train,0.9945675254533772,1.0,384,384,3
34a7dbd3f05c,0,test,0.47646745045979816,0.6509653727213541,384,384,3
34acae864963,0,train,0.47708892822265625,0.6523303985595703,384,384,3
351e842842a2,0,train,0.9094909245626471,1.0,384,384,3
352e4a939242,3,test,0.9598368284200041,1.0,384,384,3
35362d43e753,0,train,0.8052362811791384,1.0,384,384,3
354b8911d6ed,2,train,0.7580806154643446,0.9248182967797974,384,384,3
356304d15a5c,0,train,0.7982548752834467,1.0,384,384,3
35777eb7859d,0,validation,0.9206254450098119,1.0,384,384,3
357f02a779d7,0,test,0.8059510204081632,1.0,384,384,3
3580a545016d,0,train,0.8003274376417233,1.0,384,384,3
358d2224de73,1,test,0.7545024351789843,0.9177816878919872,384,384,3
3599029efeb3,0,train,0.9081237281205153,1.0,384,384,3
359bab5d784b,0,train,0.8016399092970522,1.0,384,384,3
35ac70c0d08f,0,train,0.8012643990929705,1.0,384,384,3
35beb47fe159,0,train,0.8023591836734694,1.0,384,384,3
35cd9832fc0a,0,train,0.804564172335601,1.0,384,384,3
35d6c4c50072,1,train,0.8357112338633381,0.9718543046357616,384,384,3
35df2bc6ae95,0,train,0.8030829931972789,1.0,384,384,3
3601dac9bed7,0,train,0.9907175492135463,1.0,384,384,3
36041171f441,1,train,0.8363773957029939,0.9718543046357616,384,384,3
360832d84ce0,0,train,0.4777415852334419,0.6517760198541958,384,384,3
362c4a96cebb,2,validation,0.7215520285248617,0.8602397073620661,384,384,3
365f8c01d994,1,validation,0.801590022675737,1.0,384,384,3
36677b70b1ef,1,test,0.8365776734214301,0.9722682119205298,384,384,3
367c7049929c,2,test,0.8033333333333333,1.0,384,384,3
36865bbc64d6,3,train,0.5491049098515336,0.685346113839438,384,384,3
369229040a34,0,train,0.8039455782312925,1.0,384,384,3
3694e8c8e09a,0,validation,0.999750557693006,1.0,384,384,3
36a1e3c780a0,2,train,0.8358223403118992,0.9718543046357616,384,384,3
36b5b3c9fb32,3,validation,0.9214665234215275,1.0,384,384,3
36e4b704b905,0,validation,0.799773697167834,0.9645909645909646,384,384,3
370f575adb23,0,train,0.7998993197278912,1.0,384,384,3
3710ff45299c,0,train,0.8029895691609977,1.0,384,384,3
3730c322d35b,0,train,0.8058984126984127,1.0,384,384,3
3732de8b416f,0,train,0.9101749174709076,1.0,384,384,3
374535e0adb8,4,train,0.7304787399903572,0.8761749702593074,384,384,3
3748349334f6,2,test,0.7481269041030801,0.8759328358208955,384,384,3
378963f9df22,4,train,0.7178110391977155,0.8481561822125814,384,384,3
3796af4d987a,4,train,0.9104618550613897,1.0,384,384,3
37c4dfe03aba,4,train,0.9922428385416666,1.0,384,384,3
37c523296d42,0,train,0.8018884353741497,1.0,384,384,3
37de05ef12a5,2,validation,0.7488785007546537,0.8759328358208955,384,384,3
38055d8b9f08,3,test,0.8365137752922147,0.9722682119205298,384,384,3
3810040096cb,4,test,0.7479947232470606,0.8759328358208955,384,384,3
3823acc4e464,0,train,0.4766721725463867,0.6518754959106445,384,384,3
382752f6694a,1,validation,0.8368964487899411,0.972682119205298,384,384,3
38373431d996,0,train,0.47670141855875653,0.6518745422363281,384,384,3
383e72af1955,3,test,0.8363440160832545,0.9718543046357616,384,384,3
384631079d1e,1,train,0.7531033933749264,0.9279811097992916,384,384,3
38487e1a5b1f,2,train,0.7385877659574468,0.8710106382978723,384,384,3
384db24ebbd7,0,train,0.8027746031746031,1.0,384,384,3
384e6c915722,0,train,0.9994794075903084,1.0,384,384,3
387138ddf43d,0,train,0.7998552298226566,0.9633699633699634,384,384,3
388279491b5d,0,train,0.476901372273763,0.6523303985595703,384,384,3
388f12e8df0b,2,train,0.7478297883242961,0.8762437810945274,384,384,3
389552047476,0,validation,0.8010403628117914,1.0,384,384,3
38b9bb961847,1,train,0.801047619047619,1.0,384,384,3
38c7153457e2,0,train,0.800702947845805,1.0,384,384,3
38e0e28d35d3,1,train,0.8048054421768708,1.0,384,384,3
38e111cac46f,2,train,0.7564255331573022,0.9232193266898902,384,384,3
38f1901f214a,0,train,0.9934472058514745,1.0,384,384,3
3908b3cfd620,0,train,0.8002766439909297,1.0,384,384,3
39134907127a,2,train,0.7462120285743566,0.8756218905472637,384,384,3
393fa5a023a5,0,train,0.8064526077097506,1.0,384,384,3
39923b29988a,2,test,0.7188766176090703,0.8497830802603037,384,384,3
39aa3cd93c50,3,train,0.9087285862462564,1.0,384,384,3
39b5b05d6cd9,2,train,0.9940937034762469,1.0,384,384,3
39f8935185e6,0,validation,0.801685260770975,1.0,384,384,3
39fd8ef3a45c,0,train,0.8011945578231292,1.0,384,384,3
3a122851e526,2,validation,0.992109375,1.0,384,384,3
3a1d3ce00f0c,2,train,0.7473699212271974,0.8746890547263682,384,384,3
3a1ecf5e2839,4,validation,0.8352851668599506,0.9710264900662252,384,384,3
3a4cfea0a766,0,train,0.8052462585034014,1.0,384,384,3
3a61e690f4bb,2,test,0.992021484375,1.0,384,384,3
3a643599f852,0,validation,0.47449779510498047,0.6496016184488932,384,384,3
3a6e9730b298,4,train,0.9095234862562025,1.0,384,384,3
3aa2b1ce6700,2,validation,0.8358089884640034,0.9718543046357616,384,384,3
3abac0961bfd,0,train,0.8067183673469388,1.0,384,384,3
3ac3fbfca7d4,4,train,0.7504013464978478,0.8790422885572139,384,384,3
3ac92ac3d65a,0,train,0.4765421549479167,0.6518754959106445,384,384,3
3af9aaa880e9,0,test,0.8019310657596372,1.0,384,384,3
3b0190bbe615,0,test,0.8034984126984127,1.0,384,384,3
3b10191dfd25,0,train,0.7997816515731825,0.9633699633699634,384,384,3
3b185ac445d0,4,train,0.9922916666666667,1.0,384,384,3
3b232b394e4f,4,train,0.9428925124681685,1.0,384,384,3
3b2b91590590,0,train,0.8000244897959183,1.0,384,384,3
3b4a5fcbe5e0,4,train,0.7109940159574468,0.8538091755319149,384,384,3
3b58b02c89ed,2,train,0.7477757805075745,0.8762437810945274,384,384,3
3b5dffe159b6,0,train,0.8080925170068027,1.0,384,384,3
3b73a3a4a734,1,test,0.8357515278328806,0.9714403973509934,384,384,3
3b9817a39adf,0,train,0.8031374149659863,1.0,384,384,3
3b9c1f42c2f2,2,train,0.7481391322879982,0.8759328358208955,384,384,3
3bf2deaa5ef0,0,test,0.8023038548752834,1.0,384,384,3
3bf3085ac167,0,test,0.8056879818594105,1.0,384,384,3
3c1efa38d0da,2,train,0.9091163664149615,1.0,384,384,3
3c28fd846b43,0,validation,0.8034820861678005,1.0,384,384,3
3c311c9109b0,2,validation,0.8357899143955809,0.9714403973509934,384,384,3
3c326543fff6,0,test,0.4775094985961914,0.6527853012084961,384,384,3
3c42512c81e0,0,validation,0.8054684807256236,1.0,384,384,3
3c726de3ee90,1,train,0.7478897646598468,0.8759328358208955,384,384,3
3c72f580d4ba,1,test,0.8043301587301588,1.0,384,384,3
3c78bfca247b,4,train,0.7576162070330962,0.9240368315118912,384,384,3
3c9529918097,0,train,0.8027319727891157,1.0,384,384,3
3ca12e02dd4e,0,train,0.8029850340136054,1.0,384,384,3
3ca8be3b40d6,0,test,0.4777952774695446,0.6529134998190372,384,384,3
3cab32dd6ef9,0,test,0.8017278911564626,1.0,384,384,3
3ccf96c1dd6d,4,train,0.7484349379041124,0.8759328358208955,384,384,3
3cd9713c0ecb,0,train,0.8030485260770975,1.0,384,384,3
3cdda8b3df19,2,train,0.8356668866542558,0.9718543046357616,384,384,3
3cdef7c591cc,0,validation,0.47758647432914536,0.6529134998190372,384,384,3
3ce2f8a77a32,0,train,0.47683970133463544,0.6527853012084961,384,384,3
3d2ecffe0386,0,train,0.4783123138171998,0.6551944255527318,384,384,3
3d3e288d490e,2,train,0.5495010145965487,0.6902041697928745,384,384,3
3d663a6a50a3,2,train,0.7179676248173168,0.8481561822125814,384,384,3
3dbc90c7ee7d,1,train,0.9215983489445275,1.0,384,384,3
3de8ad4151e1,1,train,0.8355281228064821,0.9701986754966887,384,384,3
3dec415b188a,0,test,0.801461224489796,1.0,384,384,3
3dfc50108072,2,validation,0.8382766960661642,0.9706125827814569,384,384,3
3e1f8fecb06f,2,train,0.7405066489361702,0.870345744680851,384,384,3
3e3a3955b9c5,3,train,0.8365874488814966,0.9718543046357616,384,384,3
3e61703b5ab2,0,train,0.4756205876668294,0.6505107879638672,384,384,3
3e6bfc4d5c65,2,train,0.9112279429061292,1.0,384,384,3
3ee17aa12e46,1,test,0.8357376991332743,0.9714403973509934,384,384,3
3f0d3629d69e,0,train,0.47689151763916016,0.6523303985595703,384,384,3
3f3de2a6b0f5,2,test,0.9090964347116336,1.0,384,384,3
3f44d749cd0b,0,test,0.8359749328592792,0.9697847682119205,384,384,3
3f47f83217b5,2,train,0.8355297917874691,0.9714403973509934,384,384,3
3f49f8d100e9,3,train,0.908882711595752,1.0,384,384,3
3f5b4c2948e8,2,train,0.803158276643991,1.0,384,384,3
3f6bccf21ce8,0,test,0.8041696145124717,1.0,384,384,3
3f6c627e2ff2,0,train,0.8030385487528344,1.0,384,384,3
3f73c91b7e32,1,train,0.8359174722281564,0.9714403973509934,384,384,3
3f752fcccec0,4,train,0.8355603102969451,0.9710264900662252,384,384,3
3f82631e9080,0,train,0.47684796651204425,0.6523310343424479,384,384,3
3f8d5c940ba4,2,train,0.7571284185113748,0.9223739938577651,384,384,3
3f98be586fe3,0,train,0.8030512471655329,1.0,384,384,3
3fa4f4d77177,3,train,0.8354315603350932,0.9714403973509934,384,384,3
3fc219927a97,2,validation,0.8353774376659444,0.9710264900662252,384,384,3
3fd45879afe6,0,train,0.8019927437641723,1.0,384,384,3
3fd7df6099e3,2,train,0.7469951419168204,0.875,384,384,3
3fe282197c1c,0,test,0.47733497619628906,0.6532414754231771,384,384,3
3ffa14d60b24,2,train,0.7483187701473903,0.8756218905472637,384,384,3
40140a925c43,2,train,0.8368151455732902,0.9701986754966887,384,384,3
401fdfd0db07,0,train,0.8009732426303855,1.0,384,384,3
4029d70e9d8a,1,train,0.7208268534871289,0.8590081544524568,384,384,3
4036471a1bb7,0,train,0.47598743438720703,0.6514205932617188,384,384,3
404ede327e98,0,train,0.4781691345209261,0.654054956986553,384,384,3
405085b53d7b,0,train,0.8037197278911564,1.0,384,384,3
40527a5e95dd,2,train,0.8360259559923093,0.9718543046357616,384,384,3
405b4f78658f,3,train,0.8163178132389955,0.9869524697110904,384,384,3
408ea9d5e082,4,train,0.7530649587871732,0.9178476083421988,384,384,3
40c24aded50c,0,train,0.8026984126984127,1.0,384,384,3
40dd4e6e4444,0,train,0.4776614507039388,0.6527837117513021,384,384,3
40e9b5630438,1,test,0.8357822847682119,0.9714403973509934,384,384,3
41345cec5957,0,train,0.47450796763102215,0.6496016184488932,384,384,3
4134b290f5f3,0,validation,0.9987111489659984,1.0,384,384,3
4145dcb25053,0,train,0.4764607747395833,0.6518754959106445,384,384,3
4158c340fa49,0,validation,0.9095637443500528,1.0,384,384,3
415d5c5e785f,0,validation,0.808271201814059,1.0,384,384,3
415f2d2bd2a1,0,test,0.8027283446712018,1.0,384,384,3
417f408ee8e0,2,train,0.907818437575484,1.0,384,384,3
4189d4e631ec,2,train,0.835226990951262,0.9697847682119205,384,384,3
419406328dcd,2,train,0.7485898282464084,0.8756218905472637,384,384,3
41960d5f58c2,0,train,0.9999672409628473,1.0,384,384,3
41ab357d103f,0,train,0.47759244013315677,0.6517760198541958,384,384,3
4205e9deb058,0,train,0.8062630385487528,1.0,384,384,3
4210809074c1,0,train,0.801578231292517,1.0,384,384,3
423abbaa5fad,2,test,0.7475994908416718,0.8753109452736318,384,384,3
4242c0d87f57,2,train,0.9090032885337055,1.0,384,384,3
4246ed634f25,2,train,0.8371990112002929,0.9722682119205298,384,384,3
4276b82e4489,0,train,0.4772173563639323,0.6518745422363281,384,384,3
4289af3afbd2,2,train,0.7480680923565692,0.8762437810945274,384,384,3
4294a14c656a,3,train,0.7512643069763542,0.878731343283582,384,384,3
42a67337fa8e,2,train,0.9091862260484076,1.0,384,384,3
42af7282349b,0,validation,0.9997827246993668,1.0,384,384,3
42b08dca9b2f,2,test,0.8356959746086001,0.9710264900662252,384,384,3
42b93b574f23,2,train,0.7997777777777778,1.0,384,384,3
42b9c1977681,0,train,0.803459410430839,1.0,384,384,3
42c65af5ab16,0,train,0.47620614369710285,0.6509644190470377,384,384,3
42cc993f23a9,3,test,0.9187252235113583,1.0,384,384,3
4318b6adeb97,0,train,0.47682984670003253,0.6518745422363281,384,384,3
4350a1b2f3cb,0,validation,0.8017160997732427,1.0,384,384,3
435414ccccf7,0,train,0.4768117268880208,0.6523303985595703,384,384,3
4360a112db10,3,train,0.5497532427301457,0.6917161175908874,384,384,3
436e1793d240,2,train,0.9101167011097026,1.0,384,384,3
436e7a7af761,0,train,0.4768079121907552,0.6514199574788412,384,384,3
436fa3fd145a,0,validation,0.4754292170206706,0.6509653727213541,384,384,3
437900a99871,2,train,0.9091353114003028,1.0,384,384,3
437cbec4a3f8,2,test,0.8363421086764122,0.9718543046357616,384,384,3
43823561c3f0,0,train,0.4776865641276042,0.6527862548828125,384,384,3
4384fa687afa,2,test,0.8355507732627339,0.9714403973509934,384,384,3
4393c5bc576a,1,train,0.5487793224086579,0.6917688723484073,384,384,3
43bc7c066dfb,0,train,0.8045560090702948,1.0,384,384,3
43ddd0ab0cc4,2,train,0.7581956911291603,0.9249462600066787,384,384,3
43e9c66eb0f3,0,train,0.9997653584628039,1.0,384,384,3
43f22d1be8dd,0,validation,0.4778986847390756,0.6529134998190372,384,384,3
43fb6eda9b97,2,validation,0.7472103361353346,0.8754664179104478,384,384,3
4403538fb50f,0,train,0.8027736961451247,1.0,384,384,3
4409965eb2a4,0,train,0.803338775510204,1.0,384,384,3
441117562359,2,train,0.7496009826802318,0.8762437810945274,384,384,3
441848e0f308,0,train,0.7998532412213194,0.9633699633699634,384,384,3
441affbe99aa,2,train,0.9921744791666667,1.0,384,384,3
44271f3cb18f,0,train,0.47755465670775116,0.6529154884203744,384,384,3
445a8a6da55c,0,train,0.8017124716553288,1.0,384,384,3
4462fba1d2a1,4,train,0.7485631882721225,0.8756218905472637,384,384,3
4464bb62bf20,0,test,0.9999703984604041,1.0,384,384,3
4478b870e549,2,train,0.8364603679006317,0.9718543046357616,384,384,3
44855f666225,2,train,1.0,1.0,384,384,3
44878f34e31f,0,train,0.8018712018140589,1.0,384,384,3
4489d421e5aa,2,train,0.7481809119198017,0.8756218905472637,384,384,3
44976c3b11a6,0,train,0.999976713455518,1.0,384,384,3
44a4d04162cc,0,train,0.8008154195011338,1.0,384,384,3
44a86263117b,0,train,0.8045160997732427,1.0,384,384,3
44c869174e3a,2,train,0.7487600038198521,0.8768656716417911,384,384,3
44e0d56e9d42,2,train,0.7476385045745058,0.8756218905472637,384,384,3
44e951e45dca,2,train,0.836084131900998,0.9722682119205298,384,384,3
44ecf3f4efa5,4,train,0.8356444746238594,0.9710264900662252,384,384,3
44f4ae58990e,2,train,0.8367517242957854,0.9710264900662252,384,384,3
44f7f3ef9d50,0,train,0.9087114173532909,1.0,384,384,3
4528fbbd43a3,0,validation,0.7997804988662132,1.0,384,384,3
45369821d6a3,0,train,0.8022113378684808,1.0,384,384,3
453a1e2754b2,2,train,0.992255859375,1.0,384,384,3
453d553b0a94,2,test,0.7478996636666853,0.8759328358208955,384,384,3
454792eb6e05,0,train,0.47721703847249347,0.6523303985595703,384,384,3
454a944eb557,0,train,0.478109476480812,0.654054956986553,384,384,3
4554062fa836,0,train,0.9998342313782634,1.0,384,384,3
45693d027798,0,train,0.804366439909297,1.0,384,384,3
457c7c927e27,3,validation,0.9087425976416651,1.0,384,384,3
45ae04cfde5d,2,train,0.7490354291277694,0.8768656716417911,384,384,3
45c39ab9e797,2,train,0.9084321761631037,1.0,384,384,3
45e4b7eada54,1,train,0.8358182870723594,0.9706125827814569,384,384,3
460893cd86e3,2,test,0.8010122448979592,1.0,384,384,3
461fa5292fda,0,train,0.8001578231292517,1.0,384,384,3
462937ece243,0,train,0.8085532879818594,1.0,384,384,3
465c618f7b23,2,train,0.8357088496047853,0.9685430463576159,384,384,3
4661006f3ba6,1,train,0.8354377594073306,0.9710264900662252,384,384,3
467b7d9d811c,2,train,0.8354260765404218,0.9701986754966887,384,384,3
4689b739d240,4,test,0.8358576273384808,0.9710264900662252,384,384,3
46923eea9a4e,2,train,0.8354053334910123,0.9714403973509934,384,384,3
46acc506fa61,0,test,0.8110975056689342,1.0,384,384,3
46c1548d730e,2,train,0.9136373108856307,1.0,384,384,3
46d3316c4857,4,train,0.7477973254048111,0.8753109452736318,384,384,3
46f56c38051f,2,train,0.7561444018255175,0.921298965892896,384,384,3
4704dbb59536,0,train,0.4759937922159831,0.6514199574788412,384,384,3
4731e708ede3,0,train,0.47796828578587536,0.6529134998190372,384,384,3
475300735b7f,0,train,0.8019092970521542,1.0,384,384,3
47536db39f00,0,test,0.9998508082404371,1.0,384,384,3
475c7ded0f7a,2,train,0.754779802886449,0.923090679167678,384,384,3
478fc46eaa49,0,validation,0.8069197278911565,1.0,384,384,3
47b756014447,2,test,0.8366170136875515,0.9718543046357616,384,384,3
47d1603a555b,1,train,0.8369646385845515,0.9730960264900662,384,384,3
47e51065b819,2,test,0.7456726782752903,0.8759328358208955,384,384,3
4818672273af,2,train,0.7574369216563962,0.9241657071325471,384,384,3
482088e6be44,0,train,0.47650909423828125,0.6514199574788412,384,384,3
4826d10030b3,0,train,0.8040027210884354,1.0,384,384,3
484dbeb9bf2a,0,test,0.4766670862833659,0.6514199574788412,384,384,3
48543037d0b3,2,train,0.8366577845088046,0.9718543046357616,384,384,3
4860f7813654,0,train,0.9077089118789794,1.0,384,384,3
486e852a3b4d,0,train,0.8000063635242788,0.9645909645909646,384,384,3
48a45619d1a3,0,test,0.4781412941022061,0.6540509797838788,384,384,3
48afe8c47454,2,train,0.747204258436283,0.8756218905472637,384,384,3
48c49f662f7d,2,train,0.7160079787234043,0.8596875,384,384,3
48c72dec46e5,2,test,0.836859969634083,0.9706125827814569,384,384,3
48fda42bd5d4,2,train,0.7478079522797995,0.8759328358208955,384,384,3
4926dea289f8,0,train,0.8063637188208617,1.0,384,384,3
4927945ecfed,0,train,0.8035691609977325,1.0,384,384,3
49386d603494,1,validation,0.8360312013611255,0.9714403973509934,384,384,3
493d99f030e2,0,train,0.9802011089131419,1.0,384,384,3
49419f8d5cb4,2,train,0.7480654720312296,0.8756218905472637,384,384,3
494fc9c745a3,1,train,0.8354387131107517,0.9710264900662252,384,384,3
495106ae3b68,0,train,0.8057097505668934,1.0,384,384,3
495255c7492f,1,train,0.8356249237037263,0.9714403973509934,384,384,3
4958bfcc9f38,0,train,0.8037877551020408,1.0,384,384,3
496155f71d0a,0,validation,0.8016253968253968,1.0,384,384,3
4982378d72f9,0,train,0.47755972544352215,0.6532402038574219,384,384,3
498f143c0374,3,train,0.7211751111017944,0.8596239309072614,384,384,3
499c8df39222,4,train,0.8361864165929136,0.9718543046357616,384,384,3
49a4765f8822,2,train,0.747326831432724,0.8756218905472637,384,384,3
49c5e7f6b8d2,1,train,0.8359754097109897,0.9706125827814569,384,384,3
49d69c4c6290,2,validation,0.8359420300912503,0.9710264900662252,384,384,3
49e4b95ee2dc,0,test,0.9231804525641248,1.0,384,384,3
49eb73968c44,0,train,0.47754670230240265,0.6517760198541958,384,384,3
4a05f81b3aba,0,train,0.7998969904507364,0.9633699633699634,384,384,3
4a0890b08532,2,train,0.7488814122272532,0.8768656716417911,384,384,3
4a0bba3b7d83,2,validation,0.8364782498397778,0.9706125827814569,384,384,3
4a1afe4044f4,0,train,0.4776918702000135,0.6529134998190372,384,384,3
4a213b405ee4,1,train,0.7533528190230453,0.9266105803006885,384,384,3
4a3da369b227,4,train,0.748391993683269,0.8762437810945274,384,384,3
4a4cb731f91a,0,train,0.47649987538655597,0.6518754959106445,384,384,3
4a558a1cd243,2,validation,0.9090319033553148,1.0,384,384,3
4a589edaea60,0,train,0.8018312925170068,1.0,384,384,3
4a5a6efc0bef,0,train,0.8029287981859411,1.0,384,384,3
4a693dd3921a,4,test,0.907231735060695,1.0,384,384,3
4a7dc013e802,4,test,0.9065059053098058,1.0,384,384,3
4a96c28f3f07,0,train,0.47758846293048246,0.6529154884203744,384,384,3
4aa07d720638,1,train,0.8362686735129856,0.9710264900662252,384,384,3
4aa3d771c5e4,0,train,0.7989006802721088,1.0,384,384,3
4ab8c0cece7f,0,train,0.8007183673469388,1.0,384,384,3
4abca30b676b,4,train,0.8369639233069857,0.9722682119205298,384,384,3
4ad6109706e8,2,train,0.7491060323383084,0.8762437810945274,384,384,3
4ad8d3ec8789,0,test,0.4767678578694661,0.6514205932617188,384,384,3
4b1001050f1d,2,test,0.9322424705523884,1.0,384,384,3
4b237b958555,0,train,0.8021251700680272,1.0,384,384,3
4b422b48d0d4,2,train,0.9092758200415842,1.0,384,384,3
4b5ffea77373,2,validation,0.7480592123651406,0.8762437810945274,384,384,3
4b618537d52f,3,train,0.8359930532242805,0.9714403973509934,384,384,3
4b6895d0cf8d,0,train,0.799934773876142,0.9645909645909646,384,384,3
4b6cb0bcfd44,0,train,0.47571659088134766,0.6500558853149414,384,384,3
4bcee3cbe232,0,validation,0.8004979591836735,1.0,384,384,3
4bd5d0b30198,0,train,0.8019192743764172,1.0,384,384,3
4bd941611343,4,train,0.9138366279189092,1.0,384,384,3
4beeca5cc859,0,train,0.8017514739229025,1.0,384,384,3
4c129470cec4,1,train,0.8367011780144658,0.972682119205298,384,384,3
4c17e85686f0,0,train,0.807556462585034,1.0,384,384,3
4c389d033cb0,0,test,0.4767853418986003,0.6523303985595703,384,384,3
4c3c1ed09771,1,train,0.836876897869808,0.9722682119205298,384,384,3
4c52922f3bfd,2,train,0.8350054933317057,0.9706125827814569,384,384,3
4c53cc97ea13,0,train,0.4753710428873698,0.6500558853149414,384,384,3
4c570172778b,3,train,0.7566540877978282,0.9202239379280267,384,384,3
4c5ab774a381,0,train,0.47683048248291016,0.6518754959106445,384,384,3
4c60b10a3a6a,3,train,0.9086549770844615,1.0,384,384,3
4c60f6fcea75,0,train,0.7999844889095703,0.9645909645909646,384,384,3
4c635a01593d,0,train,0.47613875071207684,0.6509653727213541,384,384,3
4c6c5a1bf5ab,0,train,0.8000262495376502,0.9645909645909646,384,384,3
4c78d9d18da9,2,train,0.8358211481826228,0.9718543046357616,384,384,3
4c9f0fdaaef7,3,validation,0.9078048208672699,1.0,384,384,3
4cae247d9909,1,test,0.8020816326530612,1.0,384,384,3
4ccee4db09b6,0,train,0.47728856404622394,0.6523291269938151,384,384,3
4cddfc22b0ad,0,train,0.7998075033905653,0.9633699633699634,384,384,3
4cde86044ad1,0,train,0.8030793650793651,1.0,384,384,3
4ce74e5eb51d,2,validation,0.7476923668175974,0.8759328358208955,384,384,3
4cf4d528c08e,0,train,0.47713661193847656,0.6518754959106445,384,384,3
4cfd22ae43d4,0,test,0.8042911564625851,1.0,384,384,3
4d009cebabc9,2,train,0.7467764175377792,0.8756218905472637,384,384,3
4d167ca69ea8,0,train,0.8046893424036281,1.0,384,384,3
4d17559ac1e2,0,train,0.9088884345600737,1.0,384,384,3
4d1cf360b2d7,2,train,0.7549258999395996,0.9194414462171242,384,384,3
4d1e7def7624,0,train,0.997327967692485,1.0,384,384,3
4d21ce39c905,2,validation,0.7502573741778001,0.8781094527363185,384,384,3
4d3de40ced3a,0,train,0.8041387755102041,1.0,384,384,3
4d47300e3ddb,3,train,0.9084086922750243,1.0,384,384,3
4d7d6928534a,1,train,0.7379946808510638,0.8710106382978723,384,384,3
4da2961e62fe,1,validation,0.9023097884003012,1.0,384,384,3
4da6e2089d57,2,validation,0.747624092785138,0.8762437810945274,384,384,3
4dbce359d0e1,2,train,0.7541106761020349,0.9215921864421934,384,384,3
4dc2211a1c31,4,train,0.9165613509669047,1.0,384,384,3
4dd14c380696,0,train,0.4778211292869273,0.654054956986553,384,384,3
4dd4a4bf2421,0,test,0.8013179138321995,1.0,384,384,3
4dd5d5ccddcf,1,test,0.8357143333994568,0.9718543046357616,384,384,3
4dd71fc7f22b,4,train,0.9921321614583334,1.0,384,384,3
4dd7b322f342,0,validation,0.8001773832392725,0.9645909645909646,384,384,3
4dd9d29eae5d,1,train,0.990354831681699,1.0,384,384,3
4df6a81b476e,3,train,0.9081515535677355,1.0,384,384,3
4e0656629d02,1,train,0.9156198246641607,1.0,384,384,3
4e1e252317b5,0,test,0.809720634920635,1.0,384,384,3
4e231670b48c,0,train,0.8028526077097505,1.0,384,384,3
4e43d05cc2ef,2,train,0.8355557802056948,0.9714403973509934,384,384,3
4e4a6224a04e,0,train,0.8012145124716553,1.0,384,384,3
4e54ccfd49b2,0,validation,0.807004081632653,1.0,384,384,3
4e6071b73120,1,train,0.7172191986354934,0.8476138828633406,384,384,3
4e7694eebb91,2,train,0.835962057863094,0.9714403973509934,384,384,3
4e82c3c8d31f,1,train,0.7571892067466045,0.923090679167678,384,384,3
4e8585a96739,0,train,0.7999904547135818,0.9645909645909646,384,384,3
4e85aa647534,0,validation,0.4779265251577955,0.654054956986553,384,384,3
4eabad7948cf,0,validation,0.47542158762613934,0.6500558853149414,384,384,3
4eaf2f81819d,0,train,0.79980589569161,1.0,384,384,3
4ec7796df40e,0,train,0.4774951934814453,0.6527862548828125,384,384,3
4ecd1fdd1435,1,test,0.8352792062135685,0.9710264900662252,384,384,3
4ed31cc07366,2,train,0.7491657175265992,0.8771766169154229,384,384,3
4ee1ad981a6d,2,train,0.9345417208045935,1.0,384,384,3
4ef0b485a7da,2,train,0.7991501133786848,1.0,384,384,3
4ef16a53d899,0,train,0.4771430162309641,0.6517760198541958,384,384,3
4ef7144e24ff,1,train,0.8363371017334513,0.9714403973509934,384,384,3
4f0866b90c27,3,train,0.5489027720937635,0.6890702089443649,384,384,3
4f20f9a9a65b,2,train,0.90842586116799,1.0,384,384,3
4f46d7ee61ed,2,train,0.7490862343246315,0.8762437810945274,384,384,3
4f5dd7660b17,0,test,0.8359866157261879,0.9714403973509934,384,384,3
4f60129e9a5b,2,test,0.7482433630070621,0.8759328358208955,384,384,3
4f6abc40c72d,0,train,0.8022875283446712,1.0,384,384,3
4f7755e74a9e,1,train,0.8375077726828821,0.9722682119205298,384,384,3
4fa26d065ad3,1,train,0.8357534352397229,0.9706125827814569,384,384,3
4faf4063db8c,0,validation,0.8021532879818594,1.0,384,384,3
4fd5ec0dca09,0,train,0.478183054730286,0.6551944255527318,384,384,3
4fef9ed8a4c5,3,test,0.7483157131011609,0.8756218905472637,384,384,3
4ffa38550c95,0,test,0.47697289784749347,0.6518754959106445,384,384,3
500aad15b7c8,0,train,0.4774188995361328,0.6527862548828125,384,384,3
501c319f7a9f,0,train,0.8048208616780045,1.0,384,384,3
504a69096fcb,0,train,0.8018086167800453,1.0,384,384,3
5056fa7d505f,0,train,0.8000938619831128,0.9645909645909646,384,384,3
5069feccd866,0,validation,0.4760265350341797,0.6509653727213541,384,384,3
5077cdb88aed,0,train,0.810009977324263,1.0,384,384,3
5078caaf1f57,0,train,0.800038181145673,0.9645909645909646,384,384,3
50840c36f0b4,1,train,0.9119407479795962,1.0,384,384,3
5090917a2676,1,test,0.9089827647995857,1.0,384,384,3
50915e2329a1,0,train,0.4777965545654297,0.6532414754231771,384,384,3
50916d67bb51,0,validation,0.8034984126984127,1.0,384,384,3
50a2aef380c8,3,train,0.7488317716194309,0.8762437810945274,384,384,3
50d8249f7bc9,0,train,0.4766896565755208,0.6518754959106445,384,384,3
50d8a8fb7737,2,train,0.9092028029105812,1.0,384,384,3
50ddd7d976df,0,validation,0.9999427703567815,1.0,384,384,3
50f5201fd18a,0,train,0.47794839977250403,0.6529134998190372,384,384,3
51030843fde2,2,train,0.7476520429220936,0.8756218905472637,384,384,3
510aa0a898fa,2,train,0.908543477951984,1.0,384,384,3
511fd66b2df8,0,validation,0.9185732689414332,1.0,384,384,3
51269b77d312,3,train,0.8354513496810816,0.9714403973509934,384,384,3
513b0a4651fa,1,train,0.8028861678004535,1.0,384,384,3
51405d042000,2,train,0.7495810390929248,0.8777985074626866,384,384,3
5152bf091152,2,train,0.7485778912087503,0.8756218905472637,384,384,3
5173d54fc214,2,train,0.7479843875193322,0.8759328358208955,384,384,3
5188a8afa879,2,train,0.7501767263867927,0.8765547263681592,384,384,3
518e880613de,4,train,0.7483557458494047,0.8762437810945274,384,384,3
519c6e8f78dc,0,train,0.47704728444417316,0.6518745422363281,384,384,3
51a078d6d43a,0,train,0.8036380952380953,1.0,384,384,3
51a1d162e223,4,train,0.7181887909466972,0.8486984815618221,384,384,3
51aa3361294c,0,test,0.7999586370921876,0.9645909645909646,384,384,3
51af8a689511,0,train,0.7999410430839002,1.0,384,384,3
51af8c112682,4,train,0.911267214281993,1.0,384,384,3
51cd8d2057fa,0,train,0.7993995464852608,1.0,384,384,3
51cfeccaf40d,2,train,0.7474887093092589,0.8759328358208955,384,384,3
51d0034d177d,2,train,0.9076522742665528,1.0,384,384,3
51d574513bcb,2,validation,0.7178044042138341,0.8486984815618221,384,384,3
51d780864365,2,train,0.8369732219153416,0.9722682119205298,384,384,3
51da6aebba8f,3,train,0.9083084417275932,1.0,384,384,3
51e656e5a541,0,train,0.477727665024082,0.6517760198541958,384,384,3
521b5377a727,0,train,0.799539042210052,0.9633699633699634,384,384,3
52230bbef30e,2,validation,0.8361423078096866,0.9697847682119205,384,384,3
523b3f0fc646,1,validation,0.9084434247481501,1.0,384,384,3
523d0c2cb4d6,2,validation,0.7474412523058863,0.8753109452736318,384,384,3
523ff163211b,2,train,0.7188762669273017,0.8564648830548801,384,384,3
524f240e0c90,2,validation,0.7480145212607375,0.8762437810945274,384,384,3
5257cb536da2,0,validation,0.8003364713462433,0.9645909645909646,384,384,3
525acfea47e8,2,train,0.8358693102053896,0.9718543046357616,384,384,3
525d0dd8dc45,0,train,0.799877104437365,0.9645909645909646,384,384,3
5264a54e1830,0,train,0.8000898847804385,0.9645909645909646,384,384,3
5265dc9acdf8,2,train,0.7486262216539028,0.8765547263681592,384,384,3
527bea76116c,2,train,0.8359656342509232,0.9714403973509934,384,384,3
52886bed8a07,2,validation,0.7483918481096391,0.8762437810945274,384,384,3
5288f7441f64,0,train,0.47744528363420874,0.6529154884203744,384,384,3
5293576816aa,0,train,0.8021160997732426,1.0,384,384,3
529906ff9dfa,0,validation,0.804237641723356,1.0,384,384,3
5299a532f0e0,0,validation,0.8051002267573696,1.0,384,384,3
52ae917fcea4,1,test,0.8352184076204718,0.9710264900662252,384,384,3
52dbec057cc8,2,train,0.7481175873907615,0.8781094527363185,384,384,3
52ddde91a349,0,validation,0.8013260770975057,1.0,384,384,3
52edbe29d655,0,train,0.8009433106575964,1.0,384,384,3
530d78467615,2,train,0.7478712768088397,0.8753109452736318,384,384,3
531b39880c32,1,train,0.8350045396282846,0.9710264900662252,384,384,3
5321ab64f9ea,0,train,0.8023365079365079,1.0,384,384,3
53273d664cd8,0,train,0.8028489795918368,1.0,384,384,3
5327f88a1919,2,test,0.9084493450560692,1.0,384,384,3
53327edb9e4d,0,test,0.8018077097505669,1.0,384,384,3
5347b4c8e9b3,1,train,0.9657776600732855,1.0,384,384,3
535682537302,0,train,0.8051800453514739,1.0,384,384,3
53704c80f0d8,1,test,0.8354642246772668,0.9718543046357616,384,384,3
537e50fdf22e,3,train,0.5494733050269422,0.6856683263988359,384,384,3
537e5c578f40,0,validation,0.7997995489852168,0.9633699633699634,384,384,3
53c874dbc594,0,train,0.47738075256347656,0.6523303985595703,384,384,3
53ddae6a619e,0,train,0.4770520528157552,0.6527837117513021,384,384,3
53f6c1c65c04,1,test,0.8363347174748985,0.9718543046357616,384,384,3
54038e56131d,0,train,0.8006539682539683,1.0,384,384,3
540e4973829e,0,test,0.47847736772818206,0.6551944255527318,384,384,3
541db13517e2,2,validation,0.7173054534259518,0.8481561822125814,384,384,3
542964865b1e,0,test,0.8018947845804989,1.0,384,384,3
54334705a34d,0,test,0.47757403055826825,0.653697649637858,384,384,3
5445255635f0,0,test,0.9099187654816052,1.0,384,384,3
545df1bbcd61,1,train,0.8045224489795918,1.0,384,384,3
547b37da9223,2,train,0.7579299564423212,0.9245240497875035,384,384,3
5486da4273d7,2,train,0.7579008738907572,0.9245240497875035,384,384,3
549381330191,0,train,0.8005378684807256,1.0,384,384,3
54b322c66d01,0,validation,0.47675927480061847,0.6523310343424479,384,384,3
54bbe3da103e,2,train,0.9235848095950036,1.0,384,384,3
54bdcdecd8f3,0,train,0.4772189458211263,0.6527853012084961,384,384,3
54cab3596214,2,train,0.8031392290249433,1.0,384,384,3
54dc6e8107cd,2,train,0.8402308343760491,0.9722682119205298,384,384,3
54f57cf26126,0,train,0.4772062301635742,0.6523303985595703,384,384,3
55034b1dbff2,2,train,0.7477862618089328,0.8756218905472637,384,384,3
55092c0071eb,2,validation,0.8354260765404218,0.9710264900662252,384,384,3
5511f114e7ee,0,train,0.4764779408772786,0.6514205932617188,384,384,3
5548a7961a3e,1,train,0.9075532077807055,1.0,384,384,3
555d0bef3c5b,0,train,0.8035183673469388,1.0,384,384,3
55968f0e63c4,0,train,0.8060598639455783,1.0,384,384,3
55eac26bd383,1,validation,0.8354496807000946,0.9714403973509934,384,384,3
55eb405ec71e,4,validation,0.753959674932346,0.9275588995801164,384,384,3
55f7f018c61c,0,train,0.9090652544232594,1.0,384,384,3
55fd453001cc,2,validation,0.8357059884945219,0.9718543046357616,384,384,3
5633ced07d8e,1,test,0.8365009002960295,0.9714403973509934,384,384,3
565f3404f9b2,0,train,0.8039129251700681,1.0,384,384,3
5671eb95512b,1,validation,0.8358581041901914,0.9714403973509934,384,384,3
568455854a11,0,train,0.4775566453090883,0.6517760198541958,384,384,3
56e56aa08362,2,validation,0.748482977202005,0.8756218905472637,384,384,3
5712e2aa73a2,1,train,0.8363869327372051,0.9718543046357616,384,384,3
571bbdbf585e,0,train,0.8035083900226757,1.0,384,384,3
5723d0ec895e,2,test,0.9085572920037953,1.0,384,384,3
5728b8aa98ef,0,test,0.8032308390022675,1.0,384,384,3
573ea80a53be,0,train,0.4772453308105469,0.6523303985595703,384,384,3
57469423a012,2,test,0.8353805372020631,0.9710264900662252,384,384,3
57760be09c03,2,train,0.7468885092328619,0.875,384,384,3
5777ef74c9ec,1,train,0.8357932523575549,0.9718543046357616,384,384,3
578109578b46,1,validation,0.9128558302403014,1.0,384,384,3
57a5e4274275,0,train,0.47678470611572266,0.6518754959106445,384,384,3
57a5f1015504,2,train,0.7485387319022864,0.8756218905472637,384,384,3
57a710de68a4,0,train,0.8029895691609977,1.0,384,384,3
57ce57a8cfb0,2,train,0.8357360301522874,0.9710264900662252,384,384,3
57db4781e7ec,0,train,0.8053750566893424,1.0,384,384,3
57f5ad4b5b29,0,train,0.8000103407269531,0.9645909645909646,384,384,3
57f933d3d7c7,2,train,0.9088481764662235,1.0,384,384,3
58059e73d2d4,0,validation,0.47720864007508956,0.6517760198541958,384,384,3
5814cbd2e9bf,0,train,0.8034149659863945,1.0,384,384,3
58184d6fd087,1,validation,0.8365931711020234,0.9718543046357616,384,384,3
582115961a3d,1,train,0.8357615417188025,0.9710264900662252,384,384,3
582f739b8f62,2,train,0.8359346388897366,0.9710264900662252,384,384,3
58529a8638d0,2,train,0.7470800841299122,0.8756218905472637,384,384,3
586f5c56081e,0,train,0.8044045351473923,1.0,384,384,3
587146a55885,1,train,0.8358125648518326,0.9706125827814569,384,384,3
5879285f9d8d,1,train,0.90937133434268,1.0,384,384,3
5889a0c75cac,0,train,0.8021297052154195,1.0,384,384,3
58a9e0d7f7af,0,validation,0.8017551020408163,1.0,384,384,3
58af2c054ced,0,train,0.8019455782312925,1.0,384,384,3
58b866484a05,4,train,0.7174390377680976,0.8481561822125814,384,384,3
58c12863f33d,0,train,0.8056907029478458,1.0,384,384,3
58ccba7eec9c,1,validation,0.8362641434217353,0.9714403973509934,384,384,3
58eb3809f456,0,validation,0.474853515625,0.6500562032063802,384,384,3
58f07741ee3b,0,train,0.4774767557779948,0.6532414754231771,384,384,3
5905a9b06a73,2,validation,0.9095100668915858,1.0,384,384,3
594f69b503ad,2,test,0.7208501907596847,0.8590875011791465,384,384,3
596f4fdb0004,0,test,0.8027873015873016,1.0,384,384,3
598b8f5b3822,0,train,0.47771573341605916,0.6529134998190372,384,384,3
59928f999ae7,0,train,0.4763612747192383,0.6514205932617188,384,384,3
599498e9e4bc,0,train,0.4770987828572591,0.6518745422363281,384,384,3
5995321563b7,0,train,0.8026748299319728,1.0,384,384,3
599b89048034,2,train,0.7541328016510678,0.9184981451034563,384,384,3
59bd19c1c5bb,0,train,0.8018258503401361,1.0,384,384,3
59e5212f7139,1,train,0.8371661084322641,0.9701986754966887,384,384,3
59ee65760535,2,train,0.9274793854878255,1.0,384,384,3
59f3f70abddd,2,train,0.7483719045223322,0.8762437810945274,384,384,3
59fee5bc3479,4,train,0.9077649574606141,1.0,384,384,3
5a03fe3ed15c,2,train,0.8359963911862545,0.9718543046357616,384,384,3
5a091e8cd95c,1,train,0.8362090670491653,0.9710264900662252,384,384,3
5a0fe0ee4301,0,train,0.7998956916099773,1.0,384,384,3
5a11d21c2828,2,train,0.7577164562990754,0.9241657071325471,384,384,3
5a179c123fd8,0,train,0.7998293780052738,0.9645909645909646,384,384,3
5a27b9b2a9c1,0,test,0.7998234122012624,0.9645909645909646,384,384,3
5a2c27b95c7c,2,train,0.8352510719626454,0.9710264900662252,384,384,3
5a444c32cd9a,0,train,0.8017496598639455,1.0,384,384,3
5a5d3798c357,2,train,0.7473060144036372,0.8765547263681592,384,384,3
5a93c0f783c4,0,train,0.7997200049317313,0.9633699633699634,384,384,3
5ac7a414560e,0,train,0.8028426303854875,1.0,384,384,3
5ad3dabeb2cd,0,train,0.8020380952380952,1.0,384,384,3
5b068765e846,1,train,0.8353817293313395,0.9710264900662252,384,384,3
5b0e53f53ef3,1,train,0.8352799214911344,0.9710264900662252,384,384,3
5b1c4cefeb24,0,train,0.47749996185302734,0.6532414754231771,384,384,3
5b2648ad455e,0,train,0.4767316182454427,0.6523310343424479,384,384,3
5b301a6d1ac7,2,train,0.9070059739853776,1.0,384,384,3
5b32ece9c627,0,train,0.8016018140589569,1.0,384,384,3
5b3d41626ec5,0,test,0.8046376417233561,1.0,384,384,3
5b3e7197ac1c,3,train,0.8354225001525926,0.9706125827814569,384,384,3
5b47043942f4,0,train,0.47768192719332786,0.6529154884203744,384,384,3
5b5b80a3edee,4,train,0.9173302016220065,1.0,384,384,3
5b644a403e1f,2,train,0.835170245597705,0.9714403973509934,384,384,3
5b72ff04333d,1,train,0.8355202547532579,0.9689569536423841,384,384,3
5b76117c4bcb,4,train,0.8358087500381481,0.9714403973509934,384,384,3
5b804948e35f,1,train,0.7998075033905653,0.9633699633699634,384,384,3
5b994ff78547,0,train,0.8039129251700681,1.0,384,384,3
5ba156a35ff2,0,train,0.802227664399093,1.0,384,384,3
5baed382f062,0,test,0.4770873353935243,0.6517760198541958,384,384,3
5bda2ed09e62,4,test,0.7574980520392913,0.9239355558029156,384,384,3
5bea250d8bf5,0,train,0.8062884353741496,1.0,384,384,3
5bf3357a2823,0,train,0.4766988754272461,0.6518745422363281,384,384,3
5bf6f2958e53,0,validation,0.8082213151927438,1.0,384,384,3
5c6194562ed2,2,train,0.7457974348761809,0.8759328358208955,384,384,3
5c7ab966a3ee,4,train,0.9095230915690079,1.0,384,384,3
5c817060c0ed,0,train,0.8019501133786848,1.0,384,384,3
5c8482926a08,2,train,0.7476676193005012,0.8759328358208955,384,384,3
5c85d22bd0de,0,train,0.8036281179138322,1.0,384,384,3
5ca73d28f17f,0,validation,0.4769744873046875,0.6518754959106445,384,384,3
5ca779ace6e7,0,train,0.803449433106576,1.0,384,384,3
5cab3ef4b31c,1,test,0.895364280493138,1.0,384,384,3
5cbe88914a72,0,train,0.8036299319727891,1.0,384,384,3
5cc6dea19614,2,test,0.9095578240421337,1.0,384,384,3
5cde55f745af,2,train,0.8360030671102023,0.9722682119205298,384,384,3
5ce5eeaf757a,0,validation,0.47720495859781903,0.6527862548828125,384,384,3
5cf9127f251a,2,test,0.747449258855535,0.875,384,384,3
5d024177e214,2,train,0.7485943410289377,0.8774875621890548,384,384,3
5d3c8c1f57da,0,train,0.7996026774528403,0.9633699633699634,384,384,3
5d4e5fd34d91,0,train,0.47694047292073566,0.6523303985595703,384,384,3
5d5b5da5f939,0,train,0.8019546485260771,1.0,384,384,3
5d6239c0fd39,0,train,0.8045333333333333,1.0,384,384,3
5d74f98d62be,4,train,0.7181365957401634,0.8486984815618221,384,384,3
5d9c841eb245,0,train,0.47671031951904297,0.6527862548828125,384,384,3
5db2e3a4594a,0,test,0.7984734693877551,1.0,384,384,3
5db895d3f1fc,0,train,0.4764900207519531,0.6532421112060547,384,384,3
5dc23e440de3,2,test,0.748469293280787,0.8756218905472637,384,384,3
5dd2e26fc244,4,train,0.8018639455782313,1.0,384,384,3
5de4615a5161,0,train,0.8047283446712018,1.0,384,384,3
5e18af29d812,2,train,0.8362760647144993,0.9714403973509934,384,384,3
5e505e25cd3e,0,train,0.4769605000813802,0.6527862548828125,384,384,3
5e5275ddee29,0,train,0.8031990929705215,1.0,384,384,3
5e52c9fe676f,2,train,0.9995988004666782,1.0,384,384,3
5e7630f8438e,2,test,0.7467493408426035,0.8759328358208955,384,384,3
5e7cc6ab4ac4,2,train,0.8365655137028107,0.9722682119205298,384,384,3
5e97cb2b0888,0,test,0.7999904547135818,0.9645909645909646,384,384,3
5ea9e447bb62,0,validation,0.8023428571428571,1.0,384,384,3
5ead17e894ae,0,train,0.7999387510788162,0.9645909645909646,384,384,3
5eb8fb1aad41,0,train,0.8006884353741497,1.0,384,384,3
5ed6dc419e4d,2,train,0.8353707617419965,0.9706125827814569,384,384,3
5efa24b03d5e,1,train,0.5494928438260237,0.6894481958938681,384,384,3
5f13e8a07344,3,train,0.9922037760416667,1.0,384,384,3
5f4a8c074bd5,0,train,0.8027174603174603,1.0,384,384,3
5f51192841f7,0,train,0.8060526077097505,1.0,384,384,3
5f6db235c04d,0,train,0.8048154195011338,1.0,384,384,3
5f70ad48a525,2,train,0.7571204350658475,0.9224386597665367,384,384,3
5fcff7280019,0,train,0.8000998277871242,0.9645909645909646,384,384,3
6028a575dc27,1,train,0.835511909848323,0.9718543046357616,384,384,3
6061f5b7378d,3,train,0.5502559227428779,0.6941524282108996,384,384,3
606daaf0bfc7,0,validation,0.7997896059785311,0.9633699633699634,384,384,3
6089fa333013,3,train,0.9097003061193881,1.0,384,384,3
609be3ca5ddf,0,test,0.8001217024018327,0.9645909645909646,384,384,3
60aa4e649abf,0,test,0.9096663630206516,1.0,384,384,3
60e269e3e188,2,test,0.8358666875209815,0.9714403973509934,384,384,3
60edda7b4871,0,train,0.4761740366617839,0.6568794250488281,384,384,3
60eeae3ba23d,2,train,0.7502147211042167,0.8765547263681592,384,384,3
6107a2e9f60e,0,train,0.9346827667023313,1.0,384,384,3
6110ecb3bb1c,0,test,0.8010675736961451,1.0,384,384,3
612f2df37a1d,4,train,0.8362224188970611,0.9697847682119205,384,384,3
613028ede6a0,4,train,0.7990222222222222,1.0,384,384,3
613bacb35c05,1,train,0.8357059884945219,0.9706125827814569,384,384,3
6155cf375354,0,test,0.8008571428571428,1.0,384,384,3
6180920bc224,0,test,0.8082113378684808,1.0,384,384,3
6181aa9f75f4,3,train,0.9382265204534798,1.0,384,384,3
6194e0fff071,4,validation,0.7188323843831942,0.8486984815618221,384,384,3
61a62b1dcc36,0,test,0.4754069646199544,0.6505107879638672,384,384,3
61ac9b0dc6b9,2,train,0.7200502545646067,0.8596239309072614,384,384,3
61bbc11fe503,4,train,0.8362510299996948,0.9697847682119205,384,384,3
61bbe8db6f3a,1,test,0.8358697870571001,0.9710264900662252,384,384,3
61c2fbd16e38,2,train,0.9092598352102025,1.0,384,384,3
61c667663f2f,0,train,0.8076562358276644,1.0,384,384,3
61d9c88a3a4b,0,train,0.47678883870442706,0.6518745422363281,384,384,3
61da799bf0aa,0,train,0.9996327435654146,1.0,384,384,3
61e301bd3c25,4,train,0.754424995757369,0.9187905673082012,384,384,3
61f403fdb434,4,validation,0.9179534127022969,1.0,384,384,3
62318d514160,4,train,0.8359870925778985,0.9718543046357616,384,384,3
624fb7317106,2,train,0.8362357707449568,0.9718543046357616,384,384,3
628b581aa905,0,validation,0.4772024154663086,0.6527853012084961,384,384,3
6294b378d09f,0,train,0.4779662971845382,0.6529134998190372,384,384,3
6298468d7d75,1,train,0.7532523416586224,0.9187245328087678,384,384,3
62ab144d5cee,2,train,0.7472886183548549,0.8754664179104478,384,384,3
62b4be2799ca,0,train,0.8017768707482993,1.0,384,384,3
62b826899151,0,train,0.8031972789115647,1.0,384,384,3
62cc7ddb53b6,2,train,0.7519611679430562,0.8799751243781094,384,384,3
62e6f814c8f5,2,train,0.8364899327066866,0.9718543046357616,384,384,3
62ecdc90dd42,2,train,0.8019591836734694,1.0,384,384,3
6324d77cf926,0,train,0.803730612244898,1.0,384,384,3
63363410389a,1,train,0.8357856227301859,0.9718543046357616,384,384,3
633fe9dbaf39,0,train,0.9999374420796542,1.0,384,384,3
6363b360aefb,2,train,0.7474034031620922,0.8759328358208955,384,384,3
6377e23928f6,1,test,0.7489031026981199,0.8759328358208955,384,384,3
639915f58a2f,0,validation,0.8043927437641724,1.0,384,384,3
63b4d030b016,4,validation,0.8361864165929136,0.9710264900662252,384,384,3
63b71347e95d,0,train,0.8032680272108843,1.0,384,384,3
63c0eafd6aa9,0,validation,0.8027609977324263,1.0,384,384,3
63c3c571b8ee,2,train,0.992294921875,1.0,384,384,3
63c7b0265775,0,train,0.9098400428946097,1.0,384,384,3
63d217b059b6,2,train,0.8356692709128086,0.9714403973509934,384,384,3
63e041a757eb,0,train,0.9992096388927919,1.0,384,384,3
64678182d8a8,1,train,0.8357996898556475,0.9714403973509934,384,384,3
64a13949e879,2,train,0.7482272043341346,0.8765547263681592,384,384,3
64ac539f58cb,0,test,0.4761034647623698,0.6541519165039062,384,384,3
64b9206afb3f,0,train,0.804130612244898,1.0,384,384,3
64bad93fde3f,4,train,0.7180795348787833,0.8492407809110629,384,384,3
64c6c6ee0d98,0,train,0.9999252067766212,1.0,384,384,3
64eb5a79dfdd,1,train,0.9268046677286383,1.0,384,384,3
64fedbf97473,4,test,0.909411395092933,1.0,384,384,3
650104ede84c,0,train,0.8012299319727891,1.0,384,384,3
6504b703c429,0,train,0.8025460317460318,1.0,384,384,3
650fbed3fdca,2,validation,0.748340751765517,0.8765547263681592,384,384,3
6531070bf03c,2,train,0.7489201348128273,0.8777985074626866,384,384,3
653534ded339,2,train,0.8050131519274376,1.0,384,384,3
655cafb4c932,1,train,0.8373127403332621,0.9735099337748344,384,384,3
657859f893d9,2,validation,0.7485115096334806,0.8765547263681592,384,384,3
658ad9f09f5d,0,train,0.47714500483230127,0.6517760198541958,384,384,3
65a3b13ad9a0,0,validation,0.8350660534989471,0.9710264900662252,384,384,3
65a7fe9482fe,0,train,0.8000680272108843,1.0,384,384,3
65cf00be6fb4,0,train,0.4776342007612366,0.6517760198541958,384,384,3
65dda202653d,0,train,0.9998811991544222,1.0,384,384,3
65e120143825,4,train,0.8360576666310617,0.9710264900662252,384,384,3
65e51e18242b,1,test,0.8355831991790521,0.9706125827814569,384,384,3
65e530ee2e79,2,train,0.9785920890215368,1.0,384,384,3
65e6f1bd9875,0,validation,0.9092069471261247,1.0,384,384,3
65f5d2a6eb7e,0,train,0.8043746031746032,1.0,384,384,3
65f69234c8a7,0,train,0.8026412698412698,1.0,384,384,3
6630f8675a97,4,train,0.718457997494969,0.8557016314145565,384,384,3
66366a90d1ef,0,train,0.9105585534240693,1.0,384,384,3
66375b3c64db,4,test,0.7525377092347023,0.9229253077960399,384,384,3
66393d8c60ba,0,train,0.8005759637188209,1.0,384,384,3
663a923d5398,2,train,0.9101311071923058,1.0,384,384,3
66460ecab347,0,train,0.4744577407836914,0.6496016184488932,384,384,3
664b1f9a2087,4,validation,0.7492696570984031,0.8762437810945274,384,384,3
6653ad026901,0,train,0.800043537414966,1.0,384,384,3
665ce639a331,1,train,0.8359198564867092,0.9714403973509934,384,384,3
6666c4f18396,2,validation,0.7475505781019993,0.875,384,384,3
668a319c2d23,0,train,0.8004517006802722,1.0,384,384,3
668e853258cd,2,validation,0.9082068097749809,1.0,384,384,3
66a0bf258013,4,test,0.8357062269203772,0.9714403973509934,384,384,3
66b88a4bc474,0,test,0.4760150909423828,0.6509653727213541,384,384,3
66bae1ba227f,2,train,0.7188912519128375,0.8578562758102046,384,384,3
66bfec8d6bcd,0,train,0.8035718820861678,1.0,384,384,3
66cd9c28e636,1,train,0.8360931920834986,0.9714403973509934,384,384,3
66d2ca47aa44,2,train,0.9083094284455797,1.0,384,384,3
6733544ae7a6,2,train,0.9998016696847081,1.0,384,384,3
6735931000ec,3,train,0.7481202077161011,0.8759328358208955,384,384,3
674057ab250c,2,train,0.9099602076370393,1.0,384,384,3
675de69373f8,0,test,0.4782029407436574,0.654054956986553,384,384,3
6762b2b48ea5,1,train,0.835943460646382,0.9697847682119205,384,384,3
677f087cd697,1,train,0.8354627941221351,0.9714403973509934,384,384,3
67844c46bc61,2,train,0.7472218728455102,0.8765547263681592,384,384,3
67c03349bb31,2,train,0.8013569160997732,1.0,384,384,3
67d8f94f04e0,0,train,0.47700945536295575,0.6518745422363281,384,384,3
67ed8cc78b97,0,train,0.4777216992200706,0.654054956986553,384,384,3
67f5d89da548,1,train,0.8355767616809595,0.9714403973509934,384,384,3
6810410187a0,2,train,0.7483573471593344,0.8759328358208955,384,384,3
681c3c115684,2,train,0.9088100891519435,1.0,384,384,3
682312e82ee3,0,test,0.9971570681372185,1.0,384,384,3
683023cda6a5,0,validation,0.4790461077106028,0.6551964141540689,384,384,3
68332fdcaa70,1,validation,0.8359780323953978,0.9714403973509934,384,384,3
684dd88a0d49,0,train,0.7999029562547478,0.9645909645909646,384,384,3
6852f4531591,0,train,0.8015746031746032,1.0,384,384,3
686ed1dbae20,2,train,0.7474831775113198,0.8759328358208955,384,384,3
687759336b0d,3,validation,0.909110248763445,1.0,384,384,3
6889bc64ab09,2,train,0.9085890643229615,1.0,384,384,3
68987fb159ab,0,train,0.8045061224489796,1.0,384,384,3
68ddb15a74de,0,train,0.801946485260771,1.0,384,384,3
691eeb59b4cb,0,train,0.8028045351473923,1.0,384,384,3
692e946b1f85,0,train,0.8111945578231292,1.0,384,384,3
69591ebb198d,2,validation,0.7474479486928652,0.8756218905472637,384,384,3
6966abf40b8c,0,train,0.8025678004535147,1.0,384,384,3
697538183db5,3,train,0.5496425820771662,0.6913381306413842,384,384,3
6987804eb464,2,train,0.7194087433163596,0.8492407809110629,384,384,3
698d6e422a80,2,train,0.9922916666666667,1.0,384,384,3
69b3a00927fc,0,train,0.8070049886621316,1.0,384,384,3
69c4cbb630de,0,train,0.47834214283725685,0.6551944255527318,384,384,3
69df7ade0575,2,test,0.8367192983794671,0.9714403973509934,384,384,3
69f43381317b,0,train,0.4770212173461914,0.6523303985595703,384,384,3
69fff98cb32a,4,test,0.8357095648823512,0.9714403973509934,384,384,3
6a244e855d0e,3,train,0.7527814753479792,0.8790422885572139,384,384,3
6a2642131e4a,0,test,0.8030349206349207,1.0,384,384,3
6a2c3f4ef329,0,test,0.9954263647888503,1.0,384,384,3
6a57a3db3eff,0,train,0.801621768707483,1.0,384,384,3
6a905a7202d2,0,train,0.8049659863945579,1.0,384,384,3
6a91eb157f47,2,train,0.7547869879874236,0.9245596331447111,384,384,3
6af071b0ac6e,0,test,0.9101792590300484,1.0,384,384,3
6b07971c3bf6,1,train,0.7999546598895133,0.9645909645909646,384,384,3
6b128e648646,3,train,0.7489681741107198,0.8762437810945274,384,384,3
6b30767595d8,0,train,0.47654056549072266,0.6514199574788412,384,384,3
6b3860e8f64f,0,train,0.8046956916099773,1.0,384,384,3
6b664ed2a938,0,train,0.476833979288737,0.6518745422363281,384,384,3
6b66b0e86f7e,0,train,0.8037342403628118,1.0,384,384,3
6b7cf869622a,2,validation,0.9094451408480723,1.0,384,384,3
6b869f37cdf3,2,train,0.8351311437574389,0.9706125827814569,384,384,3
6b91e99c9408,0,train,0.47662798563639325,0.6532421112060547,384,384,3
6ba5ed791444,2,train,0.7537040906262489,0.9181399164977218,384,384,3
6baafa56895c,3,test,0.9091994480694271,1.0,384,384,3
6bb30ec3231a,0,train,0.8034358276643991,1.0,384,384,3
6bcce181be65,0,test,1.0,1.0,384,384,3
6bf26b777e3a,0,train,0.9090536111510183,1.0,384,384,3
6bf2a81a5d91,0,train,0.47765607537594507,0.6529134998190372,384,384,3
6c00dd8bf708,0,train,0.7999501133786848,1.0,384,384,3
6c250a30593b,4,train,0.8367965483565782,0.972682119205298,384,384,3
6c2555a9cae4,2,train,0.8371479880672628,0.9718543046357616,384,384,3
6c30dd481717,0,train,0.47767596138931645,0.654054956986553,384,384,3
6c315ad3d07f,2,test,0.9924055989583334,1.0,384,384,3
6c3589d7ed8d,0,train,0.8059328798185941,1.0,384,384,3
6c3745a222da,4,validation,0.7955156462585034,1.0,384,384,3
6c4ec95dd8ba,0,train,0.9087873946382534,1.0,384,384,3
6c6505a0c637,0,train,0.4748706817626953,0.6496016184488932,384,384,3
6c6efb6b1358,1,train,0.7222021967497485,0.8612421455747946,384,384,3
6c9c902a97de,0,train,0.8004489795918367,1.0,384,384,3
6cb96a6fb029,0,train,0.4738788604736328,0.6486930847167969,384,384,3
6cbc3dad809c,2,train,0.7479894825963814,0.8756218905472637,384,384,3
6ccfdb031184,0,test,0.8000401697470101,0.9645909645909646,384,384,3
6cd606dc52e9,4,train,0.7202293374245347,0.8590081544524568,384,384,3
6cdd0f985270,1,validation,0.7191377262650931,0.85816408215244,384,384,3
6cee2e148520,0,train,1.0,1.0,384,384,3
6cfb7b44ef6f,4,train,0.7186545668151724,0.8486984815618221,384,384,3
6cffc6c6851a,0,train,0.4774333520261859,0.6529154884203744,384,384,3
6d0c0531083f,3,train,0.836632749794,0.9714403973509934,384,384,3
6d10709053ae,0,train,0.7970766439909297,1.0,384,384,3
6d259b5b4c76,4,train,0.7542241550777451,0.926379174429617,384,384,3
6d292ca4c9ad,1,train,0.8354270302438429,0.9714403973509934,384,384,3
6d3d1fe6c32a,2,validation,0.835550057985168,0.9701986754966887,384,384,3
6d454444f17c,2,test,0.8360118888668477,0.9718543046357616,384,384,3
6d4f6c9a8406,0,train,0.8043446712018141,1.0,384,384,3
6d5a8362dd1e,0,validation,0.9097687843476531,1.0,384,384,3
6d6be4cfc73f,0,test,0.7997877551020408,1.0,384,384,3
6d6fcf49e515,0,train,0.8011555555555555,1.0,384,384,3
6d7d26025122,4,train,0.7580535857987734,0.9245240497875035,384,384,3
6d9effbcde78,0,train,0.9098532474072998,1.0,384,384,3
6daef3e5ca22,4,train,0.7171179045482372,0.8481561822125814,384,384,3
6dc0281f11e3,0,validation,0.8024426303854876,1.0,384,384,3
6dc07f968794,0,test,0.8029650793650793,1.0,384,384,3
6dcde47060f9,2,train,0.7487652444705313,0.8759328358208955,384,384,3
6de39b94f634,0,validation,0.4769570032755534,0.6523303985595703,384,384,3
6df8b7b6e837,0,train,0.9090074327492489,1.0,384,384,3
6dfd80748e72,2,train,0.8352887432477798,0.9710264900662252,384,384,3
6e018411ba4a,0,train,0.9100888756624824,1.0,384,384,3
6e092b306fe1,2,train,0.909020457426671,1.0,384,384,3
6e092caa065f,0,train,0.8027827664399093,1.0,384,384,3
6e0f78e188ff,0,train,0.999788052976494,1.0,384,384,3
6e1db8711879,0,train,0.4763266245524089,0.6509644190470377,384,384,3
6e3526053de0,0,train,0.7999148878627707,0.9645909645909646,384,384,3
6e44f6d04fc9,0,train,0.8041487528344671,1.0,384,384,3
6e68e742f5bc,2,test,0.7484267857808337,0.8756218905472637,384,384,3
6e73acb2cf60,4,train,0.8356351760155034,0.9714403973509934,384,384,3
6e861bc3bd7b,0,validation,0.4778251064896016,0.654054956986553,384,384,3
6e92b1c5ac8e,3,train,0.7468542994298172,0.8754664179104478,384,384,3
6ea07d19b4ce,1,train,0.7489448823299234,0.8765547263681592,384,384,3
6efa36d59ada,3,train,0.9093549548241037,1.0,384,384,3
6f0463c1ff18,2,train,0.7485193706094994,0.8762437810945274,384,384,3
6f0e5848d9ce,0,train,0.8018240362811792,1.0,384,384,3
6f3b62e5b7f5,0,train,0.8001157365978213,0.9645909645909646,384,384,3
6f460f9968c7,0,train,0.8003691609977325,1.0,384,384,3
6f4719c6bb4b,4,validation,0.907716410935677,1.0,384,384,3
6f4e0538d1e4,2,train,0.835832354197821,0.9714403973509934,384,384,3
6f689fced922,0,test,0.8022240362811791,1.0,384,384,3
6f923b60934b,4,train,0.8361451689199499,0.9689569536423841,384,384,3
6fb656d506b2,3,train,0.7549565791802689,0.9209406232379396,384,384,3
6fbaaf8eb67a,0,train,0.8001356226111926,0.9645909645909646,384,384,3
6fe4751a3b42,0,train,0.8015854875283447,1.0,384,384,3
6fe67482bfae,4,train,0.7472291515270092,0.8771766169154229,384,384,3
6fe67fd7f5d1,0,train,0.7995301587301588,1.0,384,384,3
702de9dcde32,4,train,0.8361673425244911,0.9714403973509934,384,384,3
705f508d1e42,0,train,0.8002739229024943,1.0,384,384,3
709784f7fcc2,2,train,0.7183736858308593,0.8486984815618221,384,384,3
70d0392397de,0,test,0.9090731481671516,1.0,384,384,3
70d657f8f503,4,train,0.7998648526077098,1.0,384,384,3
70ed3ec68b94,2,validation,0.8360984374523148,0.9714403973509934,384,384,3
70f5caf5f305,2,train,0.8006857142857143,1.0,384,384,3
7102f29e052e,2,train,0.7540811373535836,0.9167070020747834,384,384,3
710b05a96e0f,4,train,0.7245991393541422,0.8729387865797418,384,384,3
7116128c65ab,1,test,0.7187837278347305,0.8481561822125814,384,384,3
711d1480d2e3,2,test,0.8351630928220466,0.9710264900662252,384,384,3
7131bf4c9e6f,0,test,0.8000103407269531,0.9645909645909646,384,384,3
7179f85bfd6f,0,train,0.800111759395147,0.9645909645909646,384,384,3
71a39c660432,3,test,0.748502338494792,0.8762437810945274,384,384,3
71c1a3cdbe47,1,validation,0.8359088888973663,0.9714403973509934,384,384,3
71c22da3d6c6,0,validation,0.4769032796223958,0.6523303985595703,384,384,3
71e4130bf5c8,2,train,0.7474284418264483,0.8753109452736318,384,384,3
71e43b4f8ba6,0,test,0.8010848072562359,1.0,384,384,3
71f6a6e4620a,1,train,0.8355400440992462,0.9710264900662252,384,384,3
720b5f62ce80,0,train,0.4750407536824544,0.6500558853149414,384,384,3
721214151233,0,train,0.802453514739229,1.0,384,384,3
7214fc7cbe03,0,train,0.4751596450805664,0.6505101521809896,384,384,3
7247a2c97f71,2,test,0.7488943682803212,0.8765547263681592,384,384,3
72595230840c,3,validation,0.9107079425272294,1.0,384,384,3
72606afaf3da,0,train,0.4758065541585286,0.6505101521809896,384,384,3
7269a1d84a57,0,train,0.4751911163330078,0.6505107879638672,384,384,3
726dff37edc0,0,train,0.7999825003082333,0.9645909645909646,384,384,3
7270367410a1,4,train,0.7493443363705815,0.8762437810945274,384,384,3
72a867980067,0,train,0.7998532412213194,0.9645909645909646,384,384,3
72c31aa48e2c,0,train,0.804009977324263,1.0,384,384,3
72d98188648f,4,train,0.7537459466906565,0.919082989512946,384,384,3
731b19a460ad,2,test,0.8363068216498306,0.9681291390728477,384,384,3
7335a2d43ada,1,train,0.7214137244780312,0.8600109202058528,384,384,3
7347bd23ba80,0,train,0.8054938775510204,1.0,384,384,3
7347f5133a6a,1,train,0.8368792821283608,0.9681291390728477,384,384,3
7350c50667c5,2,validation,0.836852340006714,0.9722682119205298,384,384,3
7356dd08b0ae,2,train,0.9921158854166666,1.0,384,384,3
735836b1ffa6,0,train,0.8354835371715446,0.9710264900662252,384,384,3
737ef6226677,0,validation,0.8077170068027211,1.0,384,384,3
73881f55a3ec,1,train,0.837317747276223,0.9722682119205298,384,384,3
73a07e2ea23e,0,test,0.47770976761204775,0.6517760198541958,384,384,3
73ba798fee25,0,train,0.8051455782312925,1.0,384,384,3
73d40ce06a67,0,train,0.8000181405895692,1.0,384,384,3
73e83a07a16d,2,train,0.90881620680346,1.0,384,384,3
73ef3c3dcbe4,0,test,0.9999881593841616,1.0,384,384,3
74211a2b6dcf,0,validation,0.9096182111829091,1.0,384,384,3
7427dedafccf,1,train,0.7192137156999413,0.8570808232800184,384,384,3
7435e9a3e36e,0,train,1.0,1.0,384,384,3
74418f620068,2,train,0.7471543266812007,0.8753109452736318,384,384,3
7455e2b5fc57,2,train,0.7540568448693361,0.9176491626962331,384,384,3
74898f372d2b,0,test,0.9999769107991152,1.0,384,384,3
74eee788edee,3,train,0.8361105971709342,0.9681291390728477,384,384,3
750e0168399d,0,train,0.4770609537760417,0.6523303985595703,384,384,3
75238d945315,0,train,0.8022965986394558,1.0,384,384,3
7526c59c36d3,0,train,0.8010031746031746,1.0,384,384,3
7526cf435753,0,train,0.8000083521256159,0.9645909645909646,384,384,3
75369248dba0,0,train,0.8032480725623583,1.0,384,384,3
753b14c27c83,4,train,0.8355011806848354,0.9722682119205298,384,384,3
7550966ef777,2,validation,0.7472873081921851,0.8754664179104478,384,384,3
7569ac24762e,0,test,0.4754648208618164,0.6500558853149414,384,384,3
756b0d6488bb,1,test,0.8358240092928861,0.9714403973509934,384,384,3
757572337fd0,2,train,0.7488739879721243,0.8771766169154229,384,384,3
757e39293591,0,test,0.8000018140589569,1.0,384,384,3
75a071608ea6,0,train,0.8016544217687075,1.0,384,384,3
75a4343b12f9,0,train,0.8353419122135075,0.9710264900662252,384,384,3
75a7bc945b7d,2,validation,0.8353252224036378,0.9706125827814569,384,384,3
75c180e04f65,0,test,0.8023065759637188,1.0,384,384,3
75ed83dbccce,0,train,0.8029678004535148,1.0,384,384,3
76095c338728,0,train,0.8013596371882086,1.0,384,384,3
760b6f4c6d82,2,train,0.8364179280983917,0.9714403973509934,384,384,3
762d6e5d5068,3,train,0.8364236503189184,0.9718543046357616,384,384,3
7635921c5efb,0,train,0.4764986038208008,0.6514205932617188,384,384,3
763ad1236efe,0,train,0.8012399092970521,1.0,384,384,3
76516f828d88,0,train,0.8042267573696145,1.0,384,384,3
7663aba8d762,2,test,0.8372376361888485,0.9718543046357616,384,384,3
767d777ee889,0,validation,0.4779520034790039,0.6541519165039062,384,384,3
76b950c6ed5e,0,validation,0.47648779551188153,0.6523303985595703,384,384,3
76bc31e0d3be,0,train,0.47678375244140625,0.6518754959106445,384,384,3
76be29bb30b2,1,test,0.8357260162663656,0.9693708609271523,384,384,3
76c0c7e1b6cb,2,test,0.8365645599993896,0.9718543046357616,384,384,3
76cab26493f1,0,train,0.7996563696889429,0.9633699633699634,384,384,3
76cb010f7aa0,0,train,0.4768412907918294,0.6523303985595703,384,384,3
76df141d966b,0,train,0.4772316614786784,0.6518745422363281,384,384,3
76e589911303,1,train,0.8370378353221228,0.9697847682119205,384,384,3
76e5b50f95a7,0,test,0.8014213151927437,1.0,384,384,3
76e6a9238570,2,validation,0.7491959968416345,0.8756218905472637,384,384,3
76f3473df8a6,0,train,0.4767936070760091,0.6518745422363281,384,384,3
76fe19ff64fb,2,test,0.7488522975012577,0.8765547263681592,384,384,3
772af553b8b7,3,train,0.5491038440988564,0.685346113839438,384,384,3
7743f4e04a6d,2,train,0.7479426078875286,0.8756218905472637,384,384,3
77543f66a84a,2,train,0.9922428385416666,1.0,384,384,3
77a1f1398fdb,0,validation,0.9996013659334431,1.0,384,384,3
77ab222bf85c,0,test,0.4787478175100325,0.6551964141540689,384,384,3
77acc2cafee1,0,test,0.803318820861678,1.0,384,384,3
77b7b71ebcc3,0,train,0.8010866213151927,1.0,384,384,3
77baa08a1345,2,train,0.9069690707326815,1.0,384,384,3
77e15f213b04,0,validation,0.47720686594645184,0.6523310343424479,384,384,3
77e7c7a160c8,2,test,0.8004063492063492,1.0,384,384,3
77f69c7ff324,2,train,0.9166057532762985,1.0,384,384,3
780be525036d,0,train,0.8017024943310658,1.0,384,384,3
780f9c237c56,0,train,0.8167356009070295,1.0,384,384,3
780f9daaa24b,0,train,0.8018539682539683,1.0,384,384,3
7828dd083cdc,0,train,0.802520634920635,1.0,384,384,3
7831ce1d895e,0,train,0.8079328798185941,1.0,384,384,3
784d6d302f98,0,train,0.8010802721088436,1.0,384,384,3
785777558f05,4,test,0.9109897491841815,1.0,384,384,3
7877be80901c,2,train,0.747837067005795,0.8753109452736318,384,384,3
788ddb0b70b7,3,train,0.9089951974462159,1.0,384,384,3
78937523f7a8,0,test,0.4778290836922759,0.6529134998190372,384,384,3
789434d095d1,4,train,0.7483483215942758,0.8759328358208955,384,384,3
789c60cba801,0,test,0.4780060692112809,0.654054956986553,384,384,3
789f0ec1eab8,0,train,0.8040879818594104,1.0,384,384,3
78a577c3e0bf,2,train,0.908102809699201,1.0,384,384,3
78b3f819dcc5,4,train,0.9088868558112954,1.0,384,384,3
78bcdffb8785,1,train,0.7177712292944269,0.8481561822125814,384,384,3
78d53c82a23e,2,train,0.9921321614583334,1.0,384,384,3
79059d0592c4,2,validation,0.7496656173719418,0.8768656716417911,384,384,3
79540be95177,2,train,0.7478558460040621,0.8756218905472637,384,384,3
799214e8b07c,0,train,0.8018839002267574,1.0,384,384,3
799cb4c816ae,2,train,0.8378091429639576,0.9718543046357616,384,384,3
79ade634c633,0,train,0.47439225514729816,0.6491473515828451,384,384,3
79be2ff796bf,2,train,0.7490726959770436,0.8762437810945274,384,384,3
79cbae28d8b2,0,train,0.8017351473922902,1.0,384,384,3
79d44db3da2d,4,train,0.7226475701723126,0.8639343660908938,384,384,3
7a06ea127e02,0,train,0.8023201814058957,1.0,384,384,3
7a0cff4c24b2,2,validation,0.7492666000521736,0.8756218905472637,384,384,3
7a12f49e29df,0,train,0.9082731172236755,1.0,384,384,3
7a238a1d3cf3,4,train,0.8362555600909451,0.9714403973509934,384,384,3
7a39c91416e2,0,train,0.8032226757369615,1.0,384,384,3
7a3ea1779b13,1,train,0.8358490440076907,0.9706125827814569,384,384,3
7a42443ed106,0,train,0.8002630385487528,1.0,384,384,3
7a46cfa69bae,0,validation,0.8025913832199546,1.0,384,384,3
7a6495a39d87,0,test,0.9553524854854636,1.0,384,384,3
7a6e384a0846,3,train,0.9089780285532504,1.0,384,384,3
7a77c3eb468c,0,validation,0.8084816326530613,1.0,384,384,3
7a9f45fdf29b,0,train,0.8034022675736961,1.0,384,384,3
7aabd768abff,0,train,0.9163681515851427,1.0,384,384,3
7ad0c4975890,0,validation,0.8350395882290109,0.9710264900662252,384,384,3
7adfb8fc0621,0,train,0.8008544217687075,1.0,384,384,3
7ae69d22075a,1,test,0.8021269841269841,1.0,384,384,3
7af4d8704032,0,train,0.8035274376417234,1.0,384,384,3
7b20210d9120,1,train,0.836279164250618,0.9710264900662252,384,384,3
7b211d8bd249,4,train,0.75683097814087,0.9273907910271547,384,384,3
7b29e3783919,3,train,0.9045117482590348,1.0,384,384,3
7b49041cbf17,3,validation,0.9394352499869754,1.0,384,384,3
7b691d9ced34,0,train,0.8353438196203498,0.9714403973509934,384,384,3
7b87b0015282,0,train,0.8034267573696146,1.0,384,384,3
7b8c78b41c0d,2,train,0.9458366815963676,1.0,384,384,3
7b9d519cbd66,0,validation,0.9109171267403732,1.0,384,384,3
7ba6b23c4b46,0,train,0.7999884661122446,0.9645909645909646,384,384,3
7bc00e58d419,0,train,0.8017650793650793,1.0,384,384,3
7bc2e0fa3f72,2,train,0.9085340054593133,1.0,384,384,3
7bc4dd99eee5,4,train,0.7190197297396445,0.8571608250880429,384,384,3
7bda86d95c5b,2,test,0.7467100359625095,0.8765547263681592,384,384,3
7be1b9aa78aa,0,train,0.8045832199546485,1.0,384,384,3
7c2e852171c0,0,train,0.8018503401360544,1.0,384,384,3
7c2f820a6425,2,train,0.8356463820307016,0.9714403973509934,384,384,3
7c3747c0b2c3,0,train,0.4763307571411133,0.6523310343424479,384,384,3
7c52fe73e748,2,train,0.7385724734042554,0.8710106382978723,384,384,3
7c629b491d1a,4,validation,0.7483496317569456,0.8759328358208955,384,384,3
7c6594b50690,0,train,0.8048607709750567,1.0,384,384,3
7c90ab025331,4,train,0.7487058504295004,0.8762437810945274,384,384,3
7cc4b7aabe04,4,train,0.835617055650502,0.9714403973509934,384,384,3
7ccb267fd394,1,train,0.8363032452620014,0.9718543046357616,384,384,3
7ccf9d25dc48,0,test,0.802021768707483,1.0,384,384,3
7ce671f952be,0,train,0.8053133786848072,1.0,384,384,3
7d0a871c45db,0,train,0.8025995464852608,1.0,384,384,3
7d11dbc1e738,0,train,0.4772316614786784,0.6523303985595703,384,384,3
7d1b40fdbd86,2,train,0.799968253968254,1.0,384,384,3
7d1da90d3ca9,2,train,0.9272143530366443,1.0,384,384,3
7d261f986bef,2,train,0.7471228827771256,0.8754664179104478,384,384,3
7d37a2939f12,2,test,0.7478529345314625,0.8768656716417911,384,384,3
7d3835e4e63a,3,validation,0.7481549998136657,0.8753109452736318,384,384,3
7d48f8cdfb69,0,test,0.4775571823120117,0.6532402038574219,384,384,3
7d626a7ffe76,4,train,0.8358285393841365,0.9714403973509934,384,384,3
7d8f67cadc29,2,train,0.7495813302401848,0.8765547263681592,384,384,3
7d94a000c2d0,0,train,0.804615873015873,1.0,384,384,3
7da558d92100,0,train,0.4770018255360275,0.6517760198541958,384,384,3
7ddcfcea7369,0,train,0.47674814860026044,0.6523310343424479,384,384,3
7dee6bf8b9c1,2,train,0.836523312326426,0.9714403973509934,384,384,3
7e0598cc88a0,4,train,0.8364660901211585,0.9714403973509934,384,384,3
7e160c8b611e,3,train,0.7481647532468743,0.8756218905472637,384,384,3
7e4019ac7f5a,4,test,0.7501800745802821,0.8774875621890548,384,384,3
7e5a76c4e103,0,train,0.47653039296468097,0.6518754959106445,384,384,3
7e6e90a93aa5,2,train,0.7475642620232172,0.8753109452736318,384,384,3
7e70344b0c25,0,test,0.4773448308308919,0.6527862548828125,384,384,3
7e77b61e1639,0,train,0.7998757369614512,1.0,384,384,3
7e9081e95bf6,0,validation,0.803122902494331,1.0,384,384,3
7e9458de5707,2,train,0.8354842524491104,0.9714403973509934,384,384,3
7e980424868e,0,train,0.8034013605442177,1.0,384,384,3
7ea756985353,1,train,0.83547972235786,0.9706125827814569,384,384,3
7ec0e61a7e29,0,train,0.805740589569161,1.0,384,384,3
7ec1ffe8220b,2,train,0.7478858341718374,0.8756218905472637,384,384,3
7ed4128b2a4e,0,train,0.8023945578231293,1.0,384,384,3
7ee6de71c140,0,train,0.8040480725623583,1.0,384,384,3
7eeb191ad06b,0,train,0.8015836734693877,1.0,384,384,3
7eee3d1f1268,0,validation,0.9246842107755919,1.0,384,384,3
7ef5ff774a48,1,train,0.7998214235999253,0.9633699633699634,384,384,3
7efc91af4ae6,4,train,0.9378697876152088,1.0,384,384,3
7f0ffeb0a333,0,train,0.999081760241738,1.0,384,384,3
7f1f3269f546,0,train,0.8029333333333334,1.0,384,384,3
7f2123bc89a3,0,train,0.47778533446285887,0.6529134998190372,384,384,3
7f2cce721e19,0,train,0.8007845804988662,1.0,384,384,3
7f39c36469b5,0,train,0.801677097505669,1.0,384,384,3
7f43becd3e83,0,test,0.7999924433149189,0.9645909645909646,384,384,3
7f60f2a083d3,1,test,0.8362522221289712,0.9714403973509934,384,384,3
7f6690fa390a,0,validation,0.47487672170003253,0.6496016184488932,384,384,3
7f6ce40f306b,2,test,0.738153590425532,0.870345744680851,384,384,3
7f84284598f5,2,train,0.9078922440808761,1.0,384,384,3
7fc3a8bb40de,0,test,0.8031120181405895,1.0,384,384,3
7fdb177b8f7d,0,train,0.8012916099773243,1.0,384,384,3
7fe7309d0b4f,0,train,0.8004698412698412,1.0,384,384,3
8000a6b97a84,2,train,0.7199920342109676,0.8593160426798592,384,384,3
8010c931321f,0,validation,0.8013378684807256,1.0,384,384,3
803120c5d287,2,validation,0.7564962436748301,0.9216573085478523,384,384,3
807135cbc438,2,validation,0.9073231051462474,1.0,384,384,3
80a02014b418,1,train,0.5492915941954846,0.690960143691881,384,384,3
80b5697f2a5e,0,test,0.8033687074829932,1.0,384,384,3
80b5a9519aec,2,train,0.9077298303002939,1.0,384,384,3
80c67efc8101,0,validation,0.8008798185941043,1.0,384,384,3
80ca40196225,3,validation,0.903429515971412,1.0,384,384,3
80d24897669f,1,train,0.8365223586230048,0.9714403973509934,384,384,3
80dbeb0fdc75,0,train,0.8022557823129252,1.0,384,384,3
80e6e425f966,0,test,0.8030947845804989,1.0,384,384,3
80e7cc0a0649,3,train,0.9055673391610213,1.0,384,384,3
80ed04a84a16,0,train,0.47498925526936847,0.6505107879638672,384,384,3
80f6b30ece8c,0,train,0.47599061330159503,0.6514205932617188,384,384,3
80feb1f7ca5e,2,train,0.7481547086664058,0.8753109452736318,384,384,3
810d3779abd9,3,train,0.99220703125,1.0,384,384,3
810ed108f5b7,0,validation,0.47757816314697266,0.6523291269938151,384,384,3
8114d6a160df,1,validation,0.71985626860431,0.858779694836911,384,384,3
812d5adafaf2,2,train,0.8362441156498917,0.9718543046357616,384,384,3
81371b0c01ad,0,validation,0.47763618936257374,0.6529154884203744,384,384,3
81704925f759,0,train,0.47729969024658203,0.6527853012084961,384,384,3
8185ce1cdcef,0,validation,0.8059891156462585,1.0,384,384,3
81914ceb4e74,0,test,0.8020063492063492,1.0,384,384,3
8191ae701985,0,test,0.9103339764103358,1.0,384,384,3
81bc03e2ff2b,2,train,0.7481682470139936,0.8756218905472637,384,384,3
81d79d53ed7b,0,train,0.9999656622140689,1.0,384,384,3
8201cab8322d,3,test,0.9918619791666666,1.0,384,384,3
82088c6734e6,0,train,0.8020126984126984,1.0,384,384,3
821789e9053f,1,train,0.8033115646258503,1.0,384,384,3
8241e43408a8,0,train,0.8052399092970521,1.0,384,384,3
8273fdb4405e,1,test,0.836296092486343,0.9714403973509934,384,384,3
82910bba4753,2,train,1.0,1.0,384,384,3
82ac8463fadd,1,validation,0.8023274376417233,1.0,384,384,3
82bb8a01935f,4,test,0.7204001498826095,0.8596239309072614,384,384,3
82d364726a58,0,validation,0.9996307701294416,1.0,384,384,3
82deb07a6618,2,train,0.7486559186744182,0.8756218905472637,384,384,3
82e5bc01f8a4,0,train,0.8007990929705215,1.0,384,384,3
82f2784ead76,2,train,0.7472553547804051,0.8762437810945274,384,384,3
83038ca49b6d,0,train,0.8023882086167801,1.0,384,384,3
830e297965a1,0,test,0.4771003723144531,0.6523303985595703,384,384,3
8329e80c10ac,0,train,0.8041578231292517,1.0,384,384,3
8344c783da65,0,validation,0.8022140589569161,1.0,384,384,3
83517eaeccb9,0,validation,0.7961541950113379,1.0,384,384,3
835b9f6e12ba,0,train,0.8052725623582766,1.0,384,384,3
837acf120946,0,test,0.7999467054841648,0.9633699633699634,384,384,3
838b3e4d0bb4,0,train,0.9124568014865498,1.0,384,384,3
838c87c63422,4,train,0.8365357104709006,0.9722682119205298,384,384,3
83a63c4a3e4a,0,train,0.8013269841269841,1.0,384,384,3
83b61051737f,2,train,0.7484968066968528,0.8765547263681592,384,384,3
83d6e40c869f,2,train,0.7181932142692848,0.8486984815618221,384,384,3
83d81ba5959c,0,train,0.47644519805908203,0.6514199574788412,384,384,3
83df53d58f28,0,train,0.8050820861678004,1.0,384,384,3
83e529e95b0e,1,train,0.8356413750877407,0.9681291390728477,384,384,3
83fda7c0500b,0,train,0.9823718884835013,1.0,384,384,3
840527bc6628,2,train,0.7476957150110869,0.8756218905472637,384,384,3
840a06a9c690,0,train,0.8007945578231292,1.0,384,384,3
8421107255ae,2,validation,0.7484043674418172,0.8768656716417911,384,384,3
842d697884f6,2,train,0.8037396825396825,1.0,384,384,3
8433a032b96c,0,validation,0.47749169667561847,0.6523303985595703,384,384,3
8448af27ba07,0,test,0.7982331065759637,1.0,384,384,3
847b04287c9c,0,train,0.8035410430839002,1.0,384,384,3
848e66b9e199,0,train,0.9088369278811771,1.0,384,384,3
849a91e9ab28,1,train,0.8368735599078341,0.9718543046357616,384,384,3
84a72e15b23c,1,train,0.8358330694753868,0.9714403973509934,384,384,3
84b472c49cfa,0,train,0.7999128992614335,0.9633699633699634,384,384,3
84b4da14bc23,0,train,0.8025414965986395,1.0,384,384,3
84b79243e430,0,train,0.8025959183673469,1.0,384,384,3
84b88e8d3bca,0,test,0.8000083521256159,0.9645909645909646,384,384,3
84c663f39632,4,train,0.7525419290559097,0.9178476083421988,384,384,3
84e8c62165b5,2,train,0.7478931128533363,0.8759328358208955,384,384,3
851e40a21f81,0,train,0.8031201814058957,1.0,384,384,3
8543a801dce0,2,train,0.7524777193440254,0.9210706393508136,384,384,3
855f0a5442b6,2,train,0.7545559242640175,0.9227323365127215,384,384,3
8564b7aa3c1a,0,train,0.8036308390022676,1.0,384,384,3
857230f64a2e,4,train,0.7186536821506548,0.8492407809110629,384,384,3
8596a24a14bd,4,validation,0.8357069421979431,0.9710264900662252,384,384,3
85cbb84ac8e0,4,train,0.8357021736808374,0.9706125827814569,384,384,3
85cc6d636898,2,train,0.8357889606921598,0.9714403973509934,384,384,3
85f99e7e4052,0,train,0.9091810951148777,1.0,384,384,3
85fce24084da,2,train,0.7492546630145155,0.8768656716417911,384,384,3
86410aa13b3e,0,train,0.8044281179138322,1.0,384,384,3
8650d32f4a9e,0,train,0.47792851375913264,0.6551964141540689,384,384,3
8660e1864665,0,validation,0.8039192743764172,1.0,384,384,3
86722fcd802c,2,train,0.8362662892544328,0.9718543046357616,384,384,3
8676427e4625,1,train,0.9783851531307378,1.0,384,384,3
8693ab1fd2be,0,train,0.7998731272346907,0.9633699633699634,384,384,3
869bbd3170cc,2,train,0.7472648170663536,0.8753109452736318,384,384,3
86d58f850a0c,0,train,0.8000540899563701,0.9645909645909646,384,384,3
86d6808f0609,3,train,0.8352839747306742,0.9706125827814569,384,384,3
86e7f98f73f1,2,train,0.7530831039092925,0.8837064676616916,384,384,3
86fbac86ed3e,2,validation,0.8357546273689993,0.9681291390728477,384,384,3
870f433e8f37,0,validation,0.8001832199546485,1.0,384,384,3
870fbe6eaa68,0,train,0.8033632653061225,1.0,384,384,3
8714d17bb6da,1,test,0.7173682646066959,0.8481561822125814,384,384,3
87295c5fa1cc,0,train,0.8003519274376417,1.0,384,384,3
873dcc0b468f,4,test,0.8360676805169835,0.9714403973509934,384,384,3
873fe0404d6e,2,test,0.7211602898865923,0.8597031138636173,384,384,3
874f8c1929f6,0,train,0.8052607709750567,1.0,384,384,3
875a2fc5fe23,4,validation,0.5501964182184026,0.6905821567423778,384,384,3
875d2ffcbf47,0,validation,0.8043537414965987,1.0,384,384,3
876deb29f000,0,train,0.47593116760253906,0.6509653727213541,384,384,3
876e1dd12d38,2,train,0.7489294515251458,0.8768656716417911,384,384,3
87774aafe068,4,train,0.8351416344950713,0.9714403973509934,384,384,3
8785b71238d8,4,train,0.9091724119965963,1.0,384,384,3
878e356c8fc9,0,train,0.8015800453514739,1.0,384,384,3
879744b9dc65,2,train,0.7479954511152105,0.8756218905472637,384,384,3
87a9f4d20f07,0,train,0.802225850340136,1.0,384,384,3
87b1938994b5,2,train,0.7495376581511916,0.8762437810945274,384,384,3
87b671c6d4c5,0,train,0.8058975056689343,1.0,384,384,3
87d46b1cc4e9,0,train,0.47376251220703125,0.6486930847167969,384,384,3
880edb2cdb69,0,train,0.8074965986394558,1.0,384,384,3
881ec6186e68,0,train,0.8044598639455782,1.0,384,384,3
882a71de424e,2,train,0.8361711573381756,0.9718543046357616,384,384,3
883c6a184f16,0,train,0.8025088435374149,1.0,384,384,3
883ddb650967,0,train,0.8019410430839002,1.0,384,384,3
8846b09384a4,0,train,0.9084507264612504,1.0,384,384,3
885fa5fc5da8,0,train,0.8029179138321996,1.0,384,384,3
8860c7b11530,2,train,0.7484296972534332,0.8759328358208955,384,384,3
8871e6a26596,2,train,0.7479175692231725,0.875,384,384,3
887c26fc0e1f,4,train,0.7483956330240185,0.8756218905472637,384,384,3
88e4399d207c,0,train,0.8013369614512472,1.0,384,384,3
88e5051f65bd,0,train,0.47642993927001953,0.6514186859130859,384,384,3
8906c9ed54a2,0,validation,0.47768497467041016,0.6536966959635416,384,384,3
891329021e12,0,validation,0.8028825396825396,1.0,384,384,3
891392c9683c,2,train,0.9085000623605768,1.0,384,384,3
894a37fc3738,0,train,0.47479883829752606,0.6505107879638672,384,384,3
8958a4d17b7e,3,train,0.8357181482131413,0.9714403973509934,384,384,3
895fe2bfc5b6,0,validation,0.477200190226237,0.6536979675292969,384,384,3
896ad584a841,0,train,0.8041287981859411,1.0,384,384,3
898f0bc8acfa,0,test,0.47659969329833984,0.6518754959106445,384,384,3
89b044cbaf85,2,test,0.8366308423871578,0.9718543046357616,384,384,3
89b725411cee,2,validation,0.8356528195287942,0.9714403973509934,384,384,3
89d2a7403a06,2,train,0.9080503163023178,1.0,384,384,3
89d9c071a56f,1,validation,0.8373849833674123,0.9722682119205298,384,384,3
89ed6a0dd53f,1,validation,0.836126571703238,0.9718543046357616,384,384,3
89ee1fa16f90,2,train,0.8382778881954406,0.9718543046357616,384,384,3
89fc080f7e83,2,test,0.7473737061415767,0.8753109452736318,384,384,3
8a01daa423f7,1,train,0.8354639862514115,0.9714403973509934,384,384,3
8a234d68b27e,3,train,0.902290251384168,1.0,384,384,3
8a25a080f28f,1,train,0.7189593337414586,0.8492407809110629,384,384,3
8a3eb86ae4bd,0,train,0.4770609537760417,0.6523303985595703,384,384,3
8a482c024fc2,0,train,0.8019746031746032,1.0,384,384,3
8a67f1efa315,2,validation,0.8361656735435041,0.9710264900662252,384,384,3
8a7765e785fb,0,train,0.4767932891845703,0.6518754959106445,384,384,3
8a81f62320d6,0,validation,0.8023746031746032,1.0,384,384,3
8a87dd2a784e,0,validation,0.47716091364299834,0.6517760198541958,384,384,3
8a8a251770cd,0,train,0.8039147392290249,1.0,384,384,3
8a9bef2fbd4e,3,train,0.8349668683431501,0.9706125827814569,384,384,3
8aa3c4681542,0,train,0.8025106575963719,1.0,384,384,3
8aab201c0691,2,test,0.718956679747906,0.8492407809110629,384,384,3
8ab3faa3701f,0,validation,0.4768555959065755,0.6514199574788412,384,384,3
8ab8d9b3ce3f,2,train,0.7500311527568152,0.878731343283582,384,384,3
8ac0c44bbf24,4,validation,0.8352377201147496,0.9710264900662252,384,384,3
8acdf12f412a,0,train,0.8022349206349206,1.0,384,384,3
8ae049175db6,4,train,0.9078884945525273,1.0,384,384,3
8af50c9d0a86,0,train,0.9221576862142838,1.0,384,384,3
8af6a4e5396f,4,train,0.8355336066011536,0.9681291390728477,384,384,3
8b079e79035f,0,validation,0.8014548752834467,1.0,384,384,3
8b26d3cd61e8,2,train,0.7471330365378165,0.8754664179104478,384,384,3
8b568d47a1fd,0,train,0.8031818594104309,1.0,384,384,3
8b58f9a338e8,0,train,0.47812538529150905,0.6529134998190372,384,384,3
8b76c3c5cb3e,3,train,1.0,1.0,384,384,3
8b8fe3fc8950,0,train,0.8001455656178783,0.9645909645909646,384,384,3
8bad12d70368,4,validation,0.9123981904381502,1.0,384,384,3
8bbd7835e9aa,1,train,0.8364994697408978,0.9714403973509934,384,384,3
8bc6716c2238,1,train,0.9111174304916382,1.0,384,384,3
8bdb891661a8,2,train,0.9181239175703688,1.0,384,384,3
8be6629a6039,0,validation,0.9933315625034536,1.0,384,384,3
8bed09514c3b,4,train,0.8370325899533066,0.9722682119205298,384,384,3
8bf05909e1e1,0,validation,0.8001278911564625,1.0,384,384,3
8bf2d925dc0c,0,train,0.803968253968254,1.0,384,384,3
8c0d05233238,3,train,0.9095023704912908,1.0,384,384,3
8c29a76fa08c,0,train,0.8051546485260771,1.0,384,384,3
8c2f0f04e1ed,1,train,0.8354787686544389,0.9710264900662252,384,384,3
8c4ceddeb1c6,0,validation,0.47637208302815753,0.6518754959106445,384,384,3
8c7c26c52a6c,4,train,0.8365400021362956,0.9722682119205298,384,384,3
8c84e96d9b01,0,train,0.8003185739342091,0.9645909645909646,384,384,3
8c87bd748996,2,train,0.7479185882385824,0.8756218905472637,384,384,3
8cb6b5b2f19c,2,train,0.747307470139937,0.875,384,384,3
8ceff4c4c860,0,validation,0.8039292517006803,1.0,384,384,3
8d13c46e7d75,0,test,0.8021614512471655,1.0,384,384,3
8d3d67661620,2,train,0.8364288956877346,0.9714403973509934,384,384,3
8d4d14a4ab07,0,train,0.8028816326530612,1.0,384,384,3
8d4ff745a409,0,train,0.8030258503401361,1.0,384,384,3
8d62ba9cb22a,2,validation,0.9099667199757504,1.0,384,384,3
8d8aca52c07b,4,train,0.9346980169336594,1.0,384,384,3
8d9516ea3587,0,train,0.8023573696145124,1.0,384,384,3
8dafa62f9322,0,test,0.8010167800453515,1.0,384,384,3
8db2ce991101,4,train,0.9092310230449959,1.0,384,384,3
8dba09a4e5ed,2,test,0.7539029924691018,0.9184981451034563,384,384,3
8dc22e65c06f,1,train,0.9087275995282699,1.0,384,384,3
8dfa629ca74e,2,train,0.7993768707482993,1.0,384,384,3
8dfff47b06b7,2,train,0.7510286232694207,0.8784203980099502,384,384,3
8e20b8fac7c3,2,train,0.7496673642555015,0.8771766169154229,384,384,3
8e2a3978c244,0,train,0.8027990929705215,1.0,384,384,3
8e3b79e1f1f7,2,validation,0.9330379625931264,1.0,384,384,3
8e4a354e3da2,0,test,0.47761980692545575,0.6532414754231771,384,384,3
8e63fc4ab532,2,train,0.7484273680753536,0.8759328358208955,384,384,3
8e67f2d7e0ee,0,train,0.8022167800453515,1.0,384,384,3
8e6df9eedcd8,0,train,0.9105135590838837,1.0,384,384,3
8e76054f0831,0,test,0.8021995464852608,1.0,384,384,3
8e7981855125,0,validation,0.9087339145233836,1.0,384,384,3
8ead17dfb6a6,0,train,0.47723388671875,0.6532402038574219,384,384,3
8ead8f37423c,0,train,0.8015990929705216,1.0,384,384,3
8eb3337a54e9,2,train,0.7492517515419159,0.8762437810945274,384,384,3
8ed586c43023,0,validation,0.801901133786848,1.0,384,384,3
8ee50c26fc13,0,train,0.4774969872689742,0.6529134998190372,384,384,3
8eeac97f02f0,4,validation,0.7227891496258175,0.8638561657565403,384,384,3
8f06ca4642bd,0,train,0.4778827759283785,0.654054956986553,384,384,3
8f10e41a2f02,0,train,0.8080299319727892,1.0,384,384,3
8f14bca04b47,0,validation,0.47740014394124347,0.6532414754231771,384,384,3
8f1e7433a95d,2,validation,0.757620769001969,0.923871574189475,384,384,3
8f2996b8d855,1,train,0.8360004444257942,0.9710264900662252,384,384,3
8f318a978844,4,test,0.7165972794796757,0.8476138828633406,384,384,3
8f9819752ca0,0,train,0.8016489795918368,1.0,384,384,3
8fbb2ca39911,0,train,0.7970920634920635,1.0,384,384,3
8fc09fecd22f,1,test,0.8359296319467757,0.9706125827814569,384,384,3
8fd7ad26e691,4,validation,0.7475267040266831,0.8753109452736318,384,384,3
8ff2733f6aef,2,test,0.7577282033689228,0.9245240497875035,384,384,3
8ff863f8874f,1,train,0.9975280741001527,1.0,384,384,3
8ffa608170d3,0,train,0.8001594858272383,0.9645909645909646,384,384,3
901a3552fe26,0,test,0.8025868480725623,1.0,384,384,3
902dc5a91a3f,0,validation,0.804019954648526,1.0,384,384,3
9033f1493da1,2,train,0.7494853972180296,0.8768656716417911,384,384,3
9039cbfcbb2f,0,train,0.7999367624774791,0.9645909645909646,384,384,3
9041eb43456e,2,train,0.7512474204352768,0.8790422885572139,384,384,3
904b03ad5594,0,test,0.9441087410583616,1.0,384,384,3
905cc86bf100,4,train,0.7507300517543369,0.8774875621890548,384,384,3
906d02fb822d,0,validation,0.8368957335123752,0.9718543046357616,384,384,3
907aaff827e5,2,train,0.7489684652579798,0.8759328358208955,384,384,3
9095d43fb132,0,train,0.9993685004886228,1.0,384,384,3
90960ddf4d14,0,train,0.47588380177815753,0.6509644190470377,384,384,3
90a786abe58e,0,train,0.8027845804988663,1.0,384,384,3
90a9a41eec6d,0,validation,0.7998751158360279,0.9645909645909646,384,384,3
90b8bf342032,3,test,0.8360433610797449,0.9718543046357616,384,384,3
90bde2ff8953,0,test,0.803201814058957,1.0,384,384,3
90c982cc2d96,1,train,0.8358540509506516,0.9714403973509934,384,384,3
910bfd38e2f5,3,test,0.748475844094136,0.8759328358208955,384,384,3
9122b31414d3,0,validation,0.8037678004535147,1.0,384,384,3
912fbe06407e,0,train,0.8042467120181406,1.0,384,384,3
913490237ad4,3,test,0.9101715626297534,1.0,384,384,3
913b1890ed1e,2,train,0.7414976265675368,0.8765547263681592,384,384,3
916915f01e17,0,train,0.8030521541950113,1.0,384,384,3
916ec976ff30,3,train,0.8356625949888608,0.9714403973509934,384,384,3
917f76f360b6,2,train,0.9138135387180244,1.0,384,384,3
91a88d3b0358,2,train,0.8367202520828882,0.9722682119205298,384,384,3
91b7a4179ecf,0,validation,0.799773697167834,0.9645909645909646,384,384,3
91cf56d3d1af,3,train,0.8357212477492599,0.9714403973509934,384,384,3
91e2c2890c9f,2,validation,0.9150893650746038,1.0,384,384,3
91e82fe4e434,0,train,0.8047473922902494,1.0,384,384,3
91e8af9ceee9,2,train,0.7482168686064061,0.8762437810945274,384,384,3
91f3c4c1e72b,0,train,0.9100223708701906,1.0,384,384,3
921433215353,2,test,0.7480350471425643,0.8768656716417911,384,384,3
922586d86cd8,0,train,0.8009741496598639,1.0,384,384,3
9232dc06cfdc,0,train,0.8026566893424036,1.0,384,384,3
92587e494d51,0,train,0.4770196278889974,0.6523303985595703,384,384,3
9274e75dc4d5,0,train,0.8046331065759638,1.0,384,384,3
9287e57326d0,0,train,0.4764464696248372,0.6518754959106445,384,384,3
92889b863ae6,0,train,1.0,1.0,384,384,3
929cd3867815,2,train,0.9414797296550592,1.0,384,384,3
92d8a7c8e718,2,train,1.0,1.0,384,384,3
92d9e9f08709,1,validation,0.5494363589341337,0.6902041697928745,384,384,3
92e3d608fd3c,0,train,0.8025315192743764,1.0,384,384,3
92f313287a29,2,train,0.8358201944792016,0.9714403973509934,384,384,3
92fcf50b3562,0,test,0.47764841715494794,0.653697649637858,384,384,3
930fee99213a,0,train,0.8022095238095238,1.0,384,384,3
932181b93b2f,2,train,0.8353710001678518,0.9710264900662252,384,384,3
934104859e68,0,train,0.8020925170068027,1.0,384,384,3
93421787f520,0,train,0.800271201814059,1.0,384,384,3
936299166bea,0,train,0.4781273738928462,0.654054956986553,384,384,3
937bc1b924b1,0,train,0.80499410430839,1.0,384,384,3
93802d1e3c41,0,validation,0.801881179138322,1.0,384,384,3
93a1b984de84,0,train,0.8026848072562358,1.0,384,384,3
93be637084a2,1,test,0.8363578447828608,0.9697847682119205,384,384,3
93d6d20a5ee3,0,train,0.800897052154195,1.0,384,384,3
94076a9fb9b5,0,train,0.8014086167800454,1.0,384,384,3
94111ed3d276,1,train,0.7181087288078615,0.8486984815618221,384,384,3
94145d1f42cf,0,validation,0.4770332972208659,0.6518754959106445,384,384,3
941d874c8afb,0,train,0.8028662131519274,1.0,384,384,3
942f544c4e15,0,train,0.8025133786848072,1.0,384,384,3
944a233fbf8e,1,train,0.8358430833613086,0.9718543046357616,384,384,3
946545473380,0,validation,0.8020707482993197,1.0,384,384,3
949710bead24,0,train,0.8035011337868481,1.0,384,384,3
94a67ec0714f,2,train,0.8358302083651235,0.9677152317880795,384,384,3
94b9ccc73bb9,0,train,0.4782785075944685,0.6551964141540689,384,384,3
94dcb491143f,2,test,0.7532257681899385,0.9199962956812753,384,384,3
94ef1d14597f,4,train,0.754479283186955,0.9245880314009441,384,384,3
94f9ecf4b8d2,0,train,0.7998830702413764,0.9633699633699634,384,384,3
9519a590985d,0,test,0.8047755102040817,1.0,384,384,3
956765d5f46d,0,validation,0.8002330640767122,0.9645909645909646,384,384,3
9568eb7e9c08,2,train,0.9093981730719136,1.0,384,384,3
958c1fa044ba,0,train,0.8022575963718821,1.0,384,384,3
959bb2d01091,0,train,0.47827055318912,0.6551964141540689,384,384,3
959dc602febc,2,train,0.7491623693331098,0.8762437810945274,384,384,3
95a4cc805c7b,1,test,0.9079506577856785,1.0,384,384,3
95e732e043a1,4,train,0.7380492021276596,0.8710106382978723,384,384,3
962c0fc85e13,0,test,0.47790368398030597,0.6527853012084961,384,384,3
962cf85e4f6d,2,train,0.8363576063570055,0.9722682119205298,384,384,3
966c07831334,0,test,0.8012517006802721,1.0,384,384,3
96793edb1003,0,validation,0.8000282381389874,0.9645909645909646,384,384,3
9688c6ef5dc5,0,train,0.8016589569160998,1.0,384,384,3
969f92a390db,0,test,0.8049668934240363,1.0,384,384,3
96a9706b8534,1,train,0.7570659195378178,0.9273907910271547,384,384,3
96b5474ae604,0,test,0.8045197278911564,1.0,384,384,3
96c3e3db68bc,2,train,0.7540323242866449,0.9187905673082012,384,384,3
96c699221180,0,train,0.7997206349206349,1.0,384,384,3
96ce10a1dbd7,0,train,0.8010131519274376,1.0,384,384,3
96d48b073f18,2,test,0.7191482096159494,0.8492407809110629,384,384,3
96ea316ed0ab,0,train,0.47738562559409464,0.6517760198541958,384,384,3
971bb98ab935,0,test,0.47798419459657243,0.654054956986553,384,384,3
973b0facfa9b,0,train,0.8022848072562359,1.0,384,384,3
974c7d7b9c64,0,train,0.8041823129251701,1.0,384,384,3
975252e325e3,2,train,0.7580305478559659,0.9249462600066787,384,384,3
976082127e2a,0,test,0.8015619047619048,1.0,384,384,3
977e1ca77653,1,validation,0.8367021317178869,0.9722682119205298,384,384,3
9782c0489eca,1,train,0.8363661896877956,0.9714403973509934,384,384,3
9785805af1b8,2,test,0.9921614583333334,1.0,384,384,3
97a235367f9d,0,train,0.7999606256935247,0.9645909645909646,384,384,3
97a5ad7548b7,2,test,0.7533062869405429,0.9250733108397855,384,384,3
97bf61736b86,2,train,0.7503339459071683,0.8774875621890548,384,384,3
97c6cb55866d,0,train,0.9101697865373777,1.0,384,384,3
97d02a9b94f7,0,train,0.802235827664399,1.0,384,384,3
97da093947e8,4,train,0.74741679593605,0.8753109452736318,384,384,3
97f290d31813,0,train,0.9204016573704676,1.0,384,384,3
97fdee242fea,0,train,0.8001654516312496,0.9645909645909646,384,384,3
98277aeb96a7,0,train,0.47646522521972656,0.6514199574788412,384,384,3
9837048b85dc,2,train,0.7378038563829787,0.870345744680851,384,384,3
983c98354e9c,0,train,0.8016598639455782,1.0,384,384,3
98441214557f,0,train,0.8022249433106576,1.0,384,384,3
9858cc2ae073,0,train,0.47723929087320965,0.6518745422363281,384,384,3
9859e2a6cc24,4,test,0.801374149659864,1.0,384,384,3
9870ce41cac4,0,test,0.4759788513183594,0.6514205932617188,384,384,3
9878db94d9f3,3,train,0.5492644175022168,0.6856683263988359,384,384,3
98d41bce73a8,0,train,0.47698497772216797,0.6523303985595703,384,384,3
98e44127872f,0,train,0.8007573696145125,1.0,384,384,3
98f48850ebce,2,train,0.7579872091516745,0.9244598400756192,384,384,3
98fbe56dcc2c,1,train,0.8351118312631611,0.9714403973509934,384,384,3
9904939ab83d,2,train,0.7533381066734306,0.9250733108397855,384,384,3
9910c827e2fe,0,train,0.8043927437641724,1.0,384,384,3
99132193eaa0,1,validation,0.8365898331400494,0.9718543046357616,384,384,3
991a0b7a8c87,0,train,0.47748505566095145,0.6517760198541958,384,384,3
99240ee00485,0,train,0.8036390022675737,1.0,384,384,3
992599744a23,0,test,0.9092545069330753,1.0,384,384,3
992b9a07b25f,0,train,1.0,1.0,384,384,3
996f57c86ba5,3,train,0.7471857705852759,0.8754664179104478,384,384,3
996f9bba4ef0,0,train,0.8037024943310658,1.0,384,384,3
9985375d709f,0,train,0.7994820861678005,1.0,384,384,3
999115d9386b,2,train,0.7481255939404103,0.8753109452736318,384,384,3
999ad827ed35,0,train,0.8011283446712019,1.0,384,384,3
99c626e58464,0,train,0.47658634185791016,0.6518754959106445,384,384,3
99c6a123ed6a,0,train,0.8036562358276644,1.0,384,384,3
99e8bf998285,2,train,0.7483547268339948,0.8756218905472637,384,384,3
99ecdb41d5e7,1,validation,0.7531930360632764,0.9187245328087678,384,384,3
9a1029536d78,0,test,0.8028163265306122,1.0,384,384,3
9a159d4674cd,0,train,0.47810351067680057,0.654054956986553,384,384,3
9a28d4e8aef0,2,train,0.7475543630163788,0.8774875621890548,384,384,3
9a3109657ac1,1,train,0.8360621967223121,0.9718543046357616,384,384,3
9a326446c431,0,train,0.909939289215725,1.0,384,384,3
9a496b1e20f9,4,test,0.9093660060655528,1.0,384,384,3
9a4f370d341b,2,train,0.8366346572008423,0.9718543046357616,384,384,3
9a56cfb980ec,0,train,0.47717539469401044,0.6523291269938151,384,384,3
9a78c6a7b1c2,2,validation,0.8356113334299753,0.9718543046357616,384,384,3
9a7bd084395e,2,validation,0.9096444578813507,1.0,384,384,3
9a9b21215c55,2,train,0.9090319033553148,1.0,384,384,3
9ab18a4a957f,0,train,0.4763323465983073,0.6509644190470377,384,384,3
9ac2e3e9fca5,0,test,0.8073632653061225,1.0,384,384,3
9ac41b9a809e,0,train,0.8042068027210885,1.0,384,384,3
9ad92f1c1542,2,train,0.8360817476424451,0.9710264900662252,384,384,3
9ae54843c69a,0,train,0.9095112509531695,1.0,384,384,3
9b093fe95d6b,3,train,0.5493352900552486,0.6860463133483391,384,384,3
9b0eb9f41da4,2,validation,0.9083388326415782,1.0,384,384,3
9b32e8ef0ca0,2,train,0.8359637268440809,0.9685430463576159,384,384,3
9b418ce42c13,2,train,0.7387087765957446,0.8710106382978723,384,384,3
9b4fc15df3c8,0,test,0.47643507415494385,0.6517760198541958,384,384,3
9b57e43b44e7,0,train,0.9110398744578971,1.0,384,384,3
9b70f84400af,0,train,0.8001296568071813,0.9645909645909646,384,384,3
9b7b6e4db1d5,2,validation,0.7381875,0.8710106382978723,384,384,3
9b95d6203406,2,train,0.992119140625,1.0,384,384,3
9ba469af2980,0,train,0.9991774718864311,1.0,384,384,3
9bafbbd152d2,3,validation,0.9075279478002504,1.0,384,384,3
9bbb6c455913,0,train,0.802940589569161,1.0,384,384,3
9bd008aab548,0,test,0.8038303854875284,1.0,384,384,3
9be0683649ff,0,validation,0.4771525065104167,0.6523291269938151,384,384,3
9be71d6d7e59,0,train,0.7999328798185941,1.0,384,384,3
9c088d2d1559,2,test,0.994855647105443,1.0,384,384,3
9c14ce27cbfc,0,train,0.47690868377685547,0.6573419570922852,384,384,3
9c514d2d5b3f,0,train,0.8015201814058956,1.0,384,384,3
9c5dd3612f0c,2,test,0.7379800531914894,0.8710106382978723,384,384,3
9c6512166557,0,train,0.4775785199237968,0.6529134998190372,384,384,3
9c72ed6befa0,4,train,0.9094368524169855,1.0,384,384,3
9c893e16c055,0,train,0.8040272108843537,1.0,384,384,3
9cc6b1f9bcbd,4,train,0.9091465599853492,1.0,384,384,3
9ce46d400cd6,0,test,0.8024371882086168,1.0,384,384,3
9cedf5c7016b,2,train,0.9106560411611382,1.0,384,384,3
9cf7c1349673,0,train,0.7998612244897959,1.0,384,384,3
9d1feed37610,0,validation,0.8056489795918368,1.0,384,384,3
9d62478042b6,0,train,0.9101585379523313,1.0,384,384,3
9d74428188bb,2,train,0.7579321233775358,0.9247539730186913,384,384,3
9d75de31f1b8,0,validation,0.8043773242630385,1.0,384,384,3
9d98a0b585f2,2,test,0.8021024943310657,1.0,384,384,3
9d9bfefa809c,2,validation,0.7500202347345669,0.8781094527363185,384,384,3
9da74370835a,2,validation,0.835772986159856,0.9718543046357616,384,384,3
9dab2e6ba44b,2,train,0.9082235839807519,1.0,384,384,3
9de9421f17e3,0,test,0.8075800453514739,1.0,384,384,3
9df31421cdd2,2,validation,0.9111249295483358,1.0,384,384,3
9e2058917304,0,validation,0.8011836734693878,1.0,384,384,3
9e2a8135f471,0,train,0.8019410430839002,1.0,384,384,3
9e2ba2b979f1,0,train,0.47622044881184894,0.6527865727742513,384,384,3
9e5737f771c3,0,train,0.47670714060465497,0.6514199574788412,384,384,3
9e5ec293267c,2,train,0.7542062493499194,0.923090679167678,384,384,3
9e7a63b2fc6a,0,train,0.9092256947678686,1.0,384,384,3
9e99ae6ee7af,0,test,0.47656726837158203,0.6518745422363281,384,384,3
9eaac43744f5,2,test,0.7495960331768126,0.8771766169154229,384,384,3
9eaf735cf01f,1,train,0.835801835688345,0.9710264900662252,384,384,3
9ed666e982cd,1,train,0.8364806340983306,0.9722682119205298,384,384,3
9ed6c2b25767,0,validation,0.799260638022853,0.9645909645909646,384,384,3
9f1b14dfa14c,0,validation,0.4776322121598995,0.6517760198541958,384,384,3
9f1efb799b7b,2,train,0.7383490691489362,0.8710106382978723,384,384,3
9f285b3e57ed,0,train,0.802562358276644,1.0,384,384,3
9f37c98b8187,3,train,0.9082208211703896,1.0,384,384,3
9f436886e056,2,train,0.7989650793650793,1.0,384,384,3
9f5a8665cf2e,2,train,0.8348433637501145,0.9706125827814569,384,384,3
9f8112c710be,0,test,0.7962775510204082,1.0,384,384,3
9f935fb38440,0,train,0.4770634721774787,0.6517760198541958,384,384,3
9fa02dfb5553,0,train,0.8024553287981859,1.0,384,384,3
9faad91b6578,2,train,0.8346955397198401,0.9706125827814569,384,384,3
9fab29e69a6b,4,validation,0.7191955391676369,0.851409978308026,384,384,3
9fefe2b44795,3,train,0.7546063340200617,0.9233844699630845,384,384,3
a00b4cb250a7,1,test,0.8345977851191748,0.9706125827814569,384,384,3
a01024054596,1,train,0.8356606875820185,0.9710264900662252,384,384,3
a015ce4f51ad,2,train,0.7485532892652841,0.8756218905472637,384,384,3
a01c590c444f,2,train,0.8367846270638142,0.9718543046357616,384,384,3
a0267206d51e,2,test,0.8359255787072359,0.9718543046357616,384,384,3
a02dfd67a925,0,train,0.8000739759697414,0.9645909645909646,384,384,3
a0445785e2f7,0,train,0.477145512898763,0.6523303985595703,384,384,3
a04fb36db784,2,validation,0.8352963728751488,0.9714403973509934,384,384,3
a06a63d866b2,0,validation,0.803114739229025,1.0,384,384,3
a06b353e7bed,0,train,0.47717730204264325,0.653697649637858,384,384,3
a06e41bd2634,2,train,0.8361563749351482,0.9693708609271523,384,384,3
a06e5ac695ce,0,train,0.4756358464558919,0.6505101521809896,384,384,3
a07d571bf7ba,0,validation,0.7998651728293422,0.9645909645909646,384,384,3
a07d9a5045cb,0,test,0.8025451247165533,1.0,384,384,3
a07efb1ecfc0,0,validation,0.47889232635498047,0.6541519165039062,384,384,3
a08a0133754a,0,train,0.8063356009070295,1.0,384,384,3
a0a0cd8af5a6,2,train,0.7179848757754085,0.8476138828633406,384,384,3
a0adbe677508,0,train,0.803362358276644,1.0,384,384,3
a0b7ad98df57,0,train,0.8006485260770975,1.0,384,384,3
a0cd7bffdaa0,4,train,0.8012743764172335,1.0,384,384,3
a0d04a19cf40,2,train,0.7481229736150707,0.8762437810945274,384,384,3
a0e635689259,0,train,0.4777614712468133,0.6517760198541958,384,384,3
a0fd94e2ad76,0,train,0.8056399092970522,1.0,384,384,3
a11bf2edd470,4,train,0.9098459456941995,1.0,384,384,3
a11c62cb3f86,0,train,0.9096811637904495,1.0,384,384,3
a125377fb985,2,validation,0.7491039943074888,0.8765547263681592,384,384,3
a12ca80bb8c7,0,train,0.47622140248616535,0.6509653727213541,384,384,3
a14bbd9a583e,3,train,0.8360374004333628,0.9681291390728477,384,384,3
a14fcf84bfe1,3,train,0.7471864984534258,0.8774875621890548,384,384,3
a150ff5dfe07,2,train,0.7576627391155984,0.9241657071325471,384,384,3
a15470303941,2,train,0.8350417340617085,0.9710264900662252,384,384,3
a15590a7d774,2,train,0.7572790775333982,0.9227968883722713,384,384,3
a1822dd8d05d,0,test,0.8046993197278911,1.0,384,384,3
a182b5b191de,4,train,0.7508220542884827,0.8784203980099502,384,384,3
a1872f9c0cba,0,validation,0.4768657684326172,0.6527862548828125,384,384,3
a188c60b93fb,0,train,0.9999897381329401,1.0,384,384,3
a19ecd0a706e,1,test,0.8370788445692312,0.9722682119205298,384,384,3
a1b28bcbce00,0,train,0.7997697199651597,0.9633699633699634,384,384,3
a1e236fbc863,0,train,0.7997180163303942,0.9633699633699634,384,384,3
a1eb88562239,0,test,0.8013913832199546,1.0,384,384,3
a1edf0e66592,0,train,0.8009678004535148,1.0,384,384,3
a1faeb4d5f10,0,train,0.8024997732426303,1.0,384,384,3
a2163f0c2af5,0,train,0.8036308390022676,1.0,384,384,3
a21b37719f9b,2,train,0.8356037038026063,0.9714403973509934,384,384,3
a247961a5cd9,0,train,0.801114739229025,1.0,384,384,3
a2696f444ecb,1,train,0.8351299516281625,0.9710264900662252,384,384,3
a26f50218b84,0,train,0.7996643240942916,0.9633699633699634,384,384,3
a2811f512c1c,0,train,0.8025913832199546,1.0,384,384,3
a28bfb772f50,1,train,0.7191406899675505,0.8486984815618221,384,384,3
a2ad3da4c7d6,2,train,0.8360810323648793,0.9714403973509934,384,384,3
a2b97d98f130,0,validation,0.908326399994948,1.0,384,384,3
a2b995b81692,0,train,0.8035002267573697,1.0,384,384,3
a2d349f567a6,2,train,0.8044562358276643,1.0,384,384,3
a2ddabee14e9,4,train,0.8361427846613971,0.9718543046357616,384,384,3
a2dff8dbc9f8,0,train,0.4769134521484375,0.6518745422363281,384,384,3
a30a143a53a3,0,train,0.7982566893424037,1.0,384,384,3
a3132c8828e4,0,train,0.4766712188720703,0.6518754959106445,384,384,3
a32886cb31ab,1,train,0.8362259952848903,0.9718543046357616,384,384,3
a32b5ce3d48a,4,validation,0.835878131962035,0.9697847682119205,384,384,3
a3475dc3ac80,2,train,0.8359155648213141,0.9714403973509934,384,384,3
a34fc5376669,0,train,0.8032607709750567,1.0,384,384,3
a3706ce27869,2,train,0.8006675736961452,1.0,384,384,3
a3802934bad7,2,train,0.9921028645833333,1.0,384,384,3
a384e688e228,0,train,0.8021396825396825,1.0,384,384,3
a386ec9aabde,2,test,0.8356358912930693,0.9710264900662252,384,384,3
a3957df90a78,2,train,0.7485853154638791,0.8762437810945274,384,384,3
a3ad6c2db6f1,1,train,0.8355967894528031,0.9681291390728477,384,384,3
a3bd2e034614,0,test,0.9639676245988005,1.0,384,384,3
a3d2a0c4cd17,1,train,0.8361027291177099,0.9714403973509934,384,384,3
a3fcf42ff56d,4,validation,0.7533431248391906,0.9187905673082012,384,384,3
a419fcb2dfb5,0,train,0.4775506795050769,0.6517760198541958,384,384,3
a4359815f152,2,test,0.9086360320991201,1.0,384,384,3
a44345b27804,0,train,0.8006367346938775,1.0,384,384,3
a443c4fd489c,1,train,0.8047909297052154,1.0,384,384,3
a45c30da0c72,0,test,0.7998930132480621,0.9645909645909646,384,384,3
a45d77edf8d9,2,train,0.7568056592136261,0.9230260132589063,384,384,3
a476fd984005,2,train,0.7529728070159432,0.9254313113470765,384,384,3
a47878630dc2,2,train,0.9090877515933522,1.0,384,384,3
a484bdf85b4c,0,train,0.8023591836734694,1.0,384,384,3
a49b0b4484ea,2,train,0.9099010045578477,1.0,384,384,3
a4b8de38eac1,3,train,0.5494555424823228,0.6917161175908874,384,384,3
a4d41c495666,2,validation,0.9076729953442698,1.0,384,384,3
a4d4b69f7404,3,train,0.8352620395519883,0.9710264900662252,384,384,3
a4ee03ecff60,0,train,0.8052843537414967,1.0,384,384,3
a505981d1cab,2,train,0.7468061509517021,0.875,384,384,3
a528be013a04,0,test,0.7985278911564626,1.0,384,384,3
a53d6d2472a6,0,test,0.8022984126984127,1.0,384,384,3
a56729de89e9,2,test,0.8121750566893424,1.0,384,384,3
a5a2a7003d60,1,train,0.8363273262733848,0.9718543046357616,384,384,3
a5bb85afc6e8,0,train,0.8025260770975057,1.0,384,384,3
a5c9a8c726b2,4,train,0.7994848072562358,1.0,384,384,3
a61723fc38c2,0,train,0.8026195011337869,1.0,384,384,3
a627eb8c08c5,0,train,0.4778827759283785,0.6529134998190372,384,384,3
a62e995f167c,0,train,0.476284662882487,0.6509653727213541,384,384,3
a62ea0043aa7,2,train,0.8358666875209815,0.9718543046357616,384,384,3
a6356a3c5d11,0,train,0.9996771458748084,1.0,384,384,3
a64273801bde,2,train,0.9275036587502941,1.0,384,384,3
a646c084928c,0,test,0.800756462585034,1.0,384,384,3
a654b25124c3,0,train,0.800984126984127,1.0,384,384,3
a664d2055886,2,train,0.8369021710104678,0.9714403973509934,384,384,3
a66c3165876f,2,train,0.8365500160222175,0.9718543046357616,384,384,3
a673193cd5a9,0,train,0.8048907029478458,1.0,384,384,3
a6731dd737af,0,validation,0.7965523809523809,1.0,384,384,3
a688f20f8895,2,train,0.7456549182924329,0.8759328358208955,384,384,3
a6b6d27c1b32,0,train,0.47652626037597656,0.6518754959106445,384,384,3
a6c9e96a10d7,2,train,0.992138671875,1.0,384,384,3
a6d45de20e4d,4,train,0.7487314713883765,0.8759328358208955,384,384,3
a70d0f12a641,0,train,0.8031845804988662,1.0,384,384,3
a721efb1e049,2,train,0.7483098901559617,0.8762437810945274,384,384,3
a73c3d516c59,0,validation,0.8002211324686894,0.9645909645909646,384,384,3
a73d012c4c38,0,train,0.8014467120181406,1.0,384,384,3
a76132e79688,0,validation,0.8037641723356009,1.0,384,384,3
a763661f98a5,3,train,0.7448577570946764,0.8762437810945274,384,384,3
a7673ac44509,0,train,0.909284108472671,1.0,384,384,3
a76b69e443ce,4,validation,0.9099681013809315,1.0,384,384,3
a77dbec966d4,1,train,0.8985446699073116,1.0,384,384,3
a77eb914b383,0,train,0.7999288080721305,0.9645909645909646,384,384,3
a790a3b36390,2,train,0.8351924192022462,0.9710264900662252,384,384,3
a7b03e58a6e1,0,test,0.8011356009070295,1.0,384,384,3
a7b7dc8788b9,2,validation,0.7488533165166676,0.8765547263681592,384,384,3
a7c10ca6c117,0,train,0.8008707482993197,1.0,384,384,3
a7ec056502e7,1,validation,0.721298430163089,0.8595445841805719,384,384,3
a804cef3e51f,2,test,0.7471827135390463,0.8756218905472637,384,384,3
a80dab8eddf4,3,train,0.837216893139439,0.9718543046357616,384,384,3
a81b06f50612,4,train,0.7245411646560037,0.8729387865797418,384,384,3
a821b6ecef33,0,train,0.4774373292288602,0.6517760198541958,384,384,3
a8263d248523,0,train,0.9087542409139061,1.0,384,384,3
a82a12ad3fb1,0,train,0.8000043749229417,0.9645909645909646,384,384,3
a85cda5f725d,0,test,0.802897052154195,1.0,384,384,3
a86128b601a7,0,test,0.8050349206349207,1.0,384,384,3
a8652b2de23f,2,train,0.841068424405652,0.972682119205298,384,384,3
a86c6283fd78,2,test,0.8385904644917143,0.972682119205298,384,384,3
a879c3569552,2,train,0.7478883089235471,0.8759328358208955,384,384,3
a87f53bc984a,2,train,0.7491626604803697,0.8771766169154229,384,384,3
a88365134c3c,0,test,0.8006530612244898,1.0,384,384,3
a8854768549f,0,validation,0.4760901133219401,0.6514205932617188,384,384,3
a88f68b0b114,2,train,0.7543429943668808,0.9191489099631576,384,384,3
a8a6588c8eb7,0,train,0.47708892822265625,0.6523303985595703,384,384,3
a8aed92940fb,0,train,0.478139305500869,0.6540509797838788,384,384,3
a8b3c0961d42,0,train,0.799803526187891,0.9645909645909646,384,384,3
a8b637abd96b,0,validation,0.8363328100680563,0.9714403973509934,384,384,3
a8c54e2a4b79,1,train,0.7488923302495015,0.8759328358208955,384,384,3
a8c950a99107,1,validation,0.8355023728141118,0.9693708609271523,384,384,3
a8c9fcdbc0be,0,validation,0.9090386130376231,1.0,384,384,3
a8dea22ef903,0,train,0.8015510204081633,1.0,384,384,3
a8e08e7fe016,2,test,0.8354410973693045,0.9710264900662252,384,384,3
a8eb35b3bcd2,2,train,0.8368439951017792,0.972682119205298,384,384,3
a93f1ea3ff4a,2,train,0.7492594669443047,0.8774875621890548,384,384,3
a94da3d3b5c0,0,test,0.47603734334309894,0.6509653727213541,384,384,3
a95858e052d6,1,train,0.7488464745560587,0.8762437810945274,384,384,3
a95d9d61ddd4,0,train,0.8036743764172336,1.0,384,384,3
a963ac561580,0,train,0.7994231292517007,1.0,384,384,3
a96ff96bbae5,0,train,0.8082185941043084,1.0,384,384,3
a987aa7aac37,0,train,0.8036136054421769,1.0,384,384,3
a9a28c37c8c4,2,train,0.7478631246855609,0.8753109452736318,384,384,3
a9a3225cf4b5,0,train,0.7990866213151927,1.0,384,384,3
a9b3177f01c0,0,train,0.47720068566974105,0.6529154884203744,384,384,3
a9bc2f892cb3,0,train,0.7998890360453879,0.9645909645909646,384,384,3
a9c7b83caf81,2,validation,0.9991695781425389,1.0,384,384,3
a9d0c900b6a9,2,test,0.9086828025316815,1.0,384,384,3
a9dc80cba9a4,0,train,0.9670071106844981,1.0,384,384,3
a9e3d186cd1b,0,train,0.47762226915321376,0.6529134998190372,384,384,3
aa0afc41ed19,2,validation,0.8359732638782922,0.9714403973509934,384,384,3
aa10a4b2e709,0,train,0.801112925170068,1.0,384,384,3
aa31bc6b8f4d,2,train,0.7500347920975646,0.8768656716417911,384,384,3
aa4407aab872,0,validation,0.8048526077097505,1.0,384,384,3
aa5ce75edcf5,2,train,0.8355009422589801,0.9714403973509934,384,384,3
aa60813e1a8d,0,train,0.9084755917545109,1.0,384,384,3
aa6242f9e08c,0,train,0.47753238677978516,0.6527853012084961,384,384,3
aa6673241154,4,train,0.8353345210119938,0.9714403973509934,384,384,3
aa841de1ee82,2,train,0.9104644205281546,1.0,384,384,3
aa8a1e814811,0,train,0.8016816326530612,1.0,384,384,3
aa94cc4bfd84,0,train,0.8014086167800454,1.0,384,384,3
aa9b8f05f4bf,2,train,0.8360829397717215,0.9714403973509934,384,384,3
aa9cfe639ef1,2,test,0.7538970619095672,0.9257261285854794,384,384,3
aaaadb174012,0,train,0.809124716553288,1.0,384,384,3
aabd867043cf,0,train,0.8072108843537414,1.0,384,384,3
aad0c0ee9268,2,validation,0.8020498866213152,1.0,384,384,3
aae8f9f3ef8c,3,test,0.7498049313358303,0.8771766169154229,384,384,3
aafb0c944f14,0,test,0.8028544217687075,1.0,384,384,3
aafe980edd0c,0,validation,0.8013215419501134,1.0,384,384,3
ab03d50bba2f,0,train,0.4771877924601237,0.6523303985595703,384,384,3
ab1c20a94f3f,4,test,0.8055437641723356,1.0,384,384,3
ab32db41c409,0,test,0.9266262691166742,1.0,384,384,3
ab3c505b624f,0,test,0.4782228267570287,0.6551944255527318,384,384,3
ab653b8554c0,0,train,0.8026331065759638,1.0,384,384,3
ab686895533e,0,train,0.8033496598639456,1.0,384,384,3
ab724603ee93,0,train,0.47597821553548175,0.6509653727213541,384,384,3
ab78a66dee6a,0,train,0.8067918367346939,1.0,384,384,3
ab7991df166b,0,train,0.7998293780052738,0.9633699633699634,384,384,3
ab88081e5654,0,train,0.4759012858072917,0.6505101521809896,384,384,3
aba3063c5413,3,train,0.8363387707144383,0.9714403973509934,384,384,3
ababe19ed448,1,train,0.9500148402385173,1.0,384,384,3
abbb8791785e,0,train,0.8008498866213152,1.0,384,384,3
abdb365cacbc,1,validation,0.836074833292642,0.9714403973509934,384,384,3
abe940882578,0,train,0.8019827664399093,1.0,384,384,3
abf09c44d5f4,2,test,0.7472326452941286,0.8756218905472637,384,384,3
abf0f56c6f12,2,train,0.7462076613654574,0.8762437810945274,384,384,3
ac0a48ccbf70,0,train,0.8000441469496844,0.9645909645909646,384,384,3
ac1667fac512,0,test,0.8022503401360545,1.0,384,384,3
ac17cc18a994,0,train,0.8033115646258503,1.0,384,384,3
ac2c814949f9,2,validation,0.7485030663629418,0.8768656716417911,384,384,3
ac5b5dddf91b,2,train,0.8356792847987304,0.9706125827814569,384,384,3
ac720570dd0f,2,train,0.9091258389076321,1.0,384,384,3
ac81fc200162,0,train,0.9095540745137849,1.0,384,384,3
aca88f566228,2,test,0.7478696754989099,0.8753109452736318,384,384,3
acc9f29538c4,2,train,0.7488626332289862,0.8759328358208955,384,384,3
ace2281f00c4,0,train,0.4772040049235026,0.6518745422363281,384,384,3
ace287a5c991,0,validation,0.8001236910031698,0.9645909645909646,384,384,3
acf976efd7ce,0,train,0.8029678004535148,1.0,384,384,3
ad029ba7fa8b,0,train,0.4788810537996206,0.6563378713215847,384,384,3
ad12cde115ab,0,train,0.4765513737996419,0.6514199574788412,384,384,3
ad1aa75d5630,0,train,0.4764862060546875,0.6514199574788412,384,384,3
ad1f7445b1a8,1,test,0.8361785485396893,0.9714403973509934,384,384,3
ad20080452de,0,train,0.7999492063492063,1.0,384,384,3
ad2f0b9d059c,3,test,0.9922037760416667,1.0,384,384,3
ad312ca98202,0,validation,0.8038757369614512,1.0,384,384,3
ad3fc5076852,1,train,0.8362913239692373,0.9714403973509934,384,384,3
ad570b850a4f,2,train,0.9086808290957085,1.0,384,384,3
ad6b07d5c338,0,train,0.4766906102498372,0.6523303985595703,384,384,3
ad93d88c87ea,0,train,0.8025795918367347,1.0,384,384,3
ad944bd56bb6,0,test,0.4770619074503581,0.6523303985595703,384,384,3
adb56cecafaf,3,train,0.8361654351176488,0.9714403973509934,384,384,3
add1d681d712,2,test,0.99220703125,1.0,384,384,3
addf66a50f42,0,train,0.805598185941043,1.0,384,384,3
ae1344610ebe,2,train,0.7175774877650897,0.8481561822125814,384,384,3
ae20112e7a1e,0,train,0.8000361925443359,0.9645909645909646,384,384,3
ae2c3f6312ef,0,train,0.8049795918367347,1.0,384,384,3
ae2e888905ba,0,validation,0.47730541229248047,0.6527853012084961,384,384,3
ae49cc60f251,0,train,0.803168253968254,1.0,384,384,3
ae57c8630249,0,train,0.8016761904761904,1.0,384,384,3
ae58ccb5905e,0,train,0.802,1.0,384,384,3
ae5d31979f19,0,test,0.8354728080080569,0.9706125827814569,384,384,3
ae61e19fb766,0,train,0.47716522216796875,0.6523303985595703,384,384,3
ae8424cdb029,2,validation,0.999782922042964,1.0,384,384,3
ae8472f8d310,1,train,0.8373587565233314,0.972682119205298,384,384,3
ae94ce412de9,0,train,1.0,1.0,384,384,3
ae975c43bd8b,0,train,0.8014585034013605,1.0,384,384,3
aea59ebec445,3,train,0.7482493315258911,0.8756218905472637,384,384,3
aeab0a63bcaf,0,train,0.4769554138183594,0.6523310343424479,384,384,3
aeb6f4fd2eed,0,validation,0.47693030039469403,0.6518754959106445,384,384,3
aebe87a423c8,0,validation,0.47873588590200966,0.6551944255527318,384,384,3
aec51513cf45,0,train,0.4776580639772822,0.6529134998190372,384,384,3
aeccef0bdc26,0,train,0.8010893424036282,1.0,384,384,3
aed4e743c230,2,test,0.8351301900540178,0.9710264900662252,384,384,3
aeed1f251ceb,4,train,0.748282667887156,0.8756218905472637,384,384,3
aef9016557ca,2,test,0.99220703125,1.0,384,384,3
af133a85ea0c,1,train,0.8355488658558916,0.9718543046357616,384,384,3
af345c68e836,0,test,0.803461224489796,1.0,384,384,3
af3b0115aad1,3,test,0.8361752105777154,0.9714403973509934,384,384,3
af5a0bc4e1fa,0,train,0.8000938619831128,0.9645909645909646,384,384,3
af6166d57f13,0,train,0.47635682423909503,0.6518758138020834,384,384,3
af6a1508cd95,0,train,1.0,1.0,384,384,3
af7a36454670,0,validation,0.8039709750566894,1.0,384,384,3
af828dab3ffc,2,train,0.7478657450109005,0.8759328358208955,384,384,3
af831c158744,2,test,0.7467368215104254,0.8753109452736318,384,384,3
af87d48ffe01,0,train,0.47644933064778644,0.6518754959106445,384,384,3
af8aa32beee4,2,train,0.8362009605700857,0.9706125827814569,384,384,3
afc345cc9145,0,train,0.9113179315865004,1.0,384,384,3
afc744fad65e,0,train,0.8029732426303855,1.0,384,384,3
b019a49787c1,3,train,0.5489155611258896,0.6910132537002933,384,384,3
b033ab4fb723,2,validation,0.7181786173047457,0.8486984815618221,384,384,3
b05922e7abd3,0,train,0.8044444444444444,1.0,384,384,3
b0619ca93a5f,0,train,0.804368253968254,1.0,384,384,3
b06dabab4f09,2,train,0.7156323138297872,0.86034375,384,384,3
b07bc463b718,1,train,0.9415718891150008,1.0,384,384,3
b085caa513a8,0,train,0.7998790930387022,0.9645909645909646,384,384,3
b086c7cd3868,0,train,0.8007002267573696,1.0,384,384,3
b09101adb478,0,train,0.8000925170068027,1.0,384,384,3
b0acd3593310,0,train,0.9091552431036306,1.0,384,384,3
b0b3b16fc305,0,test,0.8022557823129252,1.0,384,384,3
b0c9a492e068,0,train,0.9082983772041306,1.0,384,384,3
b0cc9f8d06e4,2,train,0.7540026714889719,0.9232193266898902,384,384,3
b0d35981708b,2,train,0.7479181515176925,0.8756218905472637,384,384,3
b0d6417bad3e,2,train,0.8361387314218574,0.9718543046357616,384,384,3
b0eeae01b8ab,2,train,0.9921549479166667,1.0,384,384,3
b0f0fa677d5f,0,train,0.8014013605442177,1.0,384,384,3
b0f8613305a3,0,test,0.8350662919248024,0.9710264900662252,384,384,3
b10fca20c885,0,train,0.8042294784580499,1.0,384,384,3
b1197f2cc9b3,1,test,0.835484729300821,0.9710264900662252,384,384,3
b11dcdcbc8c8,0,train,1.0,1.0,384,384,3
b13d72ceea26,2,train,0.7170418882978723,0.8594720744680852,384,384,3
b16dd4483ca5,0,train,0.4769325256347656,0.6523303985595703,384,384,3
b17f0b81dab3,1,train,0.8359508518478957,0.9714403973509934,384,384,3
b191ba0a2b12,3,train,0.9088594250512698,1.0,384,384,3
b1b3e7d0a5f3,4,train,0.8357090880306406,0.9714403973509934,384,384,3
b1c6f0997e27,0,validation,0.8016916099773242,1.0,384,384,3
b1f4122fd36a,2,test,0.8360657731101413,0.9714403973509934,384,384,3
b200c23b299b,0,train,0.8007229024943311,1.0,384,384,3
b21abe5d9722,0,validation,0.4784535045121364,0.6551964141540689,384,384,3
b22354b5f94b,1,train,0.8371611014893032,0.9710264900662252,384,384,3
b22cc1bf0b8a,0,test,0.8003709750566893,1.0,384,384,3
b2748ac28fc1,2,train,0.7229129599981133,0.8641641358691096,384,384,3
b294927b14b0,0,validation,0.8029124716553288,1.0,384,384,3
b2aaa81cc8f0,2,validation,0.74221875,0.8710106382978723,384,384,3
b2b79b37d314,0,train,0.8041242630385488,1.0,384,384,3
b2b7ccd34cbd,0,train,0.8032235827664399,1.0,384,384,3
b2ffa3e18559,3,train,0.8348822271645253,0.9710264900662252,384,384,3
b310bd564329,3,train,0.8372488422040467,0.9718543046357616,384,384,3
b351ae99413a,0,train,0.8033160997732426,1.0,384,384,3
b35cad8fe2d7,0,train,0.9999230359970509,1.0,384,384,3
b37aae3c8fe1,4,train,0.8357353148747215,0.9718543046357616,384,384,3
b3819a805dca,4,train,0.93527287883261,1.0,384,384,3
b3a994760537,0,test,0.803374149659864,1.0,384,384,3
b3c0c3330278,2,test,0.7455115282669051,0.8756218905472637,384,384,3
b3d12069e1c5,2,train,0.9097895054253702,1.0,384,384,3
b3d135bd3bb5,3,train,0.8364524998474074,0.9714403973509934,384,384,3
b3f31c371e59,0,validation,0.8020625850340136,1.0,384,384,3
b402b18d99a5,2,train,0.836500423444319,0.9718543046357616,384,384,3
b402daa0864c,2,train,0.7482787373991466,0.8753109452736318,384,384,3
b43440c6ebe4,0,test,0.9190464988877715,1.0,384,384,3
b460ca9fa26f,0,test,0.8049614512471656,1.0,384,384,3
b468ebf5cb11,2,train,0.7479461016546481,0.8759328358208955,384,384,3
b46b09a45f39,0,train,0.8030802721088436,1.0,384,384,3
b498b84d383f,2,train,0.7570087808776863,0.9226675565547281,384,384,3
b49b2fac2514,4,train,0.7534328815767625,0.9184322246532447,384,384,3
b4b04d81acbb,0,train,0.7972172335600907,1.0,384,384,3
b4e15102cd7a,0,validation,0.9999374420796542,1.0,384,384,3
b4f41b5bf0ef,1,validation,0.8358118495742668,0.9714403973509934,384,384,3
b50b30aa6e6c,1,validation,0.7476290422885572,0.8768656716417911,384,384,3
b5204c0decc7,0,train,0.8013732426303855,1.0,384,384,3
b532dedd928c,0,train,0.4768667221069336,0.6527865727742513,384,384,3
b549af91bd30,0,train,0.8031029478458049,1.0,384,384,3
b553e7909535,0,test,0.8043473922902494,1.0,384,384,3
b55d2ddb3e75,4,test,0.749005440959994,0.8768656716417911,384,384,3
b56340f472d2,1,train,0.8366492011780144,0.9681291390728477,384,384,3
b574d229ec4c,2,test,0.7459510150558071,0.8768656716417911,384,384,3
b576c5269ad1,1,train,0.8358278241065706,0.9718543046357616,384,384,3
b5834ee64541,3,train,0.8368168145542771,0.9706125827814569,384,384,3
b598bc9753c2,0,train,0.8050920634920635,1.0,384,384,3
b5a3ca5c0a80,0,test,0.802237641723356,1.0,384,384,3
b5b913358b32,0,test,0.802312925170068,1.0,384,384,3
b5bf7b84fc66,0,train,0.8052897959183674,1.0,384,384,3
b5c80d0ed0ff,2,train,0.8016426303854876,1.0,384,384,3
b5e6ae31493c,0,train,0.8019482993197279,1.0,384,384,3
b60dbf9f0744,2,train,0.8357160023804437,0.9714403973509934,384,384,3
b6304c545f95,2,test,0.9076205019473866,1.0,384,384,3
b640e3bdff75,1,validation,0.8356387524033326,0.9710264900662252,384,384,3
b64e1eef3d63,0,train,0.4770425160725911,0.6523291269938151,384,384,3
b65ff67743b2,2,train,0.7487805297016789,0.8759328358208955,384,384,3
b665041e1633,2,test,0.9077325931106561,1.0,384,384,3
b66f23ffa730,0,validation,0.7995473922902494,1.0,384,384,3
b67ae80f7eba,0,validation,0.8000361925443359,0.9645909645909646,384,384,3
b69c224edd6e,0,train,0.9217887855159272,1.0,384,384,3
b6a0e348a01e,1,test,0.9774757938343546,1.0,384,384,3
b6bf847fbcb2,0,train,0.802637641723356,1.0,384,384,3
b6bfe9db60e5,3,train,0.8364582220679342,0.9714403973509934,384,384,3
b6d9974443ce,0,test,0.4769477844238281,0.6523303985595703,384,384,3
b6fd109b1bc9,0,train,0.9126930217725244,1.0,384,384,3
b70cb31b9abb,4,validation,0.7484607044366184,0.8756218905472637,384,384,3
b70e7c26f51e,0,validation,0.8013451247165533,1.0,384,384,3
b71428739d4e,1,train,0.8034004535147392,1.0,384,384,3
b7278b4f2448,1,train,0.719752110672061,0.858779694836911,384,384,3
b72a86d61959,0,train,0.8034675736961451,1.0,384,384,3
b72f59b85f7c,0,train,0.47642993927001953,0.6518754959106445,384,384,3
b73d0bcd3d33,0,validation,0.4763913249255269,0.6517760198541958,384,384,3
b746a6681ba9,2,train,0.7477236651480426,0.8756218905472637,384,384,3
b74de20d73de,0,train,0.4768768946329753,0.6518754959106445,384,384,3
b759cbef90c5,0,test,0.8041487528344671,1.0,384,384,3
b762c29cf2f3,2,train,0.835778946806238,0.9701986754966887,384,384,3
b77b88926843,0,train,0.8013015873015873,1.0,384,384,3
b77b8a1f09f1,4,validation,0.8368804742576372,0.9710264900662252,384,384,3
b7983cb3f270,0,train,0.8038603174603175,1.0,384,384,3
b7a1bb106051,0,train,0.8007192743764172,1.0,384,384,3
b7aca95b97b9,0,train,0.7999566484908505,0.9633699633699634,384,384,3
b7bd4a6627b6,0,train,0.8015555555555556,1.0,384,384,3
b7ce561a7328,0,train,0.8011464852607709,1.0,384,384,3
b7e0f95353f2,3,train,0.7490472205917975,0.8762437810945274,384,384,3
b7f0bc7d399e,0,train,0.9892047131966032,1.0,384,384,3
b8297a2291f5,0,train,0.8028426303854875,1.0,384,384,3
b82d5f1f1145,2,train,0.7179862027721847,0.8486984815618221,384,384,3
b82dfa63a75f,0,test,0.4776681264241536,0.6532414754231771,384,384,3
b835b6e31a59,0,train,0.8061696145124717,1.0,384,384,3
b83a6eca125f,2,train,0.7481814942143217,0.8759328358208955,384,384,3
b842b43cb7fb,0,train,0.4767548243204753,0.6514199574788412,384,384,3
b86fb2d5be1a,0,test,0.9960764145983741,1.0,384,384,3
b87f9c59748b,4,test,0.9280925320446534,1.0,384,384,3
b89938407ee6,2,validation,0.9093042375195962,1.0,384,384,3
b8ac328009e0,2,train,0.7389401595744681,0.8716755319148937,384,384,3
b8dab47a260e,0,validation,0.8017795918367346,1.0,384,384,3
b8e20c076b03,0,train,0.9990762346210135,1.0,384,384,3
b8e9a8f4617d,0,test,0.8031637188208617,1.0,384,384,3
b8f1b30877db,2,train,0.8350560396130253,0.9714403973509934,384,384,3
b8fb9f55cd6d,2,train,0.7481139480500121,0.8759328358208955,384,384,3
b90bc89ce8d8,4,train,0.753546132454029,0.9177816878919872,384,384,3
b927a9238434,2,train,0.7486024931522165,0.8756218905472637,384,384,3
b92eacd1392a,0,train,0.8065941043083901,1.0,384,384,3
b94c58d063bf,1,train,0.910944162813204,1.0,384,384,3
b9519abce0c1,0,train,0.47917138959484235,0.6551944255527318,384,384,3
b95d4dd8e5e2,2,train,0.7472207082564705,0.8771766169154229,384,384,3
b960142a8de7,3,train,0.5490567733556146,0.6902576350521793,384,384,3
b963a11638f2,0,train,0.7998373324106223,0.9633699633699634,384,384,3
b96b518596b3,4,train,0.7186240606133657,0.8560094377567918,384,384,3
b98f77098b9d,2,train,0.997765478447711,1.0,384,384,3
b99794a0beed,2,validation,0.7513928484916242,0.8802860696517413,384,384,3
b99afe7137fb,4,train,0.9157417830072954,1.0,384,384,3
b99c825b93c5,2,test,0.7470157405854622,0.8753109452736318,384,384,3
b9b6ee2b9453,2,train,0.9301295160190866,1.0,384,384,3
b9b99dad668d,1,train,0.8358807546464431,0.9714403973509934,384,384,3
b9bc81fcb075,0,validation,0.8040163265306123,1.0,384,384,3
b9c7c5182075,0,train,0.8022956916099774,1.0,384,384,3
b9d0b83d70c3,0,validation,0.47781118628024166,0.6529154884203744,384,384,3
b9fe7da14a32,0,train,0.7999626142948618,0.9645909645909646,384,384,3
ba0107fb1bfd,0,train,0.8030303854875284,1.0,384,384,3
ba08cee68c71,4,train,0.8359065046388134,0.9718543046357616,384,384,3
ba25f947f4ec,2,train,0.7530842684983323,0.878731343283582,384,384,3
ba2ea9182090,0,test,0.8021814058956916,1.0,384,384,3
ba4d2c4b3039,4,test,0.7536613221680666,0.9184981451034563,384,384,3
ba4e62c11cc0,0,train,0.8023918367346938,1.0,384,384,3
ba735b286d62,4,validation,0.8356895371105075,0.9714403973509934,384,384,3
baaca2f7e1f0,0,train,0.8025297052154196,1.0,384,384,3
bab776139279,0,train,0.4773489634195964,0.6527853012084961,384,384,3
bac1744955c2,0,train,0.7989632653061225,1.0,384,384,3
bacfa2b8e706,0,train,0.8002113378684808,1.0,384,384,3
bb08949dd70a,0,train,0.7999029562547478,0.9633699633699634,384,384,3
bb11db08584a,1,train,0.835943460646382,0.9693708609271523,384,384,3
bb2f89488ecd,0,train,0.8009342403628118,1.0,384,384,3
bb45257258cc,1,train,0.8368461409344767,0.9718543046357616,384,384,3
bb733062f494,2,train,0.7493248295041646,0.8762437810945274,384,384,3
bb752b179751,0,validation,0.8015147392290249,1.0,384,384,3
bb783d8e496f,1,train,0.8368797589800714,0.9710264900662252,384,384,3
bb7e0a2544cd,3,validation,0.738000664893617,0.870345744680851,384,384,3
bb85097857fa,0,train,0.4770689010620117,0.6523303985595703,384,384,3
bb9a3d835a94,1,train,0.8352637085329753,0.9714403973509934,384,384,3
bba38f2294a3,4,train,0.8361454073458052,0.9706125827814569,384,384,3
bc23f74e14dd,2,train,0.9068348770865139,1.0,384,384,3
bc34ed91c9bc,4,test,0.7531531188356395,0.9181399164977218,384,384,3
bc34f52c37c7,0,train,0.4767891565958659,0.6518754959106445,384,384,3
bc73ce76ec43,1,train,0.8029324263038549,1.0,384,384,3
bc7bf19b84e3,0,validation,0.8050095238095238,1.0,384,384,3
bc8c6a778cde,0,train,0.47758846293048246,0.6529134998190372,384,384,3
bc92a61a1f9c,0,validation,0.8045360544217687,1.0,384,384,3
bca2bdc15fc5,2,validation,0.910407190884936,1.0,384,384,3
bcb0498ed2c1,0,train,0.9098110158774765,1.0,384,384,3
bcc762618e7d,2,train,0.7190672628125963,0.8492407809110629,384,384,3
bcd503c726ba,4,train,0.8359093657490768,0.9718543046357616,384,384,3
bcdc8db5423b,2,train,0.7482366666200831,0.8753109452736318,384,384,3
bd06028eb7dd,0,train,0.8030575963718821,1.0,384,384,3
bd269a1f0e4d,1,validation,0.835639944532609,0.9710264900662252,384,384,3
bd34a0639575,0,train,0.8031056689342404,1.0,384,384,3
bd375ba756b1,0,train,0.47619279225667316,0.6509644190470377,384,384,3
bd500a73beae,0,train,0.8071392290249433,1.0,384,384,3
bd9904495ccd,4,train,0.7488966974584009,0.8762437810945274,384,384,3
bda7ff3b1562,2,test,0.7577088150012135,0.9242298027952096,384,384,3
bda8c973b09d,2,train,0.7477955785212514,0.8756218905472637,384,384,3
bda91b76095b,0,train,0.9328801255783372,1.0,384,384,3
bdb98063fe84,2,validation,0.9151775776625993,1.0,384,384,3
bdc6c60e9133,0,train,0.47715028127034503,0.6523303985595703,384,384,3
bde1063a5dd7,0,validation,0.9999834231378264,1.0,384,384,3
bdf47b9f10c4,0,train,0.8037269841269842,1.0,384,384,3
bdff5d8bddf8,4,validation,0.748934692175825,0.8756218905472637,384,384,3
be197b663520,0,train,0.8003764172335601,1.0,384,384,3
be21d8b60e2a,2,train,0.7992934240362812,1.0,384,384,3
be3a7d9e981e,0,validation,0.4757973353068034,0.6505101521809896,384,384,3
be521870a0ea,0,train,0.7996981303170229,0.9633699633699634,384,384,3
be68322c7223,2,test,0.7487464654722642,0.8759328358208955,384,384,3
be6cbf6e5b10,0,test,0.4764868418375651,0.6518754959106445,384,384,3
be7bc89f5fec,2,validation,0.9922037760416667,1.0,384,384,3
be7f791a7877,0,train,0.47719351450602215,0.6518745422363281,384,384,3
be8697eb2078,0,validation,0.802692970521542,1.0,384,384,3
beb00fa6e7c9,0,validation,0.998876917587735,1.0,384,384,3
beb2ad14fd2d,0,train,0.9999072485092665,1.0,384,384,3
bebb3f167654,1,test,0.8363678586687826,0.9697847682119205,384,384,3
bebfbd907cac,0,test,0.8053868480725623,1.0,384,384,3
bec0acd539b2,3,train,0.7481228280414407,0.8753109452736318,384,384,3
bed8296c8dfe,0,train,0.47694555918375653,0.6518745422363281,384,384,3
beeca5f14618,0,train,0.799978523105559,0.9645909645909646,384,384,3
bf18ff30a8f6,1,train,0.8354987964262826,0.9714403973509934,384,384,3
bf1b7e21e774,2,train,0.7185607923763151,0.8492407809110629,384,384,3
bf6cbccacf39,0,train,0.4773080701419464,0.654054956986553,384,384,3
bf7047dc683c,2,train,0.8360719721823786,0.9710264900662252,384,384,3
bf7221a016b5,0,train,0.999955400347009,1.0,384,384,3
bf7b4eae7ad0,0,train,0.8047809523809524,1.0,384,384,3
bf8092e4001d,3,train,0.5495820118000136,0.6898261828433713,384,384,3
bf811911acf9,0,train,0.8051029478458049,1.0,384,384,3
bf87aedf2489,0,validation,0.8034521541950114,1.0,384,384,3
bf9cba745efc,2,train,0.8032689342403628,1.0,384,384,3
bfa30ebf63a8,0,train,0.8056489795918368,1.0,384,384,3
bfaa0080ab61,2,train,0.8359839930417798,0.9714403973509934,384,384,3
bfb578c0e8d8,0,train,0.9984922949165868,1.0,384,384,3
bfd5c0e55420,2,train,0.7492399600778877,0.8765547263681592,384,384,3
bfda2fd0533a,2,validation,0.8358750324259163,0.9714403973509934,384,384,3
bfdee9be1f1d,4,train,0.9088688975439405,1.0,384,384,3
bfe467b7e997,2,test,0.7493038669014478,0.8768656716417911,384,384,3
bff51afc76d4,0,train,0.9982262757474192,1.0,384,384,3
bffca6eeb2bf,0,train,0.8018666666666666,1.0,384,384,3
c013e869acce,0,test,0.47713438669840497,0.6523303985595703,384,384,3
c01eae4b4939,4,train,0.7227016143824417,0.8640124026549136,384,384,3
c0202976c670,2,validation,0.7542890490849603,0.9224386597665367,384,384,3
c06024f05a16,0,train,0.8021532879818594,1.0,384,384,3
c096131ad065,0,validation,0.8006049886621315,1.0,384,384,3
c0968d41eb93,1,test,0.8360033055360576,0.9681291390728477,384,384,3
c0a0828e01b4,3,train,0.7474434359103359,0.8756218905472637,384,384,3
c0a117de7d0a,0,train,0.4770590464274089,0.6527837117513021,384,384,3
c0e15e8e2b46,1,train,0.9999678329936392,1.0,384,384,3
c0f15fe3b4b7,1,validation,0.721114106652482,0.859852554293141,384,384,3
c102db7634d8,1,train,0.7191003866290039,0.8572284622358712,384,384,3
c12e9ca420a5,0,train,0.4768546422322591,0.6518745422363281,384,384,3
c1437a7a52c9,0,test,0.9996112331133084,1.0,384,384,3
c1799a6f5c65,4,train,0.8362643818475906,0.9718543046357616,384,384,3
c1819db0aece,0,train,0.8029650793650793,1.0,384,384,3
c1896142a20a,4,train,0.9993981020282185,1.0,384,384,3
c18a006f7f1d,0,train,0.8015655328798186,1.0,384,384,3
c1e6fa1ad314,1,train,0.8355634098330638,0.9714403973509934,384,384,3
c1ebe785503a,1,train,0.8357503357036042,0.9718543046357616,384,384,3
c21eb81de9fc,0,train,0.47754869090373975,0.6529134998190372,384,384,3
c23ff6dcf15e,0,train,0.477264404296875,0.6523291269938151,384,384,3
c24bcf7a1bc4,0,train,0.8016426303854876,1.0,384,384,3
c252da9b41d8,2,validation,0.7486751343935752,0.8759328358208955,384,384,3
c25e02b39c01,0,train,0.8039863945578232,1.0,384,384,3
c261b1aaa828,2,train,0.8358893379772332,0.9714403973509934,384,384,3
c26f98f58350,0,train,0.4766365687052409,0.6518754959106445,384,384,3
c280730cc211,2,validation,0.8360753101443525,0.9714403973509934,384,384,3
c2a58b2cfd0b,0,train,0.8056571428571428,1.0,384,384,3
c2f3281cf528,0,test,0.8076235827664399,1.0,384,384,3
c31651ea04c6,3,test,0.9078164641395109,1.0,384,384,3
c334f8688b77,0,train,0.8013605442176871,1.0,384,384,3
c365c598ad4e,0,train,0.8031111111111111,1.0,384,384,3
c373b73a80c8,0,train,0.47717825571695965,0.6523291269938151,384,384,3
c3789c1dab96,0,test,0.4777952774695446,0.654054956986553,384,384,3
c38dec54a9f7,0,train,0.8034702947845805,1.0,384,384,3
c3a82acb7d7a,3,train,0.7479446459183483,0.8756218905472637,384,384,3
c3aa424eff9a,0,test,0.4766429265340169,0.6514205932617188,384,384,3
c3acf47700ea,2,train,0.7574972536947386,0.9241657071325471,384,384,3
c3b15bf9b4bc,0,validation,0.47841866811116535,0.6541531880696615,384,384,3
c3c8fdda50c0,0,test,0.8039773242630386,1.0,384,384,3
c3cd0200df79,3,train,0.9987208188022665,1.0,384,384,3
c3d12a23f451,4,validation,0.9114241024418507,1.0,384,384,3
c3e02d4a1798,2,test,0.7478421620828442,0.8768656716417911,384,384,3
c406325360b1,2,test,0.8056117913832199,1.0,384,384,3
c40976189f22,1,train,0.8361396851252785,0.9718543046357616,384,384,3
c446985355f1,0,test,0.7995537414965986,1.0,384,384,3
c48ae5da188e,2,train,0.7534048254681949,0.9227968883722713,384,384,3
c4a8f2fcf6e8,1,train,0.8366918794061098,0.9718543046357616,384,384,3
c4aef0d88d1b,0,validation,0.80580589569161,1.0,384,384,3
c4e8b1ec8893,2,validation,0.7997922902494331,1.0,384,384,3
c52bb7343387,2,validation,0.7498860158477276,0.8759328358208955,384,384,3
c5431b81cbc9,2,train,0.9101224240740243,1.0,384,384,3
c561bcd519e9,2,train,0.8349003475295267,0.9710264900662252,384,384,3
c56293f53191,0,train,0.8045369614512472,1.0,384,384,3
c568e5245ea5,2,validation,0.8353824446089053,0.9710264900662252,384,384,3
c56e65f74187,1,train,0.9948534763258727,1.0,384,384,3
c57c164bca05,0,train,0.9104768531747849,1.0,384,384,3
c58971bcebb2,0,train,0.913083762095189,1.0,384,384,3
c58e5c0c5b33,0,validation,0.802487074829932,1.0,384,384,3
c597ef460944,0,train,1.0,1.0,384,384,3
c5a0e84e955d,0,train,0.47572676340738934,0.6509653727213541,384,384,3
c5a6f432a1ec,0,train,0.47744130643153443,0.6529154884203744,384,384,3
c5a9ebef1517,3,test,0.9091272203128132,1.0,384,384,3
c5ad60521f8c,2,train,0.7385924202127659,0.870345744680851,384,384,3
c5b58cc992af,0,train,0.47794839977250403,0.6529134998190372,384,384,3
c5ba9e455d5e,3,train,0.7463603681033038,0.875,384,384,3
c5bec7f1e5f3,0,test,0.8005034013605442,1.0,384,384,3
c5e238aa18be,4,train,0.8359353541673025,0.9714403973509934,384,384,3
c613db1cab27,2,train,0.7486431081949801,0.8762437810945274,384,384,3
c6229222bf22,0,train,0.8040952380952381,1.0,384,384,3
c62cef02efa2,0,train,0.8020843537414966,1.0,384,384,3
c639d837f5e4,0,train,0.4767090479532878,0.6518754959106445,384,384,3
c64c0966b4cf,0,validation,0.8072852607709751,1.0,384,384,3
c67117c6ab3b,3,train,0.8372128398998993,0.9710264900662252,384,384,3
c6916bc42016,0,train,0.8009641723356009,1.0,384,384,3
c6a145742708,4,train,0.757704709229228,0.9241657071325471,384,384,3
c6a2975228af,2,train,0.9108861437955963,1.0,384,384,3
c6a8f8f998a2,0,train,0.8035455782312925,1.0,384,384,3
c6c2bad91f23,2,train,0.7494996634337675,0.8762437810945274,384,384,3
c6d4e4a3bd4c,0,train,0.8008489795918368,1.0,384,384,3
c6e1e9fbf39b,2,train,0.8358712176122318,0.9710264900662252,384,384,3
c6f5b5b5be41,0,test,0.801114739229025,1.0,384,384,3
c704bd669f36,0,train,0.8014204081632653,1.0,384,384,3
c70d09370109,2,train,0.8008616780045351,1.0,384,384,3
c739ff9580d3,1,train,0.8357992130039369,0.9714403973509934,384,384,3
c73c5f6ef664,2,train,0.7483826769709505,0.8756218905472637,384,384,3
c755a0c4edcc,0,train,0.4767576853434245,0.6523303985595703,384,384,3
c76664770c07,3,train,0.9130512004016337,1.0,384,384,3
c7b622ec8104,1,train,0.8358960139011811,0.9714403973509934,384,384,3
c7c0470bcf87,2,test,0.9077341718594345,1.0,384,384,3
c7c3d363bc86,0,train,0.9999875673533698,1.0,384,384,3
c7d0deb71576,0,train,0.797318820861678,1.0,384,384,3
c7e827fc7f41,2,train,0.8366382335886715,0.9706125827814569,384,384,3
c80b0f27541a,0,train,0.909477899885225,1.0,384,384,3
c80f79579fed,2,train,0.7489099446587288,0.8759328358208955,384,384,3
c81c6911f5e0,0,test,0.8023356009070295,1.0,384,384,3
c85b79d70079,0,test,0.9950024707418382,1.0,384,384,3
c87493ed320c,2,test,0.747178346330147,0.8753109452736318,384,384,3
c8823cdaf7fa,2,train,0.7482727688803175,0.8756218905472637,384,384,3
c8905b8d5cf1,2,train,0.9086954325219091,1.0,384,384,3
c8a3eb9a5b52,2,train,0.7492485489220564,0.8762437810945274,384,384,3
c8fc0df22999,1,train,0.8361716341898862,0.9714403973509934,384,384,3
c90c6b94cf40,0,validation,0.47703165455608454,0.6517760198541958,384,384,3
c947bb6cf9f6,0,validation,0.4771248499552409,0.6523303985595703,384,384,3
c9485c38fdd5,1,train,0.8354306066316721,0.9677152317880795,384,384,3
c94f37085d0f,0,test,0.8043437641723356,1.0,384,384,3
c96f743915b5,1,train,0.8360488448744163,0.9714403973509934,384,384,3
c97472ef2c66,0,train,0.47725040070316943,0.6517760198541958,384,384,3
c98f623d08d1,0,train,0.8025895691609978,1.0,384,384,3
c9c563864ab1,0,train,0.4773384730021159,0.6527862548828125,384,384,3
c9d42d7534e0,2,train,0.8357896759697256,0.9714403973509934,384,384,3
c9e697117f3f,0,train,0.8021804988662131,1.0,384,384,3
c9ea9d5eab65,3,train,0.83580612735374,0.9714403973509934,384,384,3
ca05f7e7801b,0,train,0.8041124716553288,1.0,384,384,3
ca0f1a17c8e5,2,validation,0.7382107712765957,0.8710106382978723,384,384,3
ca1036496659,1,train,0.7173412823389115,0.8481561822125814,384,384,3
ca2b54b95ade,0,validation,0.8055582766439909,1.0,384,384,3
ca30a97e9d13,1,train,0.938330717872857,1.0,384,384,3
ca360bec5851,2,train,0.7483212448991,0.8756218905472637,384,384,3
ca63fe4f4b52,1,train,0.8366711363567003,0.9710264900662252,384,384,3
ca7140ecf389,1,validation,0.8358204329050569,0.9706125827814569,384,384,3
ca7570c5925c,2,train,0.8358855231635487,0.9714403973509934,384,384,3
ca7f5caddf96,2,train,0.9086516222433073,1.0,384,384,3
ca891d37a43c,2,test,0.7383390957446808,0.8710106382978723,384,384,3
ca9c912ebad7,2,train,0.7486359750871112,0.8756218905472637,384,384,3
cab3dfa7962d,1,train,0.8356869144260994,0.9714403973509934,384,384,3
cac80797770f,2,train,0.8979909237732727,1.0,384,384,3
cad5b1a82e60,0,train,0.47686195373535156,0.6527862548828125,384,384,3
cadde4030858,0,test,0.8038512471655329,1.0,384,384,3
cae33655ca00,0,test,0.7998195011337869,1.0,384,384,3
cae51154e1ce,1,train,0.8951371380126395,1.0,384,384,3
caec68f11c86,2,validation,0.8006349206349206,1.0,384,384,3
cb02bb47fdc5,0,test,0.8369815668202765,0.9722682119205298,384,384,3
cb0cc98d7e35,0,test,0.8355817686239204,0.9714403973509934,384,384,3
cb2201c226d6,0,train,0.8025505668934241,1.0,384,384,3
cb28adab4e8a,0,test,0.4776520981732708,0.654054956986553,384,384,3
cb2f3c5d71a7,1,train,0.8020190476190476,1.0,384,384,3
cb39761f0712,0,train,0.8029759637188209,1.0,384,384,3
cb547e723a16,4,train,0.8355588797418134,0.9706125827814569,384,384,3
cb602182cde3,2,train,0.992255859375,1.0,384,384,3
cb68fce07789,0,train,0.8018684807256236,1.0,384,384,3
cb75210abebe,2,train,0.7507019560437512,0.8793532338308457,384,384,3
cbc23af521f3,0,train,0.4770762125651042,0.6523291269938151,384,384,3
cbc2e57447c2,2,train,0.7488285689995714,0.8765547263681592,384,384,3
cbd0870aa933,4,validation,0.8360633888515885,0.9714403973509934,384,384,3
cbe633765ea7,0,validation,0.8061414965986394,1.0,384,384,3
cbf0394039f8,2,train,0.8354904515213477,0.9710264900662252,384,384,3
cc1eebed9276,2,train,0.836817529831843,0.9718543046357616,384,384,3
cc3d2e961768,4,validation,0.7478657450109005,0.8753109452736318,384,384,3
cc671a73e1cb,0,train,0.8031718820861679,1.0,384,384,3
cc839823755b,2,train,0.753905957748869,0.9221449830203519,384,384,3
cc9270f06b65,1,train,0.9341959748221145,1.0,384,384,3
cc964bf04dbc,0,validation,0.799633560090703,1.0,384,384,3
cca626a0e19a,2,validation,0.7181693283273117,0.8486984815618221,384,384,3
ccd34029493d,2,train,0.7478024204818604,0.8756218905472637,384,384,3
ccd6dcb2f568,0,validation,0.4750477472941081,0.6500558853149414,384,384,3
ccea49708830,0,train,0.4772421518961589,0.6527853012084961,384,384,3
cd01672507c9,0,validation,0.9963690751531781,1.0,384,384,3
cd01f4f83336,0,train,0.47673988342285156,0.6518754959106445,384,384,3
cd1c98ec48b1,0,train,0.8020235827664399,1.0,384,384,3
cd29c88c9e36,2,train,0.7503701937410326,0.8781094527363185,384,384,3
cd314653a4d8,0,train,0.476620356241862,0.6518754959106445,384,384,3
cd3fd04d72f5,2,train,0.7380478723404256,0.870345744680851,384,384,3
cd45bfa07d41,1,train,0.7482430718598021,0.8759328358208955,384,384,3
cd48cfab4e44,0,test,0.9094336949194286,1.0,384,384,3
cd54d022e37d,4,train,0.7480535349935715,0.8756218905472637,384,384,3
cd563556cb57,0,train,0.7999228422681192,0.9645909645909646,384,384,3
cd5714db652d,1,train,0.8359761249885556,0.9714403973509934,384,384,3
cd66754e1b3b,0,train,0.4779662971845382,0.654054956986553,384,384,3
cd8da43e3069,0,train,0.7989668934240363,1.0,384,384,3
cd941e5bc659,0,test,0.8004371882086168,1.0,384,384,3
cd972e5639e0,4,train,0.9115385617282878,1.0,384,384,3
cd9e2190c73f,2,train,0.8360314397869808,0.9718543046357616,384,384,3
ce207b69ff37,3,test,0.7483870441798498,0.8756218905472637,384,384,3
ce6f33a81ad5,0,train,0.8016081632653062,1.0,384,384,3
ce754234d760,0,train,0.7968562358276644,1.0,384,384,3
ce887b196c23,2,train,0.7388105053191489,0.8710106382978723,384,384,3
ce8d2efd9d4f,0,train,0.8010929705215419,1.0,384,384,3
ceaa5803d780,2,train,0.7482251663033149,0.8756218905472637,384,384,3
ceb32a193eff,0,test,0.9999696729286004,1.0,384,384,3
ceb601fe8dba,2,test,0.7503434081931168,0.8793532338308457,384,384,3
cec299c2a2d5,0,validation,0.9900171767867094,1.0,384,384,3
cf0575534cec,1,test,0.8354861598559526,0.9677152317880795,384,384,3
cf0824f53dd9,2,validation,0.8361470763267922,0.9718543046357616,384,384,3
cf1b9d26d38d,4,train,0.753964122851997,0.9268004722550177,384,384,3
cf603a9ef2d5,1,train,0.8361475531785028,0.9718543046357616,384,384,3
cf6551521a35,0,train,0.47678788503011066,0.6518754959106445,384,384,3
cf8ae5501bd6,0,test,0.8010213151927438,1.0,384,384,3
cf8f1bc7a215,0,train,0.4778290836922759,0.6529134998190372,384,384,3
cfb17a7cc8d4,0,test,0.8017324263038549,1.0,384,384,3
cfd1bd0fcbb4,1,train,0.7997657427624855,0.9633699633699634,384,384,3
cfdbaef73a8b,0,train,0.8000719873684043,0.9645909645909646,384,384,3
cfed7c1172ec,0,validation,0.8061378684807257,1.0,384,384,3
cff262ed8f4c,0,train,0.9909237732727304,1.0,384,384,3
cffc50047828,0,train,0.4785529345789932,0.6551964141540689,384,384,3
d02b79fc3200,0,train,0.8002204081632653,1.0,384,384,3
d06ccd0cf4b8,1,train,0.9079569727807923,1.0,384,384,3
d0926ed2c8e5,0,train,0.8037741496598639,1.0,384,384,3
d0b132d2c7ec,4,train,0.8035927437641723,1.0,384,384,3
d0d59ed675b5,1,validation,0.8357534352397229,0.9714403973509934,384,384,3
d0ffa0425ef1,3,test,0.8360919999542222,0.9697847682119205,384,384,3
d10d315f123f,2,train,0.8361017754142888,0.9718543046357616,384,384,3
d10ef306996b,4,validation,0.7495939951459929,0.8762437810945274,384,384,3
d141728fa392,2,train,0.7547763814097944,0.9187905673082012,384,384,3
d15ca3469b87,2,validation,0.9102291869601666,1.0,384,384,3
d160ebef4117,0,train,0.8001097707938098,0.9645909645909646,384,384,3
d16398c971e9,3,train,0.7244792594698558,0.8726309802375063,384,384,3
d16e39b9d6f0,0,train,0.47664229075113934,0.6518745422363281,384,384,3
d16e59a2b33a,0,train,0.8035927437641723,1.0,384,384,3
d18aea8238a0,2,test,0.9345391553378286,1.0,384,384,3
d18b1d8ac4de,2,test,0.8364048146763512,0.9714403973509934,384,384,3
d18e5b68f6d2,2,train,0.9108553581944165,1.0,384,384,3
d18f6431ebce,0,train,0.8034730158730159,1.0,384,384,3
d1a24527a15d,4,train,0.8351204145939513,0.9710264900662252,384,384,3
d1a60c3b9fe5,0,train,0.8035265306122449,1.0,384,384,3
d1afdb8cf70d,0,test,0.8056126984126984,1.0,384,384,3
d1b279cc02ae,0,train,0.8018149659863946,1.0,384,384,3
d1ca85af57c9,0,validation,0.8026004535147392,1.0,384,384,3
d1cf31577a59,0,train,0.9111142729940813,1.0,384,384,3
d1f1ea894da1,2,validation,0.7189416404511081,0.8492407809110629,384,384,3
d1f7ea924a01,0,train,0.4771280288696289,0.6527853012084961,384,384,3
d1fa0f744620,0,validation,0.47759151458740234,0.6532402038574219,384,384,3
d1fb4efb117c,2,validation,0.836179979094821,0.9722682119205298,384,384,3
d25b8a8ad3c4,2,train,0.9087025368914121,1.0,384,384,3
d264396d8d1a,2,test,0.835548389004181,0.9706125827814569,384,384,3
d26bb2ed6e71,0,validation,0.47677167256673175,0.6518754959106445,384,384,3
d26bc6e1230d,0,train,0.8067809523809524,1.0,384,384,3
d271d3a2b552,4,test,0.8366456247901852,0.9718543046357616,384,384,3
d27ac9e54901,0,test,0.8023954648526077,1.0,384,384,3
d28bd830c171,2,validation,0.7483304160377886,0.8756218905472637,384,384,3
d2901144070c,4,train,0.8355564954832606,0.9714403973509934,384,384,3
d29096bd94aa,2,test,0.8362326712088382,0.9718543046357616,384,384,3
d29b37d110f3,0,validation,0.4786642962538728,0.6551944255527318,384,384,3
d2afca74cbc3,0,train,0.4776620411799565,0.6517760198541958,384,384,3
d2c2f02bb313,4,train,0.8359355925931578,0.9714403973509934,384,384,3
d2c5fb82fe5f,0,test,0.47749996185302734,0.6527862548828125,384,384,3
d2c6b99ef62c,2,train,0.7538034274984535,0.9156323162575797,384,384,3
d2cd47ed2c1d,0,train,0.47768192719332786,0.6529134998190372,384,384,3
d2d523e9f669,0,validation,0.47716204325358075,0.6523303985595703,384,384,3
d2dc86021c67,0,train,0.8001650793650794,1.0,384,384,3
d2fb715b0c41,0,validation,0.7997405895691609,1.0,384,384,3
d2ffe9287dc7,3,test,0.7486406334432706,0.8759328358208955,384,384,3
d30d079e6f9a,0,train,0.8000172335600907,1.0,384,384,3
d332d7b8a26e,0,train,0.8053814058956916,1.0,384,384,3
d364423ec6f9,2,train,0.7477107090949746,0.8759328358208955,384,384,3
d38cf0f4a9af,0,validation,0.8045006802721089,1.0,384,384,3
d39752cb6e57,0,train,0.8021596371882086,1.0,384,384,3
d3be5346684b,2,validation,0.9100760483286576,1.0,384,384,3
d3d578fe433f,2,train,0.7488025113198055,0.8762437810945274,384,384,3
d3de0d313d61,1,train,0.9996619504178159,1.0,384,384,3
d3dfd0a2dee6,0,train,0.4760278065999349,0.6509653727213541,384,384,3
d3e56584a481,0,train,0.4774631810462429,0.6517760198541958,384,384,3
d3e884109b45,3,train,0.9098208830573418,1.0,384,384,3
d41b33fcb94f,2,validation,0.99220703125,1.0,384,384,3
d436c06f0490,0,train,0.8011755102040816,1.0,384,384,3
d4583e9525dc,0,train,0.47409915924072266,0.6486930847167969,384,384,3
d473f6fafba0,2,train,0.957844644805206,1.0,384,384,3
d48178e4a49b,4,train,0.7571005905012509,0.9230260132589063,384,384,3
d4bc001f7224,0,train,0.47456932067871094,0.6491473515828451,384,384,3
d4be0403e6ab,2,train,0.798259410430839,1.0,384,384,3
d4f32b9c07df,1,train,0.8361103587450789,0.9718543046357616,384,384,3
d516f77d4516,0,train,0.4769662221272786,0.6518745422363281,384,384,3
d51b3fe0fa1b,4,train,0.7110418882978723,0.8538091755319149,384,384,3
d51e5d7484ea,0,validation,0.8021043083900227,1.0,384,384,3
d56d32a1d62d,0,test,0.47667916615804035,0.6518754959106445,384,384,3
d57d1be1bbd1,0,test,1.0,1.0,384,384,3
d5a39339ff3d,2,train,0.7478970433413457,0.8756218905472637,384,384,3
d5ad3362424c,0,train,0.9107902348073058,1.0,384,384,3
d5b4705ac2ee,1,train,0.8028662131519274,1.0,384,384,3
d5c63a8d9e94,0,train,0.8035727891156462,1.0,384,384,3
d6130f2ec903,0,test,0.7998512526199822,0.9633699633699634,384,384,3
d6228d951958,2,train,0.7537362525068019,0.9181399164977218,384,384,3
d6283ded6aea,2,train,0.7490159222613524,0.8759328358208955,384,384,3
d659d7fd5ccf,4,train,0.74825690135465,0.8759328358208955,384,384,3
d667af5742f6,0,train,0.8036117913832199,1.0,384,384,3
d66b6f333dc7,1,train,0.7491661542474891,0.8796641791044776,384,384,3
d66ccb75ada1,1,test,0.9112571497585303,1.0,384,384,3
d67374d3fa2a,2,train,0.8020371882086168,1.0,384,384,3
d6803e467592,0,test,0.8001106575963719,1.0,384,384,3
d69698f838db,0,test,0.8033560090702948,1.0,384,384,3
d6b109c82067,0,validation,0.8031673469387756,1.0,384,384,3
d6dbb0820ea5,0,train,0.8047573696145125,1.0,384,384,3
d6df4fe492ec,0,validation,0.8002675736961451,1.0,384,384,3
d6e26fe51dce,1,train,0.7489134384258482,0.8762437810945274,384,384,3
d6f36ec5564a,0,train,0.4771076838175456,0.6532421112060547,384,384,3
d6f6bdfd8011,0,train,0.804366439909297,1.0,384,384,3
d7078e8b0349,0,train,0.4765501022338867,0.6523303985595703,384,384,3
d74ccc796517,0,train,0.8040126984126984,1.0,384,384,3
d774692d9919,0,train,0.8030884353741496,1.0,384,384,3
d78b7401096f,0,train,0.9094374444477774,1.0,384,384,3
d7a01fca9838,0,test,0.4772265374871238,0.6517760198541958,384,384,3
d7ab5c040294,0,test,0.47818703193296025,0.654054956986553,384,384,3
d7ac4a0c9760,0,train,0.8040299319727892,1.0,384,384,3
d7bc00091cfc,0,train,0.8036027210884353,1.0,384,384,3
d7bc62d60e8c,0,test,0.9998898822727036,1.0,384,384,3
d7e5fe5245e0,0,test,0.8356301690725425,0.9693708609271523,384,384,3
d803598dabda,4,train,0.7385398936170213,0.8710106382978723,384,384,3
d807c53c1399,0,validation,0.8023764172335601,1.0,384,384,3
d81338217fc5,2,train,0.9084657245746456,1.0,384,384,3
d838d5b9f571,0,train,0.8057850340136055,1.0,384,384,3
d83c3efade75,2,train,0.7478529345314625,0.8765547263681592,384,384,3
d83d0695e215,2,train,0.7409329464568543,0.8762437810945274,384,384,3
d8404680bba6,2,train,0.9117580078084915,1.0,384,384,3
d844a7252f4e,0,validation,0.7506319351277321,0.8774875621890548,384,384,3
d85588ff2ebd,1,train,0.8359313009277627,0.9714403973509934,384,384,3
d85a842d20bd,2,train,0.7577051654261152,0.9242298027952096,384,384,3
d85d052900b4,1,train,0.8356079954680014,0.9714403973509934,384,384,3
d865997a6280,0,validation,0.4759213129679362,0.6509653727213541,384,384,3
d866c26d76f0,0,validation,0.4774792989095052,0.6527862548828125,384,384,3
d868acdccb5b,3,validation,0.8370147080141606,0.9718543046357616,384,384,3
d871895742b1,0,validation,0.9101172931404944,1.0,384,384,3
d881c04f01fe,0,train,0.8009732426303855,1.0,384,384,3
d88806d9ece9,2,train,0.7476069878836157,0.8759328358208955,384,384,3
d88c4843aec3,0,test,0.8036707482993197,1.0,384,384,3
d8cdb7d7283a,2,train,0.8363549836725974,0.9718543046357616,384,384,3
d8da9de62743,0,validation,0.8048943310657596,1.0,384,384,3
d911dd40c63b,0,train,0.799902947845805,1.0,384,384,3
d91273efb92a,2,train,0.7469378586934242,0.8762437810945274,384,384,3
d91635f380b4,0,train,0.4748055140177409,0.6496016184488932,384,384,3
d9311f7497cb,2,test,0.7573557186104608,0.9235774412464028,384,384,3
d93b61dc8f64,0,train,0.9092118807160573,1.0,384,384,3
d94e10f42861,2,train,0.7487271041794772,0.8759328358208955,384,384,3
d952dbfb0fe4,2,test,0.8360488448744163,0.9714403973509934,384,384,3
d95959798b57,2,train,0.8363361480300302,0.9681291390728477,384,384,3
d968a983d4d2,2,train,0.9097606932601636,1.0,384,384,3
d97911a32918,0,test,0.8060716553287982,1.0,384,384,3
d990a3f0cbdb,2,train,0.8354093867305521,0.9710264900662252,384,384,3
d99b0f7dd9b9,0,train,0.8042657596371882,1.0,384,384,3
d99dd99be001,0,test,0.8012907029478458,1.0,384,384,3
d9a475dfe59a,2,train,0.8370163769951475,0.9718543046357616,384,384,3
d9ad2a0ec026,0,train,0.8019972789115646,1.0,384,384,3
d9ba044671e1,4,train,0.7484222729983043,0.8759328358208955,384,384,3
d9bbdc33db83,2,validation,0.9921321614583334,1.0,384,384,3
d9c9b9786da3,0,validation,0.8019419501133787,1.0,384,384,3
d9d2631f043c,0,train,0.9099809287147564,1.0,384,384,3
d9e58e4d8689,0,train,0.8356845301675466,0.9714403973509934,384,384,3
da0a83f074f3,0,test,0.4779305023604698,0.654054956986553,384,384,3
da1fb35f5df9,1,train,0.8357441366313669,0.9714403973509934,384,384,3
da2bdf4236ac,0,train,0.478300382209177,0.6551964141540689,384,384,3
da3a2275c850,0,test,0.8019918367346939,1.0,384,384,3
da44f80b422b,2,train,0.7483513786405054,0.8759328358208955,384,384,3
da6389d129aa,0,validation,0.8351595164342174,0.9718543046357616,384,384,3
da6bbb76d562,0,validation,0.9104326482089884,1.0,384,384,3
da8900ac7f29,2,train,0.748069548092869,0.8759328358208955,384,384,3
da9262d9f5d9,0,train,0.8034684807256236,1.0,384,384,3
da949aa67a4f,0,validation,0.4767436981201172,0.6518754959106445,384,384,3
da9574d35b82,0,train,1.0,1.0,384,384,3
da9fe02dead3,0,test,0.7962403628117913,1.0,384,384,3
daad7b617f21,0,test,0.8000859075777642,0.9645909645909646,384,384,3
dad71ba27a9b,4,train,0.8352556020538957,0.9701986754966887,384,384,3
daeaa5d8cf70,2,train,0.992255859375,1.0,384,384,3
daff5427c9b2,0,train,0.47745831807454425,0.6541538238525391,384,384,3
db3cd58aa315,0,train,0.47696463267008465,0.6518745422363281,384,384,3
db49cdf1ea64,2,train,0.8357353148747215,0.9714403973509934,384,384,3
db4ed1e07aa3,1,train,0.9492169800746116,1.0,384,384,3
db52626d450c,0,train,0.8038367346938775,1.0,384,384,3
db6207e62c7b,0,test,0.4770437876383464,0.6523303985595703,384,384,3
db690e2d02f8,1,train,0.8004154195011338,1.0,384,384,3
dbb2c63f6f08,3,train,0.9921321614583334,1.0,384,384,3
dbd062558b81,1,test,0.7542527814324217,0.9219506431463717,384,384,3
dbee04ae6426,2,validation,0.9082912728346276,1.0,384,384,3
dbfd238b3468,3,train,0.9085405177980244,1.0,384,384,3
dc0eea0b68a7,0,test,0.9973184803468447,1.0,384,384,3
dc0f6e5b489b,0,train,0.4768044153849284,0.6518745422363281,384,384,3
dc6fa1b38b83,2,train,0.9220015219138225,1.0,384,384,3
dcc6c0ad5cad,0,train,0.9087246393743103,1.0,384,384,3
dccdf750c962,0,train,0.80339410430839,1.0,384,384,3
dce73d90c00c,0,train,0.8054113378684807,1.0,384,384,3
dcf109df1a2b,0,train,0.4769957860310872,0.6523303985595703,384,384,3
dd02d60bef14,0,train,0.47670968373616535,0.6523303985595703,384,384,3
dd110d2b8c21,2,validation,0.753415302932901,0.8818407960199005,384,384,3
dd19428c3d29,1,test,0.8358695486312449,0.9714403973509934,384,384,3
dd285d9e97fe,0,validation,0.8024163265306122,1.0,384,384,3
dd3176bacfe2,0,train,0.8000719873684043,0.9645909645909646,384,384,3
dd3dad6ca78f,3,validation,0.8350569933164464,0.9706125827814569,384,384,3
dd90c321d7bc,0,train,0.4767262140909831,0.6523303985595703,384,384,3
ddb222ff7c1d,0,train,0.47641563415527344,0.6518754959106445,384,384,3
dde43aa22ae6,2,train,0.8367240668965727,0.9714403973509934,384,384,3
de16416220de,4,train,0.7530454563702421,0.9181399164977218,384,384,3
de18071c36e6,0,train,0.47760437174117953,0.6529134998190372,384,384,3
de2eb5c8aa83,0,train,0.474429448445638,0.6491473515828451,384,384,3
de38adaae009,0,train,0.9998194306084656,1.0,384,384,3
de4cdabbce6d,0,train,0.47773075103759766,0.6523291269938151,384,384,3
de50dfa745f8,2,train,0.9098041088515708,1.0,384,384,3
de55ed25e0e8,0,train,0.8004072562358276,1.0,384,384,3
de57c9e9fa93,0,train,0.9126677390319113,1.0,384,384,3
de6210f88536,0,train,0.8022975056689342,1.0,384,384,3
de730033c683,0,validation,0.9999581631573713,1.0,384,384,3
de778495a1cd,2,train,0.7502567918832802,0.8784203980099502,384,384,3
dea7538bb91a,0,train,0.8000600557603815,0.9645909645909646,384,384,3
dec5595e6154,0,train,0.7995764172335601,1.0,384,384,3
dee1031a76ae,0,train,0.799759776958474,0.9645909645909646,384,384,3
dee31065f8fe,0,train,0.8030458049886622,1.0,384,384,3
dee687c6e88a,2,train,0.7474352837870573,0.8762437810945274,384,384,3
df0886f1e76b,0,train,0.4771951039632161,0.6532414754231771,384,384,3
df3adfd6ba36,2,test,0.9081671437119225,1.0,384,384,3
df4aec4a0eaf,4,train,0.7543133415692078,0.9162821687235063,384,384,3
df5ce3ea7820,2,validation,0.7459102544394134,0.8762437810945274,384,384,3
df6d13d04da1,0,validation,0.8022240362811791,1.0,384,384,3
df8365d6ac33,2,test,0.7482066784523077,0.8759328358208955,384,384,3
df841a0440d8,2,validation,0.8361387314218574,0.9714403973509934,384,384,3
df84e7113003,4,train,0.7487614595561518,0.8762437810945274,384,384,3
df9cb3729eb1,0,train,0.47669219970703125,0.6518745422363281,384,384,3
dfc7ec7db0e0,0,train,0.7991419501133786,1.0,384,384,3
dfea19863428,0,validation,0.8000023863216046,0.9645909645909646,384,384,3
e019b3e0f33d,4,validation,0.7388018617021277,0.8716755319148937,384,384,3
e01b7bac822b,0,train,0.7983156462585034,1.0,384,384,3
e0313be77035,0,validation,0.47698434193929035,0.6523291269938151,384,384,3
e03a74e7d74f,0,train,0.47506554921468097,0.6500562032063802,384,384,3
e03e70bc8bba,2,train,0.8352319978942229,0.9706125827814569,384,384,3
e04f3c6619a3,0,train,0.8009460317460317,1.0,384,384,3
e067b06fd655,0,train,0.8030929705215419,1.0,384,384,3
e06cccc08c59,0,validation,0.802227664399093,1.0,384,384,3
e06d3d4733f0,2,train,0.748921590549127,0.8762437810945274,384,384,3
e07045d7c5f7,1,train,0.8354139168218024,0.9701986754966887,384,384,3
e0863b353093,2,train,0.7488224549071124,0.8762437810945274,384,384,3
e087bd4b88f2,0,train,0.4763619105021159,0.6518754959106445,384,384,3
e0b5a982a018,3,test,0.8361198957792901,0.9714403973509934,384,384,3
e0d229db881a,0,train,0.801459410430839,1.0,384,384,3
e10190a9d52f,2,train,0.7548752620851117,0.9227968883722713,384,384,3
e12b67835e03,2,train,0.8007201814058957,1.0,384,384,3
e12df54e0d1e,0,test,0.8054503401360544,1.0,384,384,3
e12f9f19d1be,0,train,0.47812339669017195,0.654054956986553,384,384,3
e13412678eff,3,train,0.8356962130344554,0.9714403973509934,384,384,3
e135d7ba9a0e,0,test,0.8035455782312925,1.0,384,384,3
e1418d28d668,2,train,0.9079518418472624,1.0,384,384,3
e150935f66a6,2,train,0.8015292517006802,1.0,384,384,3
e160a3b19911,0,validation,0.47787482152303,0.654054956986553,384,384,3
e16af45285e5,0,train,0.803556462585034,1.0,384,384,3
e16fc934069f,2,train,0.748153835224626,0.8753109452736318,384,384,3
e17507a4a1f5,2,train,0.8358981597338786,0.9718543046357616,384,384,3
e1900014dabf,3,train,0.836233386486404,0.9718543046357616,384,384,3
e19936582c61,3,train,0.7485952144707175,0.8762437810945274,384,384,3
e1ab92228e60,0,validation,0.8358573889126255,0.9693708609271523,384,384,3
e1b8acb1cea1,0,validation,0.7992643990929705,1.0,384,384,3
e1c02f6c3362,0,test,0.4765300750732422,0.6514199574788412,384,384,3
e1dc02a3dc2a,0,train,0.8045124716553288,1.0,384,384,3
e1e490773462,2,test,0.7563788870255781,0.9199310595263946,384,384,3
e2161692a0b4,2,train,0.9122782055309885,1.0,384,384,3
e2265c383348,0,test,0.4774214204181631,0.6517760198541958,384,384,3
e229aca862c7,2,train,0.7489313439823355,0.8765547263681592,384,384,3
e23add229074,4,test,0.749974233467494,0.8771766169154229,384,384,3
e246cd89e1cc,0,train,0.8029705215419501,1.0,384,384,3
e251bdf05b85,0,train,0.7995569396220862,0.9633699633699634,384,384,3
e25ccfe38e44,1,train,0.7996046660541775,0.9633699633699634,384,384,3
e265c870f9b3,2,train,0.7571950232569173,0.9233196900050912,384,384,3
e26bcae6c67b,0,train,0.9094907272190498,1.0,384,384,3
e26d8718ca58,1,train,0.7994276805351724,0.9633699633699634,384,384,3
e2856afe62c5,2,validation,0.8364217429120762,0.9714403973509934,384,384,3
e29e54ff921e,0,train,0.8025451247165533,1.0,384,384,3
e2a233493b90,1,train,0.8356366065706351,0.9714403973509934,384,384,3
e2a47a74e6e1,2,train,0.8356876297036653,0.9710264900662252,384,384,3
e2c39ed0c941,0,test,0.8037823129251701,1.0,384,384,3
e2ec22b3d07e,0,test,0.7996563696889429,0.9633699633699634,384,384,3
e30a890600e1,0,train,0.7997856287758568,0.9633699633699634,384,384,3
e31c42a8652b,2,test,0.9919759114583333,1.0,384,384,3
e322acd46152,0,train,0.4754931131998698,0.6500558853149414,384,384,3
e32a359be36d,3,train,0.9092355619477339,1.0,384,384,3
e32dc722eca5,4,train,0.749425712029739,0.8774875621890548,384,384,3
e33766353db2,0,train,0.47816316871691467,0.6551964141540689,384,384,3
e34fa07bd64d,2,train,0.7180583029303628,0.8481561822125814,384,384,3
e387311a840e,2,train,0.8359692106387524,0.9714403973509934,384,384,3
e38f3a65b02b,1,train,0.7190973568778299,0.8571608250880429,384,384,3
e3a7671f787b,2,test,0.7554364983056847,0.9276859504132231,384,384,3
e3ab63dc9a60,4,test,0.837049041337321,0.9718543046357616,384,384,3
e3b47ed5b511,0,train,0.8035836734693877,1.0,384,384,3
e3cd96cb094c,0,test,0.4766937891642253,0.6518754959106445,384,384,3
e3e490babc0c,2,train,0.8365338030640583,0.9718543046357616,384,384,3
e3ec668f6fad,4,train,0.7534239857374605,0.9187905673082012,384,384,3
e4210e7fe587,3,train,0.9999252067766212,1.0,384,384,3
e42d9a94a66d,0,train,0.9965149120715868,1.0,384,384,3
e4730ddde408,4,train,0.7491224821584959,0.8762437810945274,384,384,3
e47452069ea1,0,train,0.4768187204996745,0.6518745422363281,384,384,3
e47770a2e5d1,0,test,0.9088694895747325,1.0,384,384,3
e499434242cc,2,train,0.7485203896249092,0.8756218905472637,384,384,3
e4a44f9158dc,0,validation,0.8037215419501134,1.0,384,384,3
e4ae1ee6aada,0,train,0.805427664399093,1.0,384,384,3
e4b0df29b96f,0,train,0.8049532879818594,1.0,384,384,3
e4c799738a19,0,test,0.8050294784580498,1.0,384,384,3
e4d3d437b0a8,0,test,0.8014467120181406,1.0,384,384,3
e4dcca36ceb4,0,train,0.8015836734693877,1.0,384,384,3
e4f12411fd85,4,test,0.5491732956483186,0.6891242070800082,384,384,3
e50b0174690d,0,validation,0.804528798185941,1.0,384,384,3
e5197d77ec68,0,test,0.8000163065309646,0.9645909645909646,384,384,3
e529c5757d64,0,train,0.4766001280659261,0.6506385398893543,384,384,3
e52ed5c29c5e,3,train,0.7457505601673281,0.8762437810945274,384,384,3
e540d2e35d15,2,train,0.8358931527909177,0.9710264900662252,384,384,3
e55188915f9d,1,train,0.8366780507065035,0.972682119205298,384,384,3
e580676516b0,1,train,0.935060339778312,1.0,384,384,3
e582e56e7942,0,train,0.8010349206349207,1.0,384,384,3
e594c19e2e1d,0,train,0.8016625850340136,1.0,384,384,3
e599151ca14b,2,train,0.8364892174291207,0.9685430463576159,384,384,3
e59c5f345bb0,0,validation,0.8027709750566894,1.0,384,384,3
e5d56f4f359b,2,train,0.7491728506344681,0.8768656716417911,384,384,3
e5de79795c1d,0,train,0.799421714731161,0.9633699633699634,384,384,3
e5f332efcbc7,0,validation,0.47444883982340497,0.6491473515828451,384,384,3
e5f73f2855c0,0,train,0.8020163265306123,1.0,384,384,3
e60e4edb3ca9,0,train,0.8041024943310657,1.0,384,384,3
e62490b7d0e9,4,train,0.7477635523226563,0.8753109452736318,384,384,3
e632e38fd2d4,0,validation,0.9997136544403099,1.0,384,384,3
e6552b7432b3,0,train,0.802433560090703,1.0,384,384,3
e65a2ff90494,2,train,0.8352043404950102,0.9714403973509934,384,384,3
e65f94ad9be3,2,test,0.9099773765300049,1.0,384,384,3
e663c6627a95,2,train,0.8367161988433485,0.9706125827814569,384,384,3
e66855a5c583,0,train,0.8036952380952381,1.0,384,384,3
e66ad813a508,0,train,0.8015945578231293,1.0,384,384,3
e68746d426b2,0,train,0.8000182951323016,0.9645909645909646,384,384,3
e68bdd36e589,0,train,0.9999619126857201,1.0,384,384,3
e69b48516577,0,train,0.9087485179495842,1.0,384,384,3
e6a58edc5b42,2,train,0.7496726049061807,0.8765547263681592,384,384,3
e6a5e4718873,0,train,0.8013315192743764,1.0,384,384,3
e6a6acf7fca1,2,train,0.7481998364916989,0.8759328358208955,384,384,3
e6f0ce5bf282,2,train,0.749574051558686,0.8768656716417911,384,384,3
e724866f5084,2,validation,0.7474252392065888,0.8756218905472637,384,384,3
e7291472109b,0,validation,0.7961414965986394,1.0,384,384,3
e756495c11cb,2,test,0.8356153866695151,0.9710264900662252,384,384,3
e7578d8dba72,0,train,0.47799413760325815,0.654054956986553,384,384,3
e77a93c3d9a9,0,train,0.9092791748827385,1.0,384,384,3
e79e10907295,0,validation,0.8046648526077097,1.0,384,384,3
e7a372a1c3a4,2,train,0.8360295323801386,0.9701986754966887,384,384,3
e7b5dd5bab1f,0,validation,0.8009424036281179,1.0,384,384,3
e7d2c2c3b30f,4,train,0.8359944837794122,0.9714403973509934,384,384,3
e7defafeb957,2,test,0.7539783790047244,0.9268004722550177,384,384,3
e7fc93ac5b6d,2,train,0.9969541989191886,1.0,384,384,3
e811f39a1243,2,train,0.5502676460223268,0.6909066784325762,384,384,3
e81f4a2fbbdc,0,test,0.9645424864977511,1.0,384,384,3
e821c1b6417a,4,train,0.907313829997174,1.0,384,384,3
e82232a3c28b,0,train,0.8042222222222222,1.0,384,384,3
e83d315d8f98,2,validation,0.9078916520500843,1.0,384,384,3
e85d410d6836,2,train,0.9922623697916667,1.0,384,384,3
e868c3da340b,2,validation,0.7479059233327743,0.8768656716417911,384,384,3
e893e86dde94,0,train,0.8025859410430839,1.0,384,384,3
e8ddfc9709ce,0,train,0.8026521541950113,1.0,384,384,3
e8e44b3160e3,0,train,0.8030439909297052,1.0,384,384,3
e907d23cce3d,0,validation,0.4761358896891276,0.6509653727213541,384,384,3
e9129ce55fd7,2,test,0.909569664657972,1.0,384,384,3
e9286ddf6ffe,1,train,0.7202918976920174,0.8592366140680027,384,384,3
e933923aab15,0,train,0.8014213151927437,1.0,384,384,3
e93394175a19,3,train,0.7444890190899436,0.8762437810945274,384,384,3
e96099b961b4,2,train,0.835745090334788,0.9714403973509934,384,384,3
e966850247f4,0,train,0.8022902494331066,1.0,384,384,3
e9678824215d,0,train,0.8037850340136055,1.0,384,384,3
e96bd80a8a53,1,train,0.8364017151402325,0.9710264900662252,384,384,3
e97ecf4355cb,0,train,0.47626686096191406,0.6518754959106445,384,384,3
e9ab8413e771,4,train,0.9093456796750303,1.0,384,384,3
e9ce5bf645ab,0,train,0.8039818594104309,1.0,384,384,3
e9f3c85a2a02,0,train,0.8025351473922903,1.0,384,384,3
e9f82b5bbaf4,2,train,0.835855243079928,0.9714403973509934,384,384,3
e9faf0296643,0,train,0.9999873700097724,1.0,384,384,3
e9ff9352ccb3,1,train,0.7194055726458997,0.8573887933925877,384,384,3
ea1d045f9fea,2,train,0.7576001260928197,0.9242298027952096,384,384,3
ea4ce9516144,0,train,0.4770873387654622,0.6523303985595703,384,384,3
ea4dcb055139,2,train,0.9088351517888013,1.0,384,384,3
ea588d1e5d96,2,validation,0.7473623513984385,0.8756218905472637,384,384,3
ea5c42a78979,0,test,0.8088045351473923,1.0,384,384,3
ea68b58a6e8f,0,test,0.802875283446712,1.0,384,384,3
ea6a53e54d0f,0,train,0.7996901759116742,0.9633699633699634,384,384,3
ea7e21bab610,0,train,0.8008897959183674,1.0,384,384,3
ea9c41e1ced0,0,train,0.8018213151927438,1.0,384,384,3
eaa0dfbd5024,4,test,0.8353307061983093,0.9710264900662252,384,384,3
eabc7c716255,0,train,0.7998969904507364,0.9633699633699634,384,384,3
eabf421f94d0,0,validation,0.8025215419501134,1.0,384,384,3
ead23cc922ed,1,test,0.836931974242378,0.9714403973509934,384,384,3
eadfc8809ec8,2,train,0.7480771179216278,0.8756218905472637,384,384,3
eae70f527755,0,validation,0.8118049886621315,1.0,384,384,3
eae901557a84,2,test,0.9418884282450787,1.0,384,384,3
eb050765b323,0,validation,0.8008526077097505,1.0,384,384,3
eb175669d789,0,train,0.7997717085664968,0.9633699633699634,384,384,3
eb1ad14dd281,2,train,0.7530061093887144,0.9190168409642907,384,384,3
eb1d37b71fd1,4,validation,0.8363566526535844,0.9718543046357616,384,384,3
eb32a815f78c,2,train,0.93343245244414,1.0,384,384,3
eb6b1f1c09db,0,test,0.7479044675964746,0.8759328358208955,384,384,3
eba3acc42197,1,test,0.7496763898205602,0.8762437810945274,384,384,3
ebd96d853918,0,train,0.803534693877551,1.0,384,384,3
ebe0175e530c,4,test,0.8365707590716269,0.9718543046357616,384,384,3
ebf4b22240f4,0,train,0.8026585034013606,1.0,384,384,3
ec01f0862669,0,test,0.8045487528344671,1.0,384,384,3
ec0c9f817b03,0,train,0.8042848072562359,1.0,384,384,3
ec363f48867b,0,test,0.9999565844085928,1.0,384,384,3
ec4649213ccf,1,train,0.8364205507827998,0.9718543046357616,384,384,3
ec57cc20d776,0,train,0.47866031905119855,0.6563378713215847,384,384,3
ec6659926105,0,validation,0.8016444444444445,1.0,384,384,3
ec6f1797a25a,0,train,0.8040208616780046,1.0,384,384,3
ecad6845f630,0,validation,0.9925925107315449,1.0,384,384,3
ecb4500285ed,0,train,0.4775327820930427,0.6529134998190372,384,384,3
ed246ae1ed08,4,train,0.8362958540604877,0.9706125827814569,384,384,3
ed2c06fcc573,2,train,0.835727208395642,0.9714403973509934,384,384,3
ed2c52c14493,0,train,0.7983528344671201,1.0,384,384,3
ed2ef440d22c,0,test,0.7998950018493992,0.9633699633699634,384,384,3
ed3ce1674761,0,train,0.8150956916099773,1.0,384,384,3
ed648b9bcd95,0,train,0.7999705687002104,0.9645909645909646,384,384,3
ed6704e3b72e,3,train,0.8355085718863491,0.9714403973509934,384,384,3
ed6bd9293a89,0,test,0.7999755102040816,1.0,384,384,3
ed88faaa325a,2,train,0.7486811029124043,0.8765547263681592,384,384,3
eda1d75cbcf0,0,train,0.8027809523809524,1.0,384,384,3
eda29a9d78f3,0,train,0.8004680272108844,1.0,384,384,3
edceb0657d77,0,train,0.4780319210286637,0.6529134998190372,384,384,3
ee02294cc3d9,2,test,0.7471664092924889,0.8762437810945274,384,384,3
ee059945b08a,2,train,0.9093285107820648,1.0,384,384,3
ee1ec90b980f,4,train,0.8354306066316721,0.9710264900662252,384,384,3
ee36ca728641,0,train,0.4763329823811849,0.6509653727213541,384,384,3
ee3f5cf52188,0,train,0.4772647221883138,0.6523310343424479,384,384,3
ee3fe7809e6a,0,train,0.47760238313984243,0.654054956986553,384,384,3
ee6e39319b39,2,train,0.7535487555861309,0.9250733108397855,384,384,3
ee74c3b177e0,2,train,0.9116100001105124,1.0,384,384,3
ee77763a6afb,0,train,0.4767894744873047,0.6523303985595703,384,384,3
ee78ce914066,1,train,0.8359966296121097,0.9710264900662252,384,384,3
eeaea2c5ff34,0,train,0.47718270619710285,0.6527853012084961,384,384,3
eeb231c3ef1f,1,train,0.836372388760033,0.9714403973509934,384,384,3
eebd1e195952,0,train,0.47802794382598945,0.654054956986553,384,384,3
eed4afc8ec83,1,train,0.8015392290249433,1.0,384,384,3
eedae6b28f96,0,test,0.9999100113196288,1.0,384,384,3
ef247f28004f,0,train,0.477569580078125,0.6527853012084961,384,384,3
ef26625121b3,4,train,0.8352851668599506,0.9710264900662252,384,384,3
ef4121e9bb67,0,validation,0.8040335600907029,1.0,384,384,3
ef476be214d4,0,train,0.47786090131367004,0.654054956986553,384,384,3
ef48780f5d5f,0,train,0.8021242630385488,1.0,384,384,3
ef5155990874,0,train,0.802584126984127,1.0,384,384,3
ef7a4ed8d5d1,2,test,0.9094834255059495,1.0,384,384,3
ef7eb85b75fc,0,validation,0.8047519274376417,1.0,384,384,3
ef8109305128,1,train,0.8363423471022675,0.9714403973509934,384,384,3
ef81cd8854cb,0,train,0.8021551020408163,1.0,384,384,3
ef8c39eb9157,0,train,0.47595659891764325,0.6514205932617188,384,384,3
ef99c499d665,0,train,0.800215873015873,1.0,384,384,3
efff2f1a35f5,2,train,0.8360822244941557,0.9714403973509934,384,384,3
f002ce614c59,0,train,0.9150743669612086,1.0,384,384,3
f0098e9d4aee,4,validation,0.835962057863094,0.9710264900662252,384,384,3
f00ce9b9d6f4,0,validation,0.8023691609977325,1.0,384,384,3
f02057c41256,0,train,0.987534791676205,1.0,384,384,3
f025f33b2c9b,4,train,0.7475705216893063,0.8774875621890548,384,384,3
f0267c42907c,0,test,0.4768953323364258,0.6523303985595703,384,384,3
f02956bd7c50,0,train,0.47589461008707684,0.6509653727213541,384,384,3
f02babb3a023,0,test,0.8034775510204082,1.0,384,384,3
f0546a45ef10,0,train,0.8038839002267574,1.0,384,384,3
f06e7a9df795,0,train,0.9998283110703443,1.0,384,384,3
f0800723bc63,2,train,0.8359498981444746,0.9714403973509934,384,384,3
f080a22008be,3,train,0.8365085299233985,0.9710264900662252,384,384,3
f0860c21533b,0,validation,0.9126811811566861,1.0,384,384,3
f092febbf5c0,3,validation,0.8362119281594287,0.9677152317880795,384,384,3
f09cfc6a4dbd,0,train,0.8042784580498866,1.0,384,384,3
f09fd9433dff,0,train,0.802053514739229,1.0,384,384,3
f0a2dc580009,0,validation,0.47811941948749764,0.654054956986553,384,384,3
f0c0f7b5e820,2,test,0.835704319513535,0.9710264900662252,384,384,3
f0c13be90519,1,validation,0.9993617908063144,1.0,384,384,3
f0e1201b5c1f,0,test,0.47765010957193366,0.6529154884203744,384,384,3
f18abfa690ab,2,train,0.9922688802083334,1.0,384,384,3
f1979147aad4,0,train,0.9090184839906981,1.0,384,384,3
f1a761c68559,2,test,0.7381635638297872,0.8710106382978723,384,384,3
f1d719c97838,0,train,0.8023673469387755,1.0,384,384,3
f1dc26c4bfa3,4,train,0.7468930220153912,0.8753109452736318,384,384,3
f2094a20b275,2,test,0.7482229826988652,0.8762437810945274,384,384,3
f233638e0e90,0,train,0.7996961417156857,0.9633699633699634,384,384,3
f252046c0fe6,0,validation,0.8034557823129251,1.0,384,384,3
f26b02ead915,0,train,0.4769023259480794,0.6523303985595703,384,384,3
f298b7d05958,0,train,0.7991945578231292,1.0,384,384,3
f2c0b41acd05,0,validation,0.47693506876627606,0.6518745422363281,384,384,3
f2d2a0c92034,4,train,0.7485103450444407,0.8759328358208955,384,384,3
f2ee81781411,2,train,0.7466675284625561,0.878731343283582,384,384,3
f2f569a64949,0,test,0.47686036427815753,0.6518754959106445,384,384,3
f30f203ef51e,2,test,0.7501883722771908,0.8796641791044776,384,384,3
f35d80bb1a22,0,test,0.8029079365079365,1.0,384,384,3
f361060eda3e,0,train,0.805665306122449,1.0,384,384,3
f366fb1cc475,0,test,0.8053732426303855,1.0,384,384,3
f36cb007a1ef,0,train,0.8027954648526077,1.0,384,384,3
f3a268d2726d,2,train,0.9125722474909735,1.0,384,384,3
f3a4751af42e,0,train,0.7991111111111111,1.0,384,384,3
f3a88d3026dc,2,test,0.8018213151927438,1.0,384,384,3
f3b27ac2d371,0,train,0.8024462585034013,1.0,384,384,3
f3b6b7ca1eb1,2,train,0.8359837546159246,0.9689569536423841,384,384,3
f3bb996b45ce,0,train,0.8062140589569161,1.0,384,384,3
f3cd489acbee,2,train,0.7468850154657425,0.8762437810945274,384,384,3
f42b693a9414,0,train,0.47670714060465497,0.6518745422363281,384,384,3
f431f2e119d7,0,validation,0.4772094090779622,0.6518745422363281,384,384,3
f451eee2b66b,0,validation,0.8014394557823129,1.0,384,384,3
f45f1485c940,2,train,0.8360457453382977,0.9714403973509934,384,384,3
f460608cf4cc,2,train,0.7474060234874318,0.8756218905472637,384,384,3
f47a2a4a0411,1,train,0.7476942592747872,0.8756218905472637,384,384,3
f481f76a6b75,1,train,0.8358919606616413,0.9714403973509934,384,384,3
f48241b0c995,0,train,0.4764070510864258,0.6518754959106445,384,384,3
f4874247ede6,0,test,0.4780816360620921,0.654054956986553,384,384,3
f4c7ae514c54,0,train,0.4767417907714844,0.6518754959106445,384,384,3
f4d3169b468a,0,train,0.804821768707483,1.0,384,384,3
f4de9620e3f2,0,train,0.9994355973117066,1.0,384,384,3
f4df3d86688d,0,validation,0.8024544217687075,1.0,384,384,3
f4e68b61f480,0,train,0.9997286525537051,1.0,384,384,3
f4ea2a2cfbb9,0,validation,0.8001551020408163,1.0,384,384,3
f531232ecb55,0,train,0.7998766439909297,1.0,384,384,3
f549294e12e1,4,train,0.7562716807570679,0.9219506431463717,384,384,3
f55e1d2a19e4,1,train,0.8366179673909726,0.9718543046357616,384,384,3
f5650eb52640,1,train,0.8358120880001221,0.9714403973509934,384,384,3
f56ff0440ed1,0,validation,0.9998245615419955,1.0,384,384,3
f5733f77273d,0,train,0.7970875283446712,1.0,384,384,3
f576e45d1da2,3,test,0.7577705156302178,0.9241657071325471,384,384,3
f57cf3b6f48e,0,test,0.47626781463623047,0.6514199574788412,384,384,3
f580566e27f5,0,train,0.7998790930387022,0.9633699633699634,384,384,3
f583a722434c,2,test,0.9082636447310048,1.0,384,384,3
f58cdfa968be,0,train,0.4768257141113281,0.6518745422363281,384,384,3
f58d37d48e42,4,validation,0.7532769762905354,0.9266105803006885,384,384,3
f58f0b2fd718,0,train,0.8036326530612244,1.0,384,384,3
f5a8c6426a71,3,test,0.8365245044557024,0.9722682119205298,384,384,3
f5c953bee7cd,0,train,0.8049260770975056,1.0,384,384,3
f5e6226bd2e0,4,train,0.835469470046083,0.9706125827814569,384,384,3
f5e9a307288c,2,train,0.7483979622020981,0.8759328358208955,384,384,3
f61bf44c677c,2,train,0.7534233014421295,0.9187905673082012,384,384,3
f62b8a076833,0,train,0.47599124908447266,0.6518758138020834,384,384,3
f633c474e8b8,0,validation,0.8071401360544218,1.0,384,384,3
f64214bed40e,3,train,0.9086541877100722,1.0,384,384,3
f64b6e85f1c9,0,train,0.8020426303854875,1.0,384,384,3
f66c4ee86629,0,validation,0.9989673009553008,1.0,384,384,3
f68690db78d3,0,train,0.47706349690755206,0.6527862548828125,384,384,3
f69400b316a7,2,train,0.8356349375896481,0.9714403973509934,384,384,3
f69835dc7c50,4,train,0.8357901528214362,0.9710264900662252,384,384,3
f6d760566a51,0,train,0.8013061224489796,1.0,384,384,3
f6f433f3306f,3,validation,0.9097668109116801,1.0,384,384,3
f6f7dba7104d,1,train,0.836758161793878,0.9718543046357616,384,384,3
f7116e7b2f4e,0,train,0.8033024943310657,1.0,384,384,3
f71333204618,0,train,0.9986740483697051,1.0,384,384,3
f71aca5a7dc3,0,train,0.4753011067708333,0.6500558853149414,384,384,3
f71bea807c96,0,train,0.8024780045351474,1.0,384,384,3
f72adcac5638,4,validation,0.9310136119719677,1.0,384,384,3
f72ef9ceeaa8,1,train,0.9080651170721157,1.0,384,384,3
f7508f14dd7b,0,train,0.4765342076619466,0.6518758138020834,384,384,3
f762c272c522,1,test,0.7538084456642136,0.9156323162575797,384,384,3
f7735b6d47f7,0,validation,0.8030639455782312,1.0,384,384,3
f7defe70afc3,0,train,0.9106473580428567,1.0,384,384,3
f7e9fa75c7c1,0,train,0.7998575963718821,1.0,384,384,3
f7fec8935126,1,train,0.8373766384624775,0.972682119205298,384,384,3
f80118bbda18,2,train,0.8344296948912016,0.9701986754966887,384,384,3
f819c65b803c,0,train,0.4742921193440755,0.6491473515828451,384,384,3
f8372e80f731,2,train,0.7514912562654891,0.8774875621890548,384,384,3
f850cb51fdba,4,train,0.836042645802179,0.9718543046357616,384,384,3
f85c78201a50,0,train,0.8011700680272109,1.0,384,384,3
f85fd4fac887,0,train,0.9961419326726796,1.0,384,384,3
f86d1c404acb,0,train,0.4792409906416421,0.6563378713215847,384,384,3
f8cf7ed8ef00,4,test,0.8359551435132908,0.9714403973509934,384,384,3
f8d62557ad0c,0,train,0.8000481241523587,0.9645909645909646,384,384,3
f8f5942b690e,0,test,0.8000023863216046,0.9633699633699634,384,384,3
f8fc411092c7,2,train,0.7462798658859262,0.8756218905472637,384,384,3
f901d460517c,3,train,0.7574720488167165,0.923871574189475,384,384,3
f90f8931a9bc,0,test,0.801512925170068,1.0,384,384,3
f9156aeffc5e,3,train,0.5489311921651547,0.6861567963758725,384,384,3
f91cfa82b9d4,0,train,0.4780319210286637,0.654054956986553,384,384,3
f952ad2e4356,0,train,0.47806970445406927,0.654054956986553,384,384,3
f994a3b07935,0,train,0.8038086167800453,1.0,384,384,3
f999c6921e6d,2,train,0.8354961737418745,0.9710264900662252,384,384,3
f9aa35187bf3,2,train,0.802538775510204,1.0,384,384,3
f9d52509c571,0,validation,0.8031301587301587,1.0,384,384,3
f9d8ff3e6592,0,validation,0.476779301961263,0.6518754959106445,384,384,3
f9e779a13204,2,train,0.8354744769890439,0.9714403973509934,384,384,3
fa0c87bd75ce,0,train,0.9084428327173582,1.0,384,384,3
fa3e544a7401,2,train,0.9111000642550753,1.0,384,384,3
fa573163dd8b,0,train,0.8058031746031746,1.0,384,384,3
fa59221cf464,4,validation,0.54929461382807,0.6898261828433713,384,384,3
fa6f3d8bb1d5,0,train,0.7999201814058957,1.0,384,384,3
fa748b57262b,2,test,0.7585152570486982,0.9249462600066787,384,384,3
fa7fa797c650,0,train,0.8037714285714286,1.0,384,384,3
fa9bece586fc,0,train,0.999983225794229,1.0,384,384,3
fa9f1bc03f21,0,train,0.798853514739229,1.0,384,384,3
fac399455195,2,train,0.753796812643588,0.9166405113784628,384,384,3
fb1b8771c70a,0,train,0.8015845804988662,1.0,384,384,3
fb61230b99dd,3,test,0.717606681694168,0.8486984815618221,384,384,3
fb696a8e055a,4,train,0.7189372171285205,0.8492407809110629,384,384,3
fb6b8200b7f8,1,train,0.8354766228217414,0.9710264900662252,384,384,3
fb767cea406c,0,train,0.7997995489852168,0.9633699633699634,384,384,3
fb88783de055,0,train,0.7999401360544217,1.0,384,384,3
fb88d23fc5fe,0,train,0.8021786848072562,1.0,384,384,3
fba493e17448,2,train,0.8359045972319712,0.9718543046357616,384,384,3
fbcbc81cf9be,0,train,0.8054104308390023,1.0,384,384,3
fbdc796290d4,0,test,0.8049242630385488,1.0,384,384,3
fbfa925506f6,0,train,0.4778569241109958,0.6529134998190372,384,384,3
fc1b1841eadf,2,train,0.751013483611903,0.8774875621890548,384,384,3
fc4c2d35c6f8,2,train,0.7477599129819069,0.8756218905472637,384,384,3
fc4d69128e7c,2,train,0.9134135232462864,1.0,384,384,3
fc603cbedb41,2,validation,0.749929251215831,0.8765547263681592,384,384,3
fc782722a50c,0,train,0.7991673469387756,1.0,384,384,3
fc898dfeb24f,0,train,0.4759209950764974,0.6514205932617188,384,384,3
fc8fce67fbf8,0,train,0.47561295827229816,0.6518754959106445,384,384,3
fca1a8738b8a,0,train,0.8065687074829933,1.0,384,384,3
fca931da5c5e,1,train,0.835290650654622,0.9710264900662252,384,384,3
fcc32dffd24d,0,train,0.9099556687343013,1.0,384,384,3
fcc55ae641ae,2,test,0.7566921802379158,0.9219506431463717,384,384,3
fce73678f650,0,train,0.8029922902494331,1.0,384,384,3
fce93caa4758,4,train,0.8371680158391064,0.9693708609271523,384,384,3
fd079d2e93a2,0,train,0.8014702947845805,1.0,384,384,3
fd0a70082e7c,0,train,0.7976326530612244,1.0,384,384,3
fd48cf452e9d,2,train,0.9103379232822819,1.0,384,384,3
fd4c946c52bf,0,train,0.7964,1.0,384,384,3
fd62bd0db4f1,1,validation,0.9275486530904796,1.0,384,384,3
fd87b6b2e664,0,test,0.8017414965986395,1.0,384,384,3
fdbc252813b1,0,train,0.4778569241109958,0.654054956986553,384,384,3
fdc685055659,0,train,0.8036916099773243,1.0,384,384,3
fdd18ccbbdc5,1,validation,0.8352794446394238,0.9710264900662252,384,384,3
fdd534271f3d,4,test,0.8364322336497085,0.9718543046357616,384,384,3
fe06dad6851c,0,train,0.47726186116536456,0.6532414754231771,384,384,3
fe0e2dee1834,0,train,0.4763161341349284,0.6514199574788412,384,384,3
fe2df69676cf,1,validation,0.7176761278587934,0.8486984815618221,384,384,3
fe37f4492920,2,train,0.8369086085085604,0.9718543046357616,384,384,3
fe3b0e50be78,0,train,0.7994674525619151,0.9633699633699634,384,384,3
fe3f62695b2d,0,validation,0.8027718820861678,1.0,384,384,3
fe674c2f73f5,1,validation,0.8367603076265755,0.9718543046357616,384,384,3
febfb20dc311,0,train,0.8042122448979592,1.0,384,384,3
fecf4c5ae84b,1,validation,0.8369748908963286,0.9722682119205298,384,384,3
fed5bb685832,0,train,0.8014476190476191,1.0,384,384,3
fefded6bf135,0,train,0.9087001687682444,1.0,384,384,3
ff03f74667df,0,train,0.47734928131103516,0.6527853012084961,384,384,3
ff1e940105f9,0,validation,0.8036507936507936,1.0,384,384,3
ff344e5c9341,2,train,0.7498205077142378,0.8774875621890548,384,384,3
ff4832d55461,0,test,0.4754492441813151,0.6505101521809896,384,384,3
ff4955e76894,0,validation,0.8357412755211036,0.9706125827814569,384,384,3
ff4cd992667b,0,validation,0.9091641235655094,1.0,384,384,3
ff59d44a70a7,0,test,0.8024662131519275,1.0,384,384,3
ff631653374e,0,train,0.799881179138322,1.0,384,384,3
ff77e8e5b5f3,2,train,0.8366008007293924,0.9718543046357616,384,384,3
ff8a0b45c789,4,train,0.7191172463578361,0.8486984815618221,384,384,3
ffa47f6a7bf4,2,train,0.7565918169227148,0.9232193266898902,384,384,3
ffc04fed30e6,0,train,0.47532399495442706,0.6505101521809896,384,384,3
ffcf7b45f213,2,train,0.7476293334358172,0.8762437810945274,384,384,3
ffd97f8cd5aa,0,train,0.803425850340136,1.0,384,384,3
ffec9a18a3ce,2,test,0.9065647137018028,1.0,384,384,3
